"Longitude (x)","Latitude (y)","Station Name","Climate ID","Date/Time (LST)","Year","Month","Day","Time (LST)","Flag","Temp (°C)","Temp Flag","Dew Point Temp (°C)","Dew Point Temp Flag","Rel Hum (%)","Rel Hum Flag","Precip. Amount (mm)","Precip. Amount Flag","Wind Dir (10s deg)","Wind Dir Flag","Wind Spd (km/h)","Wind Spd Flag","Visibility (km)","Visibility Flag","Stn Press (kPa)","Stn Press Flag","Hmdx","Hmdx Flag","Wind Chill","Wind Chill Flag","Weather"
"-79.80","43.30","BURLINGTON PIERS (AUT)","6151061","2024-01-01 00:00","2024","01","01","00:00","","1.5","","0.4","","92","","","","5","","32","","","","100.63","","","","","","NA"
"-79.80","43.30","BURLINGTON PIERS (AUT)","6151061","2024-01-01 01:00","2024","01","01","01:00","","0.8","","-0.6","","90","","","","4","","34","","","","100.65","","","","","","NA"
"-79.80","43.30","BURLINGTON PIERS (AUT)","6151061","2024-01-01 02:00","2024","01","01","02:00","","0.4","","-0.4","","94","","","","3","","35","","","","100.69","","","","","","NA"
"-79.80","43.30","BURLINGTON PIERS (AUT)","6151061","2024-01-01 03:00","2024","01","01","03:00","","0.2","","-0.8","","93","","","","3","","34","","","","100.74","","","","","","NA"
"-79.80","43.30","BURLINGTON PIERS (AUT)","6151061","2024-01-01 04:00","2024","01","01","04:00","","-0.2","","-1.5","","91","","","","4","","32","","","","100.78","","","","-7","","NA"
"-79.80","43.30","BURLINGTON PIERS (AUT)","6151061","2024-01-01 05:00","2024","01","01","05:00","","-0.4","","-2.7","","85","","","","4","","29","","","","100.83","","","","-7","","NA"
"-79.80","43.30","BURLINGTON PIERS (AUT)","6151061","2024-01-01 06:00","2024","01","01","06:00","","-0.5","","-2.7","","85","","","","3","","30","","","","100.92","","","","-7","","NA"
"-79.80","43.30","BURLINGTON PIERS (AUT)","6151061","2024-01-01 07:00","2024","01","01","07:00","","-1.0","","-3.7","","82","","","","4","","25","","","","101.00","","","","-7","","NA"
"-79.80","43.30","BURLINGTON PIERS (AUT)","6151061","2024-01-01 08:00","2024","01","01","08:00","","-1.2","","-4.0","","81","","","","2","","21","","","","101.07","","","","-7","","NA"
"-79.80","43.30","BURLINGTON PIERS (AUT)","6151061","2024-01-01 09:00","2024","01","01","09:00","","-1.0","","-4.5","","77","","","","4","","16","","","","101.13","","","","-6","","NA"
"-79.80","43.30","BURLINGTON PIERS (AUT)","6151061","2024-01-01 10:00","2024","01","01","10:00","","-1.0","","-3.7","","82","","","","35","","12","","","","101.19","","","","-5","","NA"
"-79.80","43.30","BURLINGTON PIERS (AUT)","6151061","2024-01-01 11:00","2024","01","01","11:00","","-1.4","","-4.2","","81","","","","35","","13","","","","101.22","","","","-6","","NA"
"-79.80","43.30","BURLINGTON PIERS (AUT)","6151061","2024-01-01 12:00","2024","01","01","12:00","","-1.4","","-4.1","","82","","","","35","","12","","","","101.20","","","","-5","","NA"
"-79.80","43.30","BURLINGTON PIERS (AUT)","6151061","2024-01-01 13:00","2024","01","01","13:00","","-1.4","","-3.8","","84","","","","33","","9","","","","101.17","","","","-5","","NA"
"-79.80","43.30","BURLINGTON PIERS (AUT)","6151061","2024-01-01 14:00","2024","01","01","14:00","","-1.3","","-4.0","","82","","","","33","","4","","","","101.17","","","","-3","","NA"
"-79.80","43.30","BURLINGTON PIERS (AUT)","6151061","2024-01-01 15:00","2024","01","01","15:00","","-1.2","","-3.3","","85","","","","","","0","","","","101.18","","","","","","NA"
"-79.80","43.30","BURLINGTON PIERS (AUT)","6151061","2024-01-01 16:00","2024","01","01","16:00","","-0.8","","-2.3","","89","","","","25","","4","","","","101.23","","","","-2","","NA"
"-79.80","43.30","BURLINGTON PIERS (AUT)","6151061","2024-01-01 17:00","2024","01","01","17:00","","-0.4","","-3.8","","78","","","","27","","11","","","","101.26","","","","-4","","NA"
"-79.80","43.30","BURLINGTON PIERS (AUT)","6151061","2024-01-01 18:00","2024","01","01","18:00","","-0.6","","-5.2","","71","","","","27","","11","","","","101.26","","","","-4","","NA"
"-79.80","43.30","BURLINGTON PIERS (AUT)","6151061","2024-01-01 19:00","2024","01","01","19:00","","-1.6","","-6.9","","67","","","","28","","15","","","","101.33","","","","-6","","NA"
"-79.80","43.30","BURLINGTON PIERS (AUT)","6151061","2024-01-01 20:00","2024","01","01","20:00","","-1.7","","-6.9","","68","","","","25","","7","","","","101.34","","","","-4","","NA"
"-79.80","43.30","BURLINGTON PIERS (AUT)","6151061","2024-01-01 21:00","2024","01","01","21:00","","-1.5","","-6.2","","70","","","","27","","7","","","","101.31","","","","-4","","NA"
"-79.80","43.30","BURLINGTON PIERS (AUT)","6151061","2024-01-01 22:00","2024","01","01","22:00","","-1.3","","-5.6","","72","","","","25","","6","","","","101.29","","","","-4","","NA"
"-79.80","43.30","BURLINGTON PIERS (AUT)","6151061","2024-01-01 23:00","2024","01","01","23:00","","-1.0","","-5.0","","74","","","","25","","7","","","","101.28","","","","-4","","NA"
"-79.80","43.30","BURLINGTON PIERS (AUT)","6151061","2024-01-02 00:00","2024","01","02","00:00","","-0.9","","-4.6","","76","","","","25","","13","","","","101.25","","","","-5","","NA"
"-79.80","43.30","BURLINGTON PIERS (AUT)","6151061","2024-01-02 01:00","2024","01","02","01:00","","-1.1","","-4.5","","78","","","","25","","10","","","","101.21","","","","-5","","NA"
"-79.80","43.30","BURLINGTON PIERS (AUT)","6151061","2024-01-02 02:00","2024","01","02","02:00","","-1.0","","-4.8","","75","","","","25","","12","","","","101.17","","","","-5","","NA"
"-79.80","43.30","BURLINGTON PIERS (AUT)","6151061","2024-01-02 03:00","2024","01","02","03:00","","-0.8","","-4.5","","76","","","","23","","12","","","","101.19","","","","-5","","NA"
"-79.80","43.30","BURLINGTON PIERS (AUT)","6151061","2024-01-02 04:00","2024","01","02","04:00","","-0.9","","-4.5","","77","","","","24","","17","","","","101.15","","","","-6","","NA"
"-79.80","43.30","BURLINGTON PIERS (AUT)","6151061","2024-01-02 05:00","2024","01","02","05:00","","-1.1","","-4.8","","76","","","","24","","17","","","","101.13","","","","-6","","NA"
"-79.80","43.30","BURLINGTON PIERS (AUT)","6151061","2024-01-02 06:00","2024","01","02","06:00","","-0.9","","-4.4","","77","","","","24","","12","","","","101.12","","","","-5","","NA"
"-79.80","43.30","BURLINGTON PIERS (AUT)","6151061","2024-01-02 07:00","2024","01","02","07:00","","-0.9","","-4.2","","78","","","","23","","12","","","","101.10","","","","-5","","NA"
"-79.80","43.30","BURLINGTON PIERS (AUT)","6151061","2024-01-02 08:00","2024","01","02","08:00","","-0.8","","-5.1","","73","","","","25","","15","","","","101.10","","","","-5","","NA"
"-79.80","43.30","BURLINGTON PIERS (AUT)","6151061","2024-01-02 09:00","2024","01","02","09:00","","-0.1","","-4.3","","74","","","","23","","15","","","","101.05","","","","-5","","NA"
"-79.80","43.30","BURLINGTON PIERS (AUT)","6151061","2024-01-02 10:00","2024","01","02","10:00","","0.2","","-3.9","","74","","","","23","","14","","","","101.04","","","","","","NA"
"-79.80","43.30","BURLINGTON PIERS (AUT)","6151061","2024-01-02 11:00","2024","01","02","11:00","","0.8","","-3.2","","75","","","","23","","15","","","","101.02","","","","","","NA"
"-79.80","43.30","BURLINGTON PIERS (AUT)","6151061","2024-01-02 12:00","2024","01","02","12:00","","1.2","","-3.6","","71","","","","24","","16","","","","100.87","","","","","","NA"
"-79.80","43.30","BURLINGTON PIERS (AUT)","6151061","2024-01-02 13:00","2024","01","02","13:00","","1.5","","-3.2","","71","","","","22","","18","","","","100.74","","","","","","NA"
"-79.80","43.30","BURLINGTON PIERS (AUT)","6151061","2024-01-02 14:00","2024","01","02","14:00","","1.5","","-3.0","","72","","","","23","","18","","","","100.71","","","","","","NA"
"-79.80","43.30","BURLINGTON PIERS (AUT)","6151061","2024-01-02 15:00","2024","01","02","15:00","","1.8","","-2.5","","73","","","","23","","14","","","","100.72","","","","","","NA"
"-79.80","43.30","BURLINGTON PIERS (AUT)","6151061","2024-01-02 16:00","2024","01","02","16:00","","1.3","","-3.2","","72","","","","25","","16","","","","100.71","","","","","","NA"
"-79.80","43.30","BURLINGTON PIERS (AUT)","6151061","2024-01-02 17:00","2024","01","02","17:00","","1.3","","-2.9","","74","","","","23","","15","","","","100.70","","","","","","NA"
"-79.80","43.30","BURLINGTON PIERS (AUT)","6151061","2024-01-02 18:00","2024","01","02","18:00","","1.1","","-3.4","","71","","","","24","","17","","","","100.72","","","","","","NA"
"-79.80","43.30","BURLINGTON PIERS (AUT)","6151061","2024-01-02 19:00","2024","01","02","19:00","","1.2","","-3.0","","74","","","","24","","17","","","","100.68","","","","","","NA"
"-79.80","43.30","BURLINGTON PIERS (AUT)","6151061","2024-01-02 20:00","2024","01","02","20:00","","1.2","","-2.9","","74","","","","24","","19","","","","100.68","","","","","","NA"
"-79.80","43.30","BURLINGTON PIERS (AUT)","6151061","2024-01-02 21:00","2024","01","02","21:00","","0.8","","-3.8","","71","","","","24","","18","","","","100.70","","","","","","NA"
"-79.80","43.30","BURLINGTON PIERS (AUT)","6151061","2024-01-02 22:00","2024","01","02","22:00","","1.0","","-3.5","","72","","","","21","","21","","","","100.67","","","","","","NA"
"-79.80","43.30","BURLINGTON PIERS (AUT)","6151061","2024-01-02 23:00","2024","01","02","23:00","","1.1","","-3.3","","72","","","","21","","17","","","","100.67","","","","","","NA"
"-79.80","43.30","BURLINGTON PIERS (AUT)","6151061","2024-01-03 00:00","2024","01","03","00:00","","1.0","","-2.9","","75","","","","21","","17","","","","100.64","","","","","","NA"
"-79.80","43.30","BURLINGTON PIERS (AUT)","6151061","2024-01-03 01:00","2024","01","03","01:00","","1.2","","-2.4","","77","","","","22","","14","","","","100.62","","","","","","NA"
"-79.80","43.30","BURLINGTON PIERS (AUT)","6151061","2024-01-03 02:00","2024","01","03","02:00","","1.3","","-1.6","","81","","","","23","","11","","","","100.62","","","","","","NA"
"-79.80","43.30","BURLINGTON PIERS (AUT)","6151061","2024-01-03 03:00","2024","01","03","03:00","","1.2","","-1.9","","79","","","","25","","15","","","","100.64","","","","","","NA"
"-79.80","43.30","BURLINGTON PIERS (AUT)","6151061","2024-01-03 04:00","2024","01","03","04:00","","1.5","","-1.6","","80","","","","24","","9","","","","100.61","","","","","","NA"
"-79.80","43.30","BURLINGTON PIERS (AUT)","6151061","2024-01-03 05:00","2024","01","03","05:00","","1.4","","-1.3","","82","","","","25","","12","","","","100.61","","","","","","NA"
"-79.80","43.30","BURLINGTON PIERS (AUT)","6151061","2024-01-03 06:00","2024","01","03","06:00","","1.7","","-1.1","","82","","","","23","","9","","","","100.60","","","","","","NA"
"-79.80","43.30","BURLINGTON PIERS (AUT)","6151061","2024-01-03 07:00","2024","01","03","07:00","","1.9","","-1.0","","81","","","","22","","8","","","","100.61","","","","","","NA"
"-79.80","43.30","BURLINGTON PIERS (AUT)","6151061","2024-01-03 08:00","2024","01","03","08:00","","2.1","","-1.5","","77","","","","22","","9","","","","100.60","","","","","","NA"
"-79.80","43.30","BURLINGTON PIERS (AUT)","6151061","2024-01-03 09:00","2024","01","03","09:00","","2.1","","-1.8","","76","","","","22","","9","","","","100.59","","","","","","NA"
"-79.80","43.30","BURLINGTON PIERS (AUT)","6151061","2024-01-03 10:00","2024","01","03","10:00","","2.3","","-2.1","","73","","","","21","","18","","","","100.59","","","","","","NA"
"-79.80","43.30","BURLINGTON PIERS (AUT)","6151061","2024-01-03 11:00","2024","01","03","11:00","","2.2","","-1.7","","75","","","","25","","10","","","","100.57","","","","","","NA"
"-79.80","43.30","BURLINGTON PIERS (AUT)","6151061","2024-01-03 12:00","2024","01","03","12:00","","2.2","","-2.0","","73","","","","24","","11","","","","100.50","","","","","","NA"
"-79.80","43.30","BURLINGTON PIERS (AUT)","6151061","2024-01-03 13:00","2024","01","03","13:00","","2.5","","-2.0","","72","","","","25","","14","","","","100.42","","","","","","NA"
"-79.80","43.30","BURLINGTON PIERS (AUT)","6151061","2024-01-03 14:00","2024","01","03","14:00","","2.6","","-2.1","","71","","","","24","","16","","","","100.36","","","","","","NA"
"-79.80","43.30","BURLINGTON PIERS (AUT)","6151061","2024-01-03 15:00","2024","01","03","15:00","","2.6","","-1.9","","72","","","","24","","10","","","","100.32","","","","","","NA"
"-79.80","43.30","BURLINGTON PIERS (AUT)","6151061","2024-01-03 16:00","2024","01","03","16:00","","2.5","","-1.4","","75","","","","25","","10","","","","100.34","","","","","","NA"
"-79.80","43.30","BURLINGTON PIERS (AUT)","6151061","2024-01-03 17:00","2024","01","03","17:00","","2.3","","-1.0","","79","","","","24","","9","","","","100.40","","","","","","NA"
"-79.80","43.30","BURLINGTON PIERS (AUT)","6151061","2024-01-03 18:00","2024","01","03","18:00","","2.3","","-3.2","","67","","","","25","","13","","","","100.46","","","","","","NA"
"-79.80","43.30","BURLINGTON PIERS (AUT)","6151061","2024-01-03 19:00","2024","01","03","19:00","","2.1","","-2.4","","72","","","","24","","10","","","","100.45","","","","","","NA"
"-79.80","43.30","BURLINGTON PIERS (AUT)","6151061","2024-01-03 20:00","2024","01","03","20:00","","2.0","","-1.9","","76","","","","24","","10","","","","100.43","","","","","","NA"
"-79.80","43.30","BURLINGTON PIERS (AUT)","6151061","2024-01-03 21:00","2024","01","03","21:00","","1.7","","-1.9","","77","","","","25","","15","","","","100.41","","","","","","NA"
"-79.80","43.30","BURLINGTON PIERS (AUT)","6151061","2024-01-03 22:00","2024","01","03","22:00","","1.5","","-1.5","","80","","","","25","","15","","","","100.41","","","","","","NA"
"-79.80","43.30","BURLINGTON PIERS (AUT)","6151061","2024-01-03 23:00","2024","01","03","23:00","","1.6","","-1.2","","82","","","","24","","12","","","","100.41","","","","","","NA"
"-79.80","43.30","BURLINGTON PIERS (AUT)","6151061","2024-01-04 00:00","2024","01","04","00:00","","1.8","","-1.9","","76","","","","28","","10","","","","100.47","","","","","","NA"
"-79.80","43.30","BURLINGTON PIERS (AUT)","6151061","2024-01-04 01:00","2024","01","04","01:00","","1.7","","-2.7","","73","","","","25","","8","","","","100.48","","","","","","NA"
"-79.80","43.30","BURLINGTON PIERS (AUT)","6151061","2024-01-04 02:00","2024","01","04","02:00","","1.3","","-2.7","","74","","","","27","","13","","","","100.52","","","","","","NA"
"-79.80","43.30","BURLINGTON PIERS (AUT)","6151061","2024-01-04 03:00","2024","01","04","03:00","","0.8","","-3.8","","71","","","","31","","25","","","","100.64","","","","","","NA"
"-79.80","43.30","BURLINGTON PIERS (AUT)","6151061","2024-01-04 04:00","2024","01","04","04:00","","0.1","","-4.6","","71","","","","32","","29","","","","100.72","","","","","","NA"
"-79.80","43.30","BURLINGTON PIERS (AUT)","6151061","2024-01-04 05:00","2024","01","04","05:00","","-1.4","","-6.2","","70","","","","30","","22","","","","100.81","","","","-7","","NA"
"-79.80","43.30","BURLINGTON PIERS (AUT)","6151061","2024-01-04 06:00","2024","01","04","06:00","","-2.4","","-7.5","","68","","","","31","","28","","","","100.92","","","","-9","","NA"
"-79.80","43.30","BURLINGTON PIERS (AUT)","6151061","2024-01-04 07:00","2024","01","04","07:00","","-3.3","","-8.3","","68","","","","30","","26","","","","101.10","","","","-10","","NA"
"-79.80","43.30","BURLINGTON PIERS (AUT)","6151061","2024-01-04 08:00","2024","01","04","08:00","","-4.3","","-10.2","","63","","","","31","","21","","","","101.26","","","","-11","","NA"
"-79.80","43.30","BURLINGTON PIERS (AUT)","6151061","2024-01-04 09:00","2024","01","04","09:00","","-4.5","","-10.4","","63","","","","30","","23","","","","101.34","","","","-11","","NA"
"-79.80","43.30","BURLINGTON PIERS (AUT)","6151061","2024-01-04 10:00","2024","01","04","10:00","","-4.2","","-10.2","","63","","","","32","","21","","","","101.45","","","","-11","","NA"
"-79.80","43.30","BURLINGTON PIERS (AUT)","6151061","2024-01-04 11:00","2024","01","04","11:00","","-4.0","","-10.8","","59","","","","29","","19","","","","101.50","","","","-10","","NA"
"-79.80","43.30","BURLINGTON PIERS (AUT)","6151061","2024-01-04 12:00","2024","01","04","12:00","","-3.3","","-10.5","","58","","","","28","","13","","","","101.50","","","","-8","","NA"
"-79.80","43.30","BURLINGTON PIERS (AUT)","6151061","2024-01-04 13:00","2024","01","04","13:00","","-2.9","","-10.5","","56","","","","29","","15","","","","101.49","","","","-8","","NA"
"-79.80","43.30","BURLINGTON PIERS (AUT)","6151061","2024-01-04 14:00","2024","01","04","14:00","","-2.9","","-10.8","","54","","","","29","","17","","","","101.50","","","","-8","","NA"
"-79.80","43.30","BURLINGTON PIERS (AUT)","6151061","2024-01-04 15:00","2024","01","04","15:00","","-2.5","","-10.2","","55","","","","29","","17","","","","101.54","","","","-8","","NA"
"-79.80","43.30","BURLINGTON PIERS (AUT)","6151061","2024-01-04 16:00","2024","01","04","16:00","","-2.9","","-10.0","","58","","","","29","","14","","","","101.58","","","","-8","","NA"
"-79.80","43.30","BURLINGTON PIERS (AUT)","6151061","2024-01-04 17:00","2024","01","04","17:00","","-3.7","","-9.9","","62","","","","30","","21","","","","101.68","","","","-10","","NA"
"-79.80","43.30","BURLINGTON PIERS (AUT)","6151061","2024-01-04 18:00","2024","01","04","18:00","","-3.3","","-9.7","","61","","","","30","","14","","","","101.71","","","","-8","","NA"
"-79.80","43.30","BURLINGTON PIERS (AUT)","6151061","2024-01-04 19:00","2024","01","04","19:00","","-2.8","","-9.3","","61","","","","27","","5","","","","101.71","","","","-5","","NA"
"-79.80","43.30","BURLINGTON PIERS (AUT)","6151061","2024-01-04 20:00","2024","01","04","20:00","","-2.8","","-9.4","","60","","","","29","","6","","","","101.72","","","","-5","","NA"
"-79.80","43.30","BURLINGTON PIERS (AUT)","6151061","2024-01-04 21:00","2024","01","04","21:00","","-2.4","","-8.3","","64","","","","26","","5","","","","101.72","","","","-4","","NA"
"-79.80","43.30","BURLINGTON PIERS (AUT)","6151061","2024-01-04 22:00","2024","01","04","22:00","","-2.0","","-8.2","","62","","","","26","","9","","","","101.70","","","","-5","","NA"
"-79.80","43.30","BURLINGTON PIERS (AUT)","6151061","2024-01-04 23:00","2024","01","04","23:00","","-2.0","","-8.3","","62","","","","25","","10","","","","101.68","","","","-6","","NA"
"-79.80","43.30","BURLINGTON PIERS (AUT)","6151061","2024-01-05 00:00","2024","01","05","00:00","","-1.9","","-8.5","","61","","","","25","","13","","","","101.65","","","","-6","","NA"
"-79.80","43.30","BURLINGTON PIERS (AUT)","6151061","2024-01-05 01:00","2024","01","05","01:00","","-1.7","","-8.1","","62","","","","22","","11","","","","101.59","","","","-6","","NA"
"-79.80","43.30","BURLINGTON PIERS (AUT)","6151061","2024-01-05 02:00","2024","01","05","02:00","","-1.9","","-8.3","","61","","","","21","","15","","","","101.60","","","","-7","","NA"
"-79.80","43.30","BURLINGTON PIERS (AUT)","6151061","2024-01-05 03:00","2024","01","05","03:00","","-2.1","","-8.5","","61","","","","21","","17","","","","101.60","","","","-7","","NA"
"-79.80","43.30","BURLINGTON PIERS (AUT)","6151061","2024-01-05 04:00","2024","01","05","04:00","","-2.1","","-8.6","","61","","","","21","","16","","","","101.58","","","","-7","","NA"
"-79.80","43.30","BURLINGTON PIERS (AUT)","6151061","2024-01-05 05:00","2024","01","05","05:00","","-2.2","","-8.3","","63","","","","20","","19","","","","101.56","","","","-8","","NA"
"-79.80","43.30","BURLINGTON PIERS (AUT)","6151061","2024-01-05 06:00","2024","01","05","06:00","","-2.1","","-8.8","","60","","","","21","","16","","","","101.60","","","","-7","","NA"
"-79.80","43.30","BURLINGTON PIERS (AUT)","6151061","2024-01-05 07:00","2024","01","05","07:00","","-2.0","","-7.8","","64","","","","21","","13","","","","101.65","","","","-6","","NA"
"-79.80","43.30","BURLINGTON PIERS (AUT)","6151061","2024-01-05 08:00","2024","01","05","08:00","","-1.9","","-8.0","","63","","","","21","","20","","","","101.64","","","","-8","","NA"
"-79.80","43.30","BURLINGTON PIERS (AUT)","6151061","2024-01-05 09:00","2024","01","05","09:00","","-2.1","","-7.9","","64","","","","21","","17","","","","101.63","","","","-7","","NA"
"-79.80","43.30","BURLINGTON PIERS (AUT)","6151061","2024-01-05 10:00","2024","01","05","10:00","","-1.9","","-7.8","","64","","","","21","","15","","","","101.64","","","","-7","","NA"
"-79.80","43.30","BURLINGTON PIERS (AUT)","6151061","2024-01-05 11:00","2024","01","05","11:00","","-1.4","","-7.0","","66","","","","21","","17","","","","101.60","","","","-7","","NA"
"-79.80","43.30","BURLINGTON PIERS (AUT)","6151061","2024-01-05 12:00","2024","01","05","12:00","","-1.1","","-6.7","","66","","","","21","","14","","","","101.50","","","","-6","","NA"
"-79.80","43.30","BURLINGTON PIERS (AUT)","6151061","2024-01-05 13:00","2024","01","05","13:00","","-0.9","","-6.6","","65","","","","22","","14","","","","101.42","","","","-5","","NA"
"-79.80","43.30","BURLINGTON PIERS (AUT)","6151061","2024-01-05 14:00","2024","01","05","14:00","","-0.3","","-6.4","","63","","","","22","","14","","","","101.31","","","","-5","","NA"
"-79.80","43.30","BURLINGTON PIERS (AUT)","6151061","2024-01-05 15:00","2024","01","05","15:00","","-0.3","","-7.0","","60","","","","20","","14","","","","101.26","","","","-5","","NA"
"-79.80","43.30","BURLINGTON PIERS (AUT)","6151061","2024-01-05 16:00","2024","01","05","16:00","","-0.1","","-6.4","","62","","","","21","","12","","","","101.26","","","","-4","","NA"
"-79.80","43.30","BURLINGTON PIERS (AUT)","6151061","2024-01-05 17:00","2024","01","05","17:00","","0.1","","-6.4","","62","","","","21","","12","","","","101.30","","","","","","NA"
"-79.80","43.30","BURLINGTON PIERS (AUT)","6151061","2024-01-05 18:00","2024","01","05","18:00","","0.2","","-6.3","","62","","","","25","","9","","","","101.35","","","","","","NA"
"-79.80","43.30","BURLINGTON PIERS (AUT)","6151061","2024-01-05 19:00","2024","01","05","19:00","","0.1","","-6.3","","62","","","","26","","10","","","","101.37","","","","","","NA"
"-79.80","43.30","BURLINGTON PIERS (AUT)","6151061","2024-01-05 20:00","2024","01","05","20:00","","0.2","","-6.4","","61","","","","25","","8","","","","101.35","","","","","","NA"
"-79.80","43.30","BURLINGTON PIERS (AUT)","6151061","2024-01-05 21:00","2024","01","05","21:00","","0.2","","-6.3","","61","","","","20","","12","","","","101.27","","","","","","NA"
"-79.80","43.30","BURLINGTON PIERS (AUT)","6151061","2024-01-05 22:00","2024","01","05","22:00","","0.3","","-5.8","","64","","","","20","","10","","","","101.28","","","","","","NA"
"-79.80","43.30","BURLINGTON PIERS (AUT)","6151061","2024-01-05 23:00","2024","01","05","23:00","","0.2","","-6.3","","61","","","","20","","4","","","","101.14","","","","","","NA"
"-79.80","43.30","BURLINGTON PIERS (AUT)","6151061","2024-01-06 00:00","2024","01","06","00:00","","0.2","","-5.9","","63","","","","15","","9","","","","101.11","","","","","","NA"
"-79.80","43.30","BURLINGTON PIERS (AUT)","6151061","2024-01-06 01:00","2024","01","06","01:00","","0.0","","-5.8","","65","","","","19","","8","","","","101.12","","","","-3","","NA"
"-79.80","43.30","BURLINGTON PIERS (AUT)","6151061","2024-01-06 02:00","2024","01","06","02:00","","-0.1","","-6.1","","64","","","","18","","11","","","","101.09","","","","-4","","NA"
"-79.80","43.30","BURLINGTON PIERS (AUT)","6151061","2024-01-06 03:00","2024","01","06","03:00","","-0.1","","-5.7","","66","","","","19","","10","","","","101.11","","","","-3","","NA"
"-79.80","43.30","BURLINGTON PIERS (AUT)","6151061","2024-01-06 04:00","2024","01","06","04:00","","0.0","","-5.8","","65","","","","25","","3","","","","101.05","","","","-1","","NA"
"-79.80","43.30","BURLINGTON PIERS (AUT)","6151061","2024-01-06 05:00","2024","01","06","05:00","","0.2","","-5.6","","65","","","","6","","9","","","","100.92","","","","","","NA"
"-79.80","43.30","BURLINGTON PIERS (AUT)","6151061","2024-01-06 06:00","2024","01","06","06:00","","0.2","","-5.3","","67","","","","11","","16","","","","100.90","","","","","","NA"
"-79.80","43.30","BURLINGTON PIERS (AUT)","6151061","2024-01-06 07:00","2024","01","06","07:00","","0.4","","-4.5","","70","","","","11","","17","","","","100.83","","","","","","NA"
"-79.80","43.30","BURLINGTON PIERS (AUT)","6151061","2024-01-06 08:00","2024","01","06","08:00","","0.3","","-5.0","","68","","","","10","","21","","","","100.77","","","","","","NA"
"-79.80","43.30","BURLINGTON PIERS (AUT)","6151061","2024-01-06 09:00","2024","01","06","09:00","","0.5","","-4.5","","69","","","","8","","30","","","","100.65","","","","","","NA"
"-79.80","43.30","BURLINGTON PIERS (AUT)","6151061","2024-01-06 10:00","2024","01","06","10:00","","0.2","","-4.7","","70","","","","8","","29","","","","100.59","","","","","","NA"
"-79.80","43.30","BURLINGTON PIERS (AUT)","6151061","2024-01-06 11:00","2024","01","06","11:00","","0.6","","-4.3","","70","","","","7","","34","","","","100.40","","","","","","NA"
"-79.80","43.30","BURLINGTON PIERS (AUT)","6151061","2024-01-06 12:00","2024","01","06","12:00","","0.5","","-5.1","","66","","","","8","","32","","","","100.29","","","","","","NA"
"-79.80","43.30","BURLINGTON PIERS (AUT)","6151061","2024-01-06 13:00","2024","01","06","13:00","","0.8","","-4.4","","68","","","","8","","29","","","","100.15","","","","","","NA"
"-79.80","43.30","BURLINGTON PIERS (AUT)","6151061","2024-01-06 14:00","2024","01","06","14:00","","1.0","","-4.6","","66","","","","7","","27","","","","100.00","","","","","","NA"
"-79.80","43.30","BURLINGTON PIERS (AUT)","6151061","2024-01-06 15:00","2024","01","06","15:00","","1.2","","-4.0","","68","","","","7","","30","","","","99.90","","","","","","NA"
"-79.80","43.30","BURLINGTON PIERS (AUT)","6151061","2024-01-06 16:00","2024","01","06","16:00","","1.8","","-2.8","","71","","","","6","","30","","","","99.88","","","","","","NA"
"-79.80","43.30","BURLINGTON PIERS (AUT)","6151061","2024-01-06 17:00","2024","01","06","17:00","","0.7","","-1.6","","85","","","","7","","30","","","","99.92","","","","","","NA"
"-79.80","43.30","BURLINGTON PIERS (AUT)","6151061","2024-01-06 18:00","2024","01","06","18:00","","0.5","","-1.2","","89","","","","6","","26","","","","99.89","","","","","","NA"
"-79.80","43.30","BURLINGTON PIERS (AUT)","6151061","2024-01-06 19:00","2024","01","06","19:00","","0.3","","-0.8","","92","","","","8","","25","","","","99.81","","","","","","NA"
"-79.80","43.30","BURLINGTON PIERS (AUT)","6151061","2024-01-06 20:00","2024","01","06","20:00","","0.4","","-1.2","","89","","","","7","","30","","","","99.77","","","","","","NA"
"-79.80","43.30","BURLINGTON PIERS (AUT)","6151061","2024-01-06 21:00","2024","01","06","21:00","","0.4","","-1.4","","88","","","","8","","25","","","","99.69","","","","","","NA"
"-79.80","43.30","BURLINGTON PIERS (AUT)","6151061","2024-01-06 22:00","2024","01","06","22:00","","0.4","","-1.4","","88","","","","8","","19","","","","99.67","","","","","","NA"
"-79.80","43.30","BURLINGTON PIERS (AUT)","6151061","2024-01-06 23:00","2024","01","06","23:00","","0.1","","-1.6","","88","","","","7","","16","","","","99.63","","","","","","NA"
"-79.80","43.30","BURLINGTON PIERS (AUT)","6151061","2024-01-07 00:00","2024","01","07","00:00","","0.1","","-1.5","","88","","","","8","","14","","","","99.60","","","","","","NA"
"-79.80","43.30","BURLINGTON PIERS (AUT)","6151061","2024-01-07 01:00","2024","01","07","01:00","","0.3","","-1.8","","86","","","","5","","11","","","","99.58","","","","","","NA"
"-79.80","43.30","BURLINGTON PIERS (AUT)","6151061","2024-01-07 02:00","2024","01","07","02:00","","-1.8","","-3.8","","86","","","","33","","22","","","","99.62","","","","-8","","NA"
"-79.80","43.30","BURLINGTON PIERS (AUT)","6151061","2024-01-07 03:00","2024","01","07","03:00","","-2.1","","-4.1","","86","","","","35","","19","","","","99.61","","","","-8","","NA"
"-79.80","43.30","BURLINGTON PIERS (AUT)","6151061","2024-01-07 04:00","2024","01","07","04:00","","-2.3","","-4.1","","87","","","","35","","19","","","","99.59","","","","-8","","NA"
"-79.80","43.30","BURLINGTON PIERS (AUT)","6151061","2024-01-07 05:00","2024","01","07","05:00","","-2.9","","-5.0","","85","","","","35","","23","","","","99.59","","","","-9","","NA"
"-79.80","43.30","BURLINGTON PIERS (AUT)","6151061","2024-01-07 06:00","2024","01","07","06:00","","-3.4","","-6.1","","81","","","","34","","19","","","","99.65","","","","-9","","NA"
"-79.80","43.30","BURLINGTON PIERS (AUT)","6151061","2024-01-07 07:00","2024","01","07","07:00","","-3.3","","-6.0","","81","","","","33","","10","","","","99.73","","","","-7","","NA"
"-79.80","43.30","BURLINGTON PIERS (AUT)","6151061","2024-01-07 08:00","2024","01","07","08:00","","-3.4","","-6.5","","79","","","","33","","11","","","","99.78","","","","-8","","NA"
"-79.80","43.30","BURLINGTON PIERS (AUT)","6151061","2024-01-07 09:00","2024","01","07","09:00","","-3.1","","-6.5","","78","","","","33","","9","","","","99.83","","","","-7","","NA"
"-79.80","43.30","BURLINGTON PIERS (AUT)","6151061","2024-01-07 10:00","2024","01","07","10:00","","-2.6","","-6.0","","78","","","","27","","5","","","","99.86","","","","-5","","NA"
"-79.80","43.30","BURLINGTON PIERS (AUT)","6151061","2024-01-07 11:00","2024","01","07","11:00","","-1.7","","-4.6","","81","","","","22","","6","","","","99.86","","","","-4","","NA"
"-79.80","43.30","BURLINGTON PIERS (AUT)","6151061","2024-01-07 12:00","2024","01","07","12:00","","-1.2","","-4.4","","79","","","","26","","6","","","","99.86","","","","-3","","NA"
"-79.80","43.30","BURLINGTON PIERS (AUT)","6151061","2024-01-07 13:00","2024","01","07","13:00","","-0.7","","-4.2","","77","","","","25","","3","","","","99.83","","","","-2","","NA"
"-79.80","43.30","BURLINGTON PIERS (AUT)","6151061","2024-01-07 14:00","2024","01","07","14:00","","0.0","","-3.6","","77","","","","23","","7","","","","99.91","","","","-2","","NA"
"-79.80","43.30","BURLINGTON PIERS (AUT)","6151061","2024-01-07 15:00","2024","01","07","15:00","","0.4","","-3.0","","78","","","","25","","7","","","","100.00","","","","","","NA"
"-79.80","43.30","BURLINGTON PIERS (AUT)","6151061","2024-01-07 16:00","2024","01","07","16:00","","0.7","","-2.4","","80","","","","25","","6","","","","100.12","","","","","","NA"
"-79.80","43.30","BURLINGTON PIERS (AUT)","6151061","2024-01-07 17:00","2024","01","07","17:00","","1.1","","-1.8","","81","","","","24","","6","","","","100.22","","","","","","NA"
"-79.80","43.30","BURLINGTON PIERS (AUT)","6151061","2024-01-07 18:00","2024","01","07","18:00","","1.2","","-1.0","","85","","","","24","","6","","","","100.32","","","","","","NA"
"-79.80","43.30","BURLINGTON PIERS (AUT)","6151061","2024-01-07 19:00","2024","01","07","19:00","","1.2","","-0.7","","87","","","","25","","6","","","","100.45","","","","","","NA"
"-79.80","43.30","BURLINGTON PIERS (AUT)","6151061","2024-01-07 20:00","2024","01","07","20:00","","1.7","","-0.3","","87","","","","26","","4","","","","100.60","","","","","","NA"
"-79.80","43.30","BURLINGTON PIERS (AUT)","6151061","2024-01-07 21:00","2024","01","07","21:00","","1.5","","-0.8","","85","","","","24","","4","","","","100.71","","","","","","NA"
"-79.80","43.30","BURLINGTON PIERS (AUT)","6151061","2024-01-07 22:00","2024","01","07","22:00","","1.8","","-0.3","","86","","","","23","","4","","","","100.81","","","","","","NA"
"-79.80","43.30","BURLINGTON PIERS (AUT)","6151061","2024-01-07 23:00","2024","01","07","23:00","","2.0","","0.0","","86","","","","25","","6","","","","100.90","","","","","","NA"
"-79.80","43.30","BURLINGTON PIERS (AUT)","6151061","2024-01-08 00:00","2024","01","08","00:00","","1.9","","-0.1","","86","","","","","","0","","","","101.00","","","","","","NA"
"-79.80","43.30","BURLINGTON PIERS (AUT)","6151061","2024-01-08 01:00","2024","01","08","01:00","","2.3","","-0.1","","84","","","","24","","11","","","","101.07","","","","","","NA"
"-79.80","43.30","BURLINGTON PIERS (AUT)","6151061","2024-01-08 02:00","2024","01","08","02:00","","2.3","","0.2","","86","","","","24","","9","","","","101.18","","","","","","NA"
"-79.80","43.30","BURLINGTON PIERS (AUT)","6151061","2024-01-08 03:00","2024","01","08","03:00","","2.1","","-0.2","","85","","","","24","","9","","","","101.31","","","","","","NA"
"-79.80","43.30","BURLINGTON PIERS (AUT)","6151061","2024-01-08 04:00","2024","01","08","04:00","","2.1","","-0.6","","82","","","","24","","12","","","","101.41","","","","","","NA"
"-79.80","43.30","BURLINGTON PIERS (AUT)","6151061","2024-01-08 05:00","2024","01","08","05:00","","2.1","","-0.7","","82","","","","24","","11","","","","101.49","","","","","","NA"
"-79.80","43.30","BURLINGTON PIERS (AUT)","6151061","2024-01-08 06:00","2024","01","08","06:00","","2.2","","-0.5","","82","","","","24","","10","","","","101.56","","","","","","NA"
"-79.80","43.30","BURLINGTON PIERS (AUT)","6151061","2024-01-08 07:00","2024","01","08","07:00","","2.4","","-0.3","","82","","","","25","","9","","","","101.68","","","","","","NA"
"-79.80","43.30","BURLINGTON PIERS (AUT)","6151061","2024-01-08 08:00","2024","01","08","08:00","","2.5","","-0.7","","79","","","","25","","6","","","","101.73","","","","","","NA"
"-79.80","43.30","BURLINGTON PIERS (AUT)","6151061","2024-01-08 09:00","2024","01","08","09:00","","2.7","","-1.0","","76","","","","25","","7","","","","101.79","","","","","","NA"
"-79.80","43.30","BURLINGTON PIERS (AUT)","6151061","2024-01-08 10:00","2024","01","08","10:00","","2.9","","-1.4","","74","","","","25","","9","","","","101.87","","","","","","NA"
"-79.80","43.30","BURLINGTON PIERS (AUT)","6151061","2024-01-08 11:00","2024","01","08","11:00","","2.9","","-0.9","","76","","","","25","","8","","","","101.92","","","","","","NA"
"-79.80","43.30","BURLINGTON PIERS (AUT)","6151061","2024-01-08 12:00","2024","01","08","12:00","","3.2","","-0.6","","76","","","","24","","6","","","","101.87","","","","","","NA"
"-79.80","43.30","BURLINGTON PIERS (AUT)","6151061","2024-01-08 13:00","2024","01","08","13:00","","3.4","","-0.8","","74","","","","24","","7","","","","101.85","","","","","","NA"
"-79.80","43.30","BURLINGTON PIERS (AUT)","6151061","2024-01-08 14:00","2024","01","08","14:00","","3.7","","-1.2","","70","","","","24","","5","","","","101.80","","","","","","NA"
"-79.80","43.30","BURLINGTON PIERS (AUT)","6151061","2024-01-08 15:00","2024","01","08","15:00","","3.8","","-2.0","","66","","","","26","","5","","","","101.85","","","","","","NA"
"-79.80","43.30","BURLINGTON PIERS (AUT)","6151061","2024-01-08 16:00","2024","01","08","16:00","","3.8","","-2.0","","66","","","","27","","3","","","","101.89","","","","","","NA"
"-79.80","43.30","BURLINGTON PIERS (AUT)","6151061","2024-01-08 17:00","2024","01","08","17:00","","3.6","","-1.8","","68","","","","","","0","","","","101.89","","","","","","NA"
"-79.80","43.30","BURLINGTON PIERS (AUT)","6151061","2024-01-08 18:00","2024","01","08","18:00","","3.7","","-2.1","","66","","","","11","","4","","","","101.90","","","","","","NA"
"-79.80","43.30","BURLINGTON PIERS (AUT)","6151061","2024-01-08 19:00","2024","01","08","19:00","","3.6","","-1.7","","68","","","","12","","6","","","","101.84","","","","","","NA"
"-79.80","43.30","BURLINGTON PIERS (AUT)","6151061","2024-01-08 20:00","2024","01","08","20:00","","3.2","","0.3","","81","","","","11","","7","","","","101.81","","","","","","NA"
"-79.80","43.30","BURLINGTON PIERS (AUT)","6151061","2024-01-08 21:00","2024","01","08","21:00","","3.1","","-0.3","","78","","","","9","","10","","","","101.70","","","","","","NA"
"-79.80","43.30","BURLINGTON PIERS (AUT)","6151061","2024-01-08 22:00","2024","01","08","22:00","","3.3","","-0.7","","75","","","","10","","18","","","","101.61","","","","","","NA"
"-79.80","43.30","BURLINGTON PIERS (AUT)","6151061","2024-01-08 23:00","2024","01","08","23:00","","3.2","","-0.1","","79","","","","10","","20","","","","101.53","","","","","","NA"
"-79.80","43.30","BURLINGTON PIERS (AUT)","6151061","2024-01-09 00:00","2024","01","09","00:00","","3.2","","-0.3","","78","","","","10","","21","","","","101.46","","","","","","NA"
"-79.80","43.30","BURLINGTON PIERS (AUT)","6151061","2024-01-09 01:00","2024","01","09","01:00","","3.2","","-0.6","","76","","","","9","","24","","","","101.40","","","","","","NA"
"-79.80","43.30","BURLINGTON PIERS (AUT)","6151061","2024-01-09 02:00","2024","01","09","02:00","","3.2","","-1.0","","74","","","","9","","25","","","","101.20","","","","","","NA"
"-79.80","43.30","BURLINGTON PIERS (AUT)","6151061","2024-01-09 03:00","2024","01","09","03:00","","3.3","","-1.8","","69","","","","8","","35","","","","101.10","","","","","","NA"
"-79.80","43.30","BURLINGTON PIERS (AUT)","6151061","2024-01-09 04:00","2024","01","09","04:00","","3.1","","-2.2","","69","","","","7","","35","","","","100.92","","","","","","NA"
"-79.80","43.30","BURLINGTON PIERS (AUT)","6151061","2024-01-09 05:00","2024","01","09","05:00","","2.8","","-2.3","","69","","","","8","","33","","","","100.87","","","","","","NA"
"-79.80","43.30","BURLINGTON PIERS (AUT)","6151061","2024-01-09 06:00","2024","01","09","06:00","","2.6","","-2.1","","71","","","","9","","31","","","","100.76","","","","","","NA"
"-79.80","43.30","BURLINGTON PIERS (AUT)","6151061","2024-01-09 07:00","2024","01","09","07:00","","2.6","","-2.3","","70","","","","8","","26","","","","100.60","","","","","","NA"
"-79.80","43.30","BURLINGTON PIERS (AUT)","6151061","2024-01-09 08:00","2024","01","09","08:00","","2.7","","-1.8","","72","","","","9","","31","","","","100.44","","","","","","NA"
"-79.80","43.30","BURLINGTON PIERS (AUT)","6151061","2024-01-09 09:00","2024","01","09","09:00","","2.1","","-1.4","","77","","","","10","","32","","","","100.33","","","","","","NA"
"-79.80","43.30","BURLINGTON PIERS (AUT)","6151061","2024-01-09 10:00","2024","01","09","10:00","","0.8","","0.3","","96","","","","7","","31","","","","100.10","","","","","","NA"
"-79.80","43.30","BURLINGTON PIERS (AUT)","6151061","2024-01-09 11:00","2024","01","09","11:00","","1.5","","0.9","","96","","","","7","","31","","","","99.87","","","","","","NA"
"-79.80","43.30","BURLINGTON PIERS (AUT)","6151061","2024-01-09 12:00","2024","01","09","12:00","","2.3","","1.3","","93","","","","6","","35","","","","99.53","","","","","","NA"
"-79.80","43.30","BURLINGTON PIERS (AUT)","6151061","2024-01-09 13:00","2024","01","09","13:00","","2.6","","1.6","","93","","","","5","","40","","","","99.12","","","","","","NA"
"-79.80","43.30","BURLINGTON PIERS (AUT)","6151061","2024-01-09 14:00","2024","01","09","14:00","","2.9","","1.9","","94","","","","5","","37","","","","98.92","","","","","","NA"
"-79.80","43.30","BURLINGTON PIERS (AUT)","6151061","2024-01-09 15:00","2024","01","09","15:00","","3.2","","2.4","","95","","","","4","","36","","","","98.62","","","","","","NA"
"-79.80","43.30","BURLINGTON PIERS (AUT)","6151061","2024-01-09 16:00","2024","01","09","16:00","","3.5","","2.9","","95","","","","4","","35","","","","98.41","","","","","","NA"
"-79.80","43.30","BURLINGTON PIERS (AUT)","6151061","2024-01-09 17:00","2024","01","09","17:00","","3.8","","3.2","","96","","","","4","","34","","","","98.15","","","","","","NA"
"-79.80","43.30","BURLINGTON PIERS (AUT)","6151061","2024-01-09 18:00","2024","01","09","18:00","","4.0","","3.6","","97","","","","4","","35","","","","97.82","","","","","","NA"
"-79.80","43.30","BURLINGTON PIERS (AUT)","6151061","2024-01-09 19:00","2024","01","09","19:00","","4.1","","3.6","","96","","","","5","","32","","","","97.59","","","","","","NA"
"-79.80","43.30","BURLINGTON PIERS (AUT)","6151061","2024-01-09 20:00","2024","01","09","20:00","","4.3","","3.8","","97","","","","3","","30","","","","97.34","","","","","","NA"
"-79.80","43.30","BURLINGTON PIERS (AUT)","6151061","2024-01-09 21:00","2024","01","09","21:00","","3.9","","3.5","","97","","","","3","","25","","","","97.17","","","","","","NA"
"-79.80","43.30","BURLINGTON PIERS (AUT)","6151061","2024-01-09 22:00","2024","01","09","22:00","","4.1","","3.7","","97","","","","2","","13","","","","97.02","","","","","","NA"
"-79.80","43.30","BURLINGTON PIERS (AUT)","6151061","2024-01-09 23:00","2024","01","09","23:00","","5.0","","4.5","","97","","","","8","","6","","","","96.97","","","","","","NA"
"-79.80","43.30","BURLINGTON PIERS (AUT)","6151061","2024-01-10 00:00","2024","01","10","00:00","","7.7","","4.7","","81","","","","20","","18","","","","96.92","","","","","","NA"
"-79.80","43.30","BURLINGTON PIERS (AUT)","6151061","2024-01-10 01:00","2024","01","10","01:00","","7.2","","4.3","","82","","","","20","","25","","","","96.94","","","","","","NA"
"-79.80","43.30","BURLINGTON PIERS (AUT)","6151061","2024-01-10 02:00","2024","01","10","02:00","","7.2","","3.0","","74","","","","21","","24","","","","96.97","","","","","","NA"
"-79.80","43.30","BURLINGTON PIERS (AUT)","6151061","2024-01-10 03:00","2024","01","10","03:00","","6.3","","1.7","","73","","","","21","","26","","","","97.07","","","","","","NA"
"-79.80","43.30","BURLINGTON PIERS (AUT)","6151061","2024-01-10 04:00","2024","01","10","04:00","","6.1","","0.6","","68","","","","21","","24","","","","97.07","","","","","","NA"
"-79.80","43.30","BURLINGTON PIERS (AUT)","6151061","2024-01-10 05:00","2024","01","10","05:00","","4.5","","2.3","","86","","","","23","","17","","","","97.09","","","","","","NA"
"-79.80","43.30","BURLINGTON PIERS (AUT)","6151061","2024-01-10 06:00","2024","01","10","06:00","","5.0","","1.2","","76","","","","20","","29","","","","97.09","","","","","","NA"
"-79.80","43.30","BURLINGTON PIERS (AUT)","6151061","2024-01-10 07:00","2024","01","10","07:00","","4.3","","0.8","","78","","","","20","","31","","","","97.15","","","","","","NA"
"-79.80","43.30","BURLINGTON PIERS (AUT)","6151061","2024-01-10 08:00","2024","01","10","08:00","","3.6","","0.5","","80","","","","20","","31","","","","97.23","","","","","","NA"
"-79.80","43.30","BURLINGTON PIERS (AUT)","6151061","2024-01-10 09:00","2024","01","10","09:00","","3.2","","0.3","","82","","","","22","","20","","","","97.37","","","","","","NA"
"-79.80","43.30","BURLINGTON PIERS (AUT)","6151061","2024-01-10 10:00","2024","01","10","10:00","","2.2","","-0.8","","80","","","","24","","22","","","","97.59","","","","","","NA"
"-79.80","43.30","BURLINGTON PIERS (AUT)","6151061","2024-01-10 11:00","2024","01","10","11:00","","2.1","","-2.8","","70","","","","25","","27","","","","97.80","","","","","","NA"
"-79.80","43.30","BURLINGTON PIERS (AUT)","6151061","2024-01-10 12:00","2024","01","10","12:00","","1.6","","-3.9","","67","","","","25","","27","","","","97.98","","","","","","NA"
"-79.80","43.30","BURLINGTON PIERS (AUT)","6151061","2024-01-10 13:00","2024","01","10","13:00","","1.3","","-4.4","","65","","","","25","","30","","","","98.12","","","","","","NA"
"-79.80","43.30","BURLINGTON PIERS (AUT)","6151061","2024-01-10 14:00","2024","01","10","14:00","","1.1","","-4.5","","66","","","","25","","29","","","","98.33","","","","","","NA"
"-79.80","43.30","BURLINGTON PIERS (AUT)","6151061","2024-01-10 15:00","2024","01","10","15:00","","1.1","","-4.4","","67","","","","25","","26","","","","98.50","","","","","","NA"
"-79.80","43.30","BURLINGTON PIERS (AUT)","6151061","2024-01-10 16:00","2024","01","10","16:00","","0.9","","-4.0","","70","","","","25","","23","","","","98.72","","","","","","NA"
"-79.80","43.30","BURLINGTON PIERS (AUT)","6151061","2024-01-10 17:00","2024","01","10","17:00","","0.9","","-4.4","","68","","","","25","","26","","","","98.91","","","","","","NA"
"-79.80","43.30","BURLINGTON PIERS (AUT)","6151061","2024-01-10 18:00","2024","01","10","18:00","","1.0","","-4.2","","68","","","","25","","26","","","","99.05","","","","","","NA"
"-79.80","43.30","BURLINGTON PIERS (AUT)","6151061","2024-01-10 19:00","2024","01","10","19:00","","1.3","","-4.3","","66","","","","25","","23","","","","99.19","","","","","","NA"
"-79.80","43.30","BURLINGTON PIERS (AUT)","6151061","2024-01-10 20:00","2024","01","10","20:00","","1.4","","-4.1","","67","","","","26","","22","","","","99.28","","","","","","NA"
"-79.80","43.30","BURLINGTON PIERS (AUT)","6151061","2024-01-10 21:00","2024","01","10","21:00","","1.6","","-3.2","","70","","","","24","","13","","","","99.35","","","","","","NA"
"-79.80","43.30","BURLINGTON PIERS (AUT)","6151061","2024-01-10 22:00","2024","01","10","22:00","","1.9","","-3.1","","70","","","","24","","15","","","","99.41","","","","","","NA"
"-79.80","43.30","BURLINGTON PIERS (AUT)","6151061","2024-01-10 23:00","2024","01","10","23:00","","2.0","","-3.1","","69","","","","24","","16","","","","99.46","","","","","","NA"
"-79.80","43.30","BURLINGTON PIERS (AUT)","6151061","2024-01-11 00:00","2024","01","11","00:00","","2.1","","-2.9","","69","","","","25","","19","","","","99.48","","","","","","NA"
"-79.80","43.30","BURLINGTON PIERS (AUT)","6151061","2024-01-11 01:00","2024","01","11","01:00","","2.2","","-3.1","","68","","","","25","","16","","","","99.51","","","","","","NA"
"-79.80","43.30","BURLINGTON PIERS (AUT)","6151061","2024-01-11 02:00","2024","01","11","02:00","","2.4","","-2.7","","69","","","","23","","10","","","","99.60","","","","","","NA"
"-79.80","43.30","BURLINGTON PIERS (AUT)","6151061","2024-01-11 03:00","2024","01","11","03:00","","2.5","","-2.3","","71","","","","22","","12","","","","99.66","","","","","","NA"
"-79.80","43.30","BURLINGTON PIERS (AUT)","6151061","2024-01-11 04:00","2024","01","11","04:00","","2.4","","-1.6","","75","","","","22","","11","","","","99.67","","","","","","NA"
"-79.80","43.30","BURLINGTON PIERS (AUT)","6151061","2024-01-11 05:00","2024","01","11","05:00","","2.4","","-2.0","","73","","","","21","","12","","","","99.67","","","","","","NA"
"-79.80","43.30","BURLINGTON PIERS (AUT)","6151061","2024-01-11 06:00","2024","01","11","06:00","","2.3","","-2.1","","73","","","","23","","7","","","","99.66","","","","","","NA"
"-79.80","43.30","BURLINGTON PIERS (AUT)","6151061","2024-01-11 07:00","2024","01","11","07:00","","1.8","","-2.1","","75","","","","20","","10","","","","99.63","","","","","","NA"
"-79.80","43.30","BURLINGTON PIERS (AUT)","6151061","2024-01-11 08:00","2024","01","11","08:00","","0.7","","-0.4","","92","","","","18","","10","","","","99.66","","","","","","NA"
"-79.80","43.30","BURLINGTON PIERS (AUT)","6151061","2024-01-11 09:00","2024","01","11","09:00","","0.6","","-0.5","","93","","","","15","","8","","","","99.65","","","","","","NA"
"-79.80","43.30","BURLINGTON PIERS (AUT)","6151061","2024-01-11 10:00","2024","01","11","10:00","","0.9","","0.0","","93","","","","13","","10","","","","99.66","","","","","","NA"
"-79.80","43.30","BURLINGTON PIERS (AUT)","6151061","2024-01-11 11:00","2024","01","11","11:00","","1.8","","0.0","","88","","","","21","","5","","","","99.66","","","","","","NA"
"-79.80","43.30","BURLINGTON PIERS (AUT)","6151061","2024-01-11 12:00","2024","01","11","12:00","","2.4","","0.1","","85","","","","22","","9","","","","99.63","","","","","","NA"
"-79.80","43.30","BURLINGTON PIERS (AUT)","6151061","2024-01-11 13:00","2024","01","11","13:00","","2.5","","0.5","","86","","","","23","","6","","","","99.61","","","","","","NA"
"-79.80","43.30","BURLINGTON PIERS (AUT)","6151061","2024-01-11 14:00","2024","01","11","14:00","","3.1","","0.7","","84","","","","22","","8","","","","99.63","","","","","","NA"
"-79.80","43.30","BURLINGTON PIERS (AUT)","6151061","2024-01-11 15:00","2024","01","11","15:00","","3.2","","0.8","","84","","","","23","","6","","","","99.71","","","","","","NA"
"-79.80","43.30","BURLINGTON PIERS (AUT)","6151061","2024-01-11 16:00","2024","01","11","16:00","","3.2","","0.9","","85","","","","24","","7","","","","99.84","","","","","","NA"
"-79.80","43.30","BURLINGTON PIERS (AUT)","6151061","2024-01-11 17:00","2024","01","11","17:00","","3.1","","0.7","","85","","","","24","","9","","","","99.97","","","","","","NA"
"-79.80","43.30","BURLINGTON PIERS (AUT)","6151061","2024-01-11 18:00","2024","01","11","18:00","","2.8","","0.8","","87","","","","25","","10","","","","100.11","","","","","","NA"
"-79.80","43.30","BURLINGTON PIERS (AUT)","6151061","2024-01-11 19:00","2024","01","11","19:00","","2.7","","0.7","","86","","","","23","","10","","","","100.23","","","","","","NA"
"-79.80","43.30","BURLINGTON PIERS (AUT)","6151061","2024-01-11 20:00","2024","01","11","20:00","","2.8","","0.7","","86","","","","24","","8","","","","100.34","","","","","","NA"
"-79.80","43.30","BURLINGTON PIERS (AUT)","6151061","2024-01-11 21:00","2024","01","11","21:00","","2.6","","0.2","","84","","","","25","","12","","","","100.45","","","","","","NA"
"-79.80","43.30","BURLINGTON PIERS (AUT)","6151061","2024-01-11 22:00","2024","01","11","22:00","","2.3","","-0.1","","84","","","","25","","7","","","","100.54","","","","","","NA"
"-79.80","43.30","BURLINGTON PIERS (AUT)","6151061","2024-01-11 23:00","2024","01","11","23:00","","2.4","","-0.2","","83","","","","24","","9","","","","100.66","","","","","","NA"
"-79.80","43.30","BURLINGTON PIERS (AUT)","6151061","2024-01-12 00:00","2024","01","12","00:00","","2.4","","-0.1","","83","","","","25","","10","","","","100.72","","","","","","NA"
"-79.80","43.30","BURLINGTON PIERS (AUT)","6151061","2024-01-12 01:00","2024","01","12","01:00","","2.5","","0.0","","84","","","","24","","7","","","","100.82","","","","","","NA"
"-79.80","43.30","BURLINGTON PIERS (AUT)","6151061","2024-01-12 02:00","2024","01","12","02:00","","2.6","","0.0","","83","","","","23","","6","","","","100.90","","","","","","NA"
"-79.80","43.30","BURLINGTON PIERS (AUT)","6151061","2024-01-12 03:00","2024","01","12","03:00","","2.3","","0.1","","85","","","","25","","4","","","","100.93","","","","","","NA"
"-79.80","43.30","BURLINGTON PIERS (AUT)","6151061","2024-01-12 04:00","2024","01","12","04:00","","2.0","","0.0","","87","","","","27","","4","","","","100.87","","","","","","NA"
"-79.80","43.30","BURLINGTON PIERS (AUT)","6151061","2024-01-12 05:00","2024","01","12","05:00","","1.7","","-0.4","","86","","","","23","","3","","","","100.91","","","","","","NA"
"-79.80","43.30","BURLINGTON PIERS (AUT)","6151061","2024-01-12 06:00","2024","01","12","06:00","","1.9","","0.1","","88","","","","1","","9","","","","100.92","","","","","","NA"
"-79.80","43.30","BURLINGTON PIERS (AUT)","6151061","2024-01-12 07:00","2024","01","12","07:00","","2.1","","-0.1","","85","","","","4","","26","","","","100.90","","","","","","NA"
"-79.80","43.30","BURLINGTON PIERS (AUT)","6151061","2024-01-12 08:00","2024","01","12","08:00","","2.2","","-0.3","","83","","","","7","","32","","","","100.92","","","","","","NA"
"-79.80","43.30","BURLINGTON PIERS (AUT)","6151061","2024-01-12 09:00","2024","01","12","09:00","","2.2","","0.2","","86","","","","8","","29","","","","100.91","","","","","","NA"
"-79.80","43.30","BURLINGTON PIERS (AUT)","6151061","2024-01-12 10:00","2024","01","12","10:00","","2.7","","0.4","","84","","","","7","","28","","","","100.84","","","","","","NA"
"-79.80","43.30","BURLINGTON PIERS (AUT)","6151061","2024-01-12 11:00","2024","01","12","11:00","","2.7","","0.2","","83","","","","8","","35","","","","100.74","","","","","","NA"
"-79.80","43.30","BURLINGTON PIERS (AUT)","6151061","2024-01-12 12:00","2024","01","12","12:00","","2.5","","-0.6","","80","","","","8","","36","","","","100.56","","","","","","NA"
"-79.80","43.30","BURLINGTON PIERS (AUT)","6151061","2024-01-12 13:00","2024","01","12","13:00","","2.6","","-0.2","","82","","","","6","","41","","","","100.25","","","","","","NA"
"-79.80","43.30","BURLINGTON PIERS (AUT)","6151061","2024-01-12 14:00","2024","01","12","14:00","","2.6","","-0.1","","82","","","","6","","43","","","","100.06","","","","","","NA"
"-79.80","43.30","BURLINGTON PIERS (AUT)","6151061","2024-01-12 15:00","2024","01","12","15:00","","2.7","","0.4","","85","","","","5","","48","","","","99.82","","","","","","NA"
"-79.80","43.30","BURLINGTON PIERS (AUT)","6151061","2024-01-12 16:00","2024","01","12","16:00","","2.7","","0.9","","88","","","","5","","52","","","","99.61","","","","","","NA"
"-79.80","43.30","BURLINGTON PIERS (AUT)","6151061","2024-01-12 17:00","2024","01","12","17:00","","3.1","","0.9","","86","","","","6","","52","","","","99.43","","","","","","NA"
"-79.80","43.30","BURLINGTON PIERS (AUT)","6151061","2024-01-12 18:00","2024","01","12","18:00","","3.3","","1.1","","85","","","","6","","51","","","","99.09","","","","","","NA"
"-79.80","43.30","BURLINGTON PIERS (AUT)","6151061","2024-01-12 19:00","2024","01","12","19:00","","1.9","","0.2","","89","","","","11","","44","","","","99.03","","","","","","NA"
"-79.80","43.30","BURLINGTON PIERS (AUT)","6151061","2024-01-12 20:00","2024","01","12","20:00","","1.0","","0.6","","97","","","","6","","34","","","","98.76","","","","","","NA"
"-79.80","43.30","BURLINGTON PIERS (AUT)","6151061","2024-01-12 21:00","2024","01","12","21:00","","1.5","","1.0","","96","","","","6","","39","","","","98.54","","","","","","NA"
"-79.80","43.30","BURLINGTON PIERS (AUT)","6151061","2024-01-12 22:00","2024","01","12","22:00","","2.5","","1.5","","93","","","","6","","30","","","","98.36","","","","","","NA"
"-79.80","43.30","BURLINGTON PIERS (AUT)","6151061","2024-01-12 23:00","2024","01","12","23:00","","4.3","","1.5","","82","","","","11","","13","","","","98.10","","","","","","NA"
"-79.80","43.30","BURLINGTON PIERS (AUT)","6151061","2024-01-13 00:00","2024","01","13","00:00","","6.2","","1.9","","74","","","","15","","35","","","","97.86","","","","","","NA"
"-79.80","43.30","BURLINGTON PIERS (AUT)","6151061","2024-01-13 01:00","2024","01","13","01:00","","6.7","","2.4","","74","","","","16","","35","","","","97.75","","","","","","NA"
"-79.80","43.30","BURLINGTON PIERS (AUT)","6151061","2024-01-13 02:00","2024","01","13","02:00","","7.0","","2.6","","74","","","","16","","37","","","","97.65","","","","","","NA"
"-79.80","43.30","BURLINGTON PIERS (AUT)","6151061","2024-01-13 03:00","2024","01","13","03:00","","7.1","","3.1","","76","","","","16","","32","","","","97.58","","","","","","NA"
"-79.80","43.30","BURLINGTON PIERS (AUT)","6151061","2024-01-13 04:00","2024","01","13","04:00","","7.1","","3.3","","76","","","","16","","24","","","","97.48","","","","","","NA"
"-79.80","43.30","BURLINGTON PIERS (AUT)","6151061","2024-01-13 05:00","2024","01","13","05:00","","5.7","","4.0","","89","","","","25","","7","","","","97.42","","","","","","NA"
"-79.80","43.30","BURLINGTON PIERS (AUT)","6151061","2024-01-13 06:00","2024","01","13","06:00","","3.5","","1.8","","89","","","","22","","19","","","","97.62","","","","","","NA"
"-79.80","43.30","BURLINGTON PIERS (AUT)","6151061","2024-01-13 07:00","2024","01","13","07:00","","3.1","","0.6","","84","","","","20","","22","","","","97.60","","","","","","NA"
"-79.80","43.30","BURLINGTON PIERS (AUT)","6151061","2024-01-13 08:00","2024","01","13","08:00","","2.2","","-1.5","","76","","","","21","","30","","","","97.71","","","","","","NA"
"-79.80","43.30","BURLINGTON PIERS (AUT)","6151061","2024-01-13 09:00","2024","01","13","09:00","","1.4","","-2.7","","74","","","","22","","21","","","","97.80","","","","","","NA"
"-79.80","43.30","BURLINGTON PIERS (AUT)","6151061","2024-01-13 10:00","2024","01","13","10:00","","0.4","","-2.4","","82","","","","21","","26","","","","97.90","","","","","","NA"
"-79.80","43.30","BURLINGTON PIERS (AUT)","6151061","2024-01-13 11:00","2024","01","13","11:00","","-0.3","","-2.4","","86","","","","21","","25","","","","97.91","","","","-6","","NA"
"-79.80","43.30","BURLINGTON PIERS (AUT)","6151061","2024-01-13 12:00","2024","01","13","12:00","","-0.5","","-2.8","","84","","","","21","","28","","","","97.92","","","","-7","","NA"
"-79.80","43.30","BURLINGTON PIERS (AUT)","6151061","2024-01-13 13:00","2024","01","13","13:00","","-0.1","","-3.9","","76","","","","21","","32","","","","97.94","","","","-7","","NA"
"-79.80","43.30","BURLINGTON PIERS (AUT)","6151061","2024-01-13 14:00","2024","01","13","14:00","","-0.1","","-3.8","","76","","","","21","","29","","","","98.00","","","","-6","","NA"
"-79.80","43.30","BURLINGTON PIERS (AUT)","6151061","2024-01-13 15:00","2024","01","13","15:00","","0.1","","-4.2","","72","","","","22","","29","","","","98.16","","","","","","NA"
"-79.80","43.30","BURLINGTON PIERS (AUT)","6151061","2024-01-13 16:00","2024","01","13","16:00","","-0.7","","-5.1","","72","","","","23","","22","","","","98.38","","","","-6","","NA"
"-79.80","43.30","BURLINGTON PIERS (AUT)","6151061","2024-01-13 17:00","2024","01","13","17:00","","-1.7","","-6.3","","71","","","","24","","23","","","","98.56","","","","-8","","NA"
"-79.80","43.30","BURLINGTON PIERS (AUT)","6151061","2024-01-13 18:00","2024","01","13","18:00","","-1.4","","-6.1","","71","","","","23","","20","","","","98.66","","","","-7","","NA"
"-79.80","43.30","BURLINGTON PIERS (AUT)","6151061","2024-01-13 19:00","2024","01","13","19:00","","-1.7","","-7.1","","67","","","","24","","25","","","","98.79","","","","-8","","NA"
"-79.80","43.30","BURLINGTON PIERS (AUT)","6151061","2024-01-13 20:00","2024","01","13","20:00","","-2.1","","-5.5","","77","","","","24","","23","","","","98.93","","","","-8","","NA"
"-79.80","43.30","BURLINGTON PIERS (AUT)","6151061","2024-01-13 21:00","2024","01","13","21:00","","-1.4","","-6.7","","67","","","","24","","24","","","","99.01","","","","-8","","NA"
"-79.80","43.30","BURLINGTON PIERS (AUT)","6151061","2024-01-13 22:00","2024","01","13","22:00","","-1.3","","-6.8","","66","","","","24","","21","","","","99.09","","","","-7","","NA"
"-79.80","43.30","BURLINGTON PIERS (AUT)","6151061","2024-01-13 23:00","2024","01","13","23:00","","-2.2","","-6.2","","74","","","","25","","24","","","","99.20","","","","-9","","NA"
"-79.80","43.30","BURLINGTON PIERS (AUT)","6151061","2024-01-14 00:00","2024","01","14","00:00","","-2.1","","-9.5","","57","","","","25","","30","","","","99.26","","","","-9","","NA"
"-79.80","43.30","BURLINGTON PIERS (AUT)","6151061","2024-01-14 01:00","2024","01","14","01:00","","-2.1","","-7.0","","69","","","","23","","17","","","","99.28","","","","-7","","NA"
"-79.80","43.30","BURLINGTON PIERS (AUT)","6151061","2024-01-14 02:00","2024","01","14","02:00","","-2.5","","-5.5","","80","","","","21","","23","","","","99.34","","","","-9","","NA"
"-79.80","43.30","BURLINGTON PIERS (AUT)","6151061","2024-01-14 03:00","2024","01","14","03:00","","-3.0","","-6.4","","77","","","","21","","20","","","","99.41","","","","-9","","NA"
"-79.80","43.30","BURLINGTON PIERS (AUT)","6151061","2024-01-14 04:00","2024","01","14","04:00","","-4.0","","-7.2","","78","","","","22","","20","","","","99.39","","","","-10","","NA"
"-79.80","43.30","BURLINGTON PIERS (AUT)","6151061","2024-01-14 05:00","2024","01","14","05:00","","-4.4","","-7.3","","80","","","","23","","12","","","","99.33","","","","-9","","NA"
"-79.80","43.30","BURLINGTON PIERS (AUT)","6151061","2024-01-14 06:00","2024","01","14","06:00","","-4.5","","-8.5","","74","","","","24","","17","","","","99.31","","","","-10","","NA"
"-79.80","43.30","BURLINGTON PIERS (AUT)","6151061","2024-01-14 07:00","2024","01","14","07:00","","-5.4","","-7.9","","82","","","","22","","18","","","","99.34","","","","-12","","NA"
"-79.80","43.30","BURLINGTON PIERS (AUT)","6151061","2024-01-14 08:00","2024","01","14","08:00","","-6.2","","-9.5","","77","","","","22","","24","","","","99.42","","","","-14","","NA"
"-79.80","43.30","BURLINGTON PIERS (AUT)","6151061","2024-01-14 09:00","2024","01","14","09:00","","-7.0","","-10.4","","77","","","","23","","22","","","","99.58","","","","-14","","NA"
"-79.80","43.30","BURLINGTON PIERS (AUT)","6151061","2024-01-14 10:00","2024","01","14","10:00","","-7.8","","-11.3","","75","","","","22","","26","","","","99.71","","","","-16","","NA"
"-79.80","43.30","BURLINGTON PIERS (AUT)","6151061","2024-01-14 11:00","2024","01","14","11:00","","-8.2","","-12.7","","70","","","","23","","23","","","","99.87","","","","-16","","NA"
"-79.80","43.30","BURLINGTON PIERS (AUT)","6151061","2024-01-14 12:00","2024","01","14","12:00","","-7.8","","-11.9","","72","","","","23","","23","","","","99.97","","","","-16","","NA"
"-79.80","43.30","BURLINGTON PIERS (AUT)","6151061","2024-01-14 13:00","2024","01","14","13:00","","-6.9","","-10.7","","74","","","","23","","22","","","","100.06","","","","-14","","NA"
"-79.80","43.30","BURLINGTON PIERS (AUT)","6151061","2024-01-14 14:00","2024","01","14","14:00","","-6.8","","-12.0","","67","","","","23","","23","","","","100.17","","","","-14","","NA"
"-79.80","43.30","BURLINGTON PIERS (AUT)","6151061","2024-01-14 15:00","2024","01","14","15:00","","-6.5","","-11.2","","69","","","","23","","20","","","","100.32","","","","-13","","NA"
"-79.80","43.30","BURLINGTON PIERS (AUT)","6151061","2024-01-14 16:00","2024","01","14","16:00","","-6.9","","-11.8","","68","","","","22","","22","","","","100.50","","","","-14","","NA"
"-79.80","43.30","BURLINGTON PIERS (AUT)","6151061","2024-01-14 17:00","2024","01","14","17:00","","-7.5","","-12.1","","70","","","","22","","24","","","","100.63","","","","-15","","NA"
"-79.80","43.30","BURLINGTON PIERS (AUT)","6151061","2024-01-14 18:00","2024","01","14","18:00","","-8.7","","-13.3","","69","","","","21","","26","","","","100.79","","","","-17","","NA"
"-79.80","43.30","BURLINGTON PIERS (AUT)","6151061","2024-01-14 19:00","2024","01","14","19:00","","-9.1","","-13.2","","72","","","","22","","20","","","","100.89","","","","-17","","NA"
"-79.80","43.30","BURLINGTON PIERS (AUT)","6151061","2024-01-14 20:00","2024","01","14","20:00","","-9.8","","-14.2","","70","","","","23","","18","","","","100.95","","","","-17","","NA"
"-79.80","43.30","BURLINGTON PIERS (AUT)","6151061","2024-01-14 21:00","2024","01","14","21:00","","-10.1","","-14.6","","70","","","","23","","17","","","","100.95","","","","-17","","NA"
"-79.80","43.30","BURLINGTON PIERS (AUT)","6151061","2024-01-14 22:00","2024","01","14","22:00","","-10.2","","-15.4","","66","","","","23","","16","","","","100.95","","","","-17","","NA"
"-79.80","43.30","BURLINGTON PIERS (AUT)","6151061","2024-01-14 23:00","2024","01","14","23:00","","-10.5","","-15.4","","68","","","","20","","20","","","","100.97","","","","-18","","NA"
"-79.80","43.30","BURLINGTON PIERS (AUT)","6151061","2024-01-15 00:00","2024","01","15","00:00","","-10.9","","-15.5","","69","","","","21","","19","","","","100.99","","","","-19","","NA"
"-79.80","43.30","BURLINGTON PIERS (AUT)","6151061","2024-01-15 01:00","2024","01","15","01:00","","-11.4","","-15.5","","72","","","","21","","18","","","","101.02","","","","-19","","NA"
"-79.80","43.30","BURLINGTON PIERS (AUT)","6151061","2024-01-15 02:00","2024","01","15","02:00","","-11.8","","-15.7","","73","","","","21","","17","","","","101.05","","","","-19","","NA"
"-79.80","43.30","BURLINGTON PIERS (AUT)","6151061","2024-01-15 03:00","2024","01","15","03:00","","-11.9","","-15.7","","73","","","","21","","17","","","","101.11","","","","-20","","NA"
"-79.80","43.30","BURLINGTON PIERS (AUT)","6151061","2024-01-15 04:00","2024","01","15","04:00","","-11.5","","-15.0","","76","","","","23","","14","","","","101.15","","","","-18","","NA"
"-79.80","43.30","BURLINGTON PIERS (AUT)","6151061","2024-01-15 05:00","2024","01","15","05:00","","-12.5","","-16.2","","74","","","","21","","18","","","","101.15","","","","-21","","NA"
"-79.80","43.30","BURLINGTON PIERS (AUT)","6151061","2024-01-15 06:00","2024","01","15","06:00","","-12.4","","-15.3","","79","","","","21","","16","","","","101.19","","","","-20","","NA"
"-79.80","43.30","BURLINGTON PIERS (AUT)","6151061","2024-01-15 07:00","2024","01","15","07:00","","-12.7","","-15.7","","78","","","","23","","14","","","","101.21","","","","-20","","NA"
"-79.80","43.30","BURLINGTON PIERS (AUT)","6151061","2024-01-15 08:00","2024","01","15","08:00","","-13.4","","-15.6","","83","","","","22","","16","","","","101.23","","","","-21","","NA"
"-79.80","43.30","BURLINGTON PIERS (AUT)","6151061","2024-01-15 09:00","2024","01","15","09:00","","-13.7","","-17.5","","73","","","","25","","16","","","","101.28","","","","-22","","NA"
"-79.80","43.30","BURLINGTON PIERS (AUT)","6151061","2024-01-15 10:00","2024","01","15","10:00","","-13.1","","-17.4","","70","","","","25","","18","","","","101.32","","","","-21","","NA"
"-79.80","43.30","BURLINGTON PIERS (AUT)","6151061","2024-01-15 11:00","2024","01","15","11:00","","-10.9","","-15.1","","71","","","","24","","14","","","","101.35","","","","-18","","NA"
"-79.80","43.30","BURLINGTON PIERS (AUT)","6151061","2024-01-15 12:00","2024","01","15","12:00","","-10.1","","-16.4","","60","","","","25","","19","","","","101.25","","","","-18","","NA"
"-79.80","43.30","BURLINGTON PIERS (AUT)","6151061","2024-01-15 13:00","2024","01","15","13:00","","-9.1","","-16.0","","57","","","","25","","18","","","","101.15","","","","-16","","NA"
"-79.80","43.30","BURLINGTON PIERS (AUT)","6151061","2024-01-15 14:00","2024","01","15","14:00","","-8.2","","-15.1","","58","","","","23","","14","","","","101.11","","","","-14","","NA"
"-79.80","43.30","BURLINGTON PIERS (AUT)","6151061","2024-01-15 15:00","2024","01","15","15:00","","-7.6","","-14.5","","58","","","","24","","14","","","","101.12","","","","-14","","NA"
"-79.80","43.30","BURLINGTON PIERS (AUT)","6151061","2024-01-15 16:00","2024","01","15","16:00","","-8.0","","-15.3","","56","","","","23","","14","","","","101.14","","","","-14","","NA"
"-79.80","43.30","BURLINGTON PIERS (AUT)","6151061","2024-01-15 17:00","2024","01","15","17:00","","-8.2","","-15.3","","56","","","","22","","14","","","","101.14","","","","-14","","NA"
"-79.80","43.30","BURLINGTON PIERS (AUT)","6151061","2024-01-15 18:00","2024","01","15","18:00","","-8.9","","-15.3","","60","","","","26","","11","","","","101.10","","","","-14","","NA"
"-79.80","43.30","BURLINGTON PIERS (AUT)","6151061","2024-01-15 19:00","2024","01","15","19:00","","-9.1","","-14.7","","64","","","","25","","11","","","","101.11","","","","-15","","NA"
"-79.80","43.30","BURLINGTON PIERS (AUT)","6151061","2024-01-15 20:00","2024","01","15","20:00","","-9.4","","-14.9","","64","","","","25","","13","","","","101.08","","","","-15","","NA"
"-79.80","43.30","BURLINGTON PIERS (AUT)","6151061","2024-01-15 21:00","2024","01","15","21:00","","-9.6","","-14.8","","66","","","","24","","12","","","","101.07","","","","-15","","NA"
"-79.80","43.30","BURLINGTON PIERS (AUT)","6151061","2024-01-15 22:00","2024","01","15","22:00","","-9.9","","-15.5","","64","","","","25","","16","","","","101.04","","","","-17","","NA"
"-79.80","43.30","BURLINGTON PIERS (AUT)","6151061","2024-01-15 23:00","2024","01","15","23:00","","-10.2","","-15.5","","65","","","","26","","13","","","","101.01","","","","-16","","NA"
"-79.80","43.30","BURLINGTON PIERS (AUT)","6151061","2024-01-16 00:00","2024","01","16","00:00","","-10.1","","-15.2","","66","","","","25","","15","","","","100.97","","","","-17","","NA"
"-79.80","43.30","BURLINGTON PIERS (AUT)","6151061","2024-01-16 01:00","2024","01","16","01:00","","-9.8","","-14.6","","68","","","","25","","11","","","","100.92","","","","-15","","NA"
"-79.80","43.30","BURLINGTON PIERS (AUT)","6151061","2024-01-16 02:00","2024","01","16","02:00","","-9.4","","-14.5","","67","","","","26","","7","","","","100.78","","","","-13","","NA"
"-79.80","43.30","BURLINGTON PIERS (AUT)","6151061","2024-01-16 03:00","2024","01","16","03:00","","-9.3","","-15.1","","63","","","","25","","8","","","","100.74","","","","-14","","NA"
"-79.80","43.30","BURLINGTON PIERS (AUT)","6151061","2024-01-16 04:00","2024","01","16","04:00","","-9.1","","-14.3","","66","","","","22","","8","","","","100.66","","","","-13","","NA"
"-79.80","43.30","BURLINGTON PIERS (AUT)","6151061","2024-01-16 05:00","2024","01","16","05:00","","-9.2","","-14.5","","65","","","","23","","6","","","","100.64","","","","-13","","NA"
"-79.80","43.30","BURLINGTON PIERS (AUT)","6151061","2024-01-16 06:00","2024","01","16","06:00","","-9.5","","-13.2","","75","","","","25","","11","","","","100.60","","","","-15","","NA"
"-79.80","43.30","BURLINGTON PIERS (AUT)","6151061","2024-01-16 07:00","2024","01","16","07:00","","-9.2","","-11.1","","86","","","","24","","9","","","","100.57","","","","-14","","NA"
"-79.80","43.30","BURLINGTON PIERS (AUT)","6151061","2024-01-16 08:00","2024","01","16","08:00","","-9.2","","-11.2","","85","","","","24","","7","","","","100.50","","","","-13","","NA"
"-79.80","43.30","BURLINGTON PIERS (AUT)","6151061","2024-01-16 09:00","2024","01","16","09:00","","-9.1","","-11.3","","84","","","","26","","10","","","","100.50","","","","-14","","NA"
"-79.80","43.30","BURLINGTON PIERS (AUT)","6151061","2024-01-16 10:00","2024","01","16","10:00","","-8.9","","-11.6","","80","","","","25","","10","","","","100.49","","","","-14","","NA"
"-79.80","43.30","BURLINGTON PIERS (AUT)","6151061","2024-01-16 11:00","2024","01","16","11:00","","-8.3","","-11.5","","78","","","","25","","13","","","","100.49","","","","-14","","NA"
"-79.80","43.30","BURLINGTON PIERS (AUT)","6151061","2024-01-16 12:00","2024","01","16","12:00","","-7.6","","-12.1","","70","","","","26","","13","","","","100.40","","","","-13","","NA"
"-79.80","43.30","BURLINGTON PIERS (AUT)","6151061","2024-01-16 13:00","2024","01","16","13:00","","-7.3","","-11.8","","70","","","","25","","16","","","","100.35","","","","-14","","NA"
"-79.80","43.30","BURLINGTON PIERS (AUT)","6151061","2024-01-16 14:00","2024","01","16","14:00","","-6.7","","-12.5","","64","","","","23","","16","","","","100.33","","","","-13","","NA"
"-79.80","43.30","BURLINGTON PIERS (AUT)","6151061","2024-01-16 15:00","2024","01","16","15:00","","-7.3","","-14.0","","59","","","","25","","15","","","","100.34","","","","-13","","NA"
"-79.80","43.30","BURLINGTON PIERS (AUT)","6151061","2024-01-16 16:00","2024","01","16","16:00","","-7.4","","-13.7","","61","","","","26","","13","","","","100.38","","","","-13","","NA"
"-79.80","43.30","BURLINGTON PIERS (AUT)","6151061","2024-01-16 17:00","2024","01","16","17:00","","-8.1","","-14.2","","61","","","","21","","17","","","","100.41","","","","-15","","NA"
"-79.80","43.30","BURLINGTON PIERS (AUT)","6151061","2024-01-16 18:00","2024","01","16","18:00","","-8.6","","-14.6","","62","","","","24","","15","","","","100.43","","","","-15","","NA"
"-79.80","43.30","BURLINGTON PIERS (AUT)","6151061","2024-01-16 19:00","2024","01","16","19:00","","-9.0","","-14.0","","67","","","","22","","16","","","","100.43","","","","-16","","NA"
"-79.80","43.30","BURLINGTON PIERS (AUT)","6151061","2024-01-16 20:00","2024","01","16","20:00","","-9.7","","-15.1","","64","","","","24","","17","","","","100.43","","","","-17","","NA"
"-79.80","43.30","BURLINGTON PIERS (AUT)","6151061","2024-01-16 21:00","2024","01","16","21:00","","-9.9","","-15.0","","67","","","","24","","16","","","","100.43","","","","-17","","NA"
"-79.80","43.30","BURLINGTON PIERS (AUT)","6151061","2024-01-16 22:00","2024","01","16","22:00","","-10.5","","-15.3","","68","","","","24","","17","","","","100.43","","","","-18","","NA"
"-79.80","43.30","BURLINGTON PIERS (AUT)","6151061","2024-01-16 23:00","2024","01","16","23:00","","-11.5","","-16.2","","68","","","","25","","14","","","","100.43","","","","-18","","NA"
"-79.80","43.30","BURLINGTON PIERS (AUT)","6151061","2024-01-17 00:00","2024","01","17","00:00","","-11.9","","-16.6","","68","","","","24","","17","","","","100.38","","","","-20","","NA"
"-79.80","43.30","BURLINGTON PIERS (AUT)","6151061","2024-01-17 01:00","2024","01","17","01:00","","-12.7","","-17.5","","67","","","","25","","16","","","","100.35","","","","-20","","NA"
"-79.80","43.30","BURLINGTON PIERS (AUT)","6151061","2024-01-17 02:00","2024","01","17","02:00","","-13.1","","-17.5","","70","","","","24","","20","","","","100.38","","","","-22","","NA"
"-79.80","43.30","BURLINGTON PIERS (AUT)","6151061","2024-01-17 03:00","2024","01","17","03:00","","-13.0","","-16.8","","73","","","","23","","16","","","","100.38","","","","-21","","NA"
"-79.80","43.30","BURLINGTON PIERS (AUT)","6151061","2024-01-17 04:00","2024","01","17","04:00","","-13.2","","-17.0","","73","","","","21","","17","","","","100.38","","","","-21","","NA"
"-79.80","43.30","BURLINGTON PIERS (AUT)","6151061","2024-01-17 05:00","2024","01","17","05:00","","-12.5","","-16.3","","73","","","","21","","18","","","","100.35","","","","-21","","NA"
"-79.80","43.30","BURLINGTON PIERS (AUT)","6151061","2024-01-17 06:00","2024","01","17","06:00","","-11.7","","-15.6","","72","","","","21","","20","","","","100.34","","","","-20","","NA"
"-79.80","43.30","BURLINGTON PIERS (AUT)","6151061","2024-01-17 07:00","2024","01","17","07:00","","-11.2","","-16.2","","67","","","","21","","23","","","","100.32","","","","-20","","NA"
"-79.80","43.30","BURLINGTON PIERS (AUT)","6151061","2024-01-17 08:00","2024","01","17","08:00","","-10.9","","-15.9","","66","","","","21","","23","","","","100.32","","","","-20","","NA"
"-79.80","43.30","BURLINGTON PIERS (AUT)","6151061","2024-01-17 09:00","2024","01","17","09:00","","-10.9","","-15.6","","68","","","","21","","23","","","","100.33","","","","-20","","NA"
"-79.80","43.30","BURLINGTON PIERS (AUT)","6151061","2024-01-17 10:00","2024","01","17","10:00","","-10.5","","-16.0","","64","","","","21","","26","","","","100.34","","","","-20","","NA"
"-79.80","43.30","BURLINGTON PIERS (AUT)","6151061","2024-01-17 11:00","2024","01","17","11:00","","-9.0","","-14.6","","64","","","","22","","21","","","","100.33","","","","-17","","NA"
"-79.80","43.30","BURLINGTON PIERS (AUT)","6151061","2024-01-17 12:00","2024","01","17","12:00","","-7.9","","-13.4","","65","","","","23","","24","","","","100.22","","","","-16","","NA"
"-79.80","43.30","BURLINGTON PIERS (AUT)","6151061","2024-01-17 13:00","2024","01","17","13:00","","-7.5","","-12.2","","69","","","","22","","22","","","","100.17","","","","-15","","NA"
"-79.80","43.30","BURLINGTON PIERS (AUT)","6151061","2024-01-17 14:00","2024","01","17","14:00","","-7.9","","-14.6","","59","","","","25","","27","","","","100.17","","","","-16","","NA"
"-79.80","43.30","BURLINGTON PIERS (AUT)","6151061","2024-01-17 15:00","2024","01","17","15:00","","-7.8","","-16.6","","49","","","","24","","23","","","","100.22","","","","-16","","NA"
"-79.80","43.30","BURLINGTON PIERS (AUT)","6151061","2024-01-17 16:00","2024","01","17","16:00","","-7.4","","-15.4","","53","","","","24","","19","","","","100.30","","","","-14","","NA"
"-79.80","43.30","BURLINGTON PIERS (AUT)","6151061","2024-01-17 17:00","2024","01","17","17:00","","-8.0","","-14.5","","60","","","","24","","16","","","","100.32","","","","-15","","NA"
"-79.80","43.30","BURLINGTON PIERS (AUT)","6151061","2024-01-17 18:00","2024","01","17","18:00","","-8.0","","-15.1","","57","","","","24","","20","","","","100.39","","","","-15","","NA"
"-79.80","43.30","BURLINGTON PIERS (AUT)","6151061","2024-01-17 19:00","2024","01","17","19:00","","-7.5","","-13.9","","60","","","","23","","18","","","","100.51","","","","-14","","NA"
"-79.80","43.30","BURLINGTON PIERS (AUT)","6151061","2024-01-17 20:00","2024","01","17","20:00","","-7.2","","-13.7","","60","","","","23","","14","","","","100.52","","","","-13","","NA"
"-79.80","43.30","BURLINGTON PIERS (AUT)","6151061","2024-01-17 21:00","2024","01","17","21:00","","-6.5","","-12.6","","62","","","","23","","17","","","","100.55","","","","-13","","NA"
"-79.80","43.30","BURLINGTON PIERS (AUT)","6151061","2024-01-17 22:00","2024","01","17","22:00","","-6.3","","-13.3","","58","","","","23","","15","","","","100.54","","","","-12","","NA"
"-79.80","43.30","BURLINGTON PIERS (AUT)","6151061","2024-01-17 23:00","2024","01","17","23:00","","-6.5","","-13.4","","58","","","","22","","14","","","","100.57","","","","-12","","NA"
"-79.80","43.30","BURLINGTON PIERS (AUT)","6151061","2024-01-18 00:00","2024","01","18","00:00","","-6.8","","-12.8","","62","","","","24","","14","","","","100.56","","","","-13","","NA"
"-79.80","43.30","BURLINGTON PIERS (AUT)","6151061","2024-01-18 01:00","2024","01","18","01:00","","-7.0","","-13.3","","61","","","","19","","20","","","","100.55","","","","-14","","NA"
"-79.80","43.30","BURLINGTON PIERS (AUT)","6151061","2024-01-18 02:00","2024","01","18","02:00","","-6.8","","-12.1","","66","","","","21","","15","","","","100.60","","","","-13","","NA"
"-79.80","43.30","BURLINGTON PIERS (AUT)","6151061","2024-01-18 03:00","2024","01","18","03:00","","-6.5","","-11.6","","67","","","","21","","14","","","","100.64","","","","-12","","NA"
"-79.80","43.30","BURLINGTON PIERS (AUT)","6151061","2024-01-18 04:00","2024","01","18","04:00","","-6.2","","-11.0","","68","","","","22","","12","","","","100.65","","","","-11","","NA"
"-79.80","43.30","BURLINGTON PIERS (AUT)","6151061","2024-01-18 05:00","2024","01","18","05:00","","-6.0","","-11.2","","67","","","","21","","12","","","","100.67","","","","-11","","NA"
"-79.80","43.30","BURLINGTON PIERS (AUT)","6151061","2024-01-18 06:00","2024","01","18","06:00","","-5.8","","-11.2","","66","","","","21","","15","","","","100.72","","","","-12","","NA"
"-79.80","43.30","BURLINGTON PIERS (AUT)","6151061","2024-01-18 07:00","2024","01","18","07:00","","-5.4","","-10.3","","68","","","","21","","15","","","","100.71","","","","-11","","NA"
"-79.80","43.30","BURLINGTON PIERS (AUT)","6151061","2024-01-18 08:00","2024","01","18","08:00","","-6.1","","-9.1","","79","","","","20","","15","","","","100.69","","","","-12","","NA"
"-79.80","43.30","BURLINGTON PIERS (AUT)","6151061","2024-01-18 09:00","2024","01","18","09:00","","-5.7","","-8.0","","84","","","","20","","13","","","","100.72","","","","-11","","NA"
"-79.80","43.30","BURLINGTON PIERS (AUT)","6151061","2024-01-18 10:00","2024","01","18","10:00","","-5.2","","-8.0","","81","","","","21","","14","","","","100.74","","","","-11","","NA"
"-79.80","43.30","BURLINGTON PIERS (AUT)","6151061","2024-01-18 11:00","2024","01","18","11:00","","-4.5","","-7.8","","78","","","","22","","10","","","","100.76","","","","-9","","NA"
"-79.80","43.30","BURLINGTON PIERS (AUT)","6151061","2024-01-18 12:00","2024","01","18","12:00","","-3.7","","-7.4","","75","","","","23","","12","","","","100.69","","","","-8","","NA"
"-79.80","43.30","BURLINGTON PIERS (AUT)","6151061","2024-01-18 13:00","2024","01","18","13:00","","-3.6","","-8.0","","71","","","","25","","15","","","","100.61","","","","-9","","NA"
"-79.80","43.30","BURLINGTON PIERS (AUT)","6151061","2024-01-18 14:00","2024","01","18","14:00","","-3.1","","-8.9","","64","","","","26","","14","","","","100.56","","","","-8","","NA"
"-79.80","43.30","BURLINGTON PIERS (AUT)","6151061","2024-01-18 15:00","2024","01","18","15:00","","-3.0","","-7.2","","73","","","","27","","10","","","","100.59","","","","-7","","NA"
"-79.80","43.30","BURLINGTON PIERS (AUT)","6151061","2024-01-18 16:00","2024","01","18","16:00","","-2.6","","-7.4","","69","","","","23","","9","","","","100.61","","","","-6","","NA"
"-79.80","43.30","BURLINGTON PIERS (AUT)","6151061","2024-01-18 17:00","2024","01","18","17:00","","-2.5","","-8.1","","66","","","","24","","8","","","","100.65","","","","-6","","NA"
"-79.80","43.30","BURLINGTON PIERS (AUT)","6151061","2024-01-18 18:00","2024","01","18","18:00","","-2.8","","-7.7","","69","","","","25","","9","","","","100.71","","","","-6","","NA"
"-79.80","43.30","BURLINGTON PIERS (AUT)","6151061","2024-01-18 19:00","2024","01","18","19:00","","-3.1","","-7.6","","71","","","","26","","5","","","","100.71","","","","-5","","NA"
"-79.80","43.30","BURLINGTON PIERS (AUT)","6151061","2024-01-18 20:00","2024","01","18","20:00","","-3.4","","-7.8","","72","","","","28","","6","","","","100.72","","","","-6","","NA"
"-79.80","43.30","BURLINGTON PIERS (AUT)","6151061","2024-01-18 21:00","2024","01","18","21:00","","-3.8","","-8.6","","69","","","","31","","13","","","","100.70","","","","-9","","NA"
"-79.80","43.30","BURLINGTON PIERS (AUT)","6151061","2024-01-18 22:00","2024","01","18","22:00","","-4.2","","-9.2","","68","","","","29","","8","","","","100.67","","","","-8","","NA"
"-79.80","43.30","BURLINGTON PIERS (AUT)","6151061","2024-01-18 23:00","2024","01","18","23:00","","-4.4","","-9.2","","69","","","","30","","11","","","","100.66","","","","-9","","NA"
"-79.80","43.30","BURLINGTON PIERS (AUT)","6151061","2024-01-19 00:00","2024","01","19","00:00","","-4.6","","-9.6","","68","","","","28","","7","","","","100.62","","","","-8","","NA"
"-79.80","43.30","BURLINGTON PIERS (AUT)","6151061","2024-01-19 01:00","2024","01","19","01:00","","-4.4","","-9.6","","67","","","","31","","9","","","","100.60","","","","-8","","NA"
"-79.80","43.30","BURLINGTON PIERS (AUT)","6151061","2024-01-19 02:00","2024","01","19","02:00","","-5.1","","-9.7","","70","","","","33","","9","","","","100.60","","","","-9","","NA"
"-79.80","43.30","BURLINGTON PIERS (AUT)","6151061","2024-01-19 03:00","2024","01","19","03:00","","-5.6","","-9.3","","75","","","","33","","16","","","","100.58","","","","-12","","NA"
"-79.80","43.30","BURLINGTON PIERS (AUT)","6151061","2024-01-19 04:00","2024","01","19","04:00","","-5.8","","-9.4","","76","","","","34","","21","","","","100.53","","","","-13","","NA"
"-79.80","43.30","BURLINGTON PIERS (AUT)","6151061","2024-01-19 05:00","2024","01","19","05:00","","-6.0","","-10.4","","71","","","","35","","26","","","","100.53","","","","-14","","NA"
"-79.80","43.30","BURLINGTON PIERS (AUT)","6151061","2024-01-19 06:00","2024","01","19","06:00","","-6.4","","-10.2","","74","","","","35","","27","","","","100.52","","","","-14","","NA"
"-79.80","43.30","BURLINGTON PIERS (AUT)","6151061","2024-01-19 07:00","2024","01","19","07:00","","-6.7","","-10.5","","74","","","","35","","24","","","","100.53","","","","-14","","NA"
"-79.80","43.30","BURLINGTON PIERS (AUT)","6151061","2024-01-19 08:00","2024","01","19","08:00","","-7.1","","-11.5","","71","","","","35","","29","","","","100.52","","","","-16","","NA"
"-79.80","43.30","BURLINGTON PIERS (AUT)","6151061","2024-01-19 09:00","2024","01","19","09:00","","-7.2","","-12.0","","69","","","","35","","27","","","","100.55","","","","-15","","NA"
"-79.80","43.30","BURLINGTON PIERS (AUT)","6151061","2024-01-19 10:00","2024","01","19","10:00","","-7.8","","-12.9","","67","","","","35","","30","","","","100.60","","","","-17","","NA"
"-79.80","43.30","BURLINGTON PIERS (AUT)","6151061","2024-01-19 11:00","2024","01","19","11:00","","-8.5","","-13.5","","67","","","","35","","29","","","","100.67","","","","-17","","NA"
"-79.80","43.30","BURLINGTON PIERS (AUT)","6151061","2024-01-19 12:00","2024","01","19","12:00","","-8.6","","-12.6","","73","","","","34","","25","","","","100.67","","","","-17","","NA"
"-79.80","43.30","BURLINGTON PIERS (AUT)","6151061","2024-01-19 13:00","2024","01","19","13:00","","-9.0","","-13.7","","69","","","","34","","25","","","","100.67","","","","-17","","NA"
"-79.80","43.30","BURLINGTON PIERS (AUT)","6151061","2024-01-19 14:00","2024","01","19","14:00","","-8.9","","-14.1","","66","","","","35","","19","","","","100.67","","","","-16","","NA"
"-79.80","43.30","BURLINGTON PIERS (AUT)","6151061","2024-01-19 15:00","2024","01","19","15:00","","-8.7","","-15.6","","58","","","","34","","16","","","","100.69","","","","-15","","NA"
"-79.80","43.30","BURLINGTON PIERS (AUT)","6151061","2024-01-19 16:00","2024","01","19","16:00","","-8.4","","-16.2","","53","","","","33","","16","","","","100.75","","","","-15","","NA"
"-79.80","43.30","BURLINGTON PIERS (AUT)","6151061","2024-01-19 17:00","2024","01","19","17:00","","-8.1","","-15.7","","55","","","","32","","12","","","","100.80","","","","-14","","NA"
"-79.80","43.30","BURLINGTON PIERS (AUT)","6151061","2024-01-19 18:00","2024","01","19","18:00","","-8.5","","-15.9","","55","","","","35","","13","","","","100.88","","","","-14","","NA"
"-79.80","43.30","BURLINGTON PIERS (AUT)","6151061","2024-01-19 19:00","2024","01","19","19:00","","-8.7","","-14.2","","64","","","","34","","15","","","","100.93","","","","-15","","NA"
"-79.80","43.30","BURLINGTON PIERS (AUT)","6151061","2024-01-19 20:00","2024","01","19","20:00","","-9.6","","-16.4","","58","","","","31","","23","","","","100.93","","","","-18","","NA"
"-79.80","43.30","BURLINGTON PIERS (AUT)","6151061","2024-01-19 21:00","2024","01","19","21:00","","-9.9","","-16.2","","60","","","","30","","16","","","","100.98","","","","-17","","NA"
"-79.80","43.30","BURLINGTON PIERS (AUT)","6151061","2024-01-19 22:00","2024","01","19","22:00","","-10.6","","-16.5","","62","","","","30","","14","","","","100.99","","","","-17","","NA"
"-79.80","43.30","BURLINGTON PIERS (AUT)","6151061","2024-01-19 23:00","2024","01","19","23:00","","-11.0","","-16.3","","65","","","","29","","14","","","","101.00","","","","-18","","NA"
"-79.80","43.30","BURLINGTON PIERS (AUT)","6151061","2024-01-20 00:00","2024","01","20","00:00","","-11.8","","-16.6","","67","","","","30","","15","","","","101.05","","","","-19","","NA"
"-79.80","43.30","BURLINGTON PIERS (AUT)","6151061","2024-01-20 01:00","2024","01","20","01:00","","-11.9","","-16.0","","72","","","","29","","13","","","","101.06","","","","-19","","NA"
"-79.80","43.30","BURLINGTON PIERS (AUT)","6151061","2024-01-20 02:00","2024","01","20","02:00","","-12.2","","-16.8","","69","","","","31","","13","","","","101.10","","","","-19","","NA"
"-79.80","43.30","BURLINGTON PIERS (AUT)","6151061","2024-01-20 03:00","2024","01","20","03:00","","-12.6","","-17.7","","66","","","","30","","10","","","","101.14","","","","-18","","NA"
"-79.80","43.30","BURLINGTON PIERS (AUT)","6151061","2024-01-20 04:00","2024","01","20","04:00","","-12.5","","-17.3","","67","","","","31","","7","","","","101.12","","","","-17","","NA"
"-79.80","43.30","BURLINGTON PIERS (AUT)","6151061","2024-01-20 05:00","2024","01","20","05:00","","-12.4","","-17.1","","68","","","","30","","10","","","","101.14","","","","-18","","NA"
"-79.80","43.30","BURLINGTON PIERS (AUT)","6151061","2024-01-20 06:00","2024","01","20","06:00","","-12.3","","-16.8","","69","","","","28","","7","","","","101.16","","","","-17","","NA"
"-79.80","43.30","BURLINGTON PIERS (AUT)","6151061","2024-01-20 07:00","2024","01","20","07:00","","-13.2","","-15.3","","84","","","","25","","11","","","","101.19","","","","-19","","NA"
"-79.80","43.30","BURLINGTON PIERS (AUT)","6151061","2024-01-20 08:00","2024","01","20","08:00","","-12.7","","-15.7","","78","","","","28","","10","","","","101.22","","","","-18","","NA"
"-79.80","43.30","BURLINGTON PIERS (AUT)","6151061","2024-01-20 09:00","2024","01","20","09:00","","-11.9","","-15.6","","74","","","","29","","13","","","","101.26","","","","-19","","NA"
"-79.80","43.30","BURLINGTON PIERS (AUT)","6151061","2024-01-20 10:00","2024","01","20","10:00","","-10.6","","-15.1","","69","","","","28","","10","","","","101.25","","","","-16","","NA"
"-79.80","43.30","BURLINGTON PIERS (AUT)","6151061","2024-01-20 11:00","2024","01","20","11:00","","-9.4","","-14.3","","67","","","","27","","13","","","","101.26","","","","-15","","NA"
"-79.80","43.30","BURLINGTON PIERS (AUT)","6151061","2024-01-20 12:00","2024","01","20","12:00","","-8.3","","-15.5","","56","","","","28","","20","","","","101.21","","","","-16","","NA"
"-79.80","43.30","BURLINGTON PIERS (AUT)","6151061","2024-01-20 13:00","2024","01","20","13:00","","-7.4","","-15.8","","51","","","","30","","22","","","","101.19","","","","-15","","NA"
"-79.80","43.30","BURLINGTON PIERS (AUT)","6151061","2024-01-20 14:00","2024","01","20","14:00","","-7.5","","-15.0","","55","","","","28","","20","","","","101.19","","","","-15","","NA"
"-79.80","43.30","BURLINGTON PIERS (AUT)","6151061","2024-01-20 15:00","2024","01","20","15:00","","-7.6","","-13.9","","61","","","","28","","21","","","","101.24","","","","-15","","NA"
"-79.80","43.30","BURLINGTON PIERS (AUT)","6151061","2024-01-20 16:00","2024","01","20","16:00","","-7.3","","-13.5","","61","","","","28","","19","","","","101.32","","","","-14","","NA"
"-79.80","43.30","BURLINGTON PIERS (AUT)","6151061","2024-01-20 17:00","2024","01","20","17:00","","-7.2","","-13.8","","59","","","","28","","20","","","","101.40","","","","-14","","NA"
"-79.80","43.30","BURLINGTON PIERS (AUT)","6151061","2024-01-20 18:00","2024","01","20","18:00","","-7.4","","-12.8","","66","","","","28","","18","","","","101.51","","","","-14","","NA"
"-79.80","43.30","BURLINGTON PIERS (AUT)","6151061","2024-01-20 19:00","2024","01","20","19:00","","-7.4","","-12.4","","67","","","","30","","17","","","","101.57","","","","-14","","NA"
"-79.80","43.30","BURLINGTON PIERS (AUT)","6151061","2024-01-20 20:00","2024","01","20","20:00","","-6.9","","-12.1","","67","","","","30","","23","","","","101.60","","","","-14","","NA"
"-79.80","43.30","BURLINGTON PIERS (AUT)","6151061","2024-01-20 21:00","2024","01","20","21:00","","-6.5","","-12.1","","65","","","","29","","19","","","","101.66","","","","-13","","NA"
"-79.80","43.30","BURLINGTON PIERS (AUT)","6151061","2024-01-20 22:00","2024","01","20","22:00","","-6.8","","-12.1","","66","","","","31","","25","","","","101.73","","","","-15","","NA"
"-79.80","43.30","BURLINGTON PIERS (AUT)","6151061","2024-01-20 23:00","2024","01","20","23:00","","-7.3","","-12.6","","66","","","","31","","23","","","","101.80","","","","-15","","NA"
"-79.80","43.30","BURLINGTON PIERS (AUT)","6151061","2024-01-21 00:00","2024","01","21","00:00","","-6.9","","-12.3","","66","","","","30","","18","","","","101.81","","","","-14","","NA"
"-79.80","43.30","BURLINGTON PIERS (AUT)","6151061","2024-01-21 01:00","2024","01","21","01:00","","-6.7","","-12.4","","64","","","","28","","11","","","","101.84","","","","-12","","NA"
"-79.80","43.30","BURLINGTON PIERS (AUT)","6151061","2024-01-21 02:00","2024","01","21","02:00","","-6.7","","-12.7","","63","","","","30","","17","","","","101.90","","","","-13","","NA"
"-79.80","43.30","BURLINGTON PIERS (AUT)","6151061","2024-01-21 03:00","2024","01","21","03:00","","-6.9","","-12.8","","63","","","","27","","14","","","","101.97","","","","-13","","NA"
"-79.80","43.30","BURLINGTON PIERS (AUT)","6151061","2024-01-21 04:00","2024","01","21","04:00","","-7.0","","-12.8","","63","","","","28","","15","","","","102.01","","","","-13","","NA"
"-79.80","43.30","BURLINGTON PIERS (AUT)","6151061","2024-01-21 05:00","2024","01","21","05:00","","-7.3","","-12.7","","66","","","","27","","11","","","","102.11","","","","-12","","NA"
"-79.80","43.30","BURLINGTON PIERS (AUT)","6151061","2024-01-21 06:00","2024","01","21","06:00","","-7.5","","-12.3","","69","","","","26","","9","","","","102.17","","","","-12","","NA"
"-79.80","43.30","BURLINGTON PIERS (AUT)","6151061","2024-01-21 07:00","2024","01","21","07:00","","-8.8","","-12.9","","72","","","","25","","13","","","","102.27","","","","-15","","NA"
"-79.80","43.30","BURLINGTON PIERS (AUT)","6151061","2024-01-21 08:00","2024","01","21","08:00","","-8.7","","-12.5","","74","","","","24","","7","","","","102.37","","","","-13","","NA"
"-79.80","43.30","BURLINGTON PIERS (AUT)","6151061","2024-01-21 09:00","2024","01","21","09:00","","-8.3","","-13.1","","69","","","","24","","11","","","","102.42","","","","-14","","NA"
"-79.80","43.30","BURLINGTON PIERS (AUT)","6151061","2024-01-21 10:00","2024","01","21","10:00","","-7.6","","-12.1","","70","","","","24","","13","","","","102.48","","","","-13","","NA"
"-79.80","43.30","BURLINGTON PIERS (AUT)","6151061","2024-01-21 11:00","2024","01","21","11:00","","-5.9","","-11.5","","65","","","","23","","9","","","","102.49","","","","-10","","NA"
"-79.80","43.30","BURLINGTON PIERS (AUT)","6151061","2024-01-21 12:00","2024","01","21","12:00","","-4.9","","-11.0","","62","","","","24","","10","","","","102.44","","","","-9","","NA"
"-79.80","43.30","BURLINGTON PIERS (AUT)","6151061","2024-01-21 13:00","2024","01","21","13:00","","-3.4","","-8.6","","67","","","","23","","9","","","","102.37","","","","-7","","NA"
"-79.80","43.30","BURLINGTON PIERS (AUT)","6151061","2024-01-21 14:00","2024","01","21","14:00","","-2.5","","-7.3","","70","","","","23","","10","","","","102.33","","","","-6","","NA"
"-79.80","43.30","BURLINGTON PIERS (AUT)","6151061","2024-01-21 15:00","2024","01","21","15:00","","-2.1","","-8.5","","62","","","","24","","14","","","","102.35","","","","-7","","NA"
"-79.80","43.30","BURLINGTON PIERS (AUT)","6151061","2024-01-21 16:00","2024","01","21","16:00","","-2.3","","-9.0","","60","","","","25","","14","","","","102.36","","","","-7","","NA"
"-79.80","43.30","BURLINGTON PIERS (AUT)","6151061","2024-01-21 17:00","2024","01","21","17:00","","-2.7","","-9.4","","60","","","","25","","11","","","","102.35","","","","-7","","NA"
"-79.80","43.30","BURLINGTON PIERS (AUT)","6151061","2024-01-21 18:00","2024","01","21","18:00","","-3.4","","-9.6","","62","","","","23","","13","","","","102.38","","","","-8","","NA"
"-79.80","43.30","BURLINGTON PIERS (AUT)","6151061","2024-01-21 19:00","2024","01","21","19:00","","-4.0","","-9.7","","65","","","","23","","11","","","","102.39","","","","-8","","NA"
"-79.80","43.30","BURLINGTON PIERS (AUT)","6151061","2024-01-21 20:00","2024","01","21","20:00","","-4.6","","-9.6","","68","","","","24","","13","","","","102.36","","","","-10","","NA"
"-79.80","43.30","BURLINGTON PIERS (AUT)","6151061","2024-01-21 21:00","2024","01","21","21:00","","-4.4","","-9.1","","70","","","","24","","14","","","","102.35","","","","-10","","NA"
"-79.80","43.30","BURLINGTON PIERS (AUT)","6151061","2024-01-21 22:00","2024","01","21","22:00","","-4.5","","-8.8","","72","","","","24","","12","","","","102.32","","","","-9","","NA"
"-79.80","43.30","BURLINGTON PIERS (AUT)","6151061","2024-01-21 23:00","2024","01","21","23:00","","-4.2","","-9.3","","67","","","","22","","15","","","","102.27","","","","-10","","NA"
"-79.80","43.30","BURLINGTON PIERS (AUT)","6151061","2024-01-22 00:00","2024","01","22","00:00","","-4.5","","-9.8","","67","","","","23","","13","","","","102.26","","","","-10","","NA"
"-79.80","43.30","BURLINGTON PIERS (AUT)","6151061","2024-01-22 01:00","2024","01","22","01:00","","-4.9","","-9.7","","69","","","","23","","14","","","","102.23","","","","-10","","NA"
"-79.80","43.30","BURLINGTON PIERS (AUT)","6151061","2024-01-22 02:00","2024","01","22","02:00","","-4.5","","-8.3","","74","","","","23","","12","","","","102.24","","","","-9","","NA"
"-79.80","43.30","BURLINGTON PIERS (AUT)","6151061","2024-01-22 03:00","2024","01","22","03:00","","-4.1","","-7.8","","76","","","","23","","8","","","","102.23","","","","-8","","NA"
"-79.80","43.30","BURLINGTON PIERS (AUT)","6151061","2024-01-22 04:00","2024","01","22","04:00","","-3.9","","-7.6","","75","","","","22","","10","","","","102.19","","","","-8","","NA"
"-79.80","43.30","BURLINGTON PIERS (AUT)","6151061","2024-01-22 05:00","2024","01","22","05:00","","-4.1","","-7.8","","75","","","","24","","6","","","","102.15","","","","-7","","NA"
"-79.80","43.30","BURLINGTON PIERS (AUT)","6151061","2024-01-22 06:00","2024","01","22","06:00","","-3.6","","-6.9","","78","","","","22","","5","","","","102.10","","","","-6","","NA"
"-79.80","43.30","BURLINGTON PIERS (AUT)","6151061","2024-01-22 07:00","2024","01","22","07:00","","-3.0","","-6.9","","75","","","","20","","14","","","","102.01","","","","-8","","NA"
"-79.80","43.30","BURLINGTON PIERS (AUT)","6151061","2024-01-22 08:00","2024","01","22","08:00","","-3.1","","-7.1","","74","","","","19","","18","","","","101.95","","","","-9","","NA"
"-79.80","43.30","BURLINGTON PIERS (AUT)","6151061","2024-01-22 09:00","2024","01","22","09:00","","-3.1","","-7.2","","73","","","","20","","19","","","","101.93","","","","-9","","NA"
"-79.80","43.30","BURLINGTON PIERS (AUT)","6151061","2024-01-22 10:00","2024","01","22","10:00","","-2.7","","-6.7","","74","","","","19","","20","","","","101.88","","","","-9","","NA"
"-79.80","43.30","BURLINGTON PIERS (AUT)","6151061","2024-01-22 11:00","2024","01","22","11:00","","-2.5","","-6.8","","72","","","","20","","21","","","","101.85","","","","-9","","NA"
"-79.80","43.30","BURLINGTON PIERS (AUT)","6151061","2024-01-22 12:00","2024","01","22","12:00","","-1.9","","-6.7","","70","","","","20","","23","","","","101.77","","","","-8","","NA"
"-79.80","43.30","BURLINGTON PIERS (AUT)","6151061","2024-01-22 13:00","2024","01","22","13:00","","-1.5","","-6.4","","69","","","","20","","19","","","","101.69","","","","-7","","NA"
"-79.80","43.30","BURLINGTON PIERS (AUT)","6151061","2024-01-22 14:00","2024","01","22","14:00","","-1.6","","-5.1","","77","","","","19","","19","","","","101.55","","","","-7","","NA"
"-79.80","43.30","BURLINGTON PIERS (AUT)","6151061","2024-01-22 15:00","2024","01","22","15:00","","-1.3","","-4.6","","78","","","","18","","20","","","","101.51","","","","-7","","NA"
"-79.80","43.30","BURLINGTON PIERS (AUT)","6151061","2024-01-22 16:00","2024","01","22","16:00","","-0.8","","-5.6","","70","","","","20","","22","","","","101.49","","","","-7","","NA"
"-79.80","43.30","BURLINGTON PIERS (AUT)","6151061","2024-01-22 17:00","2024","01","22","17:00","","-0.2","","-4.8","","71","","","","22","","16","","","","101.56","","","","-5","","NA"
"-79.80","43.30","BURLINGTON PIERS (AUT)","6151061","2024-01-22 18:00","2024","01","22","18:00","","-1.0","","-3.1","","85","","","","21","","14","","","","101.61","","","","-5","","NA"
"-79.80","43.30","BURLINGTON PIERS (AUT)","6151061","2024-01-22 19:00","2024","01","22","19:00","","-0.7","","-2.7","","87","","","","21","","15","","","","101.63","","","","-5","","NA"
"-79.80","43.30","BURLINGTON PIERS (AUT)","6151061","2024-01-22 20:00","2024","01","22","20:00","","-0.3","","-2.6","","85","","","","22","","10","","","","101.72","","","","-4","","NA"
"-79.80","43.30","BURLINGTON PIERS (AUT)","6151061","2024-01-22 21:00","2024","01","22","21:00","","0.0","","-2.7","","82","","","","23","","9","","","","101.78","","","","-3","","NA"
"-79.80","43.30","BURLINGTON PIERS (AUT)","6151061","2024-01-22 22:00","2024","01","22","22:00","","0.2","","-2.6","","81","","","","23","","7","","","","101.84","","","","","","NA"
"-79.80","43.30","BURLINGTON PIERS (AUT)","6151061","2024-01-22 23:00","2024","01","22","23:00","","0.4","","-2.3","","82","","","","23","","6","","","","101.92","","","","","","NA"
"-79.80","43.30","BURLINGTON PIERS (AUT)","6151061","2024-01-23 00:00","2024","01","23","00:00","","0.4","","-2.2","","83","","","","25","","4","","","","101.92","","","","","","NA"
"-79.80","43.30","BURLINGTON PIERS (AUT)","6151061","2024-01-23 01:00","2024","01","23","01:00","","0.7","","-1.9","","83","","","","21","","8","","","","101.96","","","","","","NA"
"-79.80","43.30","BURLINGTON PIERS (AUT)","6151061","2024-01-23 02:00","2024","01","23","02:00","","0.7","","-1.7","","84","","","","24","","6","","","","101.98","","","","","","NA"
"-79.80","43.30","BURLINGTON PIERS (AUT)","6151061","2024-01-23 03:00","2024","01","23","03:00","","0.6","","-1.4","","86","","","","25","","3","","","","102.01","","","","","","NA"
"-79.80","43.30","BURLINGTON PIERS (AUT)","6151061","2024-01-23 04:00","2024","01","23","04:00","","0.8","","-1.4","","86","","","","21","","4","","","","101.99","","","","","","NA"
"-79.80","43.30","BURLINGTON PIERS (AUT)","6151061","2024-01-23 05:00","2024","01","23","05:00","","0.4","","-1.4","","88","","","","","","0","","","","101.98","","","","","","NA"
"-79.80","43.30","BURLINGTON PIERS (AUT)","6151061","2024-01-23 06:00","2024","01","23","06:00","","0.5","","-1.4","","87","","","","21","","3","","","","102.00","","","","","","NA"
"-79.80","43.30","BURLINGTON PIERS (AUT)","6151061","2024-01-23 07:00","2024","01","23","07:00","","0.7","","-1.0","","89","","","","22","","3","","","","102.08","","","","","","NA"
"-79.80","43.30","BURLINGTON PIERS (AUT)","6151061","2024-01-23 08:00","2024","01","23","08:00","","0.2","","-0.9","","92","","","","21","","3","","","","102.09","","","","","","NA"
"-79.80","43.30","BURLINGTON PIERS (AUT)","6151061","2024-01-23 09:00","2024","01","23","09:00","","0.1","","-0.5","","95","","","","","","0","","","","102.11","","","","","","NA"
"-79.80","43.30","BURLINGTON PIERS (AUT)","6151061","2024-01-23 10:00","2024","01","23","10:00","","0.2","","-0.4","","96","","","","","","0","","","","102.17","","","","","","NA"
"-79.80","43.30","BURLINGTON PIERS (AUT)","6151061","2024-01-23 11:00","2024","01","23","11:00","","0.1","","-0.4","","96","","","","","","0","","","","102.20","","","","","","NA"
"-79.80","43.30","BURLINGTON PIERS (AUT)","6151061","2024-01-23 12:00","2024","01","23","12:00","","0.2","","-0.2","","97","","","","11","","6","","","","102.16","","","","","","NA"
"-79.80","43.30","BURLINGTON PIERS (AUT)","6151061","2024-01-23 13:00","2024","01","23","13:00","","0.4","","0.0","","97","","","","9","","10","","","","102.07","","","","","","NA"
"-79.80","43.30","BURLINGTON PIERS (AUT)","6151061","2024-01-23 14:00","2024","01","23","14:00","","0.6","","0.0","","96","","","","9","","13","","","","102.03","","","","","","NA"
"-79.80","43.30","BURLINGTON PIERS (AUT)","6151061","2024-01-23 15:00","2024","01","23","15:00","","0.7","","0.2","","96","","","","9","","16","","","","102.00","","","","","","NA"
"-79.80","43.30","BURLINGTON PIERS (AUT)","6151061","2024-01-23 16:00","2024","01","23","16:00","","1.0","","0.5","","97","","","","8","","18","","","","101.97","","","","","","NA"
"-79.80","43.30","BURLINGTON PIERS (AUT)","6151061","2024-01-23 17:00","2024","01","23","17:00","","1.1","","0.5","","96","","","","9","","18","","","","101.96","","","","","","NA"
"-79.80","43.30","BURLINGTON PIERS (AUT)","6151061","2024-01-23 18:00","2024","01","23","18:00","","1.3","","0.7","","96","","","","8","","18","","","","101.97","","","","","","NA"
"-79.80","43.30","BURLINGTON PIERS (AUT)","6151061","2024-01-23 19:00","2024","01","23","19:00","","1.6","","1.0","","96","","","","8","","17","","","","101.94","","","","","","NA"
"-79.80","43.30","BURLINGTON PIERS (AUT)","6151061","2024-01-23 20:00","2024","01","23","20:00","","1.7","","1.1","","95","","","","8","","18","","","","101.90","","","","","","NA"
"-79.80","43.30","BURLINGTON PIERS (AUT)","6151061","2024-01-23 21:00","2024","01","23","21:00","","1.9","","1.3","","96","","","","7","","17","","","","101.90","","","","","","NA"
"-79.80","43.30","BURLINGTON PIERS (AUT)","6151061","2024-01-23 22:00","2024","01","23","22:00","","1.7","","1.2","","97","","","","8","","20","","","","101.78","","","","","","NA"
"-79.80","43.30","BURLINGTON PIERS (AUT)","6151061","2024-01-23 23:00","2024","01","23","23:00","","1.7","","1.3","","97","","","","8","","14","","","","101.74","","","","","","NA"
"-79.80","43.30","BURLINGTON PIERS (AUT)","6151061","2024-01-24 00:00","2024","01","24","00:00","","1.2","","0.9","","98","","","","14","","7","","","","101.74","","","","","","NA"
"-79.80","43.30","BURLINGTON PIERS (AUT)","6151061","2024-01-24 01:00","2024","01","24","01:00","","1.6","","1.4","","98","","","","1","","4","","","","101.73","","","","","","NA"
"-79.80","43.30","BURLINGTON PIERS (AUT)","6151061","2024-01-24 02:00","2024","01","24","02:00","","1.6","","1.4","","98","","","","35","","5","","","","101.70","","","","","","NA"
"-79.80","43.30","BURLINGTON PIERS (AUT)","6151061","2024-01-24 03:00","2024","01","24","03:00","","1.4","","1.2","","98","","","","17","","3","","","","101.72","","","","","","NA"
"-79.80","43.30","BURLINGTON PIERS (AUT)","6151061","2024-01-24 04:00","2024","01","24","04:00","","1.4","","1.2","","99","","","","","","0","","","","101.69","","","","","","NA"
"-79.80","43.30","BURLINGTON PIERS (AUT)","6151061","2024-01-24 05:00","2024","01","24","05:00","","1.4","","1.3","","99","","","","","","0","","","","101.69","","","","","","NA"
"-79.80","43.30","BURLINGTON PIERS (AUT)","6151061","2024-01-24 06:00","2024","01","24","06:00","","1.5","","1.4","","99","","","","33","","5","","","","101.68","","","","","","NA"
"-79.80","43.30","BURLINGTON PIERS (AUT)","6151061","2024-01-24 07:00","2024","01","24","07:00","","1.6","","1.4","","99","","","","","","0","","","","101.73","","","","","","NA"
"-79.80","43.30","BURLINGTON PIERS (AUT)","6151061","2024-01-24 08:00","2024","01","24","08:00","","1.6","","1.4","","99","","","","33","","4","","","","101.70","","","","","","NA"
"-79.80","43.30","BURLINGTON PIERS (AUT)","6151061","2024-01-24 09:00","2024","01","24","09:00","","1.6","","1.5","","99","","","","","","0","","","","101.67","","","","","","NA"
"-79.80","43.30","BURLINGTON PIERS (AUT)","6151061","2024-01-24 10:00","2024","01","24","10:00","","1.7","","1.6","","99","","","","1","","4","","","","101.64","","","","","","NA"
"-79.80","43.30","BURLINGTON PIERS (AUT)","6151061","2024-01-24 11:00","2024","01","24","11:00","","2.1","","1.9","","99","","","","1","","4","","","","101.62","","","","","","NA"
"-79.80","43.30","BURLINGTON PIERS (AUT)","6151061","2024-01-24 12:00","2024","01","24","12:00","","2.3","","2.2","","99","","","","4","","6","","","","101.54","","","","","","NA"
"-79.80","43.30","BURLINGTON PIERS (AUT)","6151061","2024-01-24 13:00","2024","01","24","13:00","","2.0","","1.8","","99","","","","10","","3","","","","101.43","","","","","","NA"
"-79.80","43.30","BURLINGTON PIERS (AUT)","6151061","2024-01-24 14:00","2024","01","24","14:00","","1.9","","1.8","","99","","","","","","0","","","","101.34","","","","","","NA"
"-79.80","43.30","BURLINGTON PIERS (AUT)","6151061","2024-01-24 15:00","2024","01","24","15:00","","2.5","","2.3","","99","","","","2","","10","","","","101.25","","","","","","NA"
"-79.80","43.30","BURLINGTON PIERS (AUT)","6151061","2024-01-24 16:00","2024","01","24","16:00","","2.7","","2.6","","99","","","","2","","11","","","","101.20","","","","","","NA"
"-79.80","43.30","BURLINGTON PIERS (AUT)","6151061","2024-01-24 17:00","2024","01","24","17:00","","2.4","","2.3","","99","","","","2","","20","","","","101.14","","","","","","NA"
"-79.80","43.30","BURLINGTON PIERS (AUT)","6151061","2024-01-24 18:00","2024","01","24","18:00","","2.2","","2.1","","99","","","","1","","18","","","","101.10","","","","","","NA"
"-79.80","43.30","BURLINGTON PIERS (AUT)","6151061","2024-01-24 19:00","2024","01","24","19:00","","1.7","","1.5","","99","","","","1","","18","","","","101.08","","","","","","NA"
"-79.80","43.30","BURLINGTON PIERS (AUT)","6151061","2024-01-24 20:00","2024","01","24","20:00","","1.6","","1.4","","99","","","","1","","15","","","","101.00","","","","","","NA"
"-79.80","43.30","BURLINGTON PIERS (AUT)","6151061","2024-01-24 21:00","2024","01","24","21:00","","1.7","","1.4","","98","","","","1","","9","","","","100.97","","","","","","NA"
"-79.80","43.30","BURLINGTON PIERS (AUT)","6151061","2024-01-24 22:00","2024","01","24","22:00","","1.8","","1.5","","98","","","","34","","7","","","","100.96","","","","","","NA"
"-79.80","43.30","BURLINGTON PIERS (AUT)","6151061","2024-01-24 23:00","2024","01","24","23:00","","1.8","","1.5","","98","","","","36","","5","","","","100.92","","","","","","NA"
"-79.80","43.30","BURLINGTON PIERS (AUT)","6151061","2024-01-25 00:00","2024","01","25","00:00","","1.9","","1.6","","98","","","","34","","5","","","","100.93","","","","","","NA"
"-79.80","43.30","BURLINGTON PIERS (AUT)","6151061","2024-01-25 01:00","2024","01","25","01:00","","2.0","","1.6","","98","","","","33","","8","","","","100.92","","","","","","NA"
"-79.80","43.30","BURLINGTON PIERS (AUT)","6151061","2024-01-25 02:00","2024","01","25","02:00","","2.1","","1.4","","95","","","","32","","4","","","","100.95","","","","","","NA"
"-79.80","43.30","BURLINGTON PIERS (AUT)","6151061","2024-01-25 03:00","2024","01","25","03:00","","1.7","","1.2","","97","","","","","","0","","","","101.00","","","","","","NA"
"-79.80","43.30","BURLINGTON PIERS (AUT)","6151061","2024-01-25 04:00","2024","01","25","04:00","","2.1","","1.6","","97","","","","","","0","","","","101.01","","","","","","NA"
"-79.80","43.30","BURLINGTON PIERS (AUT)","6151061","2024-01-25 05:00","2024","01","25","05:00","","2.1","","1.5","","96","","","","","","0","","","","101.03","","","","","","NA"
"-79.80","43.30","BURLINGTON PIERS (AUT)","6151061","2024-01-25 06:00","2024","01","25","06:00","","2.4","","1.6","","94","","","","","","0","","","","101.09","","","","","","NA"
"-79.80","43.30","BURLINGTON PIERS (AUT)","6151061","2024-01-25 07:00","2024","01","25","07:00","","2.4","","1.7","","95","","","","2","","3","","","","101.13","","","","","","NA"
"-79.80","43.30","BURLINGTON PIERS (AUT)","6151061","2024-01-25 08:00","2024","01","25","08:00","","2.8","","1.9","","94","","","","35","","9","","","","101.23","","","","","","NA"
"-79.80","43.30","BURLINGTON PIERS (AUT)","6151061","2024-01-25 09:00","2024","01","25","09:00","","2.5","","2.0","","96","","","","1","","12","","","","101.23","","","","","","NA"
"-79.80","43.30","BURLINGTON PIERS (AUT)","6151061","2024-01-25 10:00","2024","01","25","10:00","","2.6","","2.2","","98","","","","7","","7","","","","101.24","","","","","","NA"
"-79.80","43.30","BURLINGTON PIERS (AUT)","6151061","2024-01-25 11:00","2024","01","25","11:00","","2.7","","2.5","","98","","","","3","","13","","","","101.32","","","","","","NA"
"-79.80","43.30","BURLINGTON PIERS (AUT)","6151061","2024-01-25 12:00","2024","01","25","12:00","","2.6","","2.4","","99","","","","2","","16","","","","101.28","","","","","","NA"
"-79.80","43.30","BURLINGTON PIERS (AUT)","6151061","2024-01-25 13:00","2024","01","25","13:00","","2.4","","2.2","","98","","","","2","","16","","","","101.22","","","","","","NA"
"-79.80","43.30","BURLINGTON PIERS (AUT)","6151061","2024-01-25 14:00","2024","01","25","14:00","","2.4","","2.2","","99","","","","2","","18","","","","101.21","","","","","","NA"
"-79.80","43.30","BURLINGTON PIERS (AUT)","6151061","2024-01-25 15:00","2024","01","25","15:00","","2.3","","2.2","","99","","","","3","","16","","","","101.18","","","","","","NA"
"-79.80","43.30","BURLINGTON PIERS (AUT)","6151061","2024-01-25 16:00","2024","01","25","16:00","","2.3","","2.1","","99","","","","2","","22","","","","101.22","","","","","","NA"
"-79.80","43.30","BURLINGTON PIERS (AUT)","6151061","2024-01-25 17:00","2024","01","25","17:00","","2.5","","2.4","","99","","","","3","","20","","","","101.25","","","","","","NA"
"-79.80","43.30","BURLINGTON PIERS (AUT)","6151061","2024-01-25 18:00","2024","01","25","18:00","","2.3","","2.2","","99","","","","2","","20","","","","101.23","","","","","","NA"
"-79.80","43.30","BURLINGTON PIERS (AUT)","6151061","2024-01-25 19:00","2024","01","25","19:00","","2.6","","2.5","","99","","","","4","","21","","","","101.22","","","","","","NA"
"-79.80","43.30","BURLINGTON PIERS (AUT)","6151061","2024-01-25 20:00","2024","01","25","20:00","","2.7","","2.6","","99","","","","4","","20","","","","101.21","","","","","","NA"
"-79.80","43.30","BURLINGTON PIERS (AUT)","6151061","2024-01-25 21:00","2024","01","25","21:00","","2.7","","2.6","","99","","","","5","","24","","","","101.15","","","","","","NA"
"-79.80","43.30","BURLINGTON PIERS (AUT)","6151061","2024-01-25 22:00","2024","01","25","22:00","","2.9","","2.7","","99","","","","4","","24","","","","101.06","","","","","","NA"
"-79.80","43.30","BURLINGTON PIERS (AUT)","6151061","2024-01-25 23:00","2024","01","25","23:00","","2.8","","2.7","","99","","","","4","","24","","","","101.00","","","","","","NA"
"-79.80","43.30","BURLINGTON PIERS (AUT)","6151061","2024-01-26 00:00","2024","01","26","00:00","","2.7","","2.5","","99","","","","3","","27","","","","100.89","","","","","","NA"
"-79.80","43.30","BURLINGTON PIERS (AUT)","6151061","2024-01-26 01:00","2024","01","26","01:00","","2.7","","2.5","","98","","","","3","","32","","","","100.72","","","","","","NA"
"-79.80","43.30","BURLINGTON PIERS (AUT)","6151061","2024-01-26 02:00","2024","01","26","02:00","","2.2","","1.9","","98","","","","2","","32","","","","100.61","","","","","","NA"
"-79.80","43.30","BURLINGTON PIERS (AUT)","6151061","2024-01-26 03:00","2024","01","26","03:00","","2.3","","1.9","","97","","","","2","","40","","","","100.36","","","","","","NA"
"-79.80","43.30","BURLINGTON PIERS (AUT)","6151061","2024-01-26 04:00","2024","01","26","04:00","","2.8","","2.2","","96","","","","2","","33","","","","100.43","","","","","","NA"
"-79.80","43.30","BURLINGTON PIERS (AUT)","6151061","2024-01-26 05:00","2024","01","26","05:00","","3.0","","2.5","","97","","","","3","","33","","","","100.28","","","","","","NA"
"-79.80","43.30","BURLINGTON PIERS (AUT)","6151061","2024-01-26 06:00","2024","01","26","06:00","","3.1","","2.5","","95","","","","4","","32","","","","100.26","","","","","","NA"
"-79.80","43.30","BURLINGTON PIERS (AUT)","6151061","2024-01-26 07:00","2024","01","26","07:00","","2.7","","2.2","","97","","","","3","","27","","","","100.25","","","","","","NA"
"-79.80","43.30","BURLINGTON PIERS (AUT)","6151061","2024-01-26 08:00","2024","01","26","08:00","","2.7","","2.2","","97","","","","2","","28","","","","100.32","","","","","","NA"
"-79.80","43.30","BURLINGTON PIERS (AUT)","6151061","2024-01-26 09:00","2024","01","26","09:00","","3.3","","2.8","","97","","","","35","","13","","","","100.57","","","","","","NA"
"-79.80","43.30","BURLINGTON PIERS (AUT)","6151061","2024-01-26 10:00","2024","01","26","10:00","","3.4","","2.3","","93","","","","33","","23","","","","100.61","","","","","","NA"
"-79.80","43.30","BURLINGTON PIERS (AUT)","6151061","2024-01-26 11:00","2024","01","26","11:00","","3.8","","1.9","","87","","","","34","","28","","","","100.67","","","","","","NA"
"-79.80","43.30","BURLINGTON PIERS (AUT)","6151061","2024-01-26 12:00","2024","01","26","12:00","","4.6","","2.4","","86","","","","36","","15","","","","100.70","","","","","","NA"
"-79.80","43.30","BURLINGTON PIERS (AUT)","6151061","2024-01-26 13:00","2024","01","26","13:00","","4.9","","2.1","","82","","","","35","","7","","","","100.77","","","","","","NA"
"-79.80","43.30","BURLINGTON PIERS (AUT)","6151061","2024-01-26 14:00","2024","01","26","14:00","","4.7","","2.4","","85","","","","3","","8","","","","100.78","","","","","","NA"
"-79.80","43.30","BURLINGTON PIERS (AUT)","6151061","2024-01-26 15:00","2024","01","26","15:00","","4.5","","2.6","","87","","","","18","","4","","","","100.90","","","","","","NA"
"-79.80","43.30","BURLINGTON PIERS (AUT)","6151061","2024-01-26 16:00","2024","01","26","16:00","","5.3","","2.6","","83","","","","28","","3","","","","100.97","","","","","","NA"
"-79.80","43.30","BURLINGTON PIERS (AUT)","6151061","2024-01-26 17:00","2024","01","26","17:00","","4.9","","2.5","","84","","","","36","","3","","","","101.00","","","","","","NA"
"-79.80","43.30","BURLINGTON PIERS (AUT)","6151061","2024-01-26 18:00","2024","01","26","18:00","","4.3","","2.4","","87","","","","4","","7","","","","101.13","","","","","","NA"
"-79.80","43.30","BURLINGTON PIERS (AUT)","6151061","2024-01-26 19:00","2024","01","26","19:00","","2.9","","2.2","","95","","","","11","","9","","","","101.20","","","","","","NA"
"-79.80","43.30","BURLINGTON PIERS (AUT)","6151061","2024-01-26 20:00","2024","01","26","20:00","","3.1","","2.3","","95","","","","10","","7","","","","101.27","","","","","","NA"
"-79.80","43.30","BURLINGTON PIERS (AUT)","6151061","2024-01-26 21:00","2024","01","26","21:00","","3.2","","1.9","","91","","","","7","","10","","","","101.28","","","","","","NA"
"-79.80","43.30","BURLINGTON PIERS (AUT)","6151061","2024-01-26 22:00","2024","01","26","22:00","","2.8","","2.3","","97","","","","9","","6","","","","101.30","","","","","","NA"
"-79.80","43.30","BURLINGTON PIERS (AUT)","6151061","2024-01-26 23:00","2024","01","26","23:00","","2.6","","2.0","","96","","","","1","","5","","","","101.27","","","","","","NA"
"-79.80","43.30","BURLINGTON PIERS (AUT)","6151061","2024-01-27 00:00","2024","01","27","00:00","","3.0","","1.5","","90","","","","1","","6","","","","101.32","","","","","","NA"
"-79.80","43.30","BURLINGTON PIERS (AUT)","6151061","2024-01-27 01:00","2024","01","27","01:00","","2.7","","1.2","","90","","","","36","","8","","","","101.31","","","","","","NA"
"-79.80","43.30","BURLINGTON PIERS (AUT)","6151061","2024-01-27 02:00","2024","01","27","02:00","","2.6","","1.0","","89","","","","35","","7","","","","101.31","","","","","","NA"
"-79.80","43.30","BURLINGTON PIERS (AUT)","6151061","2024-01-27 03:00","2024","01","27","03:00","","2.4","","1.0","","90","","","","6","","4","","","","101.29","","","","","","NA"
"-79.80","43.30","BURLINGTON PIERS (AUT)","6151061","2024-01-27 04:00","2024","01","27","04:00","","2.2","","1.2","","93","","","","","","0","","","","101.29","","","","","","NA"
"-79.80","43.30","BURLINGTON PIERS (AUT)","6151061","2024-01-27 05:00","2024","01","27","05:00","","2.0","","1.4","","95","","","","34","","3","","","","101.30","","","","","","NA"
"-79.80","43.30","BURLINGTON PIERS (AUT)","6151061","2024-01-27 06:00","2024","01","27","06:00","","1.8","","1.5","","98","","","","33","","8","","","","101.33","","","","","","NA"
"-79.80","43.30","BURLINGTON PIERS (AUT)","6151061","2024-01-27 07:00","2024","01","27","07:00","","1.8","","1.5","","98","","","","32","","5","","","","101.39","","","","","","NA"
"-79.80","43.30","BURLINGTON PIERS (AUT)","6151061","2024-01-27 08:00","2024","01","27","08:00","","1.8","","1.5","","98","","","","","","0","","","","101.48","","","","","","NA"
"-79.80","43.30","BURLINGTON PIERS (AUT)","6151061","2024-01-27 09:00","2024","01","27","09:00","","1.9","","1.5","","97","","","","33","","5","","","","101.49","","","","","","NA"
"-79.80","43.30","BURLINGTON PIERS (AUT)","6151061","2024-01-27 10:00","2024","01","27","10:00","","2.1","","1.8","","98","","","","","","0","","","","101.49","","","","","","NA"
"-79.80","43.30","BURLINGTON PIERS (AUT)","6151061","2024-01-27 11:00","2024","01","27","11:00","","2.0","","1.7","","98","","","","1","","3","","","","101.48","","","","","","NA"
"-79.80","43.30","BURLINGTON PIERS (AUT)","6151061","2024-01-27 12:00","2024","01","27","12:00","","2.1","","1.8","","98","","","","8","","5","","","","101.40","","","","","","NA"
"-79.80","43.30","BURLINGTON PIERS (AUT)","6151061","2024-01-27 13:00","2024","01","27","13:00","","2.2","","1.9","","98","","","","6","","3","","","","101.35","","","","","","NA"
"-79.80","43.30","BURLINGTON PIERS (AUT)","6151061","2024-01-27 14:00","2024","01","27","14:00","","2.2","","2.0","","98","","","","35","","4","","","","101.34","","","","","","NA"
"-79.80","43.30","BURLINGTON PIERS (AUT)","6151061","2024-01-27 15:00","2024","01","27","15:00","","2.3","","2.1","","98","","","","3","","5","","","","101.30","","","","","","NA"
"-79.80","43.30","BURLINGTON PIERS (AUT)","6151061","2024-01-27 16:00","2024","01","27","16:00","","2.4","","2.2","","98","","","","11","","8","","","","101.30","","","","","","NA"
"-79.80","43.30","BURLINGTON PIERS (AUT)","6151061","2024-01-27 17:00","2024","01","27","17:00","","2.4","","2.2","","99","","","","6","","8","","","","101.24","","","","","","NA"
"-79.80","43.30","BURLINGTON PIERS (AUT)","6151061","2024-01-27 18:00","2024","01","27","18:00","","2.4","","2.3","","99","","","","3","","9","","","","101.24","","","","","","NA"
"-79.80","43.30","BURLINGTON PIERS (AUT)","6151061","2024-01-27 19:00","2024","01","27","19:00","","2.5","","2.3","","99","","","","5","","8","","","","101.25","","","","","","NA"
"-79.80","43.30","BURLINGTON PIERS (AUT)","6151061","2024-01-27 20:00","2024","01","27","20:00","","2.4","","2.2","","98","","","","3","","13","","","","101.23","","","","","","NA"
"-79.80","43.30","BURLINGTON PIERS (AUT)","6151061","2024-01-27 21:00","2024","01","27","21:00","","2.4","","1.9","","97","","","","5","","18","","","","101.16","","","","","","NA"
"-79.80","43.30","BURLINGTON PIERS (AUT)","6151061","2024-01-27 22:00","2024","01","27","22:00","","1.8","","1.1","","95","","","","1","","13","","","","101.13","","","","","","NA"
"-79.80","43.30","BURLINGTON PIERS (AUT)","6151061","2024-01-27 23:00","2024","01","27","23:00","","1.4","","0.9","","97","","","","1","","15","","","","101.02","","","","","","NA"
"-79.80","43.30","BURLINGTON PIERS (AUT)","6151061","2024-01-28 00:00","2024","01","28","00:00","","1.4","","0.8","","96","","","","1","","17","","","","100.97","","","","","","NA"
"-79.80","43.30","BURLINGTON PIERS (AUT)","6151061","2024-01-28 01:00","2024","01","28","01:00","","1.5","","0.6","","94","","","","1","","17","","","","100.92","","","","","","NA"
"-79.80","43.30","BURLINGTON PIERS (AUT)","6151061","2024-01-28 02:00","2024","01","28","02:00","","1.5","","0.3","","92","","","","2","","18","","","","100.88","","","","","","NA"
"-79.80","43.30","BURLINGTON PIERS (AUT)","6151061","2024-01-28 03:00","2024","01","28","03:00","","1.6","","0.1","","90","","","","2","","22","","","","100.74","","","","","","NA"
"-79.80","43.30","BURLINGTON PIERS (AUT)","6151061","2024-01-28 04:00","2024","01","28","04:00","","1.7","","0.5","","92","","","","1","","22","","","","100.63","","","","","","NA"
"-79.80","43.30","BURLINGTON PIERS (AUT)","6151061","2024-01-28 05:00","2024","01","28","05:00","","1.8","","0.7","","92","","","","2","","30","","","","100.41","","","","","","NA"
"-79.80","43.30","BURLINGTON PIERS (AUT)","6151061","2024-01-28 06:00","2024","01","28","06:00","","2.0","","0.6","","90","","","","2","","23","","","","100.40","","","","","","NA"
"-79.80","43.30","BURLINGTON PIERS (AUT)","6151061","2024-01-28 07:00","2024","01","28","07:00","","2.1","","1.4","","95","","","","3","","32","","","","100.47","","","","","","NA"
"-79.80","43.30","BURLINGTON PIERS (AUT)","6151061","2024-01-28 08:00","2024","01","28","08:00","","1.9","","1.4","","97","","","","2","","34","","","","100.47","","","","","","NA"
"-79.80","43.30","BURLINGTON PIERS (AUT)","6151061","2024-01-28 09:00","2024","01","28","09:00","","1.8","","1.3","","96","","","","2","","33","","","","100.43","","","","","","NA"
"-79.80","43.30","BURLINGTON PIERS (AUT)","6151061","2024-01-28 10:00","2024","01","28","10:00","","1.8","","1.1","","95","","","","3","","37","","","","100.35","","","","","","NA"
"-79.80","43.30","BURLINGTON PIERS (AUT)","6151061","2024-01-28 11:00","2024","01","28","11:00","","1.9","","1.1","","94","","","","3","","36","","","","100.34","","","","","","NA"
"-79.80","43.30","BURLINGTON PIERS (AUT)","6151061","2024-01-28 12:00","2024","01","28","12:00","","2.1","","0.7","","90","","","","3","","31","","","","100.31","","","","","","NA"
"-79.80","43.30","BURLINGTON PIERS (AUT)","6151061","2024-01-28 13:00","2024","01","28","13:00","","2.3","","0.5","","88","","","","4","","28","","","","100.29","","","","","","NA"
"-79.80","43.30","BURLINGTON PIERS (AUT)","6151061","2024-01-28 14:00","2024","01","28","14:00","","2.4","","0.2","","85","","","","5","","27","","","","100.28","","","","","","NA"
"-79.80","43.30","BURLINGTON PIERS (AUT)","6151061","2024-01-28 15:00","2024","01","28","15:00","","2.4","","-0.1","","84","","","","4","","24","","","","100.30","","","","","","NA"
"-79.80","43.30","BURLINGTON PIERS (AUT)","6151061","2024-01-28 16:00","2024","01","28","16:00","","2.2","","0.1","","86","","","","3","","20","","","","100.30","","","","","","NA"
"-79.80","43.30","BURLINGTON PIERS (AUT)","6151061","2024-01-28 17:00","2024","01","28","17:00","","2.4","","0.2","","85","","","","1","","13","","","","100.33","","","","","","NA"
"-79.80","43.30","BURLINGTON PIERS (AUT)","6151061","2024-01-28 18:00","2024","01","28","18:00","","2.7","","-0.5","","79","","","","35","","14","","","","100.39","","","","","","NA"
"-79.80","43.30","BURLINGTON PIERS (AUT)","6151061","2024-01-28 19:00","2024","01","28","19:00","","2.6","","-0.7","","79","","","","34","","21","","","","100.43","","","","","","NA"
"-79.80","43.30","BURLINGTON PIERS (AUT)","6151061","2024-01-28 20:00","2024","01","28","20:00","","2.4","","-0.9","","79","","","","34","","17","","","","100.47","","","","","","NA"
"-79.80","43.30","BURLINGTON PIERS (AUT)","6151061","2024-01-28 21:00","2024","01","28","21:00","","2.4","","-1.1","","77","","","","33","","11","","","","100.48","","","","","","NA"
"-79.80","43.30","BURLINGTON PIERS (AUT)","6151061","2024-01-28 22:00","2024","01","28","22:00","","2.6","","-1.0","","77","","","","32","","13","","","","100.51","","","","","","NA"
"-79.80","43.30","BURLINGTON PIERS (AUT)","6151061","2024-01-28 23:00","2024","01","28","23:00","","2.2","","-0.5","","82","","","","31","","10","","","","100.52","","","","","","NA"
"-79.80","43.30","BURLINGTON PIERS (AUT)","6151061","2024-01-29 00:00","2024","01","29","00:00","","2.0","","-0.6","","83","","","","30","","14","","","","100.55","","","","","","NA"
"-79.80","43.30","BURLINGTON PIERS (AUT)","6151061","2024-01-29 01:00","2024","01","29","01:00","","1.6","","-0.5","","86","","","","30","","10","","","","100.57","","","","","","NA"
"-79.80","43.30","BURLINGTON PIERS (AUT)","6151061","2024-01-29 02:00","2024","01","29","02:00","","1.5","","-0.6","","86","","","","29","","7","","","","100.61","","","","","","NA"
"-79.80","43.30","BURLINGTON PIERS (AUT)","6151061","2024-01-29 03:00","2024","01","29","03:00","","1.5","","-0.8","","85","","","","","","0","","","","100.63","","","","","","NA"
"-79.80","43.30","BURLINGTON PIERS (AUT)","6151061","2024-01-29 04:00","2024","01","29","04:00","","1.8","","-1.6","","78","","","","31","","4","","","","100.63","","","","","","NA"
"-79.80","43.30","BURLINGTON PIERS (AUT)","6151061","2024-01-29 05:00","2024","01","29","05:00","","1.8","","-2.6","","73","","","","29","","7","","","","100.64","","","","","","NA"
"-79.80","43.30","BURLINGTON PIERS (AUT)","6151061","2024-01-29 06:00","2024","01","29","06:00","","1.7","","-2.3","","75","","","","25","","5","","","","100.67","","","","","","NA"
"-79.80","43.30","BURLINGTON PIERS (AUT)","6151061","2024-01-29 07:00","2024","01","29","07:00","","1.9","","-2.0","","76","","","","28","","6","","","","100.73","","","","","","NA"
"-79.80","43.30","BURLINGTON PIERS (AUT)","6151061","2024-01-29 08:00","2024","01","29","08:00","","2.1","","-2.6","","71","","","","32","","9","","","","100.79","","","","","","NA"
"-79.80","43.30","BURLINGTON PIERS (AUT)","6151061","2024-01-29 09:00","2024","01","29","09:00","","1.6","","-2.0","","77","","","","36","","12","","","","100.84","","","","","","NA"
"-79.80","43.30","BURLINGTON PIERS (AUT)","6151061","2024-01-29 10:00","2024","01","29","10:00","","1.6","","-2.0","","77","","","","2","","7","","","","100.86","","","","","","NA"
"-79.80","43.30","BURLINGTON PIERS (AUT)","6151061","2024-01-29 11:00","2024","01","29","11:00","","2.1","","-1.9","","75","","","","","","0","","","","100.93","","","","","","NA"
"-79.80","43.30","BURLINGTON PIERS (AUT)","6151061","2024-01-29 12:00","2024","01","29","12:00","","2.5","","-3.0","","67","","","","29","","8","","","","100.92","","","","","","NA"
"-79.80","43.30","BURLINGTON PIERS (AUT)","6151061","2024-01-29 13:00","2024","01","29","13:00","","2.1","","-2.2","","73","","","","10","","8","","","","100.90","","","","","","NA"
"-79.80","43.30","BURLINGTON PIERS (AUT)","6151061","2024-01-29 14:00","2024","01","29","14:00","","2.0","","-1.6","","77","","","","11","","12","","","","100.85","","","","","","NA"
"-79.80","43.30","BURLINGTON PIERS (AUT)","6151061","2024-01-29 15:00","2024","01","29","15:00","","1.9","","-1.3","","79","","","","10","","12","","","","100.84","","","","","","NA"
"-79.80","43.30","BURLINGTON PIERS (AUT)","6151061","2024-01-29 16:00","2024","01","29","16:00","","2.0","","-0.7","","82","","","","11","","13","","","","100.84","","","","","","NA"
"-79.80","43.30","BURLINGTON PIERS (AUT)","6151061","2024-01-29 17:00","2024","01","29","17:00","","2.6","","-0.8","","78","","","","13","","7","","","","100.87","","","","","","NA"
"-79.80","43.30","BURLINGTON PIERS (AUT)","6151061","2024-01-29 18:00","2024","01","29","18:00","","2.7","","-1.5","","74","","","","24","","6","","","","100.95","","","","","","NA"
"-79.80","43.30","BURLINGTON PIERS (AUT)","6151061","2024-01-29 19:00","2024","01","29","19:00","","2.1","","-1.9","","75","","","","25","","7","","","","100.96","","","","","","NA"
"-79.80","43.30","BURLINGTON PIERS (AUT)","6151061","2024-01-29 20:00","2024","01","29","20:00","","1.2","","-2.0","","79","","","","24","","3","","","","100.98","","","","","","NA"
"-79.80","43.30","BURLINGTON PIERS (AUT)","6151061","2024-01-29 21:00","2024","01","29","21:00","","1.1","","-2.0","","80","","","","24","","3","","","","101.00","","","","","","NA"
"-79.80","43.30","BURLINGTON PIERS (AUT)","6151061","2024-01-29 22:00","2024","01","29","22:00","","1.5","","-1.6","","80","","","","","","0","","","","100.98","","","","","","NA"
"-79.80","43.30","BURLINGTON PIERS (AUT)","6151061","2024-01-29 23:00","2024","01","29","23:00","","2.1","","-1.5","","77","","","","20","","14","","","","100.93","","","","","","NA"
"-79.80","43.30","BURLINGTON PIERS (AUT)","6151061","2024-01-30 00:00","2024","01","30","00:00","","1.4","","-2.3","","77","","","","20","","15","","","","100.92","","","","","","NA"
"-79.80","43.30","BURLINGTON PIERS (AUT)","6151061","2024-01-30 01:00","2024","01","30","01:00","","0.7","","-2.2","","81","","","","20","","13","","","","100.90","","","","","","NA"
"-79.80","43.30","BURLINGTON PIERS (AUT)","6151061","2024-01-30 02:00","2024","01","30","02:00","","1.0","","-2.0","","81","","","","19","","15","","","","100.89","","","","","","NA"
"-79.80","43.30","BURLINGTON PIERS (AUT)","6151061","2024-01-30 03:00","2024","01","30","03:00","","1.2","","-1.9","","80","","","","20","","18","","","","100.87","","","","","","NA"
"-79.80","43.30","BURLINGTON PIERS (AUT)","6151061","2024-01-30 04:00","2024","01","30","04:00","","1.3","","-2.2","","78","","","","19","","16","","","","100.84","","","","","","NA"
"-79.80","43.30","BURLINGTON PIERS (AUT)","6151061","2024-01-30 05:00","2024","01","30","05:00","","1.3","","-2.7","","75","","","","20","","18","","","","100.83","","","","","","NA"
"-79.80","43.30","BURLINGTON PIERS (AUT)","6151061","2024-01-30 06:00","2024","01","30","06:00","","1.4","","-2.3","","76","","","","19","","12","","","","100.81","","","","","","NA"
"-79.80","43.30","BURLINGTON PIERS (AUT)","6151061","2024-01-30 07:00","2024","01","30","07:00","","1.6","","-2.1","","76","","","","19","","14","","","","100.83","","","","","","NA"
"-79.80","43.30","BURLINGTON PIERS (AUT)","6151061","2024-01-30 08:00","2024","01","30","08:00","","1.8","","-1.9","","76","","","","15","","16","","","","100.83","","","","","","NA"
"-79.80","43.30","BURLINGTON PIERS (AUT)","6151061","2024-01-30 09:00","2024","01","30","09:00","","1.9","","-1.7","","77","","","","15","","14","","","","100.85","","","","","","NA"
"-79.80","43.30","BURLINGTON PIERS (AUT)","6151061","2024-01-30 10:00","2024","01","30","10:00","","1.9","","-1.6","","77","","","","12","","14","","","","100.83","","","","","","NA"
"-79.80","43.30","BURLINGTON PIERS (AUT)","6151061","2024-01-30 11:00","2024","01","30","11:00","","2.1","","-1.6","","77","","","","12","","18","","","","100.80","","","","","","NA"
"-79.80","43.30","BURLINGTON PIERS (AUT)","6151061","2024-01-30 12:00","2024","01","30","12:00","","2.3","","-1.6","","76","","","","13","","16","","","","100.75","","","","","","NA"
"-79.80","43.30","BURLINGTON PIERS (AUT)","6151061","2024-01-30 13:00","2024","01","30","13:00","","2.5","","-2.0","","72","","","","14","","15","","","","100.69","","","","","","NA"
"-79.80","43.30","BURLINGTON PIERS (AUT)","6151061","2024-01-30 14:00","2024","01","30","14:00","","2.6","","-1.2","","76","","","","12","","13","","","","100.62","","","","","","NA"
"-79.80","43.30","BURLINGTON PIERS (AUT)","6151061","2024-01-30 15:00","2024","01","30","15:00","","2.7","","-1.1","","76","","","","11","","13","","","","100.62","","","","","","NA"
"-79.80","43.30","BURLINGTON PIERS (AUT)","6151061","2024-01-30 16:00","2024","01","30","16:00","","2.6","","-0.6","","79","","","","8","","12","","","","100.64","","","","","","NA"
"-79.80","43.30","BURLINGTON PIERS (AUT)","6151061","2024-01-30 17:00","2024","01","30","17:00","","2.7","","0.0","","82","","","","7","","12","","","","100.63","","","","","","NA"
"-79.80","43.30","BURLINGTON PIERS (AUT)","6151061","2024-01-30 18:00","2024","01","30","18:00","","2.7","","0.6","","86","","","","7","","14","","","","100.66","","","","","","NA"
"-79.80","43.30","BURLINGTON PIERS (AUT)","6151061","2024-01-30 19:00","2024","01","30","19:00","","2.7","","0.6","","86","","","","8","","13","","","","100.69","","","","","","NA"
"-79.80","43.30","BURLINGTON PIERS (AUT)","6151061","2024-01-30 20:00","2024","01","30","20:00","","2.8","","1.0","","88","","","","8","","12","","","","100.73","","","","","","NA"
"-79.80","43.30","BURLINGTON PIERS (AUT)","6151061","2024-01-30 21:00","2024","01","30","21:00","","2.7","","1.1","","89","","","","10","","11","","","","100.75","","","","","","NA"
"-79.80","43.30","BURLINGTON PIERS (AUT)","6151061","2024-01-30 22:00","2024","01","30","22:00","","2.3","","1.1","","92","","","","12","","8","","","","100.71","","","","","","NA"
"-79.80","43.30","BURLINGTON PIERS (AUT)","6151061","2024-01-30 23:00","2024","01","30","23:00","","2.2","","0.8","","90","","","","9","","5","","","","100.69","","","","","","NA"
"-79.80","43.30","BURLINGTON PIERS (AUT)","6151061","2024-01-31 00:00","2024","01","31","00:00","","2.2","","0.8","","90","","","","5","","3","","","","100.71","","","","","","NA"
"-79.80","43.30","BURLINGTON PIERS (AUT)","6151061","2024-01-31 01:00","2024","01","31","01:00","","2.4","","0.8","","89","","","","36","","5","","","","100.70","","","","","","NA"
"-79.80","43.30","BURLINGTON PIERS (AUT)","6151061","2024-01-31 02:00","2024","01","31","02:00","","2.3","","0.5","","88","","","","33","","9","","","","100.73","","","","","","NA"
"-79.80","43.30","BURLINGTON PIERS (AUT)","6151061","2024-01-31 03:00","2024","01","31","03:00","","2.1","","0.4","","89","","","","","","0","","","","100.74","","","","","","NA"
"-79.80","43.30","BURLINGTON PIERS (AUT)","6151061","2024-01-31 04:00","2024","01","31","04:00","","1.6","","0.4","","92","","","","31","","6","","","","100.73","","","","","","NA"
"-79.80","43.30","BURLINGTON PIERS (AUT)","6151061","2024-01-31 05:00","2024","01","31","05:00","","2.1","","0.4","","89","","","","33","","7","","","","100.81","","","","","","NA"
"-79.80","43.30","BURLINGTON PIERS (AUT)","6151061","2024-01-31 06:00","2024","01","31","06:00","","1.6","","0.3","","91","","","","19","","4","","","","100.76","","","","","","NA"
"-79.80","43.30","BURLINGTON PIERS (AUT)","6151061","2024-01-31 07:00","2024","01","31","07:00","","1.8","","0.3","","90","","","","23","","5","","","","100.76","","","","","","NA"
"-79.80","43.30","BURLINGTON PIERS (AUT)","6151061","2024-01-31 08:00","2024","01","31","08:00","","1.8","","0.1","","89","","","","27","","4","","","","100.80","","","","","","NA"
"-79.80","43.30","BURLINGTON PIERS (AUT)","6151061","2024-01-31 09:00","2024","01","31","09:00","","2.3","","-0.1","","84","","","","25","","4","","","","100.85","","","","","","NA"
"-79.80","43.30","BURLINGTON PIERS (AUT)","6151061","2024-01-31 10:00","2024","01","31","10:00","","2.4","","-0.1","","84","","","","23","","5","","","","100.85","","","","","","NA"
"-79.80","43.30","BURLINGTON PIERS (AUT)","6151061","2024-01-31 11:00","2024","01","31","11:00","","2.8","","0.0","","82","","","","22","","7","","","","100.91","","","","","","NA"
"-79.80","43.30","BURLINGTON PIERS (AUT)","6151061","2024-01-31 12:00","2024","01","31","12:00","","3.6","","0.2","","78","","","","22","","9","","","","100.86","","","","","","NA"
"-79.80","43.30","BURLINGTON PIERS (AUT)","6151061","2024-01-31 13:00","2024","01","31","13:00","","3.9","","0.0","","76","","","","23","","10","","","","100.82","","","","","","NA"
"-79.80","43.30","BURLINGTON PIERS (AUT)","6151061","2024-01-31 14:00","2024","01","31","14:00","","4.2","","-0.2","","73","","","","25","","14","","","","100.72","","","","","","NA"
"-79.80","43.30","BURLINGTON PIERS (AUT)","6151061","2024-01-31 15:00","2024","01","31","15:00","","4.1","","0.0","","75","","","","25","","13","","","","100.72","","","","","","NA"
"-79.80","43.30","BURLINGTON PIERS (AUT)","6151061","2024-01-31 16:00","2024","01","31","16:00","","4.1","","0.2","","76","","","","25","","9","","","","100.70","","","","","","NA"
"-79.80","43.30","BURLINGTON PIERS (AUT)","6151061","2024-01-31 17:00","2024","01","31","17:00","","3.9","","0.1","","76","","","","24","","9","","","","100.72","","","","","","NA"
"-79.80","43.30","BURLINGTON PIERS (AUT)","6151061","2024-01-31 18:00","2024","01","31","18:00","","3.3","","-0.3","","77","","","","25","","13","","","","100.72","","","","","","NA"
"-79.80","43.30","BURLINGTON PIERS (AUT)","6151061","2024-01-31 19:00","2024","01","31","19:00","","3.1","","-0.5","","77","","","","25","","14","","","","100.69","","","","","","NA"
"-79.80","43.30","BURLINGTON PIERS (AUT)","6151061","2024-01-31 20:00","2024","01","31","20:00","","2.5","","-0.5","","81","","","","21","","13","","","","100.65","","","","","","NA"
"-79.80","43.30","BURLINGTON PIERS (AUT)","6151061","2024-01-31 21:00","2024","01","31","21:00","","2.2","","-0.4","","83","","","","20","","20","","","","100.58","","","","","","NA"
"-79.80","43.30","BURLINGTON PIERS (AUT)","6151061","2024-01-31 22:00","2024","01","31","22:00","","2.4","","-0.3","","82","","","","19","","20","","","","100.51","","","","","","NA"
"-79.80","43.30","BURLINGTON PIERS (AUT)","6151061","2024-01-31 23:00","2024","01","31","23:00","","2.4","","-0.2","","83","","","","20","","19","","","","100.45","","","","","","NA"
