"Longitude (x)","Latitude (y)","Station Name","Climate ID","Date/Time (LST)","Year","Month","Day","Time (LST)","Flag","Temp (°C)","Temp Flag","Dew Point Temp (°C)","Dew Point Temp Flag","Rel Hum (%)","Rel Hum Flag","Precip. Amount (mm)","Precip. Amount Flag","Wind Dir (10s deg)","Wind Dir Flag","Wind Spd (km/h)","Wind Spd Flag","Visibility (km)","Visibility Flag","Stn Press (kPa)","Stn Press Flag","Hmdx","Hmdx Flag","Wind Chill","Wind Chill Flag","Weather"
"-79.80","43.30","BURLINGTON PIERS (AUT)","6151061","2024-07-01 00:00","2024","07","01","00:00","","14.4","","9.7","","73","","","","31","","16","","","","101.30","","","","","","NA"
"-79.80","43.30","BURLINGTON PIERS (AUT)","6151061","2024-07-01 01:00","2024","07","01","01:00","","13.9","","9.9","","77","","","","30","","11","","","","101.32","","","","","","NA"
"-79.80","43.30","BURLINGTON PIERS (AUT)","6151061","2024-07-01 02:00","2024","07","01","02:00","","13.5","","9.8","","79","","","","29","","12","","","","101.32","","","","","","NA"
"-79.80","43.30","BURLINGTON PIERS (AUT)","6151061","2024-07-01 03:00","2024","07","01","03:00","","13.1","","10.2","","83","","","","25","","7","","","","101.35","","","","","","NA"
"-79.80","43.30","BURLINGTON PIERS (AUT)","6151061","2024-07-01 04:00","2024","07","01","04:00","","12.7","","9.8","","83","","","","25","","7","","","","101.37","","","","","","NA"
"-79.80","43.30","BURLINGTON PIERS (AUT)","6151061","2024-07-01 05:00","2024","07","01","05:00","","12.9","","9.8","","82","","","","25","","7","","","","101.42","","","","","","NA"
"-79.80","43.30","BURLINGTON PIERS (AUT)","6151061","2024-07-01 06:00","2024","07","01","06:00","","13.6","","9.6","","77","","","","25","","6","","","","101.48","","","","","","NA"
"-79.80","43.30","BURLINGTON PIERS (AUT)","6151061","2024-07-01 07:00","2024","07","01","07:00","","15.6","","8.8","","64","","","","26","","6","","","","101.53","","","","","","NA"
"-79.80","43.30","BURLINGTON PIERS (AUT)","6151061","2024-07-01 08:00","2024","07","01","08:00","","17.6","","7.8","","53","","","","1","","7","","","","101.58","","","","","","NA"
"-79.80","43.30","BURLINGTON PIERS (AUT)","6151061","2024-07-01 09:00","2024","07","01","09:00","","19.0","","5.3","","40","","","","1","","19","","","","101.60","","","","","","NA"
"-79.80","43.30","BURLINGTON PIERS (AUT)","6151061","2024-07-01 10:00","2024","07","01","10:00","","17.7","","9.1","","57","","","","11","","12","","","","101.60","","","","","","NA"
"-79.80","43.30","BURLINGTON PIERS (AUT)","6151061","2024-07-01 11:00","2024","07","01","11:00","","17.6","","10.0","","61","","","","13","","12","","","","101.59","","","","","","NA"
"-79.80","43.30","BURLINGTON PIERS (AUT)","6151061","2024-07-01 12:00","2024","07","01","12:00","","17.8","","10.9","","64","","","","15","","13","","","","101.55","","","","","","NA"
"-79.80","43.30","BURLINGTON PIERS (AUT)","6151061","2024-07-01 13:00","2024","07","01","13:00","","18.4","","10.1","","59","","","","13","","15","","","","101.53","","","","","","NA"
"-79.80","43.30","BURLINGTON PIERS (AUT)","6151061","2024-07-01 14:00","2024","07","01","14:00","","18.6","","11.2","","62","","","","12","","14","","","","101.49","","","","","","NA"
"-79.80","43.30","BURLINGTON PIERS (AUT)","6151061","2024-07-01 15:00","2024","07","01","15:00","","19.3","","9.8","","54","","","","11","","14","","","","101.44","","","","","","NA"
"-79.80","43.30","BURLINGTON PIERS (AUT)","6151061","2024-07-01 16:00","2024","07","01","16:00","","19.3","","10.6","","57","","","","9","","13","","","","101.41","","","","","","NA"
"-79.80","43.30","BURLINGTON PIERS (AUT)","6151061","2024-07-01 17:00","2024","07","01","17:00","","19.5","","11.2","","59","","","","10","","17","","","","101.38","","","","","","NA"
"-79.80","43.30","BURLINGTON PIERS (AUT)","6151061","2024-07-01 18:00","2024","07","01","18:00","","19.6","","11.4","","59","","","","10","","18","","","","101.37","","","","","","NA"
"-79.80","43.30","BURLINGTON PIERS (AUT)","6151061","2024-07-01 19:00","2024","07","01","19:00","","20.0","","11.1","","57","","","","11","","17","","","","101.37","","","","","","NA"
"-79.80","43.30","BURLINGTON PIERS (AUT)","6151061","2024-07-01 20:00","2024","07","01","20:00","","19.0","","13.4","","70","","","","13","","11","","","","101.39","","","","","","NA"
"-79.80","43.30","BURLINGTON PIERS (AUT)","6151061","2024-07-01 21:00","2024","07","01","21:00","","21.2","","12.3","","57","","","","24","","6","","","","101.44","","","","","","NA"
"-79.80","43.30","BURLINGTON PIERS (AUT)","6151061","2024-07-01 22:00","2024","07","01","22:00","","20.0","","12.3","","61","","","","25","","7","","","","101.46","","","","","","NA"
"-79.80","43.30","BURLINGTON PIERS (AUT)","6151061","2024-07-01 23:00","2024","07","01","23:00","","19.0","","12.5","","66","","","","25","","8","","","","101.45","","","","","","NA"
"-79.80","43.30","BURLINGTON PIERS (AUT)","6151061","2024-07-02 00:00","2024","07","02","00:00","","18.5","","12.4","","68","","","","25","","9","","","","101.41","","","","","","NA"
"-79.80","43.30","BURLINGTON PIERS (AUT)","6151061","2024-07-02 01:00","2024","07","02","01:00","","17.5","","12.9","","74","","","","3","","7","","","","101.40","","","","","","NA"
"-79.80","43.30","BURLINGTON PIERS (AUT)","6151061","2024-07-02 02:00","2024","07","02","02:00","","17.4","","12.3","","72","","","","","","0","","","","101.41","","","","","","NA"
"-79.80","43.30","BURLINGTON PIERS (AUT)","6151061","2024-07-02 03:00","2024","07","02","03:00","","16.9","","14.0","","83","","","","23","","5","","","","101.40","","","","","","NA"
"-79.80","43.30","BURLINGTON PIERS (AUT)","6151061","2024-07-02 04:00","2024","07","02","04:00","","16.4","","12.5","","78","","","","26","","4","","","","101.45","","","","","","NA"
"-79.80","43.30","BURLINGTON PIERS (AUT)","6151061","2024-07-02 05:00","2024","07","02","05:00","","16.1","","13.4","","84","","","","26","","3","","","","101.52","","","","","","NA"
"-79.80","43.30","BURLINGTON PIERS (AUT)","6151061","2024-07-02 06:00","2024","07","02","06:00","","16.6","","13.6","","82","","","","24","","6","","","","101.55","","","","","","NA"
"-79.80","43.30","BURLINGTON PIERS (AUT)","6151061","2024-07-02 07:00","2024","07","02","07:00","","18.4","","13.4","","73","","","","","","0","","","","101.53","","","","","","NA"
"-79.80","43.30","BURLINGTON PIERS (AUT)","6151061","2024-07-02 08:00","2024","07","02","08:00","","17.3","","13.4","","78","","","","8","","5","","","","101.54","","","","","","NA"
"-79.80","43.30","BURLINGTON PIERS (AUT)","6151061","2024-07-02 09:00","2024","07","02","09:00","","17.0","","14.0","","83","","","","2","","12","","","","101.51","","","","","","NA"
"-79.80","43.30","BURLINGTON PIERS (AUT)","6151061","2024-07-02 10:00","2024","07","02","10:00","","17.2","","13.4","","78","","","","3","","15","","","","101.49","","","","","","NA"
"-79.80","43.30","BURLINGTON PIERS (AUT)","6151061","2024-07-02 11:00","2024","07","02","11:00","","17.1","","15.1","","88","","","","3","","16","","","","101.46","","","","","","NA"
"-79.80","43.30","BURLINGTON PIERS (AUT)","6151061","2024-07-02 12:00","2024","07","02","12:00","","17.5","","15.4","","87","","","","3","","17","","","","101.43","","","","","","NA"
"-79.80","43.30","BURLINGTON PIERS (AUT)","6151061","2024-07-02 13:00","2024","07","02","13:00","","17.4","","15.7","","89","","","","4","","19","","","","101.35","","","","","","NA"
"-79.80","43.30","BURLINGTON PIERS (AUT)","6151061","2024-07-02 14:00","2024","07","02","14:00","","17.7","","15.8","","89","","","","4","","19","","","","101.30","","","","","","NA"
"-79.80","43.30","BURLINGTON PIERS (AUT)","6151061","2024-07-02 15:00","2024","07","02","15:00","","17.6","","15.7","","88","","","","3","","16","","","","101.22","","","","","","NA"
"-79.80","43.30","BURLINGTON PIERS (AUT)","6151061","2024-07-02 16:00","2024","07","02","16:00","","17.9","","16.2","","89","","","","4","","7","","","","101.17","","","","","","NA"
"-79.80","43.30","BURLINGTON PIERS (AUT)","6151061","2024-07-02 17:00","2024","07","02","17:00","","18.2","","15.0","","82","","","","1","","9","","","","101.18","","","","","","NA"
"-79.80","43.30","BURLINGTON PIERS (AUT)","6151061","2024-07-02 18:00","2024","07","02","18:00","","17.9","","15.3","","85","","","","5","","5","","","","101.09","","","","","","NA"
"-79.80","43.30","BURLINGTON PIERS (AUT)","6151061","2024-07-02 19:00","2024","07","02","19:00","","17.5","","15.4","","87","","","","8","","3","","","","101.02","","","","","","NA"
"-79.80","43.30","BURLINGTON PIERS (AUT)","6151061","2024-07-02 20:00","2024","07","02","20:00","","17.8","","15.4","","86","","","","33","","6","","","","100.92","","","","","","NA"
"-79.80","43.30","BURLINGTON PIERS (AUT)","6151061","2024-07-02 21:00","2024","07","02","21:00","","18.8","","14.9","","78","","","","33","","5","","","","100.89","","","","","","NA"
"-79.80","43.30","BURLINGTON PIERS (AUT)","6151061","2024-07-02 22:00","2024","07","02","22:00","","19.3","","15.4","","78","","","","35","","7","","","","100.90","","","","","","NA"
"-79.80","43.30","BURLINGTON PIERS (AUT)","6151061","2024-07-02 23:00","2024","07","02","23:00","","18.6","","15.6","","82","","","","3","","10","","","","100.91","","","","","","NA"
"-79.80","43.30","BURLINGTON PIERS (AUT)","6151061","2024-07-03 00:00","2024","07","03","00:00","","18.4","","16.1","","86","","","","5","","9","","","","100.84","","","","","","NA"
"-79.80","43.30","BURLINGTON PIERS (AUT)","6151061","2024-07-03 01:00","2024","07","03","01:00","","18.3","","16.3","","88","","","","2","","14","","","","100.78","","","","","","NA"
"-79.80","43.30","BURLINGTON PIERS (AUT)","6151061","2024-07-03 02:00","2024","07","03","02:00","","17.6","","16.4","","93","","","","3","","10","","","","100.68","","","","","","NA"
"-79.80","43.30","BURLINGTON PIERS (AUT)","6151061","2024-07-03 03:00","2024","07","03","03:00","","17.9","","16.6","","92","","","","3","","10","","","","100.61","","","","","","NA"
"-79.80","43.30","BURLINGTON PIERS (AUT)","6151061","2024-07-03 04:00","2024","07","03","04:00","","17.9","","16.7","","93","","","","1","","4","","","","100.56","","","","","","NA"
"-79.80","43.30","BURLINGTON PIERS (AUT)","6151061","2024-07-03 05:00","2024","07","03","05:00","","18.1","","16.7","","92","","","","3","","3","","","","100.53","","","","","","NA"
"-79.80","43.30","BURLINGTON PIERS (AUT)","6151061","2024-07-03 06:00","2024","07","03","06:00","","19.0","","16.3","","85","","","","35","","5","","","","100.53","","","","","","NA"
"-79.80","43.30","BURLINGTON PIERS (AUT)","6151061","2024-07-03 07:00","2024","07","03","07:00","","21.0","","16.5","","76","","","","","","0","","","","100.49","","26","","","","NA"
"-79.80","43.30","BURLINGTON PIERS (AUT)","6151061","2024-07-03 08:00","2024","07","03","08:00","","24.9","","15.6","","57","","","","20","","15","","","","100.46","","29","","","","NA"
"-79.80","43.30","BURLINGTON PIERS (AUT)","6151061","2024-07-03 09:00","2024","07","03","09:00","","24.9","","15.9","","58","","","","20","","19","","","","100.42","","29","","","","NA"
"-79.80","43.30","BURLINGTON PIERS (AUT)","6151061","2024-07-03 10:00","2024","07","03","10:00","","26.3","","17.3","","58","","","","20","","22","","","","100.35","","32","","","","NA"
"-79.80","43.30","BURLINGTON PIERS (AUT)","6151061","2024-07-03 11:00","2024","07","03","11:00","","26.8","","18.6","","61","","","","19","","22","","","","100.33","","33","","","","NA"
"-79.80","43.30","BURLINGTON PIERS (AUT)","6151061","2024-07-03 12:00","2024","07","03","12:00","","28.4","","19.4","","58","","","","20","","23","","","","100.29","","35","","","","NA"
"-79.80","43.30","BURLINGTON PIERS (AUT)","6151061","2024-07-03 13:00","2024","07","03","13:00","","28.4","","19.7","","59","","","","21","","25","","","","100.25","","36","","","","NA"
"-79.80","43.30","BURLINGTON PIERS (AUT)","6151061","2024-07-03 14:00","2024","07","03","14:00","","28.0","","19.6","","60","","","","22","","24","","","","100.25","","35","","","","NA"
"-79.80","43.30","BURLINGTON PIERS (AUT)","6151061","2024-07-03 15:00","2024","07","03","15:00","","28.3","","20.1","","61","","","","22","","24","","","","100.21","","36","","","","NA"
"-79.80","43.30","BURLINGTON PIERS (AUT)","6151061","2024-07-03 16:00","2024","07","03","16:00","","28.8","","20.1","","60","","","","21","","21","","","","100.15","","36","","","","NA"
"-79.80","43.30","BURLINGTON PIERS (AUT)","6151061","2024-07-03 17:00","2024","07","03","17:00","","28.9","","20.2","","59","","","","21","","19","","","","100.15","","37","","","","NA"
"-79.80","43.30","BURLINGTON PIERS (AUT)","6151061","2024-07-03 18:00","2024","07","03","18:00","","27.9","","20.1","","63","","","","23","","19","","","","100.18","","36","","","","NA"
"-79.80","43.30","BURLINGTON PIERS (AUT)","6151061","2024-07-03 19:00","2024","07","03","19:00","","28.0","","20.1","","62","","","","23","","11","","","","100.18","","36","","","","NA"
"-79.80","43.30","BURLINGTON PIERS (AUT)","6151061","2024-07-03 20:00","2024","07","03","20:00","","27.4","","20.5","","66","","","","23","","9","","","","100.19","","35","","","","NA"
"-79.80","43.30","BURLINGTON PIERS (AUT)","6151061","2024-07-03 21:00","2024","07","03","21:00","","26.4","","20.6","","70","","","","22","","8","","","","100.25","","34","","","","NA"
"-79.80","43.30","BURLINGTON PIERS (AUT)","6151061","2024-07-03 22:00","2024","07","03","22:00","","25.5","","20.8","","75","","","","","","0","","","","100.27","","34","","","","NA"
"-79.80","43.30","BURLINGTON PIERS (AUT)","6151061","2024-07-03 23:00","2024","07","03","23:00","","25.6","","20.8","","75","","","","","","0","","","","100.34","","34","","","","NA"
"-79.80","43.30","BURLINGTON PIERS (AUT)","6151061","2024-07-04 00:00","2024","07","04","00:00","","25.0","","20.7","","77","","","","","","0","","","","100.34","","33","","","","NA"
"-79.80","43.30","BURLINGTON PIERS (AUT)","6151061","2024-07-04 01:00","2024","07","04","01:00","","23.5","","20.8","","85","","","","22","","3","","","","100.38","","32","","","","NA"
"-79.80","43.30","BURLINGTON PIERS (AUT)","6151061","2024-07-04 02:00","2024","07","04","02:00","","22.7","","20.5","","88","","","","25","","6","","","","100.37","","31","","","","NA"
"-79.80","43.30","BURLINGTON PIERS (AUT)","6151061","2024-07-04 03:00","2024","07","04","03:00","","22.4","","20.2","","88","","","","26","","5","","","","100.37","","30","","","","NA"
"-79.80","43.30","BURLINGTON PIERS (AUT)","6151061","2024-07-04 04:00","2024","07","04","04:00","","21.7","","20.2","","91","","","","23","","6","","","","100.37","","29","","","","NA"
"-79.80","43.30","BURLINGTON PIERS (AUT)","6151061","2024-07-04 05:00","2024","07","04","05:00","","21.7","","19.2","","85","","","","25","","8","","","","100.39","","29","","","","NA"
"-79.80","43.30","BURLINGTON PIERS (AUT)","6151061","2024-07-04 06:00","2024","07","04","06:00","","21.5","","19.2","","86","","","","24","","12","","","","100.39","","28","","","","NA"
"-79.80","43.30","BURLINGTON PIERS (AUT)","6151061","2024-07-04 07:00","2024","07","04","07:00","","22.1","","19.0","","82","","","","23","","12","","","","100.39","","29","","","","NA"
"-79.80","43.30","BURLINGTON PIERS (AUT)","6151061","2024-07-04 08:00","2024","07","04","08:00","","23.3","","18.8","","76","","","","23","","10","","","","100.38","","30","","","","NA"
"-79.80","43.30","BURLINGTON PIERS (AUT)","6151061","2024-07-04 09:00","2024","07","04","09:00","","25.1","","18.4","","66","","","","13","","3","","","","100.33","","31","","","","NA"
"-79.80","43.30","BURLINGTON PIERS (AUT)","6151061","2024-07-04 10:00","2024","07","04","10:00","","26.0","","16.3","","55","","","","6","","4","","","","100.36","","31","","","","NA"
"-79.80","43.30","BURLINGTON PIERS (AUT)","6151061","2024-07-04 11:00","2024","07","04","11:00","","24.9","","16.7","","60","","","","10","","4","","","","100.39","","30","","","","NA"
"-79.80","43.30","BURLINGTON PIERS (AUT)","6151061","2024-07-04 12:00","2024","07","04","12:00","","25.1","","16.8","","60","","","","14","","3","","","","100.41","","30","","","","NA"
"-79.80","43.30","BURLINGTON PIERS (AUT)","6151061","2024-07-04 13:00","2024","07","04","13:00","","28.8","","17.2","","50","","","","22","","7","","","","100.36","","34","","","","NA"
"-79.80","43.30","BURLINGTON PIERS (AUT)","6151061","2024-07-04 14:00","2024","07","04","14:00","","25.2","","17.7","","63","","","","12","","6","","","","100.29","","31","","","","NA"
"-79.80","43.30","BURLINGTON PIERS (AUT)","6151061","2024-07-04 15:00","2024","07","04","15:00","","28.4","","17.8","","53","","","","23","","9","","","","100.25","","34","","","","NA"
"-79.80","43.30","BURLINGTON PIERS (AUT)","6151061","2024-07-04 16:00","2024","07","04","16:00","","27.7","","18.4","","57","","","","23","","9","","","","100.17","","34","","","","NA"
"-79.80","43.30","BURLINGTON PIERS (AUT)","6151061","2024-07-04 17:00","2024","07","04","17:00","","28.0","","18.8","","57","","","","25","","8","","","","100.14","","35","","","","NA"
"-79.80","43.30","BURLINGTON PIERS (AUT)","6151061","2024-07-04 18:00","2024","07","04","18:00","","27.6","","18.8","","59","","","","25","","8","","","","100.12","","34","","","","NA"
"-79.80","43.30","BURLINGTON PIERS (AUT)","6151061","2024-07-04 19:00","2024","07","04","19:00","","26.9","","19.6","","64","","","","28","","5","","","","100.10","","34","","","","NA"
"-79.80","43.30","BURLINGTON PIERS (AUT)","6151061","2024-07-04 20:00","2024","07","04","20:00","","26.5","","19.5","","66","","","","25","","6","","","","100.14","","34","","","","NA"
"-79.80","43.30","BURLINGTON PIERS (AUT)","6151061","2024-07-04 21:00","2024","07","04","21:00","","26.0","","19.3","","67","","","","26","","4","","","","100.15","","33","","","","NA"
"-79.80","43.30","BURLINGTON PIERS (AUT)","6151061","2024-07-04 22:00","2024","07","04","22:00","","24.8","","19.9","","74","","","","30","","5","","","","100.17","","32","","","","NA"
"-79.80","43.30","BURLINGTON PIERS (AUT)","6151061","2024-07-04 23:00","2024","07","04","23:00","","24.4","","18.3","","69","","","","34","","7","","","","100.15","","31","","","","NA"
"-79.80","43.30","BURLINGTON PIERS (AUT)","6151061","2024-07-05 00:00","2024","07","05","00:00","","24.3","","17.3","","65","","","","1","","10","","","","100.11","","30","","","","NA"
"-79.80","43.30","BURLINGTON PIERS (AUT)","6151061","2024-07-05 01:00","2024","07","05","01:00","","22.6","","17.4","","72","","","","35","","4","","","","100.06","","28","","","","NA"
"-79.80","43.30","BURLINGTON PIERS (AUT)","6151061","2024-07-05 02:00","2024","07","05","02:00","","22.1","","17.2","","74","","","","","","0","","","","100.01","","28","","","","NA"
"-79.80","43.30","BURLINGTON PIERS (AUT)","6151061","2024-07-05 03:00","2024","07","05","03:00","","19.7","","17.6","","88","","","","","","0","","","","100.00","","","","","","NA"
"-79.80","43.30","BURLINGTON PIERS (AUT)","6151061","2024-07-05 04:00","2024","07","05","04:00","","21.1","","17.5","","80","","","","6","","5","","","","100.01","","27","","","","NA"
"-79.80","43.30","BURLINGTON PIERS (AUT)","6151061","2024-07-05 05:00","2024","07","05","05:00","","19.8","","17.4","","86","","","","7","","3","","","","100.05","","","","","","NA"
"-79.80","43.30","BURLINGTON PIERS (AUT)","6151061","2024-07-05 06:00","2024","07","05","06:00","","22.8","","17.7","","73","","","","","","0","","","","100.05","","29","","","","NA"
"-79.80","43.30","BURLINGTON PIERS (AUT)","6151061","2024-07-05 07:00","2024","07","05","07:00","","22.4","","17.3","","73","","","","1","","7","","","","100.08","","28","","","","NA"
"-79.80","43.30","BURLINGTON PIERS (AUT)","6151061","2024-07-05 08:00","2024","07","05","08:00","","22.2","","16.9","","72","","","","4","","5","","","","100.10","","27","","","","NA"
"-79.80","43.30","BURLINGTON PIERS (AUT)","6151061","2024-07-05 09:00","2024","07","05","09:00","","21.5","","17.1","","76","","","","12","","9","","","","100.10","","27","","","","NA"
"-79.80","43.30","BURLINGTON PIERS (AUT)","6151061","2024-07-05 10:00","2024","07","05","10:00","","21.9","","17.7","","77","","","","9","","4","","","","100.07","","28","","","","NA"
"-79.80","43.30","BURLINGTON PIERS (AUT)","6151061","2024-07-05 11:00","2024","07","05","11:00","","23.0","","17.6","","72","","","","","","0","","","","100.07","","29","","","","NA"
"-79.80","43.30","BURLINGTON PIERS (AUT)","6151061","2024-07-05 12:00","2024","07","05","12:00","","22.5","","17.2","","72","","","","8","","6","","","","100.06","","28","","","","NA"
"-79.80","43.30","BURLINGTON PIERS (AUT)","6151061","2024-07-05 13:00","2024","07","05","13:00","","23.0","","17.9","","73","","","","6","","3","","","","100.07","","29","","","","NA"
"-79.80","43.30","BURLINGTON PIERS (AUT)","6151061","2024-07-05 14:00","2024","07","05","14:00","","23.0","","17.7","","72","","","","1","","5","","","","100.01","","29","","","","NA"
"-79.80","43.30","BURLINGTON PIERS (AUT)","6151061","2024-07-05 15:00","2024","07","05","15:00","","22.8","","18.9","","79","","","","7","","7","","","","99.94","","29","","","","NA"
"-79.80","43.30","BURLINGTON PIERS (AUT)","6151061","2024-07-05 16:00","2024","07","05","16:00","","24.1","","15.6","","59","","","","30","","13","","","","99.97","","28","","","","NA"
"-79.80","43.30","BURLINGTON PIERS (AUT)","6151061","2024-07-05 17:00","2024","07","05","17:00","","21.8","","18.2","","80","","","","31","","18","","","","99.97","","28","","","","NA"
"-79.80","43.30","BURLINGTON PIERS (AUT)","6151061","2024-07-05 18:00","2024","07","05","18:00","","21.5","","17.9","","80","","","","33","","12","","","","99.93","","27","","","","NA"
"-79.80","43.30","BURLINGTON PIERS (AUT)","6151061","2024-07-05 19:00","2024","07","05","19:00","","21.7","","17.5","","77","","","","","","0","","","","99.89","","27","","","","NA"
"-79.80","43.30","BURLINGTON PIERS (AUT)","6151061","2024-07-05 20:00","2024","07","05","20:00","","20.5","","18.0","","85","","","","15","","12","","","","99.90","","27","","","","NA"
"-79.80","43.30","BURLINGTON PIERS (AUT)","6151061","2024-07-05 21:00","2024","07","05","21:00","","21.5","","18.9","","85","","","","32","","5","","","","99.98","","28","","","","NA"
"-79.80","43.30","BURLINGTON PIERS (AUT)","6151061","2024-07-05 22:00","2024","07","05","22:00","","21.6","","18.8","","84","","","","28","","4","","","","100.00","","28","","","","NA"
"-79.80","43.30","BURLINGTON PIERS (AUT)","6151061","2024-07-05 23:00","2024","07","05","23:00","","21.1","","19.1","","89","","","","25","","7","","","","99.98","","28","","","","NA"
"-79.80","43.30","BURLINGTON PIERS (AUT)","6151061","2024-07-06 00:00","2024","07","06","00:00","","21.0","","19.3","","90","","","","26","","7","","","","99.97","","28","","","","NA"
"-79.80","43.30","BURLINGTON PIERS (AUT)","6151061","2024-07-06 01:00","2024","07","06","01:00","","19.9","","18.5","","92","","","","","","0","","","","99.92","","","","","","NA"
"-79.80","43.30","BURLINGTON PIERS (AUT)","6151061","2024-07-06 02:00","2024","07","06","02:00","","20.1","","18.5","","91","","","","","","0","","","","99.90","","26","","","","NA"
"-79.80","43.30","BURLINGTON PIERS (AUT)","6151061","2024-07-06 03:00","2024","07","06","03:00","","20.4","","17.9","","85","","","","","","0","","","","99.89","","26","","","","NA"
"-79.80","43.30","BURLINGTON PIERS (AUT)","6151061","2024-07-06 04:00","2024","07","06","04:00","","18.7","","18.1","","96","","","","7","","5","","","","99.90","","","","","","NA"
"-79.80","43.30","BURLINGTON PIERS (AUT)","6151061","2024-07-06 05:00","2024","07","06","05:00","","18.8","","18.0","","95","","","","35","","3","","","","99.95","","","","","","NA"
"-79.80","43.30","BURLINGTON PIERS (AUT)","6151061","2024-07-06 06:00","2024","07","06","06:00","","19.5","","17.5","","88","","","","33","","5","","","","100.00","","","","","","NA"
"-79.80","43.30","BURLINGTON PIERS (AUT)","6151061","2024-07-06 07:00","2024","07","06","07:00","","20.8","","19.1","","90","","","","24","","9","","","","100.04","","28","","","","NA"
"-79.80","43.30","BURLINGTON PIERS (AUT)","6151061","2024-07-06 08:00","2024","07","06","08:00","","21.7","","19.0","","85","","","","22","","10","","","","100.08","","28","","","","NA"
"-79.80","43.30","BURLINGTON PIERS (AUT)","6151061","2024-07-06 09:00","2024","07","06","09:00","","23.2","","18.8","","76","","","","22","","10","","","","100.12","","30","","","","NA"
"-79.80","43.30","BURLINGTON PIERS (AUT)","6151061","2024-07-06 10:00","2024","07","06","10:00","","24.0","","18.2","","70","","","","23","","11","","","","100.13","","30","","","","NA"
"-79.80","43.30","BURLINGTON PIERS (AUT)","6151061","2024-07-06 11:00","2024","07","06","11:00","","25.1","","17.8","","64","","","","23","","11","","","","100.15","","31","","","","NA"
"-79.80","43.30","BURLINGTON PIERS (AUT)","6151061","2024-07-06 12:00","2024","07","06","12:00","","25.6","","17.5","","61","","","","23","","13","","","","100.14","","31","","","","NA"
"-79.80","43.30","BURLINGTON PIERS (AUT)","6151061","2024-07-06 13:00","2024","07","06","13:00","","26.1","","17.1","","58","","","","24","","13","","","","100.15","","31","","","","NA"
"-79.80","43.30","BURLINGTON PIERS (AUT)","6151061","2024-07-06 14:00","2024","07","06","14:00","","26.5","","16.2","","53","","","","26","","12","","","","100.16","","31","","","","NA"
"-79.80","43.30","BURLINGTON PIERS (AUT)","6151061","2024-07-06 15:00","2024","07","06","15:00","","26.6","","16.8","","55","","","","25","","12","","","","100.18","","32","","","","NA"
"-79.80","43.30","BURLINGTON PIERS (AUT)","6151061","2024-07-06 16:00","2024","07","06","16:00","","25.8","","17.4","","60","","","","23","","11","","","","100.20","","31","","","","NA"
"-79.80","43.30","BURLINGTON PIERS (AUT)","6151061","2024-07-06 17:00","2024","07","06","17:00","","25.5","","17.7","","62","","","","23","","15","","","","100.23","","31","","","","NA"
"-79.80","43.30","BURLINGTON PIERS (AUT)","6151061","2024-07-06 18:00","2024","07","06","18:00","","25.5","","17.9","","63","","","","24","","11","","","","100.26","","31","","","","NA"
"-79.80","43.30","BURLINGTON PIERS (AUT)","6151061","2024-07-06 19:00","2024","07","06","19:00","","24.9","","18.0","","65","","","","25","","10","","","","100.31","","31","","","","NA"
"-79.80","43.30","BURLINGTON PIERS (AUT)","6151061","2024-07-06 20:00","2024","07","06","20:00","","23.6","","18.2","","72","","","","26","","5","","","","100.37","","30","","","","NA"
"-79.80","43.30","BURLINGTON PIERS (AUT)","6151061","2024-07-06 21:00","2024","07","06","21:00","","23.2","","18.4","","74","","","","22","","4","","","","100.41","","30","","","","NA"
"-79.80","43.30","BURLINGTON PIERS (AUT)","6151061","2024-07-06 22:00","2024","07","06","22:00","","22.8","","18.8","","78","","","","26","","5","","","","100.45","","29","","","","NA"
"-79.80","43.30","BURLINGTON PIERS (AUT)","6151061","2024-07-06 23:00","2024","07","06","23:00","","21.9","","19.6","","87","","","","24","","5","","","","100.49","","29","","","","NA"
"-79.80","43.30","BURLINGTON PIERS (AUT)","6151061","2024-07-07 00:00","2024","07","07","00:00","","21.1","","18.1","","83","","","","25","","6","","","","100.56","","27","","","","NA"
"-79.80","43.30","BURLINGTON PIERS (AUT)","6151061","2024-07-07 01:00","2024","07","07","01:00","","20.4","","17.2","","82","","","","25","","6","","","","100.56","","26","","","","NA"
"-79.80","43.30","BURLINGTON PIERS (AUT)","6151061","2024-07-07 02:00","2024","07","07","02:00","","19.9","","17.1","","84","","","","25","","6","","","","100.59","","","","","","NA"
"-79.80","43.30","BURLINGTON PIERS (AUT)","6151061","2024-07-07 03:00","2024","07","07","03:00","","19.5","","17.1","","86","","","","26","","7","","","","100.61","","","","","","NA"
"-79.80","43.30","BURLINGTON PIERS (AUT)","6151061","2024-07-07 04:00","2024","07","07","04:00","","19.2","","16.6","","85","","","","23","","7","","","","100.61","","","","","","NA"
"-79.80","43.30","BURLINGTON PIERS (AUT)","6151061","2024-07-07 05:00","2024","07","07","05:00","","19.3","","16.9","","86","","","","24","","6","","","","100.64","","","","","","NA"
"-79.80","43.30","BURLINGTON PIERS (AUT)","6151061","2024-07-07 06:00","2024","07","07","06:00","","19.4","","17.2","","87","","","","25","","5","","","","100.71","","","","","","NA"
"-79.80","43.30","BURLINGTON PIERS (AUT)","6151061","2024-07-07 07:00","2024","07","07","07:00","","19.9","","17.6","","87","","","","24","","5","","","","100.77","","","","","","NA"
"-79.80","43.30","BURLINGTON PIERS (AUT)","6151061","2024-07-07 08:00","2024","07","07","08:00","","20.1","","16.9","","82","","","","6","","3","","","","100.79","","25","","","","NA"
"-79.80","43.30","BURLINGTON PIERS (AUT)","6151061","2024-07-07 09:00","2024","07","07","09:00","","20.5","","17.0","","80","","","","9","","8","","","","100.77","","26","","","","NA"
"-79.80","43.30","BURLINGTON PIERS (AUT)","6151061","2024-07-07 10:00","2024","07","07","10:00","","20.6","","16.7","","78","","","","10","","11","","","","100.79","","26","","","","NA"
"-79.80","43.30","BURLINGTON PIERS (AUT)","6151061","2024-07-07 11:00","2024","07","07","11:00","","20.7","","16.8","","79","","","","10","","17","","","","100.80","","26","","","","NA"
"-79.80","43.30","BURLINGTON PIERS (AUT)","6151061","2024-07-07 12:00","2024","07","07","12:00","","21.7","","14.8","","65","","","","9","","18","","","","100.81","","26","","","","NA"
"-79.80","43.30","BURLINGTON PIERS (AUT)","6151061","2024-07-07 13:00","2024","07","07","13:00","","21.0","","16.8","","77","","","","9","","19","","","","100.81","","26","","","","NA"
"-79.80","43.30","BURLINGTON PIERS (AUT)","6151061","2024-07-07 14:00","2024","07","07","14:00","","21.7","","16.2","","71","","","","9","","17","","","","100.81","","26","","","","NA"
"-79.80","43.30","BURLINGTON PIERS (AUT)","6151061","2024-07-07 15:00","2024","07","07","15:00","","21.9","","16.6","","72","","","","9","","18","","","","100.79","","27","","","","NA"
"-79.80","43.30","BURLINGTON PIERS (AUT)","6151061","2024-07-07 16:00","2024","07","07","16:00","","21.7","","17.4","","76","","","","9","","18","","","","100.73","","27","","","","NA"
"-79.80","43.30","BURLINGTON PIERS (AUT)","6151061","2024-07-07 17:00","2024","07","07","17:00","","21.5","","18.0","","80","","","","36","","7","","","","100.73","","28","","","","NA"
"-79.80","43.30","BURLINGTON PIERS (AUT)","6151061","2024-07-07 18:00","2024","07","07","18:00","","23.9","","15.0","","58","","","","1","","5","","","","100.71","","28","","","","NA"
"-79.80","43.30","BURLINGTON PIERS (AUT)","6151061","2024-07-07 19:00","2024","07","07","19:00","","25.1","","12.6","","46","","","","","","0","","","","100.71","","28","","","","NA"
"-79.80","43.30","BURLINGTON PIERS (AUT)","6151061","2024-07-07 20:00","2024","07","07","20:00","","25.5","","12.8","","45","","","","17","","13","","","","100.71","","28","","","","NA"
"-79.80","43.30","BURLINGTON PIERS (AUT)","6151061","2024-07-07 21:00","2024","07","07","21:00","","23.8","","13.9","","54","","","","18","","13","","","","100.75","","27","","","","NA"
"-79.80","43.30","BURLINGTON PIERS (AUT)","6151061","2024-07-07 22:00","2024","07","07","22:00","","22.9","","15.9","","64","","","","21","","10","","","","100.76","","27","","","","NA"
"-79.80","43.30","BURLINGTON PIERS (AUT)","6151061","2024-07-07 23:00","2024","07","07","23:00","","21.9","","16.1","","70","","","","26","","7","","","","100.77","","27","","","","NA"
"-79.80","43.30","BURLINGTON PIERS (AUT)","6151061","2024-07-08 00:00","2024","07","08","00:00","","21.5","","16.8","","74","","","","23","","8","","","","100.75","","27","","","","NA"
"-79.80","43.30","BURLINGTON PIERS (AUT)","6151061","2024-07-08 01:00","2024","07","08","01:00","","20.9","","16.2","","74","","","","25","","7","","","","100.76","","26","","","","NA"
"-79.80","43.30","BURLINGTON PIERS (AUT)","6151061","2024-07-08 02:00","2024","07","08","02:00","","20.8","","15.8","","73","","","","25","","9","","","","100.73","","25","","","","NA"
"-79.80","43.30","BURLINGTON PIERS (AUT)","6151061","2024-07-08 03:00","2024","07","08","03:00","","20.6","","16.4","","77","","","","24","","8","","","","100.74","","25","","","","NA"
"-79.80","43.30","BURLINGTON PIERS (AUT)","6151061","2024-07-08 04:00","2024","07","08","04:00","","20.4","","16.5","","78","","","","23","","9","","","","100.77","","25","","","","NA"
"-79.80","43.30","BURLINGTON PIERS (AUT)","6151061","2024-07-08 05:00","2024","07","08","05:00","","20.6","","15.8","","74","","","","22","","7","","","","100.84","","25","","","","NA"
"-79.80","43.30","BURLINGTON PIERS (AUT)","6151061","2024-07-08 06:00","2024","07","08","06:00","","20.5","","16.2","","76","","","","23","","11","","","","100.87","","25","","","","NA"
"-79.80","43.30","BURLINGTON PIERS (AUT)","6151061","2024-07-08 07:00","2024","07","08","07:00","","20.8","","15.9","","73","","","","23","","9","","","","100.86","","25","","","","NA"
"-79.80","43.30","BURLINGTON PIERS (AUT)","6151061","2024-07-08 08:00","2024","07","08","08:00","","22.4","","16.2","","68","","","","20","","3","","","","100.81","","27","","","","NA"
"-79.80","43.30","BURLINGTON PIERS (AUT)","6151061","2024-07-08 09:00","2024","07","08","09:00","","23.1","","16.5","","67","","","","8","","4","","","","100.83","","28","","","","NA"
"-79.80","43.30","BURLINGTON PIERS (AUT)","6151061","2024-07-08 10:00","2024","07","08","10:00","","21.7","","17.3","","76","","","","8","","11","","","","100.83","","27","","","","NA"
"-79.80","43.30","BURLINGTON PIERS (AUT)","6151061","2024-07-08 11:00","2024","07","08","11:00","","21.6","","17.0","","75","","","","8","","14","","","","100.81","","27","","","","NA"
"-79.80","43.30","BURLINGTON PIERS (AUT)","6151061","2024-07-08 12:00","2024","07","08","12:00","","22.2","","17.1","","73","","","","8","","16","","","","100.82","","28","","","","NA"
"-79.80","43.30","BURLINGTON PIERS (AUT)","6151061","2024-07-08 13:00","2024","07","08","13:00","","22.5","","18.3","","77","","","","9","","12","","","","100.78","","29","","","","NA"
"-79.80","43.30","BURLINGTON PIERS (AUT)","6151061","2024-07-08 14:00","2024","07","08","14:00","","22.3","","19.1","","82","","","","13","","10","","","","100.74","","29","","","","NA"
"-79.80","43.30","BURLINGTON PIERS (AUT)","6151061","2024-07-08 15:00","2024","07","08","15:00","","22.5","","18.7","","79","","","","10","","8","","","","100.71","","29","","","","NA"
"-79.80","43.30","BURLINGTON PIERS (AUT)","6151061","2024-07-08 16:00","2024","07","08","16:00","","22.9","","18.1","","74","","","","9","","17","","","","100.61","","29","","","","NA"
"-79.80","43.30","BURLINGTON PIERS (AUT)","6151061","2024-07-08 17:00","2024","07","08","17:00","","23.7","","17.8","","70","","","","2","","10","","","","100.56","","30","","","","NA"
"-79.80","43.30","BURLINGTON PIERS (AUT)","6151061","2024-07-08 18:00","2024","07","08","18:00","","23.3","","18.3","","74","","","","36","","5","","","","100.51","","30","","","","NA"
"-79.80","43.30","BURLINGTON PIERS (AUT)","6151061","2024-07-08 19:00","2024","07","08","19:00","","25.0","","19.0","","69","","","","","","0","","","","100.50","","32","","","","NA"
"-79.80","43.30","BURLINGTON PIERS (AUT)","6151061","2024-07-08 20:00","2024","07","08","20:00","","28.0","","15.4","","46","","","","19","","12","","","","100.53","","32","","","","NA"
"-79.80","43.30","BURLINGTON PIERS (AUT)","6151061","2024-07-08 21:00","2024","07","08","21:00","","26.7","","15.4","","50","","","","19","","11","","","","100.55","","31","","","","NA"
"-79.80","43.30","BURLINGTON PIERS (AUT)","6151061","2024-07-08 22:00","2024","07","08","22:00","","25.8","","16.3","","56","","","","21","","9","","","","100.55","","31","","","","NA"
"-79.80","43.30","BURLINGTON PIERS (AUT)","6151061","2024-07-08 23:00","2024","07","08","23:00","","24.1","","18.2","","69","","","","25","","6","","","","100.53","","30","","","","NA"
"-79.80","43.30","BURLINGTON PIERS (AUT)","6151061","2024-07-09 00:00","2024","07","09","00:00","","23.3","","17.7","","71","","","","26","","4","","","","100.52","","29","","","","NA"
"-79.80","43.30","BURLINGTON PIERS (AUT)","6151061","2024-07-09 01:00","2024","07","09","01:00","","23.1","","17.7","","72","","","","27","","4","","","","100.46","","29","","","","NA"
"-79.80","43.30","BURLINGTON PIERS (AUT)","6151061","2024-07-09 02:00","2024","07","09","02:00","","23.1","","17.3","","70","","","","","","0","","","","100.40","","29","","","","NA"
"-79.80","43.30","BURLINGTON PIERS (AUT)","6151061","2024-07-09 03:00","2024","07","09","03:00","","23.3","","16.7","","67","","","","28","","3","","","","100.38","","28","","","","NA"
"-79.80","43.30","BURLINGTON PIERS (AUT)","6151061","2024-07-09 04:00","2024","07","09","04:00","","23.2","","16.7","","67","","","","","","0","","","","100.37","","28","","","","NA"
"-79.80","43.30","BURLINGTON PIERS (AUT)","6151061","2024-07-09 05:00","2024","07","09","05:00","","23.3","","16.7","","66","","","","25","","5","","","","100.40","","28","","","","NA"
"-79.80","43.30","BURLINGTON PIERS (AUT)","6151061","2024-07-09 06:00","2024","07","09","06:00","","23.4","","17.3","","68","","","","25","","7","","","","100.43","","29","","","","NA"
"-79.80","43.30","BURLINGTON PIERS (AUT)","6151061","2024-07-09 07:00","2024","07","09","07:00","","22.9","","18.1","","74","","","","23","","7","","","","100.42","","29","","","","NA"
"-79.80","43.30","BURLINGTON PIERS (AUT)","6151061","2024-07-09 08:00","2024","07","09","08:00","","23.7","","18.1","","71","","","","18","","5","","","","100.43","","30","","","","NA"
"-79.80","43.30","BURLINGTON PIERS (AUT)","6151061","2024-07-09 09:00","2024","07","09","09:00","","22.7","","17.4","","72","","","","13","","8","","","","100.41","","28","","","","NA"
"-79.80","43.30","BURLINGTON PIERS (AUT)","6151061","2024-07-09 10:00","2024","07","09","10:00","","23.2","","19.3","","79","","","","6","","3","","","","100.41","","30","","","","NA"
"-79.80","43.30","BURLINGTON PIERS (AUT)","6151061","2024-07-09 11:00","2024","07","09","11:00","","25.8","","19.4","","68","","","","","","0","","","","100.42","","33","","","","NA"
"-79.80","43.30","BURLINGTON PIERS (AUT)","6151061","2024-07-09 12:00","2024","07","09","12:00","","26.8","","19.5","","64","","","","26","","8","","","","100.42","","34","","","","NA"
"-79.80","43.30","BURLINGTON PIERS (AUT)","6151061","2024-07-09 13:00","2024","07","09","13:00","","26.9","","19.9","","66","","","","24","","11","","","","100.41","","34","","","","NA"
"-79.80","43.30","BURLINGTON PIERS (AUT)","6151061","2024-07-09 14:00","2024","07","09","14:00","","26.8","","20.3","","67","","","","26","","9","","","","100.39","","35","","","","NA"
"-79.80","43.30","BURLINGTON PIERS (AUT)","6151061","2024-07-09 15:00","2024","07","09","15:00","","26.9","","20.0","","66","","","","23","","10","","","","100.35","","34","","","","NA"
"-79.80","43.30","BURLINGTON PIERS (AUT)","6151061","2024-07-09 16:00","2024","07","09","16:00","","27.1","","20.3","","66","","","","26","","9","","","","100.32","","35","","","","NA"
"-79.80","43.30","BURLINGTON PIERS (AUT)","6151061","2024-07-09 17:00","2024","07","09","17:00","","27.4","","20.1","","64","","","","25","","8","","","","100.30","","35","","","","NA"
"-79.80","43.30","BURLINGTON PIERS (AUT)","6151061","2024-07-09 18:00","2024","07","09","18:00","","27.0","","20.1","","66","","","","23","","8","","","","100.28","","35","","","","NA"
"-79.80","43.30","BURLINGTON PIERS (AUT)","6151061","2024-07-09 19:00","2024","07","09","19:00","","27.0","","20.2","","66","","","","25","","6","","","","100.30","","35","","","","NA"
"-79.80","43.30","BURLINGTON PIERS (AUT)","6151061","2024-07-09 20:00","2024","07","09","20:00","","26.5","","20.4","","69","","","","28","","5","","","","100.26","","34","","","","NA"
"-79.80","43.30","BURLINGTON PIERS (AUT)","6151061","2024-07-09 21:00","2024","07","09","21:00","","26.1","","20.6","","72","","","","28","","4","","","","100.28","","34","","","","NA"
"-79.80","43.30","BURLINGTON PIERS (AUT)","6151061","2024-07-09 22:00","2024","07","09","22:00","","25.1","","21.3","","80","","","","18","","3","","","","100.26","","34","","","","NA"
"-79.80","43.30","BURLINGTON PIERS (AUT)","6151061","2024-07-09 23:00","2024","07","09","23:00","","24.6","","20.8","","80","","","","26","","3","","","","100.25","","33","","","","NA"
"-79.80","43.30","BURLINGTON PIERS (AUT)","6151061","2024-07-10 00:00","2024","07","10","00:00","","24.5","","17.9","","67","","","","35","","13","","","","100.20","","30","","","","NA"
"-79.80","43.30","BURLINGTON PIERS (AUT)","6151061","2024-07-10 01:00","2024","07","10","01:00","","23.0","","18.4","","75","","","","3","","10","","","","100.16","","29","","","","NA"
"-79.80","43.30","BURLINGTON PIERS (AUT)","6151061","2024-07-10 02:00","2024","07","10","02:00","","21.9","","19.5","","86","","","","4","","14","","","","100.10","","29","","","","NA"
"-79.80","43.30","BURLINGTON PIERS (AUT)","6151061","2024-07-10 03:00","2024","07","10","03:00","","21.3","","19.9","","92","","","","7","","14","","","","99.97","","29","","","","NA"
"-79.80","43.30","BURLINGTON PIERS (AUT)","6151061","2024-07-10 04:00","2024","07","10","04:00","","21.7","","17.8","","78","","","","7","","11","","","","99.99","","28","","","","NA"
"-79.80","43.30","BURLINGTON PIERS (AUT)","6151061","2024-07-10 05:00","2024","07","10","05:00","","20.4","","18.7","","90","","","","2","","27","","","","99.92","","27","","","","NA"
"-79.80","43.30","BURLINGTON PIERS (AUT)","6151061","2024-07-10 06:00","2024","07","10","06:00","","19.6","","18.1","","91","","","","35","","31","","","","99.83","","","","","","NA"
"-79.80","43.30","BURLINGTON PIERS (AUT)","6151061","2024-07-10 07:00","2024","07","10","07:00","","18.9","","18.1","","95","","","","1","","22","","","","99.80","","","","","","NA"
"-79.80","43.30","BURLINGTON PIERS (AUT)","6151061","2024-07-10 08:00","2024","07","10","08:00","","19.4","","18.5","","94","","","","2","","30","","","","99.75","","","","","","NA"
"-79.80","43.30","BURLINGTON PIERS (AUT)","6151061","2024-07-10 09:00","2024","07","10","09:00","","19.5","","18.2","","93","","","","1","","30","","","","99.76","","","","","","NA"
"-79.80","43.30","BURLINGTON PIERS (AUT)","6151061","2024-07-10 10:00","2024","07","10","10:00","","19.6","","18.3","","92","","","","3","","34","","","","99.64","","","","","","NA"
"-79.80","43.30","BURLINGTON PIERS (AUT)","6151061","2024-07-10 11:00","2024","07","10","11:00","","19.8","","18.8","","94","","","","2","","25","","","","99.64","","","","","","NA"
"-79.80","43.30","BURLINGTON PIERS (AUT)","6151061","2024-07-10 12:00","2024","07","10","12:00","","20.2","","19.2","","94","","","","2","","28","","","","99.62","","27","","","","NA"
"-79.80","43.30","BURLINGTON PIERS (AUT)","6151061","2024-07-10 13:00","2024","07","10","13:00","","20.4","","19.4","","94","","","","1","","25","","","","99.63","","27","","","","NA"
"-79.80","43.30","BURLINGTON PIERS (AUT)","6151061","2024-07-10 14:00","2024","07","10","14:00","","21.1","","19.1","","89","","","","1","","25","","","","99.54","","28","","","","NA"
"-79.80","43.30","BURLINGTON PIERS (AUT)","6151061","2024-07-10 15:00","2024","07","10","15:00","","20.9","","18.8","","88","","","","3","","22","","","","99.53","","28","","","","NA"
"-79.80","43.30","BURLINGTON PIERS (AUT)","6151061","2024-07-10 16:00","2024","07","10","16:00","","20.7","","19.1","","91","","","","4","","24","","","","99.55","","28","","","","NA"
"-79.80","43.30","BURLINGTON PIERS (AUT)","6151061","2024-07-10 17:00","2024","07","10","17:00","","20.2","","19.1","","93","","","","6","","22","","","","99.61","","27","","","","NA"
"-79.80","43.30","BURLINGTON PIERS (AUT)","6151061","2024-07-10 18:00","2024","07","10","18:00","","20.6","","19.6","","94","","","","6","","12","","","","99.65","","28","","","","NA"
"-79.80","43.30","BURLINGTON PIERS (AUT)","6151061","2024-07-10 19:00","2024","07","10","19:00","","20.8","","19.4","","92","","","","6","","16","","","","99.65","","28","","","","NA"
"-79.80","43.30","BURLINGTON PIERS (AUT)","6151061","2024-07-10 20:00","2024","07","10","20:00","","20.5","","19.1","","92","","","","5","","12","","","","99.62","","27","","","","NA"
"-79.80","43.30","BURLINGTON PIERS (AUT)","6151061","2024-07-10 21:00","2024","07","10","21:00","","19.9","","19.3","","96","","","","7","","14","","","","99.67","","","","","","NA"
"-79.80","43.30","BURLINGTON PIERS (AUT)","6151061","2024-07-10 22:00","2024","07","10","22:00","","19.8","","19.3","","97","","","","1","","10","","","","99.69","","","","","","NA"
"-79.80","43.30","BURLINGTON PIERS (AUT)","6151061","2024-07-10 23:00","2024","07","10","23:00","","19.4","","18.2","","93","","","","34","","22","","","","99.69","","","","","","NA"
"-79.80","43.30","BURLINGTON PIERS (AUT)","6151061","2024-07-11 00:00","2024","07","11","00:00","","19.4","","18.2","","93","","","","34","","22","","","","99.69","","","","","","NA"
"-79.80","43.30","BURLINGTON PIERS (AUT)","6151061","2024-07-11 01:00","2024","07","11","01:00","","19.2","","18.1","","93","","","","34","","23","","","","99.71","","","","","","NA"
"-79.80","43.30","BURLINGTON PIERS (AUT)","6151061","2024-07-11 02:00","2024","07","11","02:00","","19.5","","17.9","","91","","","","34","","26","","","","99.73","","","","","","NA"
"-79.80","43.30","BURLINGTON PIERS (AUT)","6151061","2024-07-11 03:00","2024","07","11","03:00","","19.0","","17.9","","93","","","","34","","29","","","","99.77","","","","","","NA"
"-79.80","43.30","BURLINGTON PIERS (AUT)","6151061","2024-07-11 04:00","2024","07","11","04:00","","19.0","","17.7","","92","","","","34","","27","","","","99.87","","","","","","NA"
"-79.80","43.30","BURLINGTON PIERS (AUT)","6151061","2024-07-11 05:00","2024","07","11","05:00","","18.9","","17.6","","92","","","","34","","28","","","","99.99","","","","","","NA"
"-79.80","43.30","BURLINGTON PIERS (AUT)","6151061","2024-07-11 06:00","2024","07","11","06:00","","18.7","","17.3","","92","","","","33","","27","","","","100.11","","","","","","NA"
"-79.80","43.30","BURLINGTON PIERS (AUT)","6151061","2024-07-11 07:00","2024","07","11","07:00","","19.4","","17.3","","88","","","","32","","23","","","","100.25","","","","","","NA"
"-79.80","43.30","BURLINGTON PIERS (AUT)","6151061","2024-07-11 08:00","2024","07","11","08:00","","19.9","","17.5","","86","","","","33","","23","","","","100.35","","","","","","NA"
"-79.80","43.30","BURLINGTON PIERS (AUT)","6151061","2024-07-11 09:00","2024","07","11","09:00","","21.5","","17.6","","79","","","","34","","24","","","","100.44","","27","","","","NA"
"-79.80","43.30","BURLINGTON PIERS (AUT)","6151061","2024-07-11 10:00","2024","07","11","10:00","","21.5","","17.1","","76","","","","34","","27","","","","100.50","","27","","","","NA"
"-79.80","43.30","BURLINGTON PIERS (AUT)","6151061","2024-07-11 11:00","2024","07","11","11:00","","22.3","","17.5","","74","","","","34","","10","","","","100.56","","28","","","","NA"
"-79.80","43.30","BURLINGTON PIERS (AUT)","6151061","2024-07-11 12:00","2024","07","11","12:00","","23.6","","16.7","","65","","","","33","","14","","","","100.61","","29","","","","NA"
"-79.80","43.30","BURLINGTON PIERS (AUT)","6151061","2024-07-11 13:00","2024","07","11","13:00","","22.5","","18.1","","76","","","","10","","5","","","","100.66","","29","","","","NA"
"-79.80","43.30","BURLINGTON PIERS (AUT)","6151061","2024-07-11 14:00","2024","07","11","14:00","","23.0","","16.9","","69","","","","14","","9","","","","100.68","","28","","","","NA"
"-79.80","43.30","BURLINGTON PIERS (AUT)","6151061","2024-07-11 15:00","2024","07","11","15:00","","22.3","","18.1","","77","","","","11","","11","","","","100.70","","28","","","","NA"
"-79.80","43.30","BURLINGTON PIERS (AUT)","6151061","2024-07-11 16:00","2024","07","11","16:00","","22.5","","17.9","","75","","","","13","","9","","","","100.73","","28","","","","NA"
"-79.80","43.30","BURLINGTON PIERS (AUT)","6151061","2024-07-11 17:00","2024","07","11","17:00","","22.3","","18.8","","81","","","","12","","8","","","","100.75","","29","","","","NA"
"-79.80","43.30","BURLINGTON PIERS (AUT)","6151061","2024-07-11 18:00","2024","07","11","18:00","","24.4","","17.6","","66","","","","14","","11","","","","100.78","","30","","","","NA"
"-79.80","43.30","BURLINGTON PIERS (AUT)","6151061","2024-07-11 19:00","2024","07","11","19:00","","25.2","","18.7","","67","","","","16","","10","","","","100.83","","32","","","","NA"
"-79.80","43.30","BURLINGTON PIERS (AUT)","6151061","2024-07-11 20:00","2024","07","11","20:00","","24.5","","18.9","","71","","","","17","","9","","","","100.87","","31","","","","NA"
"-79.80","43.30","BURLINGTON PIERS (AUT)","6151061","2024-07-11 21:00","2024","07","11","21:00","","23.9","","19.8","","78","","","","23","","5","","","","100.91","","31","","","","NA"
"-79.80","43.30","BURLINGTON PIERS (AUT)","6151061","2024-07-11 22:00","2024","07","11","22:00","","23.4","","19.9","","81","","","","23","","3","","","","100.95","","31","","","","NA"
"-79.80","43.30","BURLINGTON PIERS (AUT)","6151061","2024-07-11 23:00","2024","07","11","23:00","","23.0","","20.2","","84","","","","27","","4","","","","100.97","","31","","","","NA"
"-79.80","43.30","BURLINGTON PIERS (AUT)","6151061","2024-07-12 00:00","2024","07","12","00:00","","23.1","","19.5","","80","","","","27","","4","","","","100.99","","30","","","","NA"
"-79.80","43.30","BURLINGTON PIERS (AUT)","6151061","2024-07-12 01:00","2024","07","12","01:00","","22.6","","17.1","","71","","","","32","","4","","","","101.00","","28","","","","NA"
"-79.80","43.30","BURLINGTON PIERS (AUT)","6151061","2024-07-12 02:00","2024","07","12","02:00","","21.8","","17.5","","76","","","","","","0","","","","101.00","","27","","","","NA"
"-79.80","43.30","BURLINGTON PIERS (AUT)","6151061","2024-07-12 03:00","2024","07","12","03:00","","20.9","","17.8","","82","","","","","","0","","","","100.99","","27","","","","NA"
"-79.80","43.30","BURLINGTON PIERS (AUT)","6151061","2024-07-12 04:00","2024","07","12","04:00","","20.3","","18.0","","87","","","","33","","4","","","","101.01","","26","","","","NA"
"-79.80","43.30","BURLINGTON PIERS (AUT)","6151061","2024-07-12 05:00","2024","07","12","05:00","","20.1","","17.3","","84","","","","","","0","","","","101.06","","26","","","","NA"
"-79.80","43.30","BURLINGTON PIERS (AUT)","6151061","2024-07-12 06:00","2024","07","12","06:00","","20.6","","18.5","","88","","","","16","","4","","","","101.11","","27","","","","NA"
"-79.80","43.30","BURLINGTON PIERS (AUT)","6151061","2024-07-12 07:00","2024","07","12","07:00","","20.9","","17.9","","83","","","","14","","5","","","","101.16","","27","","","","NA"
"-79.80","43.30","BURLINGTON PIERS (AUT)","6151061","2024-07-12 08:00","2024","07","12","08:00","","22.8","","15.7","","64","","","","","","0","","","","101.19","","27","","","","NA"
"-79.80","43.30","BURLINGTON PIERS (AUT)","6151061","2024-07-12 09:00","2024","07","12","09:00","","22.2","","17.2","","73","","","","4","","6","","","","101.21","","28","","","","NA"
"-79.80","43.30","BURLINGTON PIERS (AUT)","6151061","2024-07-12 10:00","2024","07","12","10:00","","22.3","","17.0","","72","","","","3","","8","","","","101.21","","28","","","","NA"
"-79.80","43.30","BURLINGTON PIERS (AUT)","6151061","2024-07-12 11:00","2024","07","12","11:00","","22.3","","18.0","","76","","","","6","","10","","","","101.21","","28","","","","NA"
"-79.80","43.30","BURLINGTON PIERS (AUT)","6151061","2024-07-12 12:00","2024","07","12","12:00","","22.5","","18.9","","80","","","","7","","9","","","","101.19","","29","","","","NA"
"-79.80","43.30","BURLINGTON PIERS (AUT)","6151061","2024-07-12 13:00","2024","07","12","13:00","","22.4","","19.8","","85","","","","6","","9","","","","101.12","","30","","","","NA"
"-79.80","43.30","BURLINGTON PIERS (AUT)","6151061","2024-07-12 14:00","2024","07","12","14:00","","22.5","","20.4","","87","","","","6","","10","","","","101.09","","30","","","","NA"
"-79.80","43.30","BURLINGTON PIERS (AUT)","6151061","2024-07-12 15:00","2024","07","12","15:00","","22.6","","20.7","","89","","","","7","","14","","","","101.05","","31","","","","NA"
"-79.80","43.30","BURLINGTON PIERS (AUT)","6151061","2024-07-12 16:00","2024","07","12","16:00","","24.2","","19.4","","75","","","","3","","14","","","","101.01","","31","","","","NA"
"-79.80","43.30","BURLINGTON PIERS (AUT)","6151061","2024-07-12 17:00","2024","07","12","17:00","","23.6","","17.9","","70","","","","2","","20","","","","101.01","","30","","","","NA"
"-79.80","43.30","BURLINGTON PIERS (AUT)","6151061","2024-07-12 18:00","2024","07","12","18:00","","19.7","","18.8","","94","","","","33","","42","","","","101.09","","","","","","NA"
"-79.80","43.30","BURLINGTON PIERS (AUT)","6151061","2024-07-12 19:00","2024","07","12","19:00","","20.4","","19.2","","93","","","","2","","16","","","","101.15","","27","","","","NA"
"-79.80","43.30","BURLINGTON PIERS (AUT)","6151061","2024-07-12 20:00","2024","07","12","20:00","","20.7","","19.6","","94","","","","22","","4","","","","101.12","","28","","","","NA"
"-79.80","43.30","BURLINGTON PIERS (AUT)","6151061","2024-07-12 21:00","2024","07","12","21:00","","20.9","","19.2","","90","","","","22","","6","","","","101.12","","28","","","","NA"
"-79.80","43.30","BURLINGTON PIERS (AUT)","6151061","2024-07-12 22:00","2024","07","12","22:00","","20.3","","19.2","","93","","","","26","","8","","","","101.14","","27","","","","NA"
"-79.80","43.30","BURLINGTON PIERS (AUT)","6151061","2024-07-12 23:00","2024","07","12","23:00","","20.3","","18.6","","90","","","","26","","6","","","","101.13","","27","","","","NA"
"-79.80","43.30","BURLINGTON PIERS (AUT)","6151061","2024-07-13 00:00","2024","07","13","00:00","","20.1","","18.6","","91","","","","27","","4","","","","101.16","","27","","","","NA"
"-79.80","43.30","BURLINGTON PIERS (AUT)","6151061","2024-07-13 01:00","2024","07","13","01:00","","20.0","","18.5","","91","","","","26","","3","","","","101.16","","26","","","","NA"
"-79.80","43.30","BURLINGTON PIERS (AUT)","6151061","2024-07-13 02:00","2024","07","13","02:00","","19.8","","18.7","","93","","","","","","0","","","","101.14","","","","","","NA"
"-79.80","43.30","BURLINGTON PIERS (AUT)","6151061","2024-07-13 03:00","2024","07","13","03:00","","19.9","","18.3","","91","","","","23","","5","","","","101.14","","","","","","NA"
"-79.80","43.30","BURLINGTON PIERS (AUT)","6151061","2024-07-13 04:00","2024","07","13","04:00","","19.4","","18.1","","92","","","","23","","4","","","","101.19","","","","","","NA"
"-79.80","43.30","BURLINGTON PIERS (AUT)","6151061","2024-07-13 05:00","2024","07","13","05:00","","19.8","","17.8","","89","","","","24","","5","","","","101.21","","","","","","NA"
"-79.80","43.30","BURLINGTON PIERS (AUT)","6151061","2024-07-13 06:00","2024","07","13","06:00","","19.7","","18.3","","92","","","","24","","7","","","","101.24","","","","","","NA"
"-79.80","43.30","BURLINGTON PIERS (AUT)","6151061","2024-07-13 07:00","2024","07","13","07:00","","20.2","","18.1","","88","","","","21","","6","","","","101.27","","26","","","","NA"
"-79.80","43.30","BURLINGTON PIERS (AUT)","6151061","2024-07-13 08:00","2024","07","13","08:00","","21.4","","16.7","","74","","","","22","","6","","","","101.30","","26","","","","NA"
"-79.80","43.30","BURLINGTON PIERS (AUT)","6151061","2024-07-13 09:00","2024","07","13","09:00","","22.6","","16.9","","70","","","","22","","7","","","","101.29","","28","","","","NA"
"-79.80","43.30","BURLINGTON PIERS (AUT)","6151061","2024-07-13 10:00","2024","07","13","10:00","","23.6","","17.1","","67","","","","20","","5","","","","101.29","","29","","","","NA"
"-79.80","43.30","BURLINGTON PIERS (AUT)","6151061","2024-07-13 11:00","2024","07","13","11:00","","23.9","","17.2","","66","","","","11","","8","","","","101.29","","29","","","","NA"
"-79.80","43.30","BURLINGTON PIERS (AUT)","6151061","2024-07-13 12:00","2024","07","13","12:00","","23.4","","17.3","","69","","","","10","","12","","","","101.27","","29","","","","NA"
"-79.80","43.30","BURLINGTON PIERS (AUT)","6151061","2024-07-13 13:00","2024","07","13","13:00","","23.2","","18.3","","74","","","","12","","14","","","","101.22","","29","","","","NA"
"-79.80","43.30","BURLINGTON PIERS (AUT)","6151061","2024-07-13 14:00","2024","07","13","14:00","","23.6","","18.2","","72","","","","12","","15","","","","101.21","","30","","","","NA"
"-79.80","43.30","BURLINGTON PIERS (AUT)","6151061","2024-07-13 15:00","2024","07","13","15:00","","24.6","","15.9","","58","","","","11","","18","","","","101.16","","29","","","","NA"
"-79.80","43.30","BURLINGTON PIERS (AUT)","6151061","2024-07-13 16:00","2024","07","13","16:00","","24.9","","15.9","","57","","","","9","","15","","","","101.10","","29","","","","NA"
"-79.80","43.30","BURLINGTON PIERS (AUT)","6151061","2024-07-13 17:00","2024","07","13","17:00","","24.7","","16.7","","61","","","","10","","15","","","","101.06","","30","","","","NA"
"-79.80","43.30","BURLINGTON PIERS (AUT)","6151061","2024-07-13 18:00","2024","07","13","18:00","","25.3","","16.0","","56","","","","11","","13","","","","101.04","","30","","","","NA"
"-79.80","43.30","BURLINGTON PIERS (AUT)","6151061","2024-07-13 19:00","2024","07","13","19:00","","25.0","","18.7","","68","","","","12","","4","","","","101.03","","32","","","","NA"
"-79.80","43.30","BURLINGTON PIERS (AUT)","6151061","2024-07-13 20:00","2024","07","13","20:00","","26.6","","18.9","","63","","","","19","","11","","","","101.01","","33","","","","NA"
"-79.80","43.30","BURLINGTON PIERS (AUT)","6151061","2024-07-13 21:00","2024","07","13","21:00","","25.8","","18.4","","63","","","","19","","6","","","","101.00","","32","","","","NA"
"-79.80","43.30","BURLINGTON PIERS (AUT)","6151061","2024-07-13 22:00","2024","07","13","22:00","","25.1","","19.2","","70","","","","22","","7","","","","100.99","","32","","","","NA"
"-79.80","43.30","BURLINGTON PIERS (AUT)","6151061","2024-07-13 23:00","2024","07","13","23:00","","23.8","","19.1","","75","","","","27","","5","","","","100.98","","31","","","","NA"
"-79.80","43.30","BURLINGTON PIERS (AUT)","6151061","2024-07-14 00:00","2024","07","14","00:00","","23.4","","19.0","","76","","","","26","","7","","","","100.98","","30","","","","NA"
"-79.80","43.30","BURLINGTON PIERS (AUT)","6151061","2024-07-14 01:00","2024","07","14","01:00","","22.8","","18.8","","78","","","","25","","9","","","","100.95","","29","","","","NA"
"-79.80","43.30","BURLINGTON PIERS (AUT)","6151061","2024-07-14 02:00","2024","07","14","02:00","","22.5","","19.2","","81","","","","24","","5","","","","100.89","","29","","","","NA"
"-79.80","43.30","BURLINGTON PIERS (AUT)","6151061","2024-07-14 03:00","2024","07","14","03:00","","22.0","","19.3","","85","","","","24","","4","","","","100.82","","29","","","","NA"
"-79.80","43.30","BURLINGTON PIERS (AUT)","6151061","2024-07-14 04:00","2024","07","14","04:00","","21.7","","19.0","","84","","","","23","","6","","","","100.85","","28","","","","NA"
"-79.80","43.30","BURLINGTON PIERS (AUT)","6151061","2024-07-14 05:00","2024","07","14","05:00","","21.3","","19.0","","87","","","","24","","5","","","","100.82","","28","","","","NA"
"-79.80","43.30","BURLINGTON PIERS (AUT)","6151061","2024-07-14 06:00","2024","07","14","06:00","","21.9","","18.7","","82","","","","23","","4","","","","100.84","","28","","","","NA"
"-79.80","43.30","BURLINGTON PIERS (AUT)","6151061","2024-07-14 07:00","2024","07","14","07:00","","21.8","","19.0","","84","","","","12","","5","","","","100.81","","29","","","","NA"
"-79.80","43.30","BURLINGTON PIERS (AUT)","6151061","2024-07-14 08:00","2024","07","14","08:00","","23.2","","18.9","","77","","","","","","0","","","","100.79","","30","","","","NA"
"-79.80","43.30","BURLINGTON PIERS (AUT)","6151061","2024-07-14 09:00","2024","07","14","09:00","","23.2","","18.7","","76","","","","4","","5","","","","100.74","","30","","","","NA"
"-79.80","43.30","BURLINGTON PIERS (AUT)","6151061","2024-07-14 10:00","2024","07","14","10:00","","23.2","","19.9","","82","","","","6","","10","","","","100.67","","31","","","","NA"
"-79.80","43.30","BURLINGTON PIERS (AUT)","6151061","2024-07-14 11:00","2024","07","14","11:00","","27.9","","20.8","","65","","","","17","","5","","","","100.56","","36","","","","NA"
"-79.80","43.30","BURLINGTON PIERS (AUT)","6151061","2024-07-14 12:00","2024","07","14","12:00","","28.9","","19.3","","56","","","","19","","22","","","","100.48","","36","","","","NA"
"-79.80","43.30","BURLINGTON PIERS (AUT)","6151061","2024-07-14 13:00","2024","07","14","13:00","","21.2","","20.2","","94","","","","26","","23","","","","100.62","","29","","","","NA"
"-79.80","43.30","BURLINGTON PIERS (AUT)","6151061","2024-07-14 14:00","2024","07","14","14:00","","22.7","","20.9","","89","","","","8","","4","","","","100.43","","31","","","","NA"
"-79.80","43.30","BURLINGTON PIERS (AUT)","6151061","2024-07-14 15:00","2024","07","14","15:00","","22.3","","20.7","","91","","","","5","","8","","","","100.41","","30","","","","NA"
"-79.80","43.30","BURLINGTON PIERS (AUT)","6151061","2024-07-14 16:00","2024","07","14","16:00","","22.5","","20.9","","90","","","","3","","9","","","","100.34","","31","","","","NA"
"-79.80","43.30","BURLINGTON PIERS (AUT)","6151061","2024-07-14 17:00","2024","07","14","17:00","","24.7","","21.2","","81","","","","4","","6","","","","100.28","","33","","","","NA"
"-79.80","43.30","BURLINGTON PIERS (AUT)","6151061","2024-07-14 18:00","2024","07","14","18:00","","28.1","","19.6","","60","","","","21","","18","","","","100.23","","35","","","","NA"
"-79.80","43.30","BURLINGTON PIERS (AUT)","6151061","2024-07-14 19:00","2024","07","14","19:00","","27.8","","19.3","","60","","","","21","","18","","","","100.27","","35","","","","NA"
"-79.80","43.30","BURLINGTON PIERS (AUT)","6151061","2024-07-14 20:00","2024","07","14","20:00","","26.7","","19.9","","67","","","","21","","15","","","","100.21","","34","","","","NA"
"-79.80","43.30","BURLINGTON PIERS (AUT)","6151061","2024-07-14 21:00","2024","07","14","21:00","","25.8","","20.8","","74","","","","22","","8","","","","100.23","","34","","","","NA"
"-79.80","43.30","BURLINGTON PIERS (AUT)","6151061","2024-07-14 22:00","2024","07","14","22:00","","25.1","","20.9","","77","","","","24","","5","","","","100.22","","33","","","","NA"
"-79.80","43.30","BURLINGTON PIERS (AUT)","6151061","2024-07-14 23:00","2024","07","14","23:00","","24.7","","21.3","","82","","","","23","","12","","","","100.18","","33","","","","NA"
"-79.80","43.30","BURLINGTON PIERS (AUT)","6151061","2024-07-15 00:00","2024","07","15","00:00","","23.9","","21.2","","85","","","","24","","7","","","","100.17","","32","","","","NA"
"-79.80","43.30","BURLINGTON PIERS (AUT)","6151061","2024-07-15 01:00","2024","07","15","01:00","","23.3","","21.2","","88","","","","24","","8","","","","100.17","","32","","","","NA"
"-79.80","43.30","BURLINGTON PIERS (AUT)","6151061","2024-07-15 02:00","2024","07","15","02:00","","22.9","","20.8","","88","","","","24","","8","","","","100.16","","31","","","","NA"
"-79.80","43.30","BURLINGTON PIERS (AUT)","6151061","2024-07-15 03:00","2024","07","15","03:00","","22.5","","20.9","","91","","","","25","","8","","","","100.13","","31","","","","NA"
"-79.80","43.30","BURLINGTON PIERS (AUT)","6151061","2024-07-15 04:00","2024","07","15","04:00","","22.4","","21.1","","92","","","","24","","6","","","","100.12","","31","","","","NA"
"-79.80","43.30","BURLINGTON PIERS (AUT)","6151061","2024-07-15 05:00","2024","07","15","05:00","","22.4","","21.2","","93","","","","26","","4","","","","100.14","","31","","","","NA"
"-79.80","43.30","BURLINGTON PIERS (AUT)","6151061","2024-07-15 06:00","2024","07","15","06:00","","22.4","","21.2","","93","","","","22","","8","","","","100.18","","31","","","","NA"
"-79.80","43.30","BURLINGTON PIERS (AUT)","6151061","2024-07-15 07:00","2024","07","15","07:00","","23.3","","21.1","","88","","","","23","","7","","","","100.23","","32","","","","NA"
"-79.80","43.30","BURLINGTON PIERS (AUT)","6151061","2024-07-15 08:00","2024","07","15","08:00","","23.5","","21.5","","89","","","","23","","11","","","","100.24","","32","","","","NA"
"-79.80","43.30","BURLINGTON PIERS (AUT)","6151061","2024-07-15 09:00","2024","07","15","09:00","","23.7","","21.1","","85","","","","27","","4","","","","100.21","","32","","","","NA"
"-79.80","43.30","BURLINGTON PIERS (AUT)","6151061","2024-07-15 10:00","2024","07","15","10:00","","23.5","","21.6","","89","","","","12","","4","","","","100.16","","32","","","","NA"
"-79.80","43.30","BURLINGTON PIERS (AUT)","6151061","2024-07-15 11:00","2024","07","15","11:00","","22.9","","21.8","","93","","","","9","","10","","","","100.04","","32","","","","NA"
"-79.80","43.30","BURLINGTON PIERS (AUT)","6151061","2024-07-15 12:00","2024","07","15","12:00","","21.8","","20.4","","92","","","","2","","9","","","","100.02","","30","","","","NA"
"-79.80","43.30","BURLINGTON PIERS (AUT)","6151061","2024-07-15 13:00","2024","07","15","13:00","","21.7","","20.5","","93","","","","4","","9","","","","99.94","","30","","","","NA"
"-79.80","43.30","BURLINGTON PIERS (AUT)","6151061","2024-07-15 14:00","2024","07","15","14:00","","21.5","","20.8","","96","","","","9","","8","","","","99.89","","30","","","","NA"
"-79.80","43.30","BURLINGTON PIERS (AUT)","6151061","2024-07-15 15:00","2024","07","15","15:00","","21.4","","18.8","","85","","","","31","","23","","","","99.86","","28","","","","NA"
"-79.80","43.30","BURLINGTON PIERS (AUT)","6151061","2024-07-15 16:00","2024","07","15","16:00","","23.4","","21.5","","89","","","","31","","16","","","","99.78","","32","","","","NA"
"-79.80","43.30","BURLINGTON PIERS (AUT)","6151061","2024-07-15 17:00","2024","07","15","17:00","","26.1","","20.4","","71","","","","28","","12","","","","99.85","","34","","","","NA"
"-79.80","43.30","BURLINGTON PIERS (AUT)","6151061","2024-07-15 18:00","2024","07","15","18:00","","26.8","","19.8","","65","","","","29","","5","","","","99.87","","34","","","","NA"
"-79.80","43.30","BURLINGTON PIERS (AUT)","6151061","2024-07-15 19:00","2024","07","15","19:00","","26.8","","19.7","","65","","","","25","","3","","","","99.91","","34","","","","NA"
"-79.80","43.30","BURLINGTON PIERS (AUT)","6151061","2024-07-15 20:00","2024","07","15","20:00","","25.3","","20.1","","73","","","","23","","9","","","","99.92","","33","","","","NA"
"-79.80","43.30","BURLINGTON PIERS (AUT)","6151061","2024-07-15 21:00","2024","07","15","21:00","","24.2","","20.1","","78","","","","23","","3","","","","99.94","","32","","","","NA"
"-79.80","43.30","BURLINGTON PIERS (AUT)","6151061","2024-07-15 22:00","2024","07","15","22:00","","23.4","","20.2","","82","","","","23","","7","","","","99.95","","31","","","","NA"
"-79.80","43.30","BURLINGTON PIERS (AUT)","6151061","2024-07-15 23:00","2024","07","15","23:00","","22.9","","19.9","","83","","","","26","","4","","","","99.91","","30","","","","NA"
"-79.80","43.30","BURLINGTON PIERS (AUT)","6151061","2024-07-16 00:00","2024","07","16","00:00","","22.2","","20.1","","88","","","","27","","5","","","","99.89","","30","","","","NA"
"-79.80","43.30","BURLINGTON PIERS (AUT)","6151061","2024-07-16 01:00","2024","07","16","01:00","","22.2","","20.3","","89","","","","24","","6","","","","99.84","","30","","","","NA"
"-79.80","43.30","BURLINGTON PIERS (AUT)","6151061","2024-07-16 02:00","2024","07","16","02:00","","22.0","","19.7","","87","","","","28","","5","","","","99.74","","29","","","","NA"
"-79.80","43.30","BURLINGTON PIERS (AUT)","6151061","2024-07-16 03:00","2024","07","16","03:00","","22.0","","19.4","","85","","","","","","0","","","","99.70","","29","","","","NA"
"-79.80","43.30","BURLINGTON PIERS (AUT)","6151061","2024-07-16 04:00","2024","07","16","04:00","","21.8","","20.0","","89","","","","2","","3","","","","99.67","","29","","","","NA"
"-79.80","43.30","BURLINGTON PIERS (AUT)","6151061","2024-07-16 05:00","2024","07","16","05:00","","21.9","","19.4","","86","","","","1","","4","","","","99.66","","29","","","","NA"
"-79.80","43.30","BURLINGTON PIERS (AUT)","6151061","2024-07-16 06:00","2024","07","16","06:00","","22.5","","20.3","","87","","","","2","","6","","","","99.57","","30","","","","NA"
"-79.80","43.30","BURLINGTON PIERS (AUT)","6151061","2024-07-16 07:00","2024","07","16","07:00","","21.5","","20.4","","93","","","","4","","12","","","","99.45","","29","","","","NA"
"-79.80","43.30","BURLINGTON PIERS (AUT)","6151061","2024-07-16 08:00","2024","07","16","08:00","","22.0","","20.6","","91","","","","36","","15","","","","99.50","","30","","","","NA"
"-79.80","43.30","BURLINGTON PIERS (AUT)","6151061","2024-07-16 09:00","2024","07","16","09:00","","21.9","","20.4","","92","","","","1","","14","","","","99.48","","30","","","","NA"
"-79.80","43.30","BURLINGTON PIERS (AUT)","6151061","2024-07-16 10:00","2024","07","16","10:00","","21.4","","20.6","","95","","","","2","","15","","","","99.56","","29","","","","NA"
"-79.80","43.30","BURLINGTON PIERS (AUT)","6151061","2024-07-16 11:00","2024","07","16","11:00","","20.9","","19.4","","91","","","","1","","18","","","","99.63","","28","","","","NA"
"-79.80","43.30","BURLINGTON PIERS (AUT)","6151061","2024-07-16 12:00","2024","07","16","12:00","","22.3","","20.3","","89","","","","28","","7","","","","99.76","","30","","","","NA"
"-79.80","43.30","BURLINGTON PIERS (AUT)","6151061","2024-07-16 13:00","2024","07","16","13:00","","25.5","","19.8","","71","","","","27","","7","","","","99.75","","33","","","","NA"
"-79.80","43.30","BURLINGTON PIERS (AUT)","6151061","2024-07-16 14:00","2024","07","16","14:00","","26.4","","19.7","","67","","","","22","","12","","","","99.82","","34","","","","NA"
"-79.80","43.30","BURLINGTON PIERS (AUT)","6151061","2024-07-16 15:00","2024","07","16","15:00","","26.9","","19.1","","63","","","","23","","12","","","","99.83","","34","","","","NA"
"-79.80","43.30","BURLINGTON PIERS (AUT)","6151061","2024-07-16 16:00","2024","07","16","16:00","","27.3","","19.0","","60","","","","23","","17","","","","99.82","","34","","","","NA"
"-79.80","43.30","BURLINGTON PIERS (AUT)","6151061","2024-07-16 17:00","2024","07","16","17:00","","26.6","","20.8","","71","","","","18","","16","","","","99.84","","35","","","","NA"
"-79.80","43.30","BURLINGTON PIERS (AUT)","6151061","2024-07-16 18:00","2024","07","16","18:00","","23.5","","21.3","","87","","","","22","","12","","","","99.90","","32","","","","NA"
"-79.80","43.30","BURLINGTON PIERS (AUT)","6151061","2024-07-16 19:00","2024","07","16","19:00","","22.8","","20.5","","87","","","","21","","11","","","","99.87","","31","","","","NA"
"-79.80","43.30","BURLINGTON PIERS (AUT)","6151061","2024-07-16 20:00","2024","07","16","20:00","","23.4","","20.4","","83","","","","22","","7","","","","99.89","","31","","","","NA"
"-79.80","43.30","BURLINGTON PIERS (AUT)","6151061","2024-07-16 21:00","2024","07","16","21:00","","23.0","","20.0","","83","","","","26","","6","","","","99.88","","31","","","","NA"
"-79.80","43.30","BURLINGTON PIERS (AUT)","6151061","2024-07-16 22:00","2024","07","16","22:00","","22.5","","20.4","","88","","","","25","","12","","","","99.92","","30","","","","NA"
"-79.80","43.30","BURLINGTON PIERS (AUT)","6151061","2024-07-16 23:00","2024","07","16","23:00","","22.1","","20.4","","90","","","","22","","11","","","","99.90","","30","","","","NA"
"-79.80","43.30","BURLINGTON PIERS (AUT)","6151061","2024-07-17 00:00","2024","07","17","00:00","","22.0","","19.6","","86","","","","21","","10","","","","99.87","","29","","","","NA"
"-79.80","43.30","BURLINGTON PIERS (AUT)","6151061","2024-07-17 01:00","2024","07","17","01:00","","21.7","","19.6","","88","","","","22","","11","","","","99.90","","29","","","","NA"
"-79.80","43.30","BURLINGTON PIERS (AUT)","6151061","2024-07-17 02:00","2024","07","17","02:00","","21.1","","19.5","","91","","","","28","","10","","","","99.87","","28","","","","NA"
"-79.80","43.30","BURLINGTON PIERS (AUT)","6151061","2024-07-17 03:00","2024","07","17","03:00","","21.8","","19.6","","87","","","","26","","9","","","","99.86","","29","","","","NA"
"-79.80","43.30","BURLINGTON PIERS (AUT)","6151061","2024-07-17 04:00","2024","07","17","04:00","","22.0","","16.1","","69","","","","27","","4","","","","99.94","","27","","","","NA"
"-79.80","43.30","BURLINGTON PIERS (AUT)","6151061","2024-07-17 05:00","2024","07","17","05:00","","21.5","","16.2","","72","","","","25","","5","","","","99.99","","26","","","","NA"
"-79.80","43.30","BURLINGTON PIERS (AUT)","6151061","2024-07-17 06:00","2024","07","17","06:00","","20.9","","15.6","","72","","","","26","","6","","","","100.05","","25","","","","NA"
"-79.80","43.30","BURLINGTON PIERS (AUT)","6151061","2024-07-17 07:00","2024","07","17","07:00","","21.2","","16.1","","72","","","","22","","6","","","","100.09","","26","","","","NA"
"-79.80","43.30","BURLINGTON PIERS (AUT)","6151061","2024-07-17 08:00","2024","07","17","08:00","","20.8","","16.9","","78","","","","25","","9","","","","100.18","","26","","","","NA"
"-79.80","43.30","BURLINGTON PIERS (AUT)","6151061","2024-07-17 09:00","2024","07","17","09:00","","21.5","","17.2","","77","","","","21","","7","","","","100.15","","27","","","","NA"
"-79.80","43.30","BURLINGTON PIERS (AUT)","6151061","2024-07-17 10:00","2024","07","17","10:00","","23.6","","15.3","","60","","","","26","","6","","","","100.14","","28","","","","NA"
"-79.80","43.30","BURLINGTON PIERS (AUT)","6151061","2024-07-17 11:00","2024","07","17","11:00","","24.1","","14.0","","53","","","","27","","8","","","","100.18","","27","","","","NA"
"-79.80","43.30","BURLINGTON PIERS (AUT)","6151061","2024-07-17 12:00","2024","07","17","12:00","","24.6","","15.4","","57","","","","22","","9","","","","100.17","","29","","","","NA"
"-79.80","43.30","BURLINGTON PIERS (AUT)","6151061","2024-07-17 13:00","2024","07","17","13:00","","24.8","","16.1","","59","","","","22","","8","","","","100.16","","29","","","","NA"
"-79.80","43.30","BURLINGTON PIERS (AUT)","6151061","2024-07-17 14:00","2024","07","17","14:00","","25.5","","15.1","","53","","","","20","","7","","","","100.14","","30","","","","NA"
"-79.80","43.30","BURLINGTON PIERS (AUT)","6151061","2024-07-17 15:00","2024","07","17","15:00","","25.6","","16.4","","57","","","","22","","10","","","","100.13","","30","","","","NA"
"-79.80","43.30","BURLINGTON PIERS (AUT)","6151061","2024-07-17 16:00","2024","07","17","16:00","","25.8","","16.1","","55","","","","21","","8","","","","100.09","","30","","","","NA"
"-79.80","43.30","BURLINGTON PIERS (AUT)","6151061","2024-07-17 17:00","2024","07","17","17:00","","24.8","","18.0","","66","","","","26","","7","","","","100.12","","31","","","","NA"
"-79.80","43.30","BURLINGTON PIERS (AUT)","6151061","2024-07-17 18:00","2024","07","17","18:00","","25.3","","16.0","","56","","","","27","","5","","","","100.17","","30","","","","NA"
"-79.80","43.30","BURLINGTON PIERS (AUT)","6151061","2024-07-17 19:00","2024","07","17","19:00","","25.1","","14.3","","51","","","","30","","16","","","","100.21","","29","","","","NA"
"-79.80","43.30","BURLINGTON PIERS (AUT)","6151061","2024-07-17 20:00","2024","07","17","20:00","","24.1","","14.1","","54","","","","30","","12","","","","100.25","","28","","","","NA"
"-79.80","43.30","BURLINGTON PIERS (AUT)","6151061","2024-07-17 21:00","2024","07","17","21:00","","22.7","","13.5","","56","","","","30","","13","","","","100.31","","26","","","","NA"
"-79.80","43.30","BURLINGTON PIERS (AUT)","6151061","2024-07-17 22:00","2024","07","17","22:00","","21.4","","13.2","","59","","","","31","","14","","","","100.34","","","","","","NA"
"-79.80","43.30","BURLINGTON PIERS (AUT)","6151061","2024-07-17 23:00","2024","07","17","23:00","","20.2","","12.1","","60","","","","30","","18","","","","100.37","","","","","","NA"
"-79.80","43.30","BURLINGTON PIERS (AUT)","6151061","2024-07-18 00:00","2024","07","18","00:00","","19.4","","11.1","","59","","","","30","","17","","","","100.41","","","","","","NA"
"-79.80","43.30","BURLINGTON PIERS (AUT)","6151061","2024-07-18 01:00","2024","07","18","01:00","","18.7","","11.8","","64","","","","29","","12","","","","100.41","","","","","","NA"
"-79.80","43.30","BURLINGTON PIERS (AUT)","6151061","2024-07-18 02:00","2024","07","18","02:00","","18.1","","13.3","","74","","","","27","","9","","","","100.45","","","","","","NA"
"-79.80","43.30","BURLINGTON PIERS (AUT)","6151061","2024-07-18 03:00","2024","07","18","03:00","","17.8","","11.9","","68","","","","30","","26","","","","100.44","","","","","","NA"
"-79.80","43.30","BURLINGTON PIERS (AUT)","6151061","2024-07-18 04:00","2024","07","18","04:00","","17.3","","13.4","","77","","","","27","","8","","","","100.51","","","","","","NA"
"-79.80","43.30","BURLINGTON PIERS (AUT)","6151061","2024-07-18 05:00","2024","07","18","05:00","","17.3","","12.8","","75","","","","29","","9","","","","100.56","","","","","","NA"
"-79.80","43.30","BURLINGTON PIERS (AUT)","6151061","2024-07-18 06:00","2024","07","18","06:00","","17.5","","11.3","","67","","","","31","","18","","","","100.61","","","","","","NA"
"-79.80","43.30","BURLINGTON PIERS (AUT)","6151061","2024-07-18 07:00","2024","07","18","07:00","","18.0","","12.5","","70","","","","32","","13","","","","100.70","","","","","","NA"
"-79.80","43.30","BURLINGTON PIERS (AUT)","6151061","2024-07-18 08:00","2024","07","18","08:00","","18.7","","11.9","","65","","","","33","","13","","","","100.75","","","","","","NA"
"-79.80","43.30","BURLINGTON PIERS (AUT)","6151061","2024-07-18 09:00","2024","07","18","09:00","","19.6","","12.4","","63","","","","33","","16","","","","100.77","","","","","","NA"
"-79.80","43.30","BURLINGTON PIERS (AUT)","6151061","2024-07-18 10:00","2024","07","18","10:00","","20.3","","11.4","","56","","","","33","","12","","","","100.83","","","","","","NA"
"-79.80","43.30","BURLINGTON PIERS (AUT)","6151061","2024-07-18 11:00","2024","07","18","11:00","","20.9","","11.1","","54","","","","33","","7","","","","100.85","","","","","","NA"
"-79.80","43.30","BURLINGTON PIERS (AUT)","6151061","2024-07-18 12:00","2024","07","18","12:00","","21.1","","11.2","","53","","","","33","","14","","","","100.88","","","","","","NA"
"-79.80","43.30","BURLINGTON PIERS (AUT)","6151061","2024-07-18 13:00","2024","07","18","13:00","","21.1","","11.4","","54","","","","13","","5","","","","100.87","","","","","","NA"
"-79.80","43.30","BURLINGTON PIERS (AUT)","6151061","2024-07-18 14:00","2024","07","18","14:00","","22.0","","12.4","","55","","","","9","","5","","","","100.87","","","","","","NA"
"-79.80","43.30","BURLINGTON PIERS (AUT)","6151061","2024-07-18 15:00","2024","07","18","15:00","","21.1","","11.3","","53","","","","8","","10","","","","100.90","","","","","","NA"
"-79.80","43.30","BURLINGTON PIERS (AUT)","6151061","2024-07-18 16:00","2024","07","18","16:00","","21.7","","10.5","","49","","","","34","","15","","","","100.88","","","","","","NA"
"-79.80","43.30","BURLINGTON PIERS (AUT)","6151061","2024-07-18 17:00","2024","07","18","17:00","","22.2","","9.5","","44","","","","33","","17","","","","100.88","","","","","","NA"
"-79.80","43.30","BURLINGTON PIERS (AUT)","6151061","2024-07-18 18:00","2024","07","18","18:00","","21.9","","9.9","","47","","","","33","","22","","","","100.90","","","","","","NA"
"-79.80","43.30","BURLINGTON PIERS (AUT)","6151061","2024-07-18 19:00","2024","07","18","19:00","","21.5","","10.3","","49","","","","33","","21","","","","100.95","","","","","","NA"
"-79.80","43.30","BURLINGTON PIERS (AUT)","6151061","2024-07-18 20:00","2024","07","18","20:00","","20.8","","10.4","","51","","","","31","","10","","","","100.98","","","","","","NA"
"-79.80","43.30","BURLINGTON PIERS (AUT)","6151061","2024-07-18 21:00","2024","07","18","21:00","","19.9","","10.6","","55","","","","32","","11","","","","101.03","","","","","","NA"
"-79.80","43.30","BURLINGTON PIERS (AUT)","6151061","2024-07-18 22:00","2024","07","18","22:00","","19.2","","10.4","","57","","","","33","","16","","","","101.06","","","","","","NA"
"-79.80","43.30","BURLINGTON PIERS (AUT)","6151061","2024-07-18 23:00","2024","07","18","23:00","","18.1","","11.4","","65","","","","31","","12","","","","101.07","","","","","","NA"
"-79.80","43.30","BURLINGTON PIERS (AUT)","6151061","2024-07-19 00:00","2024","07","19","00:00","","17.8","","11.5","","67","","","","30","","8","","","","101.11","","","","","","NA"
"-79.80","43.30","BURLINGTON PIERS (AUT)","6151061","2024-07-19 01:00","2024","07","19","01:00","","17.4","","11.1","","66","","","","31","","9","","","","101.12","","","","","","NA"
"-79.80","43.30","BURLINGTON PIERS (AUT)","6151061","2024-07-19 02:00","2024","07","19","02:00","","17.3","","9.9","","62","","","","27","","6","","","","101.14","","","","","","NA"
"-79.80","43.30","BURLINGTON PIERS (AUT)","6151061","2024-07-19 03:00","2024","07","19","03:00","","17.0","","9.7","","62","","","","24","","4","","","","101.13","","","","","","NA"
"-79.80","43.30","BURLINGTON PIERS (AUT)","6151061","2024-07-19 04:00","2024","07","19","04:00","","16.2","","12.6","","79","","","","24","","6","","","","101.13","","","","","","NA"
"-79.80","43.30","BURLINGTON PIERS (AUT)","6151061","2024-07-19 05:00","2024","07","19","05:00","","15.7","","12.2","","80","","","","25","","5","","","","101.18","","","","","","NA"
"-79.80","43.30","BURLINGTON PIERS (AUT)","6151061","2024-07-19 06:00","2024","07","19","06:00","","16.2","","12.2","","77","","","","24","","6","","","","101.22","","","","","","NA"
"-79.80","43.30","BURLINGTON PIERS (AUT)","6151061","2024-07-19 07:00","2024","07","19","07:00","","17.0","","13.2","","78","","","","25","","6","","","","101.28","","","","","","NA"
"-79.80","43.30","BURLINGTON PIERS (AUT)","6151061","2024-07-19 08:00","2024","07","19","08:00","","18.2","","13.2","","73","","","","21","","7","","","","101.30","","","","","","NA"
"-79.80","43.30","BURLINGTON PIERS (AUT)","6151061","2024-07-19 09:00","2024","07","19","09:00","","19.7","","11.0","","57","","","","22","","6","","","","101.30","","","","","","NA"
"-79.80","43.30","BURLINGTON PIERS (AUT)","6151061","2024-07-19 10:00","2024","07","19","10:00","","20.9","","9.5","","48","","","","19","","7","","","","101.29","","","","","","NA"
"-79.80","43.30","BURLINGTON PIERS (AUT)","6151061","2024-07-19 11:00","2024","07","19","11:00","","21.7","","12.2","","54","","","","20","","10","","","","101.30","","","","","","NA"
"-79.80","43.30","BURLINGTON PIERS (AUT)","6151061","2024-07-19 12:00","2024","07","19","12:00","","22.2","","10.1","","46","","","","23","","9","","","","101.27","","","","","","NA"
"-79.80","43.30","BURLINGTON PIERS (AUT)","6151061","2024-07-19 13:00","2024","07","19","13:00","","22.9","","9.6","","43","","","","21","","8","","","","101.23","","","","","","NA"
"-79.80","43.30","BURLINGTON PIERS (AUT)","6151061","2024-07-19 14:00","2024","07","19","14:00","","22.7","","11.9","","51","","","","17","","12","","","","101.18","","25","","","","NA"
"-79.80","43.30","BURLINGTON PIERS (AUT)","6151061","2024-07-19 15:00","2024","07","19","15:00","","23.4","","12.1","","49","","","","18","","7","","","","101.15","","26","","","","NA"
"-79.80","43.30","BURLINGTON PIERS (AUT)","6151061","2024-07-19 16:00","2024","07","19","16:00","","24.3","","10.3","","41","","","","23","","9","","","","101.12","","26","","","","NA"
"-79.80","43.30","BURLINGTON PIERS (AUT)","6151061","2024-07-19 17:00","2024","07","19","17:00","","24.5","","10.9","","43","","","","20","","8","","","","101.07","","26","","","","NA"
"-79.80","43.30","BURLINGTON PIERS (AUT)","6151061","2024-07-19 18:00","2024","07","19","18:00","","24.8","","10.7","","41","","","","22","","7","","","","101.06","","26","","","","NA"
"-79.80","43.30","BURLINGTON PIERS (AUT)","6151061","2024-07-19 19:00","2024","07","19","19:00","","24.6","","10.6","","41","","","","25","","6","","","","101.04","","26","","","","NA"
"-79.80","43.30","BURLINGTON PIERS (AUT)","6151061","2024-07-19 20:00","2024","07","19","20:00","","22.9","","13.5","","55","","","","20","","16","","","","101.00","","26","","","","NA"
"-79.80","43.30","BURLINGTON PIERS (AUT)","6151061","2024-07-19 21:00","2024","07","19","21:00","","22.3","","13.1","","56","","","","22","","12","","","","101.05","","25","","","","NA"
"-79.80","43.30","BURLINGTON PIERS (AUT)","6151061","2024-07-19 22:00","2024","07","19","22:00","","21.5","","12.4","","56","","","","25","","8","","","","101.09","","","","","","NA"
"-79.80","43.30","BURLINGTON PIERS (AUT)","6151061","2024-07-19 23:00","2024","07","19","23:00","","19.9","","13.6","","67","","","","27","","8","","","","101.10","","","","","","NA"
"-79.80","43.30","BURLINGTON PIERS (AUT)","6151061","2024-07-20 00:00","2024","07","20","00:00","","19.7","","16.5","","82","","","","25","","9","","","","101.08","","","","","","NA"
"-79.80","43.30","BURLINGTON PIERS (AUT)","6151061","2024-07-20 01:00","2024","07","20","01:00","","19.4","","15.6","","79","","","","25","","8","","","","101.04","","","","","","NA"
"-79.80","43.30","BURLINGTON PIERS (AUT)","6151061","2024-07-20 02:00","2024","07","20","02:00","","18.6","","15.1","","80","","","","25","","10","","","","101.00","","","","","","NA"
"-79.80","43.30","BURLINGTON PIERS (AUT)","6151061","2024-07-20 03:00","2024","07","20","03:00","","18.2","","14.4","","79","","","","26","","8","","","","100.97","","","","","","NA"
"-79.80","43.30","BURLINGTON PIERS (AUT)","6151061","2024-07-20 04:00","2024","07","20","04:00","","18.0","","14.4","","80","","","","23","","9","","","","100.96","","","","","","NA"
"-79.80","43.30","BURLINGTON PIERS (AUT)","6151061","2024-07-20 05:00","2024","07","20","05:00","","17.8","","14.1","","79","","","","24","","9","","","","100.98","","","","","","NA"
"-79.80","43.30","BURLINGTON PIERS (AUT)","6151061","2024-07-20 06:00","2024","07","20","06:00","","18.0","","13.8","","76","","","","25","","8","","","","100.99","","","","","","NA"
"-79.80","43.30","BURLINGTON PIERS (AUT)","6151061","2024-07-20 07:00","2024","07","20","07:00","","19.1","","14.7","","76","","","","23","","7","","","","101.01","","","","","","NA"
"-79.80","43.30","BURLINGTON PIERS (AUT)","6151061","2024-07-20 08:00","2024","07","20","08:00","","20.6","","15.2","","72","","","","22","","8","","","","101.03","","25","","","","NA"
"-79.80","43.30","BURLINGTON PIERS (AUT)","6151061","2024-07-20 09:00","2024","07","20","09:00","","22.3","","15.6","","66","","","","21","","9","","","","100.99","","27","","","","NA"
"-79.80","43.30","BURLINGTON PIERS (AUT)","6151061","2024-07-20 10:00","2024","07","20","10:00","","23.5","","15.4","","60","","","","23","","11","","","","100.97","","28","","","","NA"
"-79.80","43.30","BURLINGTON PIERS (AUT)","6151061","2024-07-20 11:00","2024","07","20","11:00","","24.4","","15.5","","58","","","","22","","10","","","","100.95","","29","","","","NA"
"-79.80","43.30","BURLINGTON PIERS (AUT)","6151061","2024-07-20 12:00","2024","07","20","12:00","","25.0","","11.3","","42","","","","22","","11","","","","100.95","","27","","","","NA"
"-79.80","43.30","BURLINGTON PIERS (AUT)","6151061","2024-07-20 13:00","2024","07","20","13:00","","25.7","","11.4","","41","","","","22","","8","","","","100.93","","28","","","","NA"
"-79.80","43.30","BURLINGTON PIERS (AUT)","6151061","2024-07-20 14:00","2024","07","20","14:00","","26.1","","13.4","","45","","","","22","","10","","","","100.88","","29","","","","NA"
"-79.80","43.30","BURLINGTON PIERS (AUT)","6151061","2024-07-20 15:00","2024","07","20","15:00","","26.5","","13.4","","44","","","","22","","11","","","","100.84","","30","","","","NA"
"-79.80","43.30","BURLINGTON PIERS (AUT)","6151061","2024-07-20 16:00","2024","07","20","16:00","","26.9","","13.8","","45","","","","21","","10","","","","100.82","","30","","","","NA"
"-79.80","43.30","BURLINGTON PIERS (AUT)","6151061","2024-07-20 17:00","2024","07","20","17:00","","26.9","","13.7","","44","","","","23","","10","","","","100.77","","30","","","","NA"
"-79.80","43.30","BURLINGTON PIERS (AUT)","6151061","2024-07-20 18:00","2024","07","20","18:00","","26.7","","14.2","","46","","","","23","","10","","","","100.77","","30","","","","NA"
"-79.80","43.30","BURLINGTON PIERS (AUT)","6151061","2024-07-20 19:00","2024","07","20","19:00","","26.1","","13.5","","46","","","","25","","10","","","","100.78","","29","","","","NA"
"-79.80","43.30","BURLINGTON PIERS (AUT)","6151061","2024-07-20 20:00","2024","07","20","20:00","","24.7","","14.3","","52","","","","25","","7","","","","100.81","","28","","","","NA"
"-79.80","43.30","BURLINGTON PIERS (AUT)","6151061","2024-07-20 21:00","2024","07","20","21:00","","23.5","","14.3","","56","","","","26","","7","","","","100.84","","27","","","","NA"
"-79.80","43.30","BURLINGTON PIERS (AUT)","6151061","2024-07-20 22:00","2024","07","20","22:00","","22.5","","15.0","","63","","","","25","","7","","","","100.85","","26","","","","NA"
"-79.80","43.30","BURLINGTON PIERS (AUT)","6151061","2024-07-20 23:00","2024","07","20","23:00","","21.7","","14.7","","64","","","","28","","8","","","","100.83","","25","","","","NA"
"-79.80","43.30","BURLINGTON PIERS (AUT)","6151061","2024-07-21 00:00","2024","07","21","00:00","","21.6","","15.0","","66","","","","24","","8","","","","100.85","","26","","","","NA"
"-79.80","43.30","BURLINGTON PIERS (AUT)","6151061","2024-07-21 01:00","2024","07","21","01:00","","20.8","","14.5","","67","","","","24","","10","","","","100.83","","","","","","NA"
"-79.80","43.30","BURLINGTON PIERS (AUT)","6151061","2024-07-21 02:00","2024","07","21","02:00","","20.2","","15.0","","72","","","","24","","10","","","","100.83","","","","","","NA"
"-79.80","43.30","BURLINGTON PIERS (AUT)","6151061","2024-07-21 03:00","2024","07","21","03:00","","19.9","","14.4","","70","","","","24","","8","","","","100.81","","","","","","NA"
"-79.80","43.30","BURLINGTON PIERS (AUT)","6151061","2024-07-21 04:00","2024","07","21","04:00","","19.8","","13.9","","69","","","","25","","10","","","","100.83","","","","","","NA"
"-79.80","43.30","BURLINGTON PIERS (AUT)","6151061","2024-07-21 05:00","2024","07","21","05:00","","19.3","","14.5","","74","","","","25","","9","","","","100.86","","","","","","NA"
"-79.80","43.30","BURLINGTON PIERS (AUT)","6151061","2024-07-21 06:00","2024","07","21","06:00","","19.5","","14.9","","75","","","","23","","10","","","","100.89","","","","","","NA"
"-79.80","43.30","BURLINGTON PIERS (AUT)","6151061","2024-07-21 07:00","2024","07","21","07:00","","20.1","","14.3","","69","","","","24","","7","","","","100.92","","","","","","NA"
"-79.80","43.30","BURLINGTON PIERS (AUT)","6151061","2024-07-21 08:00","2024","07","21","08:00","","21.3","","14.5","","65","","","","23","","9","","","","100.91","","25","","","","NA"
"-79.80","43.30","BURLINGTON PIERS (AUT)","6151061","2024-07-21 09:00","2024","07","21","09:00","","22.8","","14.3","","59","","","","27","","6","","","","100.90","","26","","","","NA"
"-79.80","43.30","BURLINGTON PIERS (AUT)","6151061","2024-07-21 10:00","2024","07","21","10:00","","23.9","","16.2","","62","","","","22","","6","","","","100.92","","29","","","","NA"
"-79.80","43.30","BURLINGTON PIERS (AUT)","6151061","2024-07-21 11:00","2024","07","21","11:00","","22.9","","16.8","","68","","","","7","","9","","","","100.91","","28","","","","NA"
"-79.80","43.30","BURLINGTON PIERS (AUT)","6151061","2024-07-21 12:00","2024","07","21","12:00","","24.0","","16.7","","64","","","","6","","8","","","","100.90","","29","","","","NA"
"-79.80","43.30","BURLINGTON PIERS (AUT)","6151061","2024-07-21 13:00","2024","07","21","13:00","","24.1","","18.6","","72","","","","6","","8","","","","100.85","","31","","","","NA"
"-79.80","43.30","BURLINGTON PIERS (AUT)","6151061","2024-07-21 14:00","2024","07","21","14:00","","23.5","","18.6","","74","","","","9","","19","","","","100.81","","30","","","","NA"
"-79.80","43.30","BURLINGTON PIERS (AUT)","6151061","2024-07-21 15:00","2024","07","21","15:00","","22.6","","19.4","","82","","","","3","","13","","","","100.86","","30","","","","NA"
"-79.80","43.30","BURLINGTON PIERS (AUT)","6151061","2024-07-21 16:00","2024","07","21","16:00","","23.9","","18.7","","73","","","","","","0","","","","100.84","","30","","","","NA"
"-79.80","43.30","BURLINGTON PIERS (AUT)","6151061","2024-07-21 17:00","2024","07","21","17:00","","23.6","","19.1","","76","","","","11","","20","","","","100.78","","30","","","","NA"
"-79.80","43.30","BURLINGTON PIERS (AUT)","6151061","2024-07-21 18:00","2024","07","21","18:00","","24.1","","19.3","","75","","","","10","","14","","","","100.79","","31","","","","NA"
"-79.80","43.30","BURLINGTON PIERS (AUT)","6151061","2024-07-21 19:00","2024","07","21","19:00","","25.7","","19.3","","68","","","","15","","6","","","","100.78","","33","","","","NA"
"-79.80","43.30","BURLINGTON PIERS (AUT)","6151061","2024-07-21 20:00","2024","07","21","20:00","","23.3","","20.0","","81","","","","2","","16","","","","100.79","","31","","","","NA"
"-79.80","43.30","BURLINGTON PIERS (AUT)","6151061","2024-07-21 21:00","2024","07","21","21:00","","23.3","","20.4","","84","","","","3","","7","","","","100.87","","31","","","","NA"
"-79.80","43.30","BURLINGTON PIERS (AUT)","6151061","2024-07-21 22:00","2024","07","21","22:00","","23.8","","13.5","","52","","","","1","","13","","","","100.88","","27","","","","NA"
"-79.80","43.30","BURLINGTON PIERS (AUT)","6151061","2024-07-21 23:00","2024","07","21","23:00","","22.3","","12.1","","53","","","","33","","11","","","","100.93","","25","","","","NA"
"-79.80","43.30","BURLINGTON PIERS (AUT)","6151061","2024-07-22 00:00","2024","07","22","00:00","","21.2","","11.8","","55","","","","34","","18","","","","100.91","","","","","","NA"
"-79.80","43.30","BURLINGTON PIERS (AUT)","6151061","2024-07-22 01:00","2024","07","22","01:00","","20.7","","11.7","","57","","","","34","","14","","","","100.89","","","","","","NA"
"-79.80","43.30","BURLINGTON PIERS (AUT)","6151061","2024-07-22 02:00","2024","07","22","02:00","","20.3","","11.3","","56","","","","34","","12","","","","100.87","","","","","","NA"
"-79.80","43.30","BURLINGTON PIERS (AUT)","6151061","2024-07-22 03:00","2024","07","22","03:00","","19.7","","10.9","","57","","","","36","","12","","","","100.83","","","","","","NA"
"-79.80","43.30","BURLINGTON PIERS (AUT)","6151061","2024-07-22 04:00","2024","07","22","04:00","","19.3","","12.1","","63","","","","34","","12","","","","100.82","","","","","","NA"
"-79.80","43.30","BURLINGTON PIERS (AUT)","6151061","2024-07-22 05:00","2024","07","22","05:00","","19.3","","10.8","","58","","","","34","","11","","","","100.80","","","","","","NA"
"-79.80","43.30","BURLINGTON PIERS (AUT)","6151061","2024-07-22 06:00","2024","07","22","06:00","","19.3","","10.9","","58","","","","34","","12","","","","100.83","","","","","","NA"
"-79.80","43.30","BURLINGTON PIERS (AUT)","6151061","2024-07-22 07:00","2024","07","22","07:00","","19.7","","12.0","","61","","","","35","","10","","","","100.85","","","","","","NA"
"-79.80","43.30","BURLINGTON PIERS (AUT)","6151061","2024-07-22 08:00","2024","07","22","08:00","","20.2","","12.4","","61","","","","35","","9","","","","100.84","","","","","","NA"
"-79.80","43.30","BURLINGTON PIERS (AUT)","6151061","2024-07-22 09:00","2024","07","22","09:00","","21.1","","13.3","","61","","","","4","","4","","","","100.84","","","","","","NA"
"-79.80","43.30","BURLINGTON PIERS (AUT)","6151061","2024-07-22 10:00","2024","07","22","10:00","","21.1","","13.1","","60","","","","9","","8","","","","100.84","","","","","","NA"
"-79.80","43.30","BURLINGTON PIERS (AUT)","6151061","2024-07-22 11:00","2024","07","22","11:00","","21.3","","14.6","","66","","","","10","","11","","","","100.79","","25","","","","NA"
"-79.80","43.30","BURLINGTON PIERS (AUT)","6151061","2024-07-22 12:00","2024","07","22","12:00","","21.5","","16.4","","73","","","","9","","12","","","","100.75","","26","","","","NA"
"-79.80","43.30","BURLINGTON PIERS (AUT)","6151061","2024-07-22 13:00","2024","07","22","13:00","","21.9","","16.7","","73","","","","10","","9","","","","100.70","","27","","","","NA"
"-79.80","43.30","BURLINGTON PIERS (AUT)","6151061","2024-07-22 14:00","2024","07","22","14:00","","22.3","","16.9","","71","","","","9","","10","","","","100.67","","28","","","","NA"
"-79.80","43.30","BURLINGTON PIERS (AUT)","6151061","2024-07-22 15:00","2024","07","22","15:00","","22.9","","17.8","","73","","","","9","","9","","","","100.62","","29","","","","NA"
"-79.80","43.30","BURLINGTON PIERS (AUT)","6151061","2024-07-22 16:00","2024","07","22","16:00","","23.1","","18.8","","77","","","","9","","10","","","","100.57","","30","","","","NA"
"-79.80","43.30","BURLINGTON PIERS (AUT)","6151061","2024-07-22 17:00","2024","07","22","17:00","","23.2","","19.2","","78","","","","6","","7","","","","100.52","","30","","","","NA"
"-79.80","43.30","BURLINGTON PIERS (AUT)","6151061","2024-07-22 18:00","2024","07","22","18:00","","23.2","","19.3","","79","","","","6","","9","","","","100.53","","30","","","","NA"
"-79.80","43.30","BURLINGTON PIERS (AUT)","6151061","2024-07-22 19:00","2024","07","22","19:00","","23.1","","19.5","","80","","","","7","","9","","","","100.53","","30","","","","NA"
"-79.80","43.30","BURLINGTON PIERS (AUT)","6151061","2024-07-22 20:00","2024","07","22","20:00","","23.0","","19.7","","82","","","","8","","5","","","","100.55","","30","","","","NA"
"-79.80","43.30","BURLINGTON PIERS (AUT)","6151061","2024-07-22 21:00","2024","07","22","21:00","","22.7","","20.2","","86","","","","3","","4","","","","100.58","","30","","","","NA"
"-79.80","43.30","BURLINGTON PIERS (AUT)","6151061","2024-07-22 22:00","2024","07","22","22:00","","22.6","","20.5","","88","","","","4","","6","","","","100.58","","31","","","","NA"
"-79.80","43.30","BURLINGTON PIERS (AUT)","6151061","2024-07-22 23:00","2024","07","22","23:00","","22.5","","20.6","","89","","","","1","","6","","","","100.60","","31","","","","NA"
"-79.80","43.30","BURLINGTON PIERS (AUT)","6151061","2024-07-23 00:00","2024","07","23","00:00","","22.8","","19.4","","81","","","","29","","6","","","","100.63","","30","","","","NA"
"-79.80","43.30","BURLINGTON PIERS (AUT)","6151061","2024-07-23 01:00","2024","07","23","01:00","","19.9","","15.5","","76","","","","25","","10","","","","100.67","","","","","","NA"
"-79.80","43.30","BURLINGTON PIERS (AUT)","6151061","2024-07-23 02:00","2024","07","23","02:00","","19.3","","15.8","","80","","","","27","","6","","","","100.62","","","","","","NA"
"-79.80","43.30","BURLINGTON PIERS (AUT)","6151061","2024-07-23 03:00","2024","07","23","03:00","","19.7","","16.3","","81","","","","21","","7","","","","100.59","","","","","","NA"
"-79.80","43.30","BURLINGTON PIERS (AUT)","6151061","2024-07-23 04:00","2024","07","23","04:00","","19.8","","15.8","","78","","","","25","","4","","","","100.61","","","","","","NA"
"-79.80","43.30","BURLINGTON PIERS (AUT)","6151061","2024-07-23 05:00","2024","07","23","05:00","","19.7","","16.7","","83","","","","26","","4","","","","100.67","","","","","","NA"
"-79.80","43.30","BURLINGTON PIERS (AUT)","6151061","2024-07-23 06:00","2024","07","23","06:00","","20.3","","15.7","","75","","","","20","","5","","","","100.71","","25","","","","NA"
"-79.80","43.30","BURLINGTON PIERS (AUT)","6151061","2024-07-23 07:00","2024","07","23","07:00","","20.7","","16.9","","78","","","","","","0","","","","100.77","","26","","","","NA"
"-79.80","43.30","BURLINGTON PIERS (AUT)","6151061","2024-07-23 08:00","2024","07","23","08:00","","22.0","","17.1","","74","","","","","","0","","","","100.81","","27","","","","NA"
"-79.80","43.30","BURLINGTON PIERS (AUT)","6151061","2024-07-23 09:00","2024","07","23","09:00","","22.3","","14.4","","61","","","","14","","4","","","","100.86","","26","","","","NA"
"-79.80","43.30","BURLINGTON PIERS (AUT)","6151061","2024-07-23 10:00","2024","07","23","10:00","","23.1","","12.6","","52","","","","11","","7","","","","100.89","","26","","","","NA"
"-79.80","43.30","BURLINGTON PIERS (AUT)","6151061","2024-07-23 11:00","2024","07","23","11:00","","23.7","","12.9","","51","","","","9","","8","","","","100.90","","26","","","","NA"
"-79.80","43.30","BURLINGTON PIERS (AUT)","6151061","2024-07-23 12:00","2024","07","23","12:00","","24.0","","14.4","","55","","","","8","","11","","","","100.86","","28","","","","NA"
"-79.80","43.30","BURLINGTON PIERS (AUT)","6151061","2024-07-23 13:00","2024","07","23","13:00","","24.4","","15.1","","56","","","","7","","11","","","","100.84","","28","","","","NA"
"-79.80","43.30","BURLINGTON PIERS (AUT)","6151061","2024-07-23 14:00","2024","07","23","14:00","","24.5","","16.3","","60","","","","8","","13","","","","100.81","","29","","","","NA"
"-79.80","43.30","BURLINGTON PIERS (AUT)","6151061","2024-07-23 15:00","2024","07","23","15:00","","24.6","","18.6","","69","","","","8","","14","","","","100.77","","31","","","","NA"
"-79.80","43.30","BURLINGTON PIERS (AUT)","6151061","2024-07-23 16:00","2024","07","23","16:00","","24.4","","19.5","","74","","","","7","","14","","","","100.72","","32","","","","NA"
"-79.80","43.30","BURLINGTON PIERS (AUT)","6151061","2024-07-23 17:00","2024","07","23","17:00","","24.2","","19.7","","76","","","","9","","19","","","","100.71","","32","","","","NA"
"-79.80","43.30","BURLINGTON PIERS (AUT)","6151061","2024-07-23 18:00","2024","07","23","18:00","","24.6","","19.1","","71","","","","10","","18","","","","100.73","","31","","","","NA"
"-79.80","43.30","BURLINGTON PIERS (AUT)","6151061","2024-07-23 19:00","2024","07","23","19:00","","26.9","","17.3","","56","","","","16","","12","","","","100.71","","32","","","","NA"
"-79.80","43.30","BURLINGTON PIERS (AUT)","6151061","2024-07-23 20:00","2024","07","23","20:00","","25.9","","16.9","","58","","","","18","","6","","","","100.76","","31","","","","NA"
"-79.80","43.30","BURLINGTON PIERS (AUT)","6151061","2024-07-23 21:00","2024","07","23","21:00","","25.0","","17.3","","62","","","","15","","14","","","","100.81","","30","","","","NA"
"-79.80","43.30","BURLINGTON PIERS (AUT)","6151061","2024-07-23 22:00","2024","07","23","22:00","","24.4","","16.8","","63","","","","17","","7","","","","100.83","","30","","","","NA"
"-79.80","43.30","BURLINGTON PIERS (AUT)","6151061","2024-07-23 23:00","2024","07","23","23:00","","23.6","","17.4","","69","","","","25","","5","","","","100.79","","29","","","","NA"
"-79.80","43.30","BURLINGTON PIERS (AUT)","6151061","2024-07-24 00:00","2024","07","24","00:00","","22.7","","17.2","","71","","","","33","","3","","","","100.75","","28","","","","NA"
"-79.80","43.30","BURLINGTON PIERS (AUT)","6151061","2024-07-24 01:00","2024","07","24","01:00","","22.9","","18.2","","75","","","","","","0","","","","100.71","","29","","","","NA"
"-79.80","43.30","BURLINGTON PIERS (AUT)","6151061","2024-07-24 02:00","2024","07","24","02:00","","22.8","","17.6","","73","","","","","","0","","","","100.69","","29","","","","NA"
"-79.80","43.30","BURLINGTON PIERS (AUT)","6151061","2024-07-24 03:00","2024","07","24","03:00","","22.5","","17.1","","72","","","","","","0","","","","100.65","","28","","","","NA"
"-79.80","43.30","BURLINGTON PIERS (AUT)","6151061","2024-07-24 04:00","2024","07","24","04:00","","22.6","","19.0","","80","","","","","","0","","","","100.62","","29","","","","NA"
"-79.80","43.30","BURLINGTON PIERS (AUT)","6151061","2024-07-24 05:00","2024","07","24","05:00","","22.5","","19.9","","85","","","","22","","5","","","","100.65","","30","","","","NA"
"-79.80","43.30","BURLINGTON PIERS (AUT)","6151061","2024-07-24 06:00","2024","07","24","06:00","","22.7","","20.2","","86","","","","22","","3","","","","100.65","","30","","","","NA"
"-79.80","43.30","BURLINGTON PIERS (AUT)","6151061","2024-07-24 07:00","2024","07","24","07:00","","23.7","","20.0","","80","","","","19","","10","","","","100.65","","31","","","","NA"
"-79.80","43.30","BURLINGTON PIERS (AUT)","6151061","2024-07-24 08:00","2024","07","24","08:00","","24.3","","20.6","","80","","","","21","","14","","","","100.66","","32","","","","NA"
"-79.80","43.30","BURLINGTON PIERS (AUT)","6151061","2024-07-24 09:00","2024","07","24","09:00","","25.5","","20.3","","73","","","","21","","13","","","","100.65","","33","","","","NA"
"-79.80","43.30","BURLINGTON PIERS (AUT)","6151061","2024-07-24 10:00","2024","07","24","10:00","","19.6","","17.0","","84","","","","25","","21","","","","100.72","","","","","","NA"
"-79.80","43.30","BURLINGTON PIERS (AUT)","6151061","2024-07-24 11:00","2024","07","24","11:00","","21.1","","18.7","","87","","","","26","","6","","","","100.66","","28","","","","NA"
"-79.80","43.30","BURLINGTON PIERS (AUT)","6151061","2024-07-24 12:00","2024","07","24","12:00","","21.6","","20.1","","91","","","","19","","8","","","","100.68","","29","","","","NA"
"-79.80","43.30","BURLINGTON PIERS (AUT)","6151061","2024-07-24 13:00","2024","07","24","13:00","","25.0","","20.2","","75","","","","21","","9","","","","100.62","","33","","","","NA"
"-79.80","43.30","BURLINGTON PIERS (AUT)","6151061","2024-07-24 14:00","2024","07","24","14:00","","26.1","","18.4","","63","","","","25","","17","","","","100.62","","32","","","","NA"
"-79.80","43.30","BURLINGTON PIERS (AUT)","6151061","2024-07-24 15:00","2024","07","24","15:00","","25.5","","18.6","","65","","","","26","","10","","","","100.63","","32","","","","NA"
"-79.80","43.30","BURLINGTON PIERS (AUT)","6151061","2024-07-24 16:00","2024","07","24","16:00","","25.3","","17.9","","64","","","","26","","12","","","","100.61","","31","","","","NA"
"-79.80","43.30","BURLINGTON PIERS (AUT)","6151061","2024-07-24 17:00","2024","07","24","17:00","","25.6","","18.0","","63","","","","28","","9","","","","100.65","","32","","","","NA"
"-79.80","43.30","BURLINGTON PIERS (AUT)","6151061","2024-07-24 18:00","2024","07","24","18:00","","24.7","","16.6","","61","","","","29","","19","","","","100.71","","30","","","","NA"
"-79.80","43.30","BURLINGTON PIERS (AUT)","6151061","2024-07-24 19:00","2024","07","24","19:00","","23.8","","15.7","","61","","","","29","","18","","","","100.74","","28","","","","NA"
"-79.80","43.30","BURLINGTON PIERS (AUT)","6151061","2024-07-24 20:00","2024","07","24","20:00","","22.7","","15.7","","65","","","","29","","14","","","","100.80","","27","","","","NA"
"-79.80","43.30","BURLINGTON PIERS (AUT)","6151061","2024-07-24 21:00","2024","07","24","21:00","","21.7","","16.1","","70","","","","26","","6","","","","100.87","","26","","","","NA"
"-79.80","43.30","BURLINGTON PIERS (AUT)","6151061","2024-07-24 22:00","2024","07","24","22:00","","20.8","","15.5","","72","","","","28","","9","","","","100.91","","25","","","","NA"
"-79.80","43.30","BURLINGTON PIERS (AUT)","6151061","2024-07-24 23:00","2024","07","24","23:00","","20.0","","15.0","","73","","","","28","","9","","","","100.95","","","","","","NA"
"-79.80","43.30","BURLINGTON PIERS (AUT)","6151061","2024-07-25 00:00","2024","07","25","00:00","","19.3","","14.9","","76","","","","27","","7","","","","100.98","","","","","","NA"
"-79.80","43.30","BURLINGTON PIERS (AUT)","6151061","2024-07-25 01:00","2024","07","25","01:00","","18.4","","14.1","","76","","","","26","","9","","","","101.00","","","","","","NA"
"-79.80","43.30","BURLINGTON PIERS (AUT)","6151061","2024-07-25 02:00","2024","07","25","02:00","","17.9","","13.3","","74","","","","25","","8","","","","101.02","","","","","","NA"
"-79.80","43.30","BURLINGTON PIERS (AUT)","6151061","2024-07-25 03:00","2024","07","25","03:00","","17.6","","15.0","","85","","","","26","","8","","","","101.01","","","","","","NA"
"-79.80","43.30","BURLINGTON PIERS (AUT)","6151061","2024-07-25 04:00","2024","07","25","04:00","","17.3","","15.0","","87","","","","26","","9","","","","101.04","","","","","","NA"
"-79.80","43.30","BURLINGTON PIERS (AUT)","6151061","2024-07-25 05:00","2024","07","25","05:00","","17.2","","14.6","","85","","","","27","","7","","","","101.09","","","","","","NA"
"-79.80","43.30","BURLINGTON PIERS (AUT)","6151061","2024-07-25 06:00","2024","07","25","06:00","","17.2","","14.4","","84","","","","27","","8","","","","101.13","","","","","","NA"
"-79.80","43.30","BURLINGTON PIERS (AUT)","6151061","2024-07-25 07:00","2024","07","25","07:00","","18.0","","13.4","","75","","","","28","","8","","","","101.18","","","","","","NA"
"-79.80","43.30","BURLINGTON PIERS (AUT)","6151061","2024-07-25 08:00","2024","07","25","08:00","","19.2","","13.4","","69","","","","25","","5","","","","101.23","","","","","","NA"
"-79.80","43.30","BURLINGTON PIERS (AUT)","6151061","2024-07-25 09:00","2024","07","25","09:00","","20.7","","12.5","","59","","","","31","","4","","","","101.23","","","","","","NA"
"-79.80","43.30","BURLINGTON PIERS (AUT)","6151061","2024-07-25 10:00","2024","07","25","10:00","","21.8","","10.0","","47","","","","35","","16","","","","101.22","","","","","","NA"
"-79.80","43.30","BURLINGTON PIERS (AUT)","6151061","2024-07-25 11:00","2024","07","25","11:00","","22.3","","9.6","","44","","","","35","","17","","","","101.21","","","","","","NA"
"-79.80","43.30","BURLINGTON PIERS (AUT)","6151061","2024-07-25 12:00","2024","07","25","12:00","","23.3","","9.8","","42","","","","29","","12","","","","101.18","","","","","","NA"
"-79.80","43.30","BURLINGTON PIERS (AUT)","6151061","2024-07-25 13:00","2024","07","25","13:00","","23.6","","8.5","","38","","","","30","","16","","","","101.17","","","","","","NA"
"-79.80","43.30","BURLINGTON PIERS (AUT)","6151061","2024-07-25 14:00","2024","07","25","14:00","","24.0","","8.2","","36","","","","33","","16","","","","101.15","","","","","","NA"
"-79.80","43.30","BURLINGTON PIERS (AUT)","6151061","2024-07-25 15:00","2024","07","25","15:00","","24.3","","9.7","","40","","","","30","","18","","","","101.13","","25","","","","NA"
"-79.80","43.30","BURLINGTON PIERS (AUT)","6151061","2024-07-25 16:00","2024","07","25","16:00","","24.6","","6.7","","32","","","","31","","13","","","","101.14","","","","","","NA"
"-79.80","43.30","BURLINGTON PIERS (AUT)","6151061","2024-07-25 17:00","2024","07","25","17:00","","23.9","","10.1","","41","","","","33","","22","","","","101.12","","25","","","","NA"
"-79.80","43.30","BURLINGTON PIERS (AUT)","6151061","2024-07-25 18:00","2024","07","25","18:00","","23.6","","11.5","","46","","","","34","","21","","","","101.17","","26","","","","NA"
"-79.80","43.30","BURLINGTON PIERS (AUT)","6151061","2024-07-25 19:00","2024","07","25","19:00","","23.5","","10.3","","43","","","","33","","18","","","","101.19","","25","","","","NA"
"-79.80","43.30","BURLINGTON PIERS (AUT)","6151061","2024-07-25 20:00","2024","07","25","20:00","","22.5","","9.9","","45","","","","32","","14","","","","101.21","","","","","","NA"
"-79.80","43.30","BURLINGTON PIERS (AUT)","6151061","2024-07-25 21:00","2024","07","25","21:00","","21.3","","11.1","","52","","","","32","","10","","","","101.26","","","","","","NA"
"-79.80","43.30","BURLINGTON PIERS (AUT)","6151061","2024-07-25 22:00","2024","07","25","22:00","","20.7","","12.4","","59","","","","32","","9","","","","101.30","","","","","","NA"
"-79.80","43.30","BURLINGTON PIERS (AUT)","6151061","2024-07-25 23:00","2024","07","25","23:00","","19.7","","11.9","","60","","","","30","","7","","","","101.31","","","","","","NA"
"-79.80","43.30","BURLINGTON PIERS (AUT)","6151061","2024-07-26 00:00","2024","07","26","00:00","","19.3","","12.1","","63","","","","31","","8","","","","101.31","","","","","","NA"
"-79.80","43.30","BURLINGTON PIERS (AUT)","6151061","2024-07-26 01:00","2024","07","26","01:00","","18.8","","12.2","","65","","","","26","","6","","","","101.32","","","","","","NA"
"-79.80","43.30","BURLINGTON PIERS (AUT)","6151061","2024-07-26 02:00","2024","07","26","02:00","","18.0","","12.4","","70","","","","26","","6","","","","101.32","","","","","","NA"
"-79.80","43.30","BURLINGTON PIERS (AUT)","6151061","2024-07-26 03:00","2024","07","26","03:00","","17.6","","12.1","","70","","","","25","","9","","","","101.34","","","","","","NA"
"-79.80","43.30","BURLINGTON PIERS (AUT)","6151061","2024-07-26 04:00","2024","07","26","04:00","","17.3","","11.8","","70","","","","26","","7","","","","101.36","","","","","","NA"
"-79.80","43.30","BURLINGTON PIERS (AUT)","6151061","2024-07-26 05:00","2024","07","26","05:00","","17.4","","11.9","","70","","","","25","","10","","","","101.38","","","","","","NA"
"-79.80","43.30","BURLINGTON PIERS (AUT)","6151061","2024-07-26 06:00","2024","07","26","06:00","","17.1","","12.0","","72","","","","25","","9","","","","101.42","","","","","","NA"
"-79.80","43.30","BURLINGTON PIERS (AUT)","6151061","2024-07-26 07:00","2024","07","26","07:00","","17.5","","12.2","","71","","","","25","","9","","","","101.44","","","","","","NA"
"-79.80","43.30","BURLINGTON PIERS (AUT)","6151061","2024-07-26 08:00","2024","07","26","08:00","","18.6","","13.2","","71","","","","22","","8","","","","101.46","","","","","","NA"
"-79.80","43.30","BURLINGTON PIERS (AUT)","6151061","2024-07-26 09:00","2024","07","26","09:00","","20.5","","13.7","","65","","","","22","","6","","","","101.46","","","","","","NA"
"-79.80","43.30","BURLINGTON PIERS (AUT)","6151061","2024-07-26 10:00","2024","07","26","10:00","","21.5","","13.9","","62","","","","12","","8","","","","101.46","","25","","","","NA"
"-79.80","43.30","BURLINGTON PIERS (AUT)","6151061","2024-07-26 11:00","2024","07","26","11:00","","22.1","","13.7","","59","","","","11","","12","","","","101.42","","25","","","","NA"
"-79.80","43.30","BURLINGTON PIERS (AUT)","6151061","2024-07-26 12:00","2024","07","26","12:00","","22.6","","12.0","","51","","","","11","","14","","","","101.35","","25","","","","NA"
"-79.80","43.30","BURLINGTON PIERS (AUT)","6151061","2024-07-26 13:00","2024","07","26","13:00","","23.0","","11.5","","48","","","","11","","16","","","","101.32","","25","","","","NA"
"-79.80","43.30","BURLINGTON PIERS (AUT)","6151061","2024-07-26 14:00","2024","07","26","14:00","","23.3","","12.8","","52","","","","11","","18","","","","101.27","","26","","","","NA"
"-79.80","43.30","BURLINGTON PIERS (AUT)","6151061","2024-07-26 15:00","2024","07","26","15:00","","24.0","","13.7","","53","","","","12","","16","","","","101.22","","27","","","","NA"
"-79.80","43.30","BURLINGTON PIERS (AUT)","6151061","2024-07-26 16:00","2024","07","26","16:00","","24.2","","13.5","","51","","","","13","","13","","","","101.19","","27","","","","NA"
"-79.80","43.30","BURLINGTON PIERS (AUT)","6151061","2024-07-26 17:00","2024","07","26","17:00","","25.5","","12.1","","43","","","","14","","10","","","","101.16","","28","","","","NA"
"-79.80","43.30","BURLINGTON PIERS (AUT)","6151061","2024-07-26 18:00","2024","07","26","18:00","","25.8","","11.8","","42","","","","14","","11","","","","101.14","","28","","","","NA"
"-79.80","43.30","BURLINGTON PIERS (AUT)","6151061","2024-07-26 19:00","2024","07","26","19:00","","25.9","","12.5","","43","","","","17","","15","","","","101.14","","28","","","","NA"
"-79.80","43.30","BURLINGTON PIERS (AUT)","6151061","2024-07-26 20:00","2024","07","26","20:00","","24.2","","14.3","","54","","","","20","","13","","","","101.15","","28","","","","NA"
"-79.80","43.30","BURLINGTON PIERS (AUT)","6151061","2024-07-26 21:00","2024","07","26","21:00","","23.5","","14.1","","56","","","","23","","12","","","","101.18","","27","","","","NA"
"-79.80","43.30","BURLINGTON PIERS (AUT)","6151061","2024-07-26 22:00","2024","07","26","22:00","","22.4","","14.6","","61","","","","25","","10","","","","101.20","","26","","","","NA"
"-79.80","43.30","BURLINGTON PIERS (AUT)","6151061","2024-07-26 23:00","2024","07","26","23:00","","21.5","","14.4","","64","","","","24","","9","","","","101.19","","25","","","","NA"
"-79.80","43.30","BURLINGTON PIERS (AUT)","6151061","2024-07-27 00:00","2024","07","27","00:00","","21.1","","14.5","","66","","","","25","","8","","","","101.20","","25","","","","NA"
"-79.80","43.30","BURLINGTON PIERS (AUT)","6151061","2024-07-27 01:00","2024","07","27","01:00","","21.0","","11.9","","56","","","","29","","7","","","","101.19","","","","","","NA"
"-79.80","43.30","BURLINGTON PIERS (AUT)","6151061","2024-07-27 02:00","2024","07","27","02:00","","20.7","","12.0","","58","","","","28","","4","","","","101.19","","","","","","NA"
"-79.80","43.30","BURLINGTON PIERS (AUT)","6151061","2024-07-27 03:00","2024","07","27","03:00","","20.4","","13.4","","64","","","","25","","3","","","","101.19","","","","","","NA"
"-79.80","43.30","BURLINGTON PIERS (AUT)","6151061","2024-07-27 04:00","2024","07","27","04:00","","19.7","","14.4","","71","","","","23","","3","","","","101.19","","","","","","NA"
"-79.80","43.30","BURLINGTON PIERS (AUT)","6151061","2024-07-27 05:00","2024","07","27","05:00","","19.2","","14.7","","75","","","","","","0","","","","101.24","","","","","","NA"
"-79.80","43.30","BURLINGTON PIERS (AUT)","6151061","2024-07-27 06:00","2024","07","27","06:00","","18.6","","15.3","","81","","","","25","","6","","","","101.29","","","","","","NA"
"-79.80","43.30","BURLINGTON PIERS (AUT)","6151061","2024-07-27 07:00","2024","07","27","07:00","","19.4","","15.3","","77","","","","25","","6","","","","101.32","","","","","","NA"
"-79.80","43.30","BURLINGTON PIERS (AUT)","6151061","2024-07-27 08:00","2024","07","27","08:00","","20.7","","14.9","","70","","","","9","","3","","","","101.35","","25","","","","NA"
"-79.80","43.30","BURLINGTON PIERS (AUT)","6151061","2024-07-27 09:00","2024","07","27","09:00","","21.0","","14.8","","68","","","","10","","9","","","","101.37","","25","","","","NA"
"-79.80","43.30","BURLINGTON PIERS (AUT)","6151061","2024-07-27 10:00","2024","07","27","10:00","","21.3","","15.6","","70","","","","11","","8","","","","101.38","","26","","","","NA"
"-79.80","43.30","BURLINGTON PIERS (AUT)","6151061","2024-07-27 11:00","2024","07","27","11:00","","21.9","","16.1","","70","","","","8","","10","","","","101.37","","27","","","","NA"
"-79.80","43.30","BURLINGTON PIERS (AUT)","6151061","2024-07-27 12:00","2024","07","27","12:00","","22.8","","15.9","","65","","","","8","","12","","","","101.33","","27","","","","NA"
"-79.80","43.30","BURLINGTON PIERS (AUT)","6151061","2024-07-27 13:00","2024","07","27","13:00","","23.2","","16.1","","64","","","","8","","11","","","","101.30","","28","","","","NA"
"-79.80","43.30","BURLINGTON PIERS (AUT)","6151061","2024-07-27 14:00","2024","07","27","14:00","","23.6","","17.1","","67","","","","7","","13","","","","101.28","","29","","","","NA"
"-79.80","43.30","BURLINGTON PIERS (AUT)","6151061","2024-07-27 15:00","2024","07","27","15:00","","24.1","","15.3","","58","","","","7","","13","","","","101.20","","28","","","","NA"
"-79.80","43.30","BURLINGTON PIERS (AUT)","6151061","2024-07-27 16:00","2024","07","27","16:00","","24.3","","16.1","","60","","","","8","","15","","","","101.16","","29","","","","NA"
"-79.80","43.30","BURLINGTON PIERS (AUT)","6151061","2024-07-27 17:00","2024","07","27","17:00","","24.3","","16.8","","63","","","","7","","11","","","","101.13","","29","","","","NA"
"-79.80","43.30","BURLINGTON PIERS (AUT)","6151061","2024-07-27 18:00","2024","07","27","18:00","","24.0","","18.5","","71","","","","8","","7","","","","101.12","","30","","","","NA"
"-79.80","43.30","BURLINGTON PIERS (AUT)","6151061","2024-07-27 19:00","2024","07","27","19:00","","23.8","","18.3","","71","","","","11","","17","","","","101.07","","30","","","","NA"
"-79.80","43.30","BURLINGTON PIERS (AUT)","6151061","2024-07-27 20:00","2024","07","27","20:00","","23.9","","16.5","","63","","","","12","","17","","","","101.04","","29","","","","NA"
"-79.80","43.30","BURLINGTON PIERS (AUT)","6151061","2024-07-27 21:00","2024","07","27","21:00","","23.4","","17.9","","71","","","","14","","8","","","","101.06","","29","","","","NA"
"-79.80","43.30","BURLINGTON PIERS (AUT)","6151061","2024-07-27 22:00","2024","07","27","22:00","","23.3","","13.8","","55","","","","15","","4","","","","101.05","","27","","","","NA"
"-79.80","43.30","BURLINGTON PIERS (AUT)","6151061","2024-07-27 23:00","2024","07","27","23:00","","22.1","","17.7","","76","","","","24","","6","","","","101.07","","28","","","","NA"
"-79.80","43.30","BURLINGTON PIERS (AUT)","6151061","2024-07-28 00:00","2024","07","28","00:00","","21.5","","16.5","","73","","","","25","","3","","","","101.11","","26","","","","NA"
"-79.80","43.30","BURLINGTON PIERS (AUT)","6151061","2024-07-28 01:00","2024","07","28","01:00","","21.5","","16.6","","74","","","","26","","4","","","","101.13","","27","","","","NA"
"-79.80","43.30","BURLINGTON PIERS (AUT)","6151061","2024-07-28 02:00","2024","07","28","02:00","","20.4","","17.1","","81","","","","","","0","","","","101.13","","26","","","","NA"
"-79.80","43.30","BURLINGTON PIERS (AUT)","6151061","2024-07-28 03:00","2024","07","28","03:00","","20.3","","16.3","","78","","","","","","0","","","","101.12","","25","","","","NA"
"-79.80","43.30","BURLINGTON PIERS (AUT)","6151061","2024-07-28 04:00","2024","07","28","04:00","","19.9","","16.0","","78","","","","33","","4","","","","101.10","","","","","","NA"
"-79.80","43.30","BURLINGTON PIERS (AUT)","6151061","2024-07-28 05:00","2024","07","28","05:00","","19.7","","15.2","","75","","","","27","","3","","","","101.12","","","","","","NA"
"-79.80","43.30","BURLINGTON PIERS (AUT)","6151061","2024-07-28 06:00","2024","07","28","06:00","","19.7","","16.7","","83","","","","33","","3","","","","101.12","","","","","","NA"
"-79.80","43.30","BURLINGTON PIERS (AUT)","6151061","2024-07-28 07:00","2024","07","28","07:00","","20.6","","16.5","","77","","","","32","","5","","","","101.16","","26","","","","NA"
"-79.80","43.30","BURLINGTON PIERS (AUT)","6151061","2024-07-28 08:00","2024","07","28","08:00","","22.2","","17.1","","73","","","","","","0","","","","101.17","","28","","","","NA"
"-79.80","43.30","BURLINGTON PIERS (AUT)","6151061","2024-07-28 09:00","2024","07","28","09:00","","21.6","","19.3","","87","","","","6","","8","","","","101.14","","29","","","","NA"
"-79.80","43.30","BURLINGTON PIERS (AUT)","6151061","2024-07-28 10:00","2024","07","28","10:00","","21.9","","19.8","","88","","","","5","","12","","","","101.11","","29","","","","NA"
"-79.80","43.30","BURLINGTON PIERS (AUT)","6151061","2024-07-28 11:00","2024","07","28","11:00","","22.7","","19.0","","80","","","","5","","10","","","","101.06","","29","","","","NA"
"-79.80","43.30","BURLINGTON PIERS (AUT)","6151061","2024-07-28 12:00","2024","07","28","12:00","","22.9","","18.4","","76","","","","6","","13","","","","101.01","","29","","","","NA"
"-79.80","43.30","BURLINGTON PIERS (AUT)","6151061","2024-07-28 13:00","2024","07","28","13:00","","23.2","","19.0","","77","","","","6","","12","","","","100.97","","30","","","","NA"
"-79.80","43.30","BURLINGTON PIERS (AUT)","6151061","2024-07-28 14:00","2024","07","28","14:00","","23.4","","19.5","","79","","","","6","","14","","","","100.93","","31","","","","NA"
"-79.80","43.30","BURLINGTON PIERS (AUT)","6151061","2024-07-28 15:00","2024","07","28","15:00","","23.6","","19.7","","79","","","","6","","14","","","","100.87","","31","","","","NA"
"-79.80","43.30","BURLINGTON PIERS (AUT)","6151061","2024-07-28 16:00","2024","07","28","16:00","","23.7","","19.3","","76","","","","8","","15","","","","100.81","","31","","","","NA"
"-79.80","43.30","BURLINGTON PIERS (AUT)","6151061","2024-07-28 17:00","2024","07","28","17:00","","23.9","","19.8","","78","","","","6","","10","","","","100.76","","31","","","","NA"
"-79.80","43.30","BURLINGTON PIERS (AUT)","6151061","2024-07-28 18:00","2024","07","28","18:00","","24.2","","20.5","","80","","","","4","","8","","","","100.73","","32","","","","NA"
"-79.80","43.30","BURLINGTON PIERS (AUT)","6151061","2024-07-28 19:00","2024","07","28","19:00","","23.7","","21.0","","85","","","","3","","7","","","","100.75","","32","","","","NA"
"-79.80","43.30","BURLINGTON PIERS (AUT)","6151061","2024-07-28 20:00","2024","07","28","20:00","","23.7","","20.7","","83","","","","1","","10","","","","100.74","","32","","","","NA"
"-79.80","43.30","BURLINGTON PIERS (AUT)","6151061","2024-07-28 21:00","2024","07","28","21:00","","24.1","","19.1","","73","","","","35","","10","","","","100.72","","31","","","","NA"
"-79.80","43.30","BURLINGTON PIERS (AUT)","6151061","2024-07-28 22:00","2024","07","28","22:00","","24.0","","19.0","","73","","","","33","","6","","","","100.69","","31","","","","NA"
"-79.80","43.30","BURLINGTON PIERS (AUT)","6151061","2024-07-28 23:00","2024","07","28","23:00","","23.5","","18.8","","75","","","","","","0","","","","100.67","","30","","","","NA"
"-79.80","43.30","BURLINGTON PIERS (AUT)","6151061","2024-07-29 00:00","2024","07","29","00:00","","22.4","","18.3","","77","","","","26","","5","","","","100.67","","29","","","","NA"
"-79.80","43.30","BURLINGTON PIERS (AUT)","6151061","2024-07-29 01:00","2024","07","29","01:00","","22.1","","18.4","","80","","","","28","","6","","","","100.62","","28","","","","NA"
"-79.80","43.30","BURLINGTON PIERS (AUT)","6151061","2024-07-29 02:00","2024","07","29","02:00","","21.8","","17.8","","78","","","","26","","4","","","","100.58","","28","","","","NA"
"-79.80","43.30","BURLINGTON PIERS (AUT)","6151061","2024-07-29 03:00","2024","07","29","03:00","","21.7","","17.8","","79","","","","","","0","","","","100.56","","28","","","","NA"
"-79.80","43.30","BURLINGTON PIERS (AUT)","6151061","2024-07-29 04:00","2024","07","29","04:00","","21.3","","18.3","","83","","","","3","","9","","","","100.58","","28","","","","NA"
"-79.80","43.30","BURLINGTON PIERS (AUT)","6151061","2024-07-29 05:00","2024","07","29","05:00","","20.8","","17.8","","83","","","","30","","4","","","","100.56","","27","","","","NA"
"-79.80","43.30","BURLINGTON PIERS (AUT)","6151061","2024-07-29 06:00","2024","07","29","06:00","","21.3","","18.0","","82","","","","34","","7","","","","100.57","","27","","","","NA"
"-79.80","43.30","BURLINGTON PIERS (AUT)","6151061","2024-07-29 07:00","2024","07","29","07:00","","22.0","","17.8","","77","","","","34","","6","","","","100.56","","28","","","","NA"
"-79.80","43.30","BURLINGTON PIERS (AUT)","6151061","2024-07-29 08:00","2024","07","29","08:00","","23.3","","19.2","","77","","","","","","0","","","","100.59","","30","","","","NA"
"-79.80","43.30","BURLINGTON PIERS (AUT)","6151061","2024-07-29 09:00","2024","07","29","09:00","","22.5","","19.6","","84","","","","7","","7","","","","100.58","","30","","","","NA"
"-79.80","43.30","BURLINGTON PIERS (AUT)","6151061","2024-07-29 10:00","2024","07","29","10:00","","22.7","","20.1","","85","","","","8","","5","","","","100.58","","30","","","","NA"
"-79.80","43.30","BURLINGTON PIERS (AUT)","6151061","2024-07-29 11:00","2024","07","29","11:00","","23.0","","20.1","","84","","","","6","","8","","","","100.58","","31","","","","NA"
"-79.80","43.30","BURLINGTON PIERS (AUT)","6151061","2024-07-29 12:00","2024","07","29","12:00","","23.5","","20.1","","82","","","","5","","8","","","","100.54","","31","","","","NA"
"-79.80","43.30","BURLINGTON PIERS (AUT)","6151061","2024-07-29 13:00","2024","07","29","13:00","","23.8","","20.2","","80","","","","5","","10","","","","100.48","","32","","","","NA"
"-79.80","43.30","BURLINGTON PIERS (AUT)","6151061","2024-07-29 14:00","2024","07","29","14:00","","23.9","","20.7","","83","","","","5","","11","","","","100.42","","32","","","","NA"
"-79.80","43.30","BURLINGTON PIERS (AUT)","6151061","2024-07-29 15:00","2024","07","29","15:00","","24.3","","20.4","","79","","","","5","","11","","","","100.36","","32","","","","NA"
"-79.80","43.30","BURLINGTON PIERS (AUT)","6151061","2024-07-29 16:00","2024","07","29","16:00","","24.6","","19.5","","73","","","","6","","14","","","","100.32","","32","","","","NA"
"-79.80","43.30","BURLINGTON PIERS (AUT)","6151061","2024-07-29 17:00","2024","07","29","17:00","","24.4","","21.1","","82","","","","7","","14","","","","100.28","","33","","","","NA"
"-79.80","43.30","BURLINGTON PIERS (AUT)","6151061","2024-07-29 18:00","2024","07","29","18:00","","24.3","","21.3","","84","","","","7","","6","","","","100.23","","33","","","","NA"
"-79.80","43.30","BURLINGTON PIERS (AUT)","6151061","2024-07-29 19:00","2024","07","29","19:00","","24.2","","21.3","","84","","","","2","","5","","","","100.19","","33","","","","NA"
"-79.80","43.30","BURLINGTON PIERS (AUT)","6151061","2024-07-29 20:00","2024","07","29","20:00","","24.1","","21.4","","85","","","","4","","3","","","","100.19","","33","","","","NA"
"-79.80","43.30","BURLINGTON PIERS (AUT)","6151061","2024-07-29 21:00","2024","07","29","21:00","","24.1","","21.7","","86","","","","3","","5","","","","100.20","","33","","","","NA"
"-79.80","43.30","BURLINGTON PIERS (AUT)","6151061","2024-07-29 22:00","2024","07","29","22:00","","24.1","","21.7","","86","","","","1","","3","","","","100.20","","33","","","","NA"
"-79.80","43.30","BURLINGTON PIERS (AUT)","6151061","2024-07-29 23:00","2024","07","29","23:00","","24.3","","21.9","","86","","","","","","0","","","","100.19","","34","","","","NA"
"-79.80","43.30","BURLINGTON PIERS (AUT)","6151061","2024-07-30 00:00","2024","07","30","00:00","","24.3","","21.6","","85","","","","35","","3","","","","100.14","","33","","","","NA"
"-79.80","43.30","BURLINGTON PIERS (AUT)","6151061","2024-07-30 01:00","2024","07","30","01:00","","24.1","","21.2","","84","","","","","","0","","","","100.12","","33","","","","NA"
"-79.80","43.30","BURLINGTON PIERS (AUT)","6151061","2024-07-30 02:00","2024","07","30","02:00","","23.8","","21.4","","86","","","","22","","4","","","","100.09","","33","","","","NA"
"-79.80","43.30","BURLINGTON PIERS (AUT)","6151061","2024-07-30 03:00","2024","07","30","03:00","","23.6","","21.0","","86","","","","1","","4","","","","100.04","","32","","","","NA"
"-79.80","43.30","BURLINGTON PIERS (AUT)","6151061","2024-07-30 04:00","2024","07","30","04:00","","23.8","","21.4","","87","","","","12","","9","","","","100.04","","33","","","","NA"
"-79.80","43.30","BURLINGTON PIERS (AUT)","6151061","2024-07-30 05:00","2024","07","30","05:00","","23.7","","21.5","","87","","","","11","","10","","","","100.05","","33","","","","NA"
"-79.80","43.30","BURLINGTON PIERS (AUT)","6151061","2024-07-30 06:00","2024","07","30","06:00","","24.0","","21.5","","86","","","","11","","6","","","","100.03","","33","","","","NA"
"-79.80","43.30","BURLINGTON PIERS (AUT)","6151061","2024-07-30 07:00","2024","07","30","07:00","","24.4","","21.3","","82","","","","8","","5","","","","100.07","","33","","","","NA"
"-79.80","43.30","BURLINGTON PIERS (AUT)","6151061","2024-07-30 08:00","2024","07","30","08:00","","24.3","","21.5","","84","","","","8","","11","","","","100.09","","33","","","","NA"
"-79.80","43.30","BURLINGTON PIERS (AUT)","6151061","2024-07-30 09:00","2024","07","30","09:00","","24.2","","21.7","","86","","","","7","","14","","","","100.06","","33","","","","NA"
"-79.80","43.30","BURLINGTON PIERS (AUT)","6151061","2024-07-30 10:00","2024","07","30","10:00","","25.8","","21.9","","79","","","","10","","15","","","","99.98","","35","","","","NA"
"-79.80","43.30","BURLINGTON PIERS (AUT)","6151061","2024-07-30 11:00","2024","07","30","11:00","","27.0","","21.1","","70","","","","15","","20","","","","99.95","","36","","","","NA"
"-79.80","43.30","BURLINGTON PIERS (AUT)","6151061","2024-07-30 12:00","2024","07","30","12:00","","26.9","","20.9","","69","","","","17","","24","","","","99.94","","35","","","","NA"
"-79.80","43.30","BURLINGTON PIERS (AUT)","6151061","2024-07-30 13:00","2024","07","30","13:00","","27.3","","19.8","","64","","","","19","","18","","","","99.91","","35","","","","NA"
"-79.80","43.30","BURLINGTON PIERS (AUT)","6151061","2024-07-30 14:00","2024","07","30","14:00","","27.6","","20.4","","65","","","","20","","20","","","","99.87","","36","","","","NA"
"-79.80","43.30","BURLINGTON PIERS (AUT)","6151061","2024-07-30 15:00","2024","07","30","15:00","","28.0","","20.0","","62","","","","20","","13","","","","99.83","","36","","","","NA"
"-79.80","43.30","BURLINGTON PIERS (AUT)","6151061","2024-07-30 16:00","2024","07","30","16:00","","26.0","","20.8","","73","","","","25","","16","","","","99.85","","34","","","","NA"
"-79.80","43.30","BURLINGTON PIERS (AUT)","6151061","2024-07-30 17:00","2024","07","30","17:00","","27.0","","20.9","","69","","","","26","","8","","","","99.81","","35","","","","NA"
"-79.80","43.30","BURLINGTON PIERS (AUT)","6151061","2024-07-30 18:00","2024","07","30","18:00","","28.0","","19.8","","61","","","","23","","8","","","","99.80","","35","","","","NA"
"-79.80","43.30","BURLINGTON PIERS (AUT)","6151061","2024-07-30 19:00","2024","07","30","19:00","","27.7","","19.5","","61","","","","21","","8","","","","99.82","","35","","","","NA"
"-79.80","43.30","BURLINGTON PIERS (AUT)","6151061","2024-07-30 20:00","2024","07","30","20:00","","26.0","","21.0","","74","","","","18","","14","","","","99.84","","34","","","","NA"
"-79.80","43.30","BURLINGTON PIERS (AUT)","6151061","2024-07-30 21:00","2024","07","30","21:00","","24.9","","21.0","","79","","","","19","","14","","","","99.88","","33","","","","NA"
"-79.80","43.30","BURLINGTON PIERS (AUT)","6151061","2024-07-30 22:00","2024","07","30","22:00","","24.6","","21.1","","81","","","","21","","12","","","","99.91","","33","","","","NA"
"-79.80","43.30","BURLINGTON PIERS (AUT)","6151061","2024-07-30 23:00","2024","07","30","23:00","","24.1","","21.3","","84","","","","25","","7","","","","99.91","","33","","","","NA"
"-79.80","43.30","BURLINGTON PIERS (AUT)","6151061","2024-07-31 00:00","2024","07","31","00:00","","23.6","","21.2","","86","","","","25","","7","","","","99.90","","32","","","","NA"
"-79.80","43.30","BURLINGTON PIERS (AUT)","6151061","2024-07-31 01:00","2024","07","31","01:00","","23.5","","21.2","","87","","","","","","0","","","","99.85","","32","","","","NA"
"-79.80","43.30","BURLINGTON PIERS (AUT)","6151061","2024-07-31 02:00","2024","07","31","02:00","","23.4","","21.1","","87","","","","23","","6","","","","99.90","","32","","","","NA"
"-79.80","43.30","BURLINGTON PIERS (AUT)","6151061","2024-07-31 03:00","2024","07","31","03:00","","23.1","","20.9","","87","","","","24","","6","","","","99.91","","31","","","","NA"
"-79.80","43.30","BURLINGTON PIERS (AUT)","6151061","2024-07-31 04:00","2024","07","31","04:00","","22.7","","20.2","","86","","","","24","","7","","","","99.96","","30","","","","NA"
"-79.80","43.30","BURLINGTON PIERS (AUT)","6151061","2024-07-31 05:00","2024","07","31","05:00","","22.6","","20.1","","85","","","","28","","8","","","","100.07","","30","","","","NA"
"-79.80","43.30","BURLINGTON PIERS (AUT)","6151061","2024-07-31 06:00","2024","07","31","06:00","","23.1","","20.3","","84","","","","23","","6","","","","100.12","","31","","","","NA"
"-79.80","43.30","BURLINGTON PIERS (AUT)","6151061","2024-07-31 07:00","2024","07","31","07:00","","23.6","","20.0","","80","","","","25","","7","","","","100.18","","31","","","","NA"
"-79.80","43.30","BURLINGTON PIERS (AUT)","6151061","2024-07-31 08:00","2024","07","31","08:00","","24.3","","19.4","","74","","","","28","","10","","","","100.21","","31","","","","NA"
"-79.80","43.30","BURLINGTON PIERS (AUT)","6151061","2024-07-31 09:00","2024","07","31","09:00","","24.8","","19.7","","73","","","","23","","10","","","","100.22","","32","","","","NA"
"-79.80","43.30","BURLINGTON PIERS (AUT)","6151061","2024-07-31 10:00","2024","07","31","10:00","","26.0","","20.0","","70","","","","26","","9","","","","100.32","","34","","","","NA"
"-79.80","43.30","BURLINGTON PIERS (AUT)","6151061","2024-07-31 11:00","2024","07","31","11:00","","27.2","","19.5","","63","","","","27","","10","","","","100.37","","34","","","","NA"
"-79.80","43.30","BURLINGTON PIERS (AUT)","6151061","2024-07-31 12:00","2024","07","31","12:00","","27.8","","19.5","","61","","","","24","","10","","","","100.31","","35","","","","NA"
"-79.80","43.30","BURLINGTON PIERS (AUT)","6151061","2024-07-31 13:00","2024","07","31","13:00","","28.5","","19.9","","60","","","","24","","10","","","","100.31","","36","","","","NA"
"-79.80","43.30","BURLINGTON PIERS (AUT)","6151061","2024-07-31 14:00","2024","07","31","14:00","","29.5","","19.5","","55","","","","24","","8","","","","100.29","","37","","","","NA"
"-79.80","43.30","BURLINGTON PIERS (AUT)","6151061","2024-07-31 15:00","2024","07","31","15:00","","29.5","","19.9","","56","","","","22","","14","","","","100.29","","37","","","","NA"
"-79.80","43.30","BURLINGTON PIERS (AUT)","6151061","2024-07-31 16:00","2024","07","31","16:00","","30.6","","19.5","","52","","","","24","","8","","","","100.26","","38","","","","NA"
"-79.80","43.30","BURLINGTON PIERS (AUT)","6151061","2024-07-31 17:00","2024","07","31","17:00","","30.5","","19.2","","51","","","","25","","12","","","","100.24","","37","","","","NA"
"-79.80","43.30","BURLINGTON PIERS (AUT)","6151061","2024-07-31 18:00","2024","07","31","18:00","","30.4","","19.4","","52","","","","25","","10","","","","100.24","","37","","","","NA"
"-79.80","43.30","BURLINGTON PIERS (AUT)","6151061","2024-07-31 19:00","2024","07","31","19:00","","29.3","","22.2","","66","","","","25","","7","","","","100.27","","39","","","","NA"
"-79.80","43.30","BURLINGTON PIERS (AUT)","6151061","2024-07-31 20:00","2024","07","31","20:00","","27.9","","23.0","","75","","","","27","","6","","","","100.29","","38","","","","NA"
"-79.80","43.30","BURLINGTON PIERS (AUT)","6151061","2024-07-31 21:00","2024","07","31","21:00","","27.3","","22.8","","76","","","","26","","6","","","","100.35","","37","","","","NA"
"-79.80","43.30","BURLINGTON PIERS (AUT)","6151061","2024-07-31 22:00","2024","07","31","22:00","","26.7","","22.6","","78","","","","24","","5","","","","100.44","","37","","","","NA"
"-79.80","43.30","BURLINGTON PIERS (AUT)","6151061","2024-07-31 23:00","2024","07","31","23:00","","25.7","","22.3","","82","","","","26","","5","","","","100.41","","35","","","","NA"
