"Longitude (x)","Latitude (y)","Station Name","Climate ID","Date/Time (LST)","Year","Month","Day","Time (LST)","Flag","Temp (°C)","Temp Flag","Dew Point Temp (°C)","Dew Point Temp Flag","Rel Hum (%)","Rel Hum Flag","Precip. Amount (mm)","Precip. Amount Flag","Wind Dir (10s deg)","Wind Dir Flag","Wind Spd (km/h)","Wind Spd Flag","Visibility (km)","Visibility Flag","Stn Press (kPa)","Stn Press Flag","Hmdx","Hmdx Flag","Wind Chill","Wind Chill Flag","Weather"
"-79.80","43.30","BURLINGTON PIERS (AUT)","6151061","2024-02-01 00:00","2024","02","01","00:00","","2.8","","0.0","","81","","","","21","","19","","","","100.40","","","","","","NA"
"-79.80","43.30","BURLINGTON PIERS (AUT)","6151061","2024-02-01 01:00","2024","02","01","01:00","","3.2","","0.3","","81","","","","22","","13","","","","100.36","","","","","","NA"
"-79.80","43.30","BURLINGTON PIERS (AUT)","6151061","2024-02-01 02:00","2024","02","01","02:00","","3.4","","0.3","","80","","","","23","","15","","","","100.33","","","","","","NA"
"-79.80","43.30","BURLINGTON PIERS (AUT)","6151061","2024-02-01 03:00","2024","02","01","03:00","","3.3","","0.1","","80","","","","22","","16","","","","100.35","","","","","","NA"
"-79.80","43.30","BURLINGTON PIERS (AUT)","6151061","2024-02-01 04:00","2024","02","01","04:00","","3.3","","0.2","","81","","","","22","","13","","","","100.31","","","","","","NA"
"-79.80","43.30","BURLINGTON PIERS (AUT)","6151061","2024-02-01 05:00","2024","02","01","05:00","","3.2","","0.5","","83","","","","22","","13","","","","100.28","","","","","","NA"
"-79.80","43.30","BURLINGTON PIERS (AUT)","6151061","2024-02-01 06:00","2024","02","01","06:00","","3.0","","0.6","","84","","","","20","","18","","","","100.28","","","","","","NA"
"-79.80","43.30","BURLINGTON PIERS (AUT)","6151061","2024-02-01 07:00","2024","02","01","07:00","","3.0","","0.5","","84","","","","21","","22","","","","100.25","","","","","","NA"
"-79.80","43.30","BURLINGTON PIERS (AUT)","6151061","2024-02-01 08:00","2024","02","01","08:00","","3.0","","0.6","","84","","","","23","","12","","","","100.28","","","","","","NA"
"-79.80","43.30","BURLINGTON PIERS (AUT)","6151061","2024-02-01 09:00","2024","02","01","09:00","","2.9","","0.9","","87","","","","23","","14","","","","100.33","","","","","","NA"
"-79.80","43.30","BURLINGTON PIERS (AUT)","6151061","2024-02-01 10:00","2024","02","01","10:00","","3.3","","1.0","","85","","","","21","","17","","","","100.29","","","","","","NA"
"-79.80","43.30","BURLINGTON PIERS (AUT)","6151061","2024-02-01 11:00","2024","02","01","11:00","","3.7","","1.0","","82","","","","21","","16","","","","100.25","","","","","","NA"
"-79.80","43.30","BURLINGTON PIERS (AUT)","6151061","2024-02-01 12:00","2024","02","01","12:00","","3.6","","1.0","","83","","","","22","","14","","","","100.17","","","","","","NA"
"-79.80","43.30","BURLINGTON PIERS (AUT)","6151061","2024-02-01 13:00","2024","02","01","13:00","","4.0","","1.2","","82","","","","24","","11","","","","100.11","","","","","","NA"
"-79.80","43.30","BURLINGTON PIERS (AUT)","6151061","2024-02-01 14:00","2024","02","01","14:00","","4.1","","1.3","","82","","","","24","","12","","","","100.07","","","","","","NA"
"-79.80","43.30","BURLINGTON PIERS (AUT)","6151061","2024-02-01 15:00","2024","02","01","15:00","","4.3","","1.2","","80","","","","23","","8","","","","100.08","","","","","","NA"
"-79.80","43.30","BURLINGTON PIERS (AUT)","6151061","2024-02-01 16:00","2024","02","01","16:00","","4.4","","1.2","","80","","","","23","","6","","","","100.09","","","","","","NA"
"-79.80","43.30","BURLINGTON PIERS (AUT)","6151061","2024-02-01 17:00","2024","02","01","17:00","","4.3","","1.4","","81","","","","23","","5","","","","100.09","","","","","","NA"
"-79.80","43.30","BURLINGTON PIERS (AUT)","6151061","2024-02-01 18:00","2024","02","01","18:00","","4.0","","1.4","","83","","","","22","","7","","","","100.12","","","","","","NA"
"-79.80","43.30","BURLINGTON PIERS (AUT)","6151061","2024-02-01 19:00","2024","02","01","19:00","","4.1","","1.7","","84","","","","23","","5","","","","100.17","","","","","","NA"
"-79.80","43.30","BURLINGTON PIERS (AUT)","6151061","2024-02-01 20:00","2024","02","01","20:00","","4.0","","1.7","","84","","","","23","","6","","","","100.20","","","","","","NA"
"-79.80","43.30","BURLINGTON PIERS (AUT)","6151061","2024-02-01 21:00","2024","02","01","21:00","","4.0","","1.7","","85","","","","26","","4","","","","100.25","","","","","","NA"
"-79.80","43.30","BURLINGTON PIERS (AUT)","6151061","2024-02-01 22:00","2024","02","01","22:00","","4.0","","2.0","","87","","","","28","","6","","","","100.26","","","","","","NA"
"-79.80","43.30","BURLINGTON PIERS (AUT)","6151061","2024-02-01 23:00","2024","02","01","23:00","","4.0","","1.9","","86","","","","29","","5","","","","100.28","","","","","","NA"
"-79.80","43.30","BURLINGTON PIERS (AUT)","6151061","2024-02-02 00:00","2024","02","02","00:00","","4.0","","1.8","","86","","","","30","","7","","","","100.32","","","","","","NA"
"-79.80","43.30","BURLINGTON PIERS (AUT)","6151061","2024-02-02 01:00","2024","02","02","01:00","","3.9","","1.7","","86","","","","34","","18","","","","100.32","","","","","","NA"
"-79.80","43.30","BURLINGTON PIERS (AUT)","6151061","2024-02-02 02:00","2024","02","02","02:00","","3.4","","1.9","","90","","","","34","","20","","","","100.36","","","","","","NA"
"-79.80","43.30","BURLINGTON PIERS (AUT)","6151061","2024-02-02 03:00","2024","02","02","03:00","","3.6","","0.9","","83","","","","33","","24","","","","100.41","","","","","","NA"
"-79.80","43.30","BURLINGTON PIERS (AUT)","6151061","2024-02-02 04:00","2024","02","02","04:00","","3.3","","0.1","","79","","","","34","","20","","","","100.49","","","","","","NA"
"-79.80","43.30","BURLINGTON PIERS (AUT)","6151061","2024-02-02 05:00","2024","02","02","05:00","","2.5","","-0.7","","80","","","","34","","26","","","","100.58","","","","","","NA"
"-79.80","43.30","BURLINGTON PIERS (AUT)","6151061","2024-02-02 06:00","2024","02","02","06:00","","1.7","","-2.3","","75","","","","36","","22","","","","100.67","","","","","","NA"
"-79.80","43.30","BURLINGTON PIERS (AUT)","6151061","2024-02-02 07:00","2024","02","02","07:00","","1.1","","-2.7","","75","","","","34","","15","","","","100.80","","","","","","NA"
"-79.80","43.30","BURLINGTON PIERS (AUT)","6151061","2024-02-02 08:00","2024","02","02","08:00","","0.8","","-3.3","","74","","","","35","","16","","","","100.89","","","","","","NA"
"-79.80","43.30","BURLINGTON PIERS (AUT)","6151061","2024-02-02 09:00","2024","02","02","09:00","","0.4","","-3.3","","76","","","","35","","22","","","","100.96","","","","","","NA"
"-79.80","43.30","BURLINGTON PIERS (AUT)","6151061","2024-02-02 10:00","2024","02","02","10:00","","0.1","","-3.3","","78","","","","34","","25","","","","101.04","","","","","","NA"
"-79.80","43.30","BURLINGTON PIERS (AUT)","6151061","2024-02-02 11:00","2024","02","02","11:00","","0.2","","-3.2","","78","","","","32","","16","","","","101.09","","","","","","NA"
"-79.80","43.30","BURLINGTON PIERS (AUT)","6151061","2024-02-02 12:00","2024","02","02","12:00","","1.3","","-3.1","","72","","","","34","","16","","","","101.07","","","","","","NA"
"-79.80","43.30","BURLINGTON PIERS (AUT)","6151061","2024-02-02 13:00","2024","02","02","13:00","","2.4","","-2.8","","68","","","","34","","16","","","","101.01","","","","","","NA"
"-79.80","43.30","BURLINGTON PIERS (AUT)","6151061","2024-02-02 14:00","2024","02","02","14:00","","2.3","","-2.2","","72","","","","11","","10","","","","100.99","","","","","","NA"
"-79.80","43.30","BURLINGTON PIERS (AUT)","6151061","2024-02-02 15:00","2024","02","02","15:00","","2.0","","-2.0","","75","","","","13","","10","","","","101.03","","","","","","NA"
"-79.80","43.30","BURLINGTON PIERS (AUT)","6151061","2024-02-02 16:00","2024","02","02","16:00","","2.2","","-1.2","","78","","","","14","","6","","","","101.08","","","","","","NA"
"-79.80","43.30","BURLINGTON PIERS (AUT)","6151061","2024-02-02 17:00","2024","02","02","17:00","","2.7","","-3.2","","65","","","","34","","18","","","","101.13","","","","","","NA"
"-79.80","43.30","BURLINGTON PIERS (AUT)","6151061","2024-02-02 18:00","2024","02","02","18:00","","2.0","","-3.5","","67","","","","35","","20","","","","101.18","","","","","","NA"
"-79.80","43.30","BURLINGTON PIERS (AUT)","6151061","2024-02-02 19:00","2024","02","02","19:00","","1.3","","-3.4","","71","","","","34","","22","","","","101.24","","","","","","NA"
"-79.80","43.30","BURLINGTON PIERS (AUT)","6151061","2024-02-02 20:00","2024","02","02","20:00","","0.3","","-4.1","","72","","","","36","","22","","","","101.27","","","","","","NA"
"-79.80","43.30","BURLINGTON PIERS (AUT)","6151061","2024-02-02 21:00","2024","02","02","21:00","","-0.2","","-4.4","","73","","","","34","","20","","","","101.31","","","","-5","","NA"
"-79.80","43.30","BURLINGTON PIERS (AUT)","6151061","2024-02-02 22:00","2024","02","02","22:00","","-0.2","","-4.2","","74","","","","34","","14","","","","101.34","","","","-4","","NA"
"-79.80","43.30","BURLINGTON PIERS (AUT)","6151061","2024-02-02 23:00","2024","02","02","23:00","","-0.4","","-4.3","","75","","","","34","","17","","","","101.32","","","","-5","","NA"
"-79.80","43.30","BURLINGTON PIERS (AUT)","6151061","2024-02-03 00:00","2024","02","03","00:00","","-0.5","","-4.4","","75","","","","34","","12","","","","101.34","","","","-4","","NA"
"-79.80","43.30","BURLINGTON PIERS (AUT)","6151061","2024-02-03 01:00","2024","02","03","01:00","","-0.6","","-4.6","","74","","","","30","","9","","","","101.32","","","","-4","","NA"
"-79.80","43.30","BURLINGTON PIERS (AUT)","6151061","2024-02-03 02:00","2024","02","03","02:00","","-0.6","","-5.0","","72","","","","35","","9","","","","101.33","","","","-4","","NA"
"-79.80","43.30","BURLINGTON PIERS (AUT)","6151061","2024-02-03 03:00","2024","02","03","03:00","","-0.7","","-4.7","","74","","","","34","","7","","","","101.31","","","","-3","","NA"
"-79.80","43.30","BURLINGTON PIERS (AUT)","6151061","2024-02-03 04:00","2024","02","03","04:00","","-1.1","","-5.0","","75","","","","32","","10","","","","101.32","","","","-5","","NA"
"-79.80","43.30","BURLINGTON PIERS (AUT)","6151061","2024-02-03 05:00","2024","02","03","05:00","","-1.5","","-5.1","","77","","","","36","","11","","","","101.35","","","","-5","","NA"
"-79.80","43.30","BURLINGTON PIERS (AUT)","6151061","2024-02-03 06:00","2024","02","03","06:00","","-1.9","","-5.0","","79","","","","34","","12","","","","101.34","","","","-6","","NA"
"-79.80","43.30","BURLINGTON PIERS (AUT)","6151061","2024-02-03 07:00","2024","02","03","07:00","","-2.4","","-5.7","","78","","","","33","","13","","","","101.37","","","","-7","","NA"
"-79.80","43.30","BURLINGTON PIERS (AUT)","6151061","2024-02-03 08:00","2024","02","03","08:00","","-2.5","","-5.6","","79","","","","28","","3","","","","101.39","","","","-4","","NA"
"-79.80","43.30","BURLINGTON PIERS (AUT)","6151061","2024-02-03 09:00","2024","02","03","09:00","","-2.1","","-5.4","","78","","","","32","","6","","","","101.41","","","","-4","","NA"
"-79.80","43.30","BURLINGTON PIERS (AUT)","6151061","2024-02-03 10:00","2024","02","03","10:00","","-0.5","","-4.7","","73","","","","6","","3","","","","101.41","","","","-1","","NA"
"-79.80","43.30","BURLINGTON PIERS (AUT)","6151061","2024-02-03 11:00","2024","02","03","11:00","","-0.7","","-4.6","","75","","","","8","","5","","","","101.39","","","","-2","","NA"
"-79.80","43.30","BURLINGTON PIERS (AUT)","6151061","2024-02-03 12:00","2024","02","03","12:00","","-0.3","","-4.0","","76","","","","7","","7","","","","101.33","","","","-3","","NA"
"-79.80","43.30","BURLINGTON PIERS (AUT)","6151061","2024-02-03 13:00","2024","02","03","13:00","","0.2","","-3.8","","74","","","","7","","12","","","","101.26","","","","","","NA"
"-79.80","43.30","BURLINGTON PIERS (AUT)","6151061","2024-02-03 14:00","2024","02","03","14:00","","0.5","","-3.1","","77","","","","10","","15","","","","101.18","","","","","","NA"
"-79.80","43.30","BURLINGTON PIERS (AUT)","6151061","2024-02-03 15:00","2024","02","03","15:00","","0.6","","-2.3","","81","","","","10","","17","","","","101.14","","","","","","NA"
"-79.80","43.30","BURLINGTON PIERS (AUT)","6151061","2024-02-03 16:00","2024","02","03","16:00","","1.1","","-1.8","","81","","","","9","","13","","","","101.10","","","","","","NA"
"-79.80","43.30","BURLINGTON PIERS (AUT)","6151061","2024-02-03 17:00","2024","02","03","17:00","","1.5","","-1.2","","82","","","","9","","12","","","","101.10","","","","","","NA"
"-79.80","43.30","BURLINGTON PIERS (AUT)","6151061","2024-02-03 18:00","2024","02","03","18:00","","1.6","","-1.1","","82","","","","9","","11","","","","101.12","","","","","","NA"
"-79.80","43.30","BURLINGTON PIERS (AUT)","6151061","2024-02-03 19:00","2024","02","03","19:00","","1.7","","-1.2","","81","","","","10","","9","","","","101.11","","","","","","NA"
"-79.80","43.30","BURLINGTON PIERS (AUT)","6151061","2024-02-03 20:00","2024","02","03","20:00","","1.4","","-1.9","","79","","","","15","","7","","","","101.11","","","","","","NA"
"-79.80","43.30","BURLINGTON PIERS (AUT)","6151061","2024-02-03 21:00","2024","02","03","21:00","","0.3","","-1.6","","87","","","","22","","5","","","","101.08","","","","","","NA"
"-79.80","43.30","BURLINGTON PIERS (AUT)","6151061","2024-02-03 22:00","2024","02","03","22:00","","0.0","","-2.1","","85","","","","25","","4","","","","101.07","","","","-1","","NA"
"-79.80","43.30","BURLINGTON PIERS (AUT)","6151061","2024-02-03 23:00","2024","02","03","23:00","","-0.2","","-2.5","","84","","","","25","","7","","","","101.04","","","","-3","","NA"
"-79.80","43.30","BURLINGTON PIERS (AUT)","6151061","2024-02-04 00:00","2024","02","04","00:00","","-0.5","","-2.7","","85","","","","25","","8","","","","101.04","","","","-3","","NA"
"-79.80","43.30","BURLINGTON PIERS (AUT)","6151061","2024-02-04 01:00","2024","02","04","01:00","","-1.0","","-2.9","","87","","","","24","","7","","","","101.01","","","","-4","","NA"
"-79.80","43.30","BURLINGTON PIERS (AUT)","6151061","2024-02-04 02:00","2024","02","04","02:00","","-1.2","","-3.1","","87","","","","25","","7","","","","100.99","","","","-4","","NA"
"-79.80","43.30","BURLINGTON PIERS (AUT)","6151061","2024-02-04 03:00","2024","02","04","03:00","","-1.3","","-3.3","","86","","","","24","","7","","","","100.97","","","","-4","","NA"
"-79.80","43.30","BURLINGTON PIERS (AUT)","6151061","2024-02-04 04:00","2024","02","04","04:00","","-2.0","","-3.7","","88","","","","25","","9","","","","100.95","","","","-5","","NA"
"-79.80","43.30","BURLINGTON PIERS (AUT)","6151061","2024-02-04 05:00","2024","02","04","05:00","","-2.0","","-3.7","","88","","","","24","","7","","","","100.93","","","","-5","","NA"
"-79.80","43.30","BURLINGTON PIERS (AUT)","6151061","2024-02-04 06:00","2024","02","04","06:00","","-2.1","","-3.9","","88","","","","23","","6","","","","100.90","","","","-4","","NA"
"-79.80","43.30","BURLINGTON PIERS (AUT)","6151061","2024-02-04 07:00","2024","02","04","07:00","","-2.4","","-4.2","","88","","","","24","","8","","","","100.96","","","","-6","","NA"
"-79.80","43.30","BURLINGTON PIERS (AUT)","6151061","2024-02-04 08:00","2024","02","04","08:00","","-2.1","","-5.3","","79","","","","33","","9","","","","101.00","","","","-6","","NA"
"-79.80","43.30","BURLINGTON PIERS (AUT)","6151061","2024-02-04 09:00","2024","02","04","09:00","","-2.0","","-5.0","","80","","","","35","","7","","","","101.03","","","","-5","","NA"
"-79.80","43.30","BURLINGTON PIERS (AUT)","6151061","2024-02-04 10:00","2024","02","04","10:00","","-2.3","","-4.8","","83","","","","2","","11","","","","101.02","","","","-6","","NA"
"-79.80","43.30","BURLINGTON PIERS (AUT)","6151061","2024-02-04 11:00","2024","02","04","11:00","","-1.3","","-3.6","","84","","","","9","","6","","","","100.97","","","","-4","","NA"
"-79.80","43.30","BURLINGTON PIERS (AUT)","6151061","2024-02-04 12:00","2024","02","04","12:00","","-0.9","","-3.0","","86","","","","10","","10","","","","100.89","","","","-4","","NA"
"-79.80","43.30","BURLINGTON PIERS (AUT)","6151061","2024-02-04 13:00","2024","02","04","13:00","","-0.6","","-3.2","","83","","","","9","","13","","","","100.82","","","","-5","","NA"
"-79.80","43.30","BURLINGTON PIERS (AUT)","6151061","2024-02-04 14:00","2024","02","04","14:00","","-0.3","","-2.8","","83","","","","10","","11","","","","100.78","","","","-4","","NA"
"-79.80","43.30","BURLINGTON PIERS (AUT)","6151061","2024-02-04 15:00","2024","02","04","15:00","","0.1","","-2.7","","81","","","","9","","8","","","","100.79","","","","","","NA"
"-79.80","43.30","BURLINGTON PIERS (AUT)","6151061","2024-02-04 16:00","2024","02","04","16:00","","0.9","","-2.8","","76","","","","8","","7","","","","100.75","","","","","","NA"
"-79.80","43.30","BURLINGTON PIERS (AUT)","6151061","2024-02-04 17:00","2024","02","04","17:00","","1.4","","-1.7","","80","","","","7","","8","","","","100.73","","","","","","NA"
"-79.80","43.30","BURLINGTON PIERS (AUT)","6151061","2024-02-04 18:00","2024","02","04","18:00","","1.5","","-1.7","","79","","","","4","","7","","","","100.75","","","","","","NA"
"-79.80","43.30","BURLINGTON PIERS (AUT)","6151061","2024-02-04 19:00","2024","02","04","19:00","","1.1","","-1.3","","84","","","","35","","4","","","","100.77","","","","","","NA"
"-79.80","43.30","BURLINGTON PIERS (AUT)","6151061","2024-02-04 20:00","2024","02","04","20:00","","0.9","","-1.8","","82","","","","25","","3","","","","100.78","","","","","","NA"
"-79.80","43.30","BURLINGTON PIERS (AUT)","6151061","2024-02-04 21:00","2024","02","04","21:00","","0.6","","-2.4","","80","","","","","","0","","","","100.78","","","","","","NA"
"-79.80","43.30","BURLINGTON PIERS (AUT)","6151061","2024-02-04 22:00","2024","02","04","22:00","","-0.2","","-2.2","","87","","","","","","0","","","","100.76","","","","","","NA"
"-79.80","43.30","BURLINGTON PIERS (AUT)","6151061","2024-02-04 23:00","2024","02","04","23:00","","0.2","","-2.2","","84","","","","31","","4","","","","100.77","","","","","","NA"
"-79.80","43.30","BURLINGTON PIERS (AUT)","6151061","2024-02-05 00:00","2024","02","05","00:00","","0.7","","-2.3","","80","","","","36","","11","","","","100.77","","","","","","NA"
"-79.80","43.30","BURLINGTON PIERS (AUT)","6151061","2024-02-05 01:00","2024","02","05","01:00","","0.1","","-2.2","","84","","","","1","","10","","","","100.77","","","","","","NA"
"-79.80","43.30","BURLINGTON PIERS (AUT)","6151061","2024-02-05 02:00","2024","02","05","02:00","","-0.3","","-2.1","","88","","","","34","","13","","","","100.76","","","","-4","","NA"
"-79.80","43.30","BURLINGTON PIERS (AUT)","6151061","2024-02-05 03:00","2024","02","05","03:00","","-0.8","","-2.2","","90","","","","27","","4","","","","100.75","","","","-2","","NA"
"-79.80","43.30","BURLINGTON PIERS (AUT)","6151061","2024-02-05 04:00","2024","02","05","04:00","","0.1","","-1.9","","86","","","","34","","15","","","","100.74","","","","","","NA"
"-79.80","43.30","BURLINGTON PIERS (AUT)","6151061","2024-02-05 05:00","2024","02","05","05:00","","0.0","","-2.1","","86","","","","34","","21","","","","100.76","","","","-5","","NA"
"-79.80","43.30","BURLINGTON PIERS (AUT)","6151061","2024-02-05 06:00","2024","02","05","06:00","","-0.2","","-2.4","","85","","","","34","","18","","","","100.81","","","","-5","","NA"
"-79.80","43.30","BURLINGTON PIERS (AUT)","6151061","2024-02-05 07:00","2024","02","05","07:00","","-0.1","","-2.4","","85","","","","33","","16","","","","100.86","","","","-5","","NA"
"-79.80","43.30","BURLINGTON PIERS (AUT)","6151061","2024-02-05 08:00","2024","02","05","08:00","","0.7","","-2.4","","80","","","","35","","18","","","","100.90","","","","","","NA"
"-79.80","43.30","BURLINGTON PIERS (AUT)","6151061","2024-02-05 09:00","2024","02","05","09:00","","1.0","","-2.3","","79","","","","36","","17","","","","100.95","","","","","","NA"
"-79.80","43.30","BURLINGTON PIERS (AUT)","6151061","2024-02-05 10:00","2024","02","05","10:00","","1.5","","-2.4","","75","","","","1","","16","","","","100.96","","","","","","NA"
"-79.80","43.30","BURLINGTON PIERS (AUT)","6151061","2024-02-05 11:00","2024","02","05","11:00","","1.7","","-1.9","","77","","","","2","","23","","","","100.99","","","","","","NA"
"-79.80","43.30","BURLINGTON PIERS (AUT)","6151061","2024-02-05 12:00","2024","02","05","12:00","","1.8","","-2.4","","73","","","","3","","24","","","","100.99","","","","","","NA"
"-79.80","43.30","BURLINGTON PIERS (AUT)","6151061","2024-02-05 13:00","2024","02","05","13:00","","1.8","","-2.5","","73","","","","3","","23","","","","100.99","","","","","","NA"
"-79.80","43.30","BURLINGTON PIERS (AUT)","6151061","2024-02-05 14:00","2024","02","05","14:00","","1.7","","-3.2","","70","","","","4","","22","","","","100.99","","","","","","NA"
"-79.80","43.30","BURLINGTON PIERS (AUT)","6151061","2024-02-05 15:00","2024","02","05","15:00","","1.8","","-3.3","","69","","","","5","","18","","","","101.02","","","","","","NA"
"-79.80","43.30","BURLINGTON PIERS (AUT)","6151061","2024-02-05 16:00","2024","02","05","16:00","","1.7","","-4.1","","65","","","","6","","16","","","","101.02","","","","","","NA"
"-79.80","43.30","BURLINGTON PIERS (AUT)","6151061","2024-02-05 17:00","2024","02","05","17:00","","1.8","","-3.9","","66","","","","6","","13","","","","101.05","","","","","","NA"
"-79.80","43.30","BURLINGTON PIERS (AUT)","6151061","2024-02-05 18:00","2024","02","05","18:00","","1.7","","-3.3","","69","","","","8","","10","","","","101.11","","","","","","NA"
"-79.80","43.30","BURLINGTON PIERS (AUT)","6151061","2024-02-05 19:00","2024","02","05","19:00","","1.7","","-3.3","","70","","","","6","","4","","","","101.17","","","","","","NA"
"-79.80","43.30","BURLINGTON PIERS (AUT)","6151061","2024-02-05 20:00","2024","02","05","20:00","","0.9","","-2.9","","76","","","","32","","5","","","","101.21","","","","","","NA"
"-79.80","43.30","BURLINGTON PIERS (AUT)","6151061","2024-02-05 21:00","2024","02","05","21:00","","0.7","","-3.8","","72","","","","32","","11","","","","101.24","","","","","","NA"
"-79.80","43.30","BURLINGTON PIERS (AUT)","6151061","2024-02-05 22:00","2024","02","05","22:00","","0.4","","-3.6","","75","","","","33","","10","","","","101.27","","","","","","NA"
"-79.80","43.30","BURLINGTON PIERS (AUT)","6151061","2024-02-05 23:00","2024","02","05","23:00","","0.6","","-3.9","","72","","","","34","","9","","","","101.29","","","","","","NA"
"-79.80","43.30","BURLINGTON PIERS (AUT)","6151061","2024-02-06 00:00","2024","02","06","00:00","","-0.2","","-4.2","","74","","","","2","","12","","","","101.28","","","","-4","","NA"
"-79.80","43.30","BURLINGTON PIERS (AUT)","6151061","2024-02-06 01:00","2024","02","06","01:00","","-0.6","","-4.0","","77","","","","36","","13","","","","101.31","","","","-5","","NA"
"-79.80","43.30","BURLINGTON PIERS (AUT)","6151061","2024-02-06 02:00","2024","02","06","02:00","","-0.5","","-3.9","","78","","","","34","","10","","","","101.34","","","","-4","","NA"
"-79.80","43.30","BURLINGTON PIERS (AUT)","6151061","2024-02-06 03:00","2024","02","06","03:00","","-0.6","","-3.8","","79","","","","34","","15","","","","101.33","","","","-5","","NA"
"-79.80","43.30","BURLINGTON PIERS (AUT)","6151061","2024-02-06 04:00","2024","02","06","04:00","","-0.9","","-3.8","","81","","","","33","","8","","","","101.31","","","","-4","","NA"
"-79.80","43.30","BURLINGTON PIERS (AUT)","6151061","2024-02-06 05:00","2024","02","06","05:00","","-1.3","","-4.3","","80","","","","29","","6","","","","101.37","","","","-4","","NA"
"-79.80","43.30","BURLINGTON PIERS (AUT)","6151061","2024-02-06 06:00","2024","02","06","06:00","","-1.2","","-4.1","","81","","","","27","","4","","","","101.45","","","","-3","","NA"
"-79.80","43.30","BURLINGTON PIERS (AUT)","6151061","2024-02-06 07:00","2024","02","06","07:00","","-1.6","","-4.4","","81","","","","29","","4","","","","101.53","","","","-3","","NA"
"-79.80","43.30","BURLINGTON PIERS (AUT)","6151061","2024-02-06 08:00","2024","02","06","08:00","","-0.7","","-5.0","","73","","","","32","","7","","","","101.57","","","","-3","","NA"
"-79.80","43.30","BURLINGTON PIERS (AUT)","6151061","2024-02-06 09:00","2024","02","06","09:00","","1.0","","-5.0","","64","","","","","","0","","","","101.61","","","","","","NA"
"-79.80","43.30","BURLINGTON PIERS (AUT)","6151061","2024-02-06 10:00","2024","02","06","10:00","","0.9","","-3.2","","74","","","","2","","15","","","","101.65","","","","","","NA"
"-79.80","43.30","BURLINGTON PIERS (AUT)","6151061","2024-02-06 11:00","2024","02","06","11:00","","1.4","","-1.9","","78","","","","3","","16","","","","101.67","","","","","","NA"
"-79.80","43.30","BURLINGTON PIERS (AUT)","6151061","2024-02-06 12:00","2024","02","06","12:00","","1.8","","-3.8","","66","","","","7","","5","","","","101.69","","","","","","NA"
"-79.80","43.30","BURLINGTON PIERS (AUT)","6151061","2024-02-06 13:00","2024","02","06","13:00","","1.7","","-2.5","","73","","","","5","","12","","","","101.65","","","","","","NA"
"-79.80","43.30","BURLINGTON PIERS (AUT)","6151061","2024-02-06 14:00","2024","02","06","14:00","","1.5","","-2.8","","73","","","","6","","12","","","","101.57","","","","","","NA"
"-79.80","43.30","BURLINGTON PIERS (AUT)","6151061","2024-02-06 15:00","2024","02","06","15:00","","1.5","","-2.9","","73","","","","9","","14","","","","101.51","","","","","","NA"
"-79.80","43.30","BURLINGTON PIERS (AUT)","6151061","2024-02-06 16:00","2024","02","06","16:00","","1.5","","-2.9","","73","","","","10","","11","","","","101.51","","","","","","NA"
"-79.80","43.30","BURLINGTON PIERS (AUT)","6151061","2024-02-06 17:00","2024","02","06","17:00","","1.5","","-2.9","","73","","","","7","","10","","","","101.55","","","","","","NA"
"-79.80","43.30","BURLINGTON PIERS (AUT)","6151061","2024-02-06 18:00","2024","02","06","18:00","","1.4","","-2.5","","75","","","","6","","10","","","","101.57","","","","","","NA"
"-79.80","43.30","BURLINGTON PIERS (AUT)","6151061","2024-02-06 19:00","2024","02","06","19:00","","1.5","","-3.3","","71","","","","7","","7","","","","101.62","","","","","","NA"
"-79.80","43.30","BURLINGTON PIERS (AUT)","6151061","2024-02-06 20:00","2024","02","06","20:00","","1.6","","-4.1","","66","","","","5","","5","","","","101.66","","","","","","NA"
"-79.80","43.30","BURLINGTON PIERS (AUT)","6151061","2024-02-06 21:00","2024","02","06","21:00","","0.8","","-2.3","","80","","","","35","","6","","","","101.64","","","","","","NA"
"-79.80","43.30","BURLINGTON PIERS (AUT)","6151061","2024-02-06 22:00","2024","02","06","22:00","","0.4","","-2.8","","79","","","","","","0","","","","101.62","","","","","","NA"
"-79.80","43.30","BURLINGTON PIERS (AUT)","6151061","2024-02-06 23:00","2024","02","06","23:00","","0.8","","-2.5","","79","","","","1","","4","","","","101.61","","","","","","NA"
"-79.80","43.30","BURLINGTON PIERS (AUT)","6151061","2024-02-07 00:00","2024","02","07","00:00","","0.0","","-3.2","","79","","","","","","0","","","","101.62","","","","","","NA"
"-79.80","43.30","BURLINGTON PIERS (AUT)","6151061","2024-02-07 01:00","2024","02","07","01:00","","-0.4","","-3.1","","82","","","","","","0","","","","101.57","","","","","","NA"
"-79.80","43.30","BURLINGTON PIERS (AUT)","6151061","2024-02-07 02:00","2024","02","07","02:00","","-1.0","","-2.7","","88","","","","29","","4","","","","101.57","","","","-2","","NA"
"-79.80","43.30","BURLINGTON PIERS (AUT)","6151061","2024-02-07 03:00","2024","02","07","03:00","","-0.7","","-3.6","","81","","","","","","0","","","","101.53","","","","","","NA"
"-79.80","43.30","BURLINGTON PIERS (AUT)","6151061","2024-02-07 04:00","2024","02","07","04:00","","-0.3","","-3.5","","79","","","","33","","8","","","","101.61","","","","-3","","NA"
"-79.80","43.30","BURLINGTON PIERS (AUT)","6151061","2024-02-07 05:00","2024","02","07","05:00","","-0.1","","-3.8","","76","","","","35","","7","","","","101.62","","","","-3","","NA"
"-79.80","43.30","BURLINGTON PIERS (AUT)","6151061","2024-02-07 06:00","2024","02","07","06:00","","-0.9","","-3.2","","84","","","","26","","5","","","","101.62","","","","-3","","NA"
"-79.80","43.30","BURLINGTON PIERS (AUT)","6151061","2024-02-07 07:00","2024","02","07","07:00","","-0.7","","-4.2","","77","","","","","","0","","","","101.68","","","","","","NA"
"-79.80","43.30","BURLINGTON PIERS (AUT)","6151061","2024-02-07 08:00","2024","02","07","08:00","","-0.4","","-3.6","","79","","","","25","","4","","","","101.73","","","","-2","","NA"
"-79.80","43.30","BURLINGTON PIERS (AUT)","6151061","2024-02-07 09:00","2024","02","07","09:00","","-0.2","","-3.3","","80","","","","24","","5","","","","101.73","","","","-2","","NA"
"-79.80","43.30","BURLINGTON PIERS (AUT)","6151061","2024-02-07 10:00","2024","02","07","10:00","","0.5","","-3.8","","72","","","","26","","5","","","","101.70","","","","","","NA"
"-79.80","43.30","BURLINGTON PIERS (AUT)","6151061","2024-02-07 11:00","2024","02","07","11:00","","1.3","","-3.4","","71","","","","10","","4","","","","101.64","","","","","","NA"
"-79.80","43.30","BURLINGTON PIERS (AUT)","6151061","2024-02-07 12:00","2024","02","07","12:00","","1.7","","-2.1","","75","","","","6","","8","","","","101.68","","","","","","NA"
"-79.80","43.30","BURLINGTON PIERS (AUT)","6151061","2024-02-07 13:00","2024","02","07","13:00","","2.1","","-1.9","","75","","","","7","","9","","","","101.62","","","","","","NA"
"-79.80","43.30","BURLINGTON PIERS (AUT)","6151061","2024-02-07 14:00","2024","02","07","14:00","","2.5","","-1.7","","73","","","","5","","10","","","","101.59","","","","","","NA"
"-79.80","43.30","BURLINGTON PIERS (AUT)","6151061","2024-02-07 15:00","2024","02","07","15:00","","2.6","","-1.1","","77","","","","6","","12","","","","101.54","","","","","","NA"
"-79.80","43.30","BURLINGTON PIERS (AUT)","6151061","2024-02-07 16:00","2024","02","07","16:00","","2.3","","-0.9","","79","","","","6","","13","","","","101.49","","","","","","NA"
"-79.80","43.30","BURLINGTON PIERS (AUT)","6151061","2024-02-07 17:00","2024","02","07","17:00","","2.4","","-1.4","","76","","","","6","","10","","","","101.46","","","","","","NA"
"-79.80","43.30","BURLINGTON PIERS (AUT)","6151061","2024-02-07 18:00","2024","02","07","18:00","","2.4","","-0.9","","79","","","","4","","5","","","","101.52","","","","","","NA"
"-79.80","43.30","BURLINGTON PIERS (AUT)","6151061","2024-02-07 19:00","2024","02","07","19:00","","2.2","","-1.2","","78","","","","35","","4","","","","101.51","","","","","","NA"
"-79.80","43.30","BURLINGTON PIERS (AUT)","6151061","2024-02-07 20:00","2024","02","07","20:00","","2.3","","-0.7","","80","","","","36","","7","","","","101.49","","","","","","NA"
"-79.80","43.30","BURLINGTON PIERS (AUT)","6151061","2024-02-07 21:00","2024","02","07","21:00","","2.3","","-1.1","","78","","","","1","","5","","","","101.47","","","","","","NA"
"-79.80","43.30","BURLINGTON PIERS (AUT)","6151061","2024-02-07 22:00","2024","02","07","22:00","","1.9","","-1.0","","81","","","","31","","5","","","","101.49","","","","","","NA"
"-79.80","43.30","BURLINGTON PIERS (AUT)","6151061","2024-02-07 23:00","2024","02","07","23:00","","1.5","","-1.0","","83","","","","31","","4","","","","101.49","","","","","","NA"
"-79.80","43.30","BURLINGTON PIERS (AUT)","6151061","2024-02-08 00:00","2024","02","08","00:00","","0.9","","-0.9","","88","","","","","","0","","","","101.45","","","","","","NA"
"-79.80","43.30","BURLINGTON PIERS (AUT)","6151061","2024-02-08 01:00","2024","02","08","01:00","","0.7","","-0.9","","89","","","","23","","4","","","","101.44","","","","","","NA"
"-79.80","43.30","BURLINGTON PIERS (AUT)","6151061","2024-02-08 02:00","2024","02","08","02:00","","0.6","","-1.3","","87","","","","","","0","","","","101.36","","","","","","NA"
"-79.80","43.30","BURLINGTON PIERS (AUT)","6151061","2024-02-08 03:00","2024","02","08","03:00","","0.8","","-0.9","","89","","","","","","0","","","","101.37","","","","","","NA"
"-79.80","43.30","BURLINGTON PIERS (AUT)","6151061","2024-02-08 04:00","2024","02","08","04:00","","0.8","","-0.6","","90","","","","31","","4","","","","101.36","","","","","","NA"
"-79.80","43.30","BURLINGTON PIERS (AUT)","6151061","2024-02-08 05:00","2024","02","08","05:00","","0.9","","0.4","","97","","","","35","","10","","","","101.33","","","","","","NA"
"-79.80","43.30","BURLINGTON PIERS (AUT)","6151061","2024-02-08 06:00","2024","02","08","06:00","","0.7","","0.3","","98","","","","36","","12","","","","101.35","","","","","","NA"
"-79.80","43.30","BURLINGTON PIERS (AUT)","6151061","2024-02-08 07:00","2024","02","08","07:00","","0.8","","0.5","","98","","","","33","","6","","","","101.36","","","","","","NA"
"-79.80","43.30","BURLINGTON PIERS (AUT)","6151061","2024-02-08 08:00","2024","02","08","08:00","","0.7","","0.4","","98","","","","32","","8","","","","101.34","","","","","","NA"
"-79.80","43.30","BURLINGTON PIERS (AUT)","6151061","2024-02-08 09:00","2024","02","08","09:00","","1.1","","1.0","","99","","","","31","","7","","","","101.36","","","","","","NA"
"-79.80","43.30","BURLINGTON PIERS (AUT)","6151061","2024-02-08 10:00","2024","02","08","10:00","","1.7","","1.5","","99","","","","36","","5","","","","101.29","","","","","","NA"
"-79.80","43.30","BURLINGTON PIERS (AUT)","6151061","2024-02-08 11:00","2024","02","08","11:00","","2.4","","2.2","","98","","","","3","","11","","","","101.22","","","","","","NA"
"-79.80","43.30","BURLINGTON PIERS (AUT)","6151061","2024-02-08 12:00","2024","02","08","12:00","","2.5","","2.3","","98","","","","2","","12","","","","101.12","","","","","","NA"
"-79.80","43.30","BURLINGTON PIERS (AUT)","6151061","2024-02-08 13:00","2024","02","08","13:00","","2.8","","2.4","","98","","","","3","","12","","","","101.06","","","","","","NA"
"-79.80","43.30","BURLINGTON PIERS (AUT)","6151061","2024-02-08 14:00","2024","02","08","14:00","","2.7","","2.1","","96","","","","5","","12","","","","100.95","","","","","","NA"
"-79.80","43.30","BURLINGTON PIERS (AUT)","6151061","2024-02-08 15:00","2024","02","08","15:00","","2.8","","1.6","","92","","","","6","","11","","","","100.90","","","","","","NA"
"-79.80","43.30","BURLINGTON PIERS (AUT)","6151061","2024-02-08 16:00","2024","02","08","16:00","","2.8","","1.3","","90","","","","6","","11","","","","100.84","","","","","","NA"
"-79.80","43.30","BURLINGTON PIERS (AUT)","6151061","2024-02-08 17:00","2024","02","08","17:00","","2.3","","1.9","","97","","","","5","","10","","","","100.77","","","","","","NA"
"-79.80","43.30","BURLINGTON PIERS (AUT)","6151061","2024-02-08 18:00","2024","02","08","18:00","","2.5","","2.3","","98","","","","2","","7","","","","100.67","","","","","","NA"
"-79.80","43.30","BURLINGTON PIERS (AUT)","6151061","2024-02-08 19:00","2024","02","08","19:00","","3.0","","2.9","","99","","","","32","","6","","","","100.65","","","","","","NA"
"-79.80","43.30","BURLINGTON PIERS (AUT)","6151061","2024-02-08 20:00","2024","02","08","20:00","","3.5","","2.7","","95","","","","","","0","","","","100.56","","","","","","NA"
"-79.80","43.30","BURLINGTON PIERS (AUT)","6151061","2024-02-08 21:00","2024","02","08","21:00","","3.2","","2.4","","94","","","","3","","5","","","","100.46","","","","","","NA"
"-79.80","43.30","BURLINGTON PIERS (AUT)","6151061","2024-02-08 22:00","2024","02","08","22:00","","2.7","","1.9","","95","","","","","","0","","","","100.40","","","","","","NA"
"-79.80","43.30","BURLINGTON PIERS (AUT)","6151061","2024-02-08 23:00","2024","02","08","23:00","","2.8","","2.0","","94","","","","10","","5","","","","100.32","","","","","","NA"
"-79.80","43.30","BURLINGTON PIERS (AUT)","6151061","2024-02-09 00:00","2024","02","09","00:00","","2.4","","1.7","","95","","","","23","","3","","","","100.28","","","","","","NA"
"-79.80","43.30","BURLINGTON PIERS (AUT)","6151061","2024-02-09 01:00","2024","02","09","01:00","","2.6","","1.8","","95","","","","","","0","","","","100.28","","","","","","NA"
"-79.80","43.30","BURLINGTON PIERS (AUT)","6151061","2024-02-09 02:00","2024","02","09","02:00","","2.4","","1.8","","95","","","","1","","5","","","","100.17","","","","","","NA"
"-79.80","43.30","BURLINGTON PIERS (AUT)","6151061","2024-02-09 03:00","2024","02","09","03:00","","4.2","","2.9","","91","","","","31","","4","","","","100.13","","","","","","NA"
"-79.80","43.30","BURLINGTON PIERS (AUT)","6151061","2024-02-09 04:00","2024","02","09","04:00","","8.3","","2.6","","67","","","","21","","11","","","","100.09","","","","","","NA"
"-79.80","43.30","BURLINGTON PIERS (AUT)","6151061","2024-02-09 05:00","2024","02","09","05:00","","8.1","","2.7","","69","","","","21","","10","","","","100.06","","","","","","NA"
"-79.80","43.30","BURLINGTON PIERS (AUT)","6151061","2024-02-09 06:00","2024","02","09","06:00","","8.5","","2.3","","65","","","","21","","14","","","","100.04","","","","","","NA"
"-79.80","43.30","BURLINGTON PIERS (AUT)","6151061","2024-02-09 07:00","2024","02","09","07:00","","8.3","","2.3","","66","","","","24","","5","","","","100.05","","","","","","NA"
"-79.80","43.30","BURLINGTON PIERS (AUT)","6151061","2024-02-09 08:00","2024","02","09","08:00","","10.3","","2.9","","60","","","","19","","22","","","","100.07","","","","","","NA"
"-79.80","43.30","BURLINGTON PIERS (AUT)","6151061","2024-02-09 09:00","2024","02","09","09:00","","10.2","","3.4","","63","","","","20","","21","","","","100.10","","","","","","NA"
"-79.80","43.30","BURLINGTON PIERS (AUT)","6151061","2024-02-09 10:00","2024","02","09","10:00","","10.8","","3.7","","61","","","","20","","24","","","","100.05","","","","","","NA"
"-79.80","43.30","BURLINGTON PIERS (AUT)","6151061","2024-02-09 11:00","2024","02","09","11:00","","12.4","","5.5","","63","","","","20","","27","","","","100.04","","","","","","NA"
"-79.80","43.30","BURLINGTON PIERS (AUT)","6151061","2024-02-09 12:00","2024","02","09","12:00","","13.4","","6.3","","62","","","","20","","32","","","","99.99","","","","","","NA"
"-79.80","43.30","BURLINGTON PIERS (AUT)","6151061","2024-02-09 13:00","2024","02","09","13:00","","13.6","","6.8","","63","","","","21","","30","","","","99.89","","","","","","NA"
"-79.80","43.30","BURLINGTON PIERS (AUT)","6151061","2024-02-09 14:00","2024","02","09","14:00","","13.3","","6.4","","63","","","","21","","19","","","","99.84","","","","","","NA"
"-79.80","43.30","BURLINGTON PIERS (AUT)","6151061","2024-02-09 15:00","2024","02","09","15:00","","14.0","","7.1","","63","","","","22","","18","","","","99.79","","","","","","NA"
"-79.80","43.30","BURLINGTON PIERS (AUT)","6151061","2024-02-09 16:00","2024","02","09","16:00","","14.2","","7.0","","62","","","","21","","29","","","","99.78","","","","","","NA"
"-79.80","43.30","BURLINGTON PIERS (AUT)","6151061","2024-02-09 17:00","2024","02","09","17:00","","14.3","","7.3","","63","","","","21","","27","","","","99.72","","","","","","NA"
"-79.80","43.30","BURLINGTON PIERS (AUT)","6151061","2024-02-09 18:00","2024","02","09","18:00","","14.2","","6.8","","61","","","","21","","26","","","","99.73","","","","","","NA"
"-79.80","43.30","BURLINGTON PIERS (AUT)","6151061","2024-02-09 19:00","2024","02","09","19:00","","13.6","","6.5","","62","","","","21","","22","","","","99.75","","","","","","NA"
"-79.80","43.30","BURLINGTON PIERS (AUT)","6151061","2024-02-09 20:00","2024","02","09","20:00","","13.3","","6.3","","62","","","","21","","18","","","","99.72","","","","","","NA"
"-79.80","43.30","BURLINGTON PIERS (AUT)","6151061","2024-02-09 21:00","2024","02","09","21:00","","12.1","","5.7","","65","","","","22","","15","","","","99.73","","","","","","NA"
"-79.80","43.30","BURLINGTON PIERS (AUT)","6151061","2024-02-09 22:00","2024","02","09","22:00","","11.7","","5.4","","65","","","","23","","15","","","","99.73","","","","","","NA"
"-79.80","43.30","BURLINGTON PIERS (AUT)","6151061","2024-02-09 23:00","2024","02","09","23:00","","12.4","","6.2","","66","","","","22","","19","","","","99.72","","","","","","NA"
"-79.80","43.30","BURLINGTON PIERS (AUT)","6151061","2024-02-10 00:00","2024","02","10","00:00","","11.1","","6.9","","75","","","","21","","21","","","","99.75","","","","","","NA"
"-79.80","43.30","BURLINGTON PIERS (AUT)","6151061","2024-02-10 01:00","2024","02","10","01:00","","10.2","","6.1","","75","","","","23","","17","","","","99.73","","","","","","NA"
"-79.80","43.30","BURLINGTON PIERS (AUT)","6151061","2024-02-10 02:00","2024","02","10","02:00","","9.8","","6.0","","77","","","","22","","15","","","","99.73","","","","","","NA"
"-79.80","43.30","BURLINGTON PIERS (AUT)","6151061","2024-02-10 03:00","2024","02","10","03:00","","9.0","","5.7","","80","","","","23","","12","","","","99.70","","","","","","NA"
"-79.80","43.30","BURLINGTON PIERS (AUT)","6151061","2024-02-10 04:00","2024","02","10","04:00","","8.8","","5.8","","82","","","","23","","10","","","","99.68","","","","","","NA"
"-79.80","43.30","BURLINGTON PIERS (AUT)","6151061","2024-02-10 05:00","2024","02","10","05:00","","8.2","","5.4","","83","","","","22","","12","","","","99.70","","","","","","NA"
"-79.80","43.30","BURLINGTON PIERS (AUT)","6151061","2024-02-10 06:00","2024","02","10","06:00","","7.3","","5.1","","86","","","","23","","8","","","","99.71","","","","","","NA"
"-79.80","43.30","BURLINGTON PIERS (AUT)","6151061","2024-02-10 07:00","2024","02","10","07:00","","7.5","","5.7","","88","","","","24","","8","","","","99.76","","","","","","NA"
"-79.80","43.30","BURLINGTON PIERS (AUT)","6151061","2024-02-10 08:00","2024","02","10","08:00","","6.8","","5.3","","91","","","","22","","7","","","","99.80","","","","","","NA"
"-79.80","43.30","BURLINGTON PIERS (AUT)","6151061","2024-02-10 09:00","2024","02","10","09:00","","7.4","","3.0","","74","","","","25","","8","","","","99.86","","","","","","NA"
"-79.80","43.30","BURLINGTON PIERS (AUT)","6151061","2024-02-10 10:00","2024","02","10","10:00","","7.8","","1.5","","64","","","","25","","8","","","","99.88","","","","","","NA"
"-79.80","43.30","BURLINGTON PIERS (AUT)","6151061","2024-02-10 11:00","2024","02","10","11:00","","8.2","","1.6","","63","","","","26","","10","","","","99.90","","","","","","NA"
"-79.80","43.30","BURLINGTON PIERS (AUT)","6151061","2024-02-10 12:00","2024","02","10","12:00","","8.7","","0.7","","57","","","","26","","12","","","","99.92","","","","","","NA"
"-79.80","43.30","BURLINGTON PIERS (AUT)","6151061","2024-02-10 13:00","2024","02","10","13:00","","8.2","","0.2","","57","","","","28","","15","","","","99.92","","","","","","NA"
"-79.80","43.30","BURLINGTON PIERS (AUT)","6151061","2024-02-10 14:00","2024","02","10","14:00","","8.1","","-0.5","","54","","","","26","","14","","","","99.92","","","","","","NA"
"-79.80","43.30","BURLINGTON PIERS (AUT)","6151061","2024-02-10 15:00","2024","02","10","15:00","","7.4","","-0.9","","55","","","","28","","16","","","","99.96","","","","","","NA"
"-79.80","43.30","BURLINGTON PIERS (AUT)","6151061","2024-02-10 16:00","2024","02","10","16:00","","6.8","","-1.4","","56","","","","26","","13","","","","100.05","","","","","","NA"
"-79.80","43.30","BURLINGTON PIERS (AUT)","6151061","2024-02-10 17:00","2024","02","10","17:00","","6.2","","-1.7","","57","","","","27","","12","","","","100.14","","","","","","NA"
"-79.80","43.30","BURLINGTON PIERS (AUT)","6151061","2024-02-10 18:00","2024","02","10","18:00","","5.6","","-1.1","","62","","","","26","","11","","","","100.23","","","","","","NA"
"-79.80","43.30","BURLINGTON PIERS (AUT)","6151061","2024-02-10 19:00","2024","02","10","19:00","","5.4","","-1.4","","61","","","","25","","10","","","","100.34","","","","","","NA"
"-79.80","43.30","BURLINGTON PIERS (AUT)","6151061","2024-02-10 20:00","2024","02","10","20:00","","5.0","","-1.2","","64","","","","25","","11","","","","100.37","","","","","","NA"
"-79.80","43.30","BURLINGTON PIERS (AUT)","6151061","2024-02-10 21:00","2024","02","10","21:00","","4.7","","-1.4","","65","","","","26","","5","","","","100.39","","","","","","NA"
"-79.80","43.30","BURLINGTON PIERS (AUT)","6151061","2024-02-10 22:00","2024","02","10","22:00","","4.6","","-1.2","","66","","","","26","","7","","","","100.45","","","","","","NA"
"-79.80","43.30","BURLINGTON PIERS (AUT)","6151061","2024-02-10 23:00","2024","02","10","23:00","","4.3","","-1.3","","67","","","","27","","13","","","","100.48","","","","","","NA"
"-79.80","43.30","BURLINGTON PIERS (AUT)","6151061","2024-02-11 00:00","2024","02","11","00:00","","3.7","","-2.1","","66","","","","29","","18","","","","100.50","","","","","","NA"
"-79.80","43.30","BURLINGTON PIERS (AUT)","6151061","2024-02-11 01:00","2024","02","11","01:00","","3.5","","-2.2","","66","","","","28","","11","","","","100.54","","","","","","NA"
"-79.80","43.30","BURLINGTON PIERS (AUT)","6151061","2024-02-11 02:00","2024","02","11","02:00","","3.3","","-2.1","","68","","","","24","","10","","","","100.55","","","","","","NA"
"-79.80","43.30","BURLINGTON PIERS (AUT)","6151061","2024-02-11 03:00","2024","02","11","03:00","","3.1","","-1.8","","71","","","","26","","9","","","","100.58","","","","","","NA"
"-79.80","43.30","BURLINGTON PIERS (AUT)","6151061","2024-02-11 04:00","2024","02","11","04:00","","2.8","","-2.8","","67","","","","30","","16","","","","100.58","","","","","","NA"
"-79.80","43.30","BURLINGTON PIERS (AUT)","6151061","2024-02-11 05:00","2024","02","11","05:00","","2.1","","-3.5","","67","","","","29","","14","","","","100.60","","","","","","NA"
"-79.80","43.30","BURLINGTON PIERS (AUT)","6151061","2024-02-11 06:00","2024","02","11","06:00","","2.0","","-3.3","","68","","","","26","","7","","","","100.61","","","","","","NA"
"-79.80","43.30","BURLINGTON PIERS (AUT)","6151061","2024-02-11 07:00","2024","02","11","07:00","","2.0","","-3.5","","67","","","","27","","8","","","","100.66","","","","","","NA"
"-79.80","43.30","BURLINGTON PIERS (AUT)","6151061","2024-02-11 08:00","2024","02","11","08:00","","1.9","","-3.7","","66","","","","28","","11","","","","100.70","","","","","","NA"
"-79.80","43.30","BURLINGTON PIERS (AUT)","6151061","2024-02-11 09:00","2024","02","11","09:00","","1.9","","-4.2","","64","","","","28","","10","","","","100.73","","","","","","NA"
"-79.80","43.30","BURLINGTON PIERS (AUT)","6151061","2024-02-11 10:00","2024","02","11","10:00","","2.0","","-3.8","","66","","","","28","","8","","","","100.78","","","","","","NA"
"-79.80","43.30","BURLINGTON PIERS (AUT)","6151061","2024-02-11 11:00","2024","02","11","11:00","","1.7","","-4.4","","64","","","","29","","11","","","","100.74","","","","","","NA"
"-79.80","43.30","BURLINGTON PIERS (AUT)","6151061","2024-02-11 12:00","2024","02","11","12:00","","2.0","","-3.8","","66","","","","23","","8","","","","100.75","","","","","","NA"
"-79.80","43.30","BURLINGTON PIERS (AUT)","6151061","2024-02-11 13:00","2024","02","11","13:00","","2.3","","-4.0","","63","","","","25","","7","","","","100.67","","","","","","NA"
"-79.80","43.30","BURLINGTON PIERS (AUT)","6151061","2024-02-11 14:00","2024","02","11","14:00","","2.4","","-3.6","","65","","","","20","","10","","","","100.65","","","","","","NA"
"-79.80","43.30","BURLINGTON PIERS (AUT)","6151061","2024-02-11 15:00","2024","02","11","15:00","","2.7","","-3.9","","62","","","","20","","7","","","","100.60","","","","","","NA"
"-79.80","43.30","BURLINGTON PIERS (AUT)","6151061","2024-02-11 16:00","2024","02","11","16:00","","2.8","","-3.8","","62","","","","27","","9","","","","100.55","","","","","","NA"
"-79.80","43.30","BURLINGTON PIERS (AUT)","6151061","2024-02-11 17:00","2024","02","11","17:00","","2.8","","-3.8","","61","","","","25","","6","","","","100.58","","","","","","NA"
"-79.80","43.30","BURLINGTON PIERS (AUT)","6151061","2024-02-11 18:00","2024","02","11","18:00","","2.7","","-3.6","","63","","","","28","","8","","","","100.58","","","","","","NA"
"-79.80","43.30","BURLINGTON PIERS (AUT)","6151061","2024-02-11 19:00","2024","02","11","19:00","","2.3","","-3.7","","64","","","","26","","7","","","","100.64","","","","","","NA"
"-79.80","43.30","BURLINGTON PIERS (AUT)","6151061","2024-02-11 20:00","2024","02","11","20:00","","2.1","","-4.0","","64","","","","25","","8","","","","100.61","","","","","","NA"
"-79.80","43.30","BURLINGTON PIERS (AUT)","6151061","2024-02-11 21:00","2024","02","11","21:00","","2.0","","-3.5","","67","","","","25","","6","","","","100.58","","","","","","NA"
"-79.80","43.30","BURLINGTON PIERS (AUT)","6151061","2024-02-11 22:00","2024","02","11","22:00","","2.0","","-3.4","","67","","","","26","","7","","","","100.61","","","","","","NA"
"-79.80","43.30","BURLINGTON PIERS (AUT)","6151061","2024-02-11 23:00","2024","02","11","23:00","","1.8","","-3.3","","68","","","","25","","6","","","","100.54","","","","","","NA"
"-79.80","43.30","BURLINGTON PIERS (AUT)","6151061","2024-02-12 00:00","2024","02","12","00:00","","1.4","","-3.4","","70","","","","26","","9","","","","100.49","","","","","","NA"
"-79.80","43.30","BURLINGTON PIERS (AUT)","6151061","2024-02-12 01:00","2024","02","12","01:00","","0.8","","-3.8","","71","","","","24","","10","","","","100.53","","","","","","NA"
"-79.80","43.30","BURLINGTON PIERS (AUT)","6151061","2024-02-12 02:00","2024","02","12","02:00","","0.8","","-4.1","","70","","","","30","","8","","","","100.53","","","","","","NA"
"-79.80","43.30","BURLINGTON PIERS (AUT)","6151061","2024-02-12 03:00","2024","02","12","03:00","","1.0","","-3.7","","71","","","","23","","7","","","","100.51","","","","","","NA"
"-79.80","43.30","BURLINGTON PIERS (AUT)","6151061","2024-02-12 04:00","2024","02","12","04:00","","1.1","","-3.6","","71","","","","23","","4","","","","100.44","","","","","","NA"
"-79.80","43.30","BURLINGTON PIERS (AUT)","6151061","2024-02-12 05:00","2024","02","12","05:00","","1.2","","-3.6","","70","","","","25","","5","","","","100.47","","","","","","NA"
"-79.80","43.30","BURLINGTON PIERS (AUT)","6151061","2024-02-12 06:00","2024","02","12","06:00","","1.6","","-3.0","","71","","","","23","","6","","","","100.52","","","","","","NA"
"-79.80","43.30","BURLINGTON PIERS (AUT)","6151061","2024-02-12 07:00","2024","02","12","07:00","","1.6","","-2.7","","73","","","","23","","6","","","","100.46","","","","","","NA"
"-79.80","43.30","BURLINGTON PIERS (AUT)","6151061","2024-02-12 08:00","2024","02","12","08:00","","1.5","","-2.6","","74","","","","25","","5","","","","100.49","","","","","","NA"
"-79.80","43.30","BURLINGTON PIERS (AUT)","6151061","2024-02-12 09:00","2024","02","12","09:00","","1.8","","-3.0","","71","","","","23","","6","","","","100.50","","","","","","NA"
"-79.80","43.30","BURLINGTON PIERS (AUT)","6151061","2024-02-12 10:00","2024","02","12","10:00","","1.8","","-3.0","","71","","","","22","","6","","","","100.43","","","","","","NA"
"-79.80","43.30","BURLINGTON PIERS (AUT)","6151061","2024-02-12 11:00","2024","02","12","11:00","","2.8","","-4.4","","59","","","","19","","7","","","","100.43","","","","","","NA"
"-79.80","43.30","BURLINGTON PIERS (AUT)","6151061","2024-02-12 12:00","2024","02","12","12:00","","3.1","","-5.3","","54","","","","20","","9","","","","100.36","","","","","","NA"
"-79.80","43.30","BURLINGTON PIERS (AUT)","6151061","2024-02-12 13:00","2024","02","12","13:00","","3.4","","-6.0","","50","","","","26","","4","","","","100.21","","","","","","NA"
"-79.80","43.30","BURLINGTON PIERS (AUT)","6151061","2024-02-12 14:00","2024","02","12","14:00","","2.8","","-4.6","","58","","","","15","","11","","","","100.17","","","","","","NA"
"-79.80","43.30","BURLINGTON PIERS (AUT)","6151061","2024-02-12 15:00","2024","02","12","15:00","","3.5","","-4.1","","57","","","","10","","16","","","","100.23","","","","","","NA"
"-79.80","43.30","BURLINGTON PIERS (AUT)","6151061","2024-02-12 16:00","2024","02","12","16:00","","3.6","","-4.3","","56","","","","10","","10","","","","100.17","","","","","","NA"
"-79.80","43.30","BURLINGTON PIERS (AUT)","6151061","2024-02-12 17:00","2024","02","12","17:00","","4.1","","-3.5","","58","","","","14","","3","","","","100.12","","","","","","NA"
"-79.80","43.30","BURLINGTON PIERS (AUT)","6151061","2024-02-12 18:00","2024","02","12","18:00","","3.6","","-3.9","","58","","","","11","","10","","","","100.13","","","","","","NA"
"-79.80","43.30","BURLINGTON PIERS (AUT)","6151061","2024-02-12 19:00","2024","02","12","19:00","","2.9","","-3.2","","64","","","","15","","10","","","","100.12","","","","","","NA"
"-79.80","43.30","BURLINGTON PIERS (AUT)","6151061","2024-02-12 20:00","2024","02","12","20:00","","1.7","","-4.3","","65","","","","15","","17","","","","100.05","","","","","","NA"
"-79.80","43.30","BURLINGTON PIERS (AUT)","6151061","2024-02-12 21:00","2024","02","12","21:00","","1.3","","-4.4","","66","","","","18","","7","","","","99.99","","","","","","NA"
"-79.80","43.30","BURLINGTON PIERS (AUT)","6151061","2024-02-12 22:00","2024","02","12","22:00","","1.1","","-4.2","","68","","","","20","","5","","","","99.96","","","","","","NA"
"-79.80","43.30","BURLINGTON PIERS (AUT)","6151061","2024-02-12 23:00","2024","02","12","23:00","","0.3","","-3.9","","74","","","","26","","4","","","","99.89","","","","","","NA"
"-79.80","43.30","BURLINGTON PIERS (AUT)","6151061","2024-02-13 00:00","2024","02","13","00:00","","-0.1","","-3.7","","77","","","","25","","7","","","","99.88","","","","-3","","NA"
"-79.80","43.30","BURLINGTON PIERS (AUT)","6151061","2024-02-13 01:00","2024","02","13","01:00","","-0.2","","-4.1","","75","","","","25","","5","","","","99.82","","","","-2","","NA"
"-79.80","43.30","BURLINGTON PIERS (AUT)","6151061","2024-02-13 02:00","2024","02","13","02:00","","-0.6","","-3.9","","79","","","","26","","4","","","","99.79","","","","-2","","NA"
"-79.80","43.30","BURLINGTON PIERS (AUT)","6151061","2024-02-13 03:00","2024","02","13","03:00","","-0.7","","-4.0","","78","","","","27","","3","","","","99.75","","","","-2","","NA"
"-79.80","43.30","BURLINGTON PIERS (AUT)","6151061","2024-02-13 04:00","2024","02","13","04:00","","-0.4","","-4.1","","76","","","","","","0","","","","99.73","","","","","","NA"
"-79.80","43.30","BURLINGTON PIERS (AUT)","6151061","2024-02-13 05:00","2024","02","13","05:00","","-0.8","","-4.4","","77","","","","26","","4","","","","99.72","","","","-2","","NA"
"-79.80","43.30","BURLINGTON PIERS (AUT)","6151061","2024-02-13 06:00","2024","02","13","06:00","","-0.6","","-4.2","","76","","","","24","","8","","","","99.76","","","","-3","","NA"
"-79.80","43.30","BURLINGTON PIERS (AUT)","6151061","2024-02-13 07:00","2024","02","13","07:00","","-0.6","","-4.1","","77","","","","24","","10","","","","99.78","","","","-4","","NA"
"-79.80","43.30","BURLINGTON PIERS (AUT)","6151061","2024-02-13 08:00","2024","02","13","08:00","","-0.2","","-3.4","","79","","","","23","","5","","","","99.83","","","","-2","","NA"
"-79.80","43.30","BURLINGTON PIERS (AUT)","6151061","2024-02-13 09:00","2024","02","13","09:00","","-0.3","","-3.4","","79","","","","23","","8","","","","99.85","","","","-3","","NA"
"-79.80","43.30","BURLINGTON PIERS (AUT)","6151061","2024-02-13 10:00","2024","02","13","10:00","","1.1","","-2.9","","74","","","","23","","7","","","","99.84","","","","","","NA"
"-79.80","43.30","BURLINGTON PIERS (AUT)","6151061","2024-02-13 11:00","2024","02","13","11:00","","3.6","","-3.2","","61","","","","28","","13","","","","99.86","","","","","","NA"
"-79.80","43.30","BURLINGTON PIERS (AUT)","6151061","2024-02-13 12:00","2024","02","13","12:00","","4.2","","-5.0","","51","","","","26","","11","","","","99.85","","","","","","NA"
"-79.80","43.30","BURLINGTON PIERS (AUT)","6151061","2024-02-13 13:00","2024","02","13","13:00","","3.1","","-3.1","","64","","","","28","","23","","","","99.85","","","","","","NA"
"-79.80","43.30","BURLINGTON PIERS (AUT)","6151061","2024-02-13 14:00","2024","02","13","14:00","","3.5","","-6.5","","48","","","","27","","23","","","","99.88","","","","","","NA"
"-79.80","43.30","BURLINGTON PIERS (AUT)","6151061","2024-02-13 15:00","2024","02","13","15:00","","3.0","","-7.7","","45","","","","28","","25","","","","99.93","","","","","","NA"
"-79.80","43.30","BURLINGTON PIERS (AUT)","6151061","2024-02-13 16:00","2024","02","13","16:00","","2.5","","-6.7","","51","","","","28","","29","","","","100.04","","","","","","NA"
"-79.80","43.30","BURLINGTON PIERS (AUT)","6151061","2024-02-13 17:00","2024","02","13","17:00","","1.3","","-6.1","","58","","","","30","","32","","","","100.15","","","","","","NA"
"-79.80","43.30","BURLINGTON PIERS (AUT)","6151061","2024-02-13 18:00","2024","02","13","18:00","","0.5","","-6.4","","60","","","","30","","24","","","","100.31","","","","","","NA"
"-79.80","43.30","BURLINGTON PIERS (AUT)","6151061","2024-02-13 19:00","2024","02","13","19:00","","-0.2","","-8.4","","54","","","","29","","22","","","","100.43","","","","-6","","NA"
"-79.80","43.30","BURLINGTON PIERS (AUT)","6151061","2024-02-13 20:00","2024","02","13","20:00","","-0.6","","-8.5","","55","","","","29","","17","","","","100.51","","","","-6","","NA"
"-79.80","43.30","BURLINGTON PIERS (AUT)","6151061","2024-02-13 21:00","2024","02","13","21:00","","-1.3","","-9.9","","52","","","","31","","27","","","","100.58","","","","-8","","NA"
"-79.80","43.30","BURLINGTON PIERS (AUT)","6151061","2024-02-13 22:00","2024","02","13","22:00","","-2.0","","-10.0","","54","","","","30","","21","","","","100.66","","","","-8","","NA"
"-79.80","43.30","BURLINGTON PIERS (AUT)","6151061","2024-02-13 23:00","2024","02","13","23:00","","-2.4","","-10.4","","54","","","","30","","20","","","","100.75","","","","-8","","NA"
"-79.80","43.30","BURLINGTON PIERS (AUT)","6151061","2024-02-14 00:00","2024","02","14","00:00","","-2.8","","-11.1","","53","","","","29","","15","","","","100.82","","","","-8","","NA"
"-79.80","43.30","BURLINGTON PIERS (AUT)","6151061","2024-02-14 01:00","2024","02","14","01:00","","-3.2","","-12.2","","50","","","","29","","17","","","","100.88","","","","-9","","NA"
"-79.80","43.30","BURLINGTON PIERS (AUT)","6151061","2024-02-14 02:00","2024","02","14","02:00","","-3.4","","-11.1","","55","","","","30","","12","","","","100.96","","","","-8","","NA"
"-79.80","43.30","BURLINGTON PIERS (AUT)","6151061","2024-02-14 03:00","2024","02","14","03:00","","-3.9","","-10.9","","58","","","","29","","15","","","","101.02","","","","-9","","NA"
"-79.80","43.30","BURLINGTON PIERS (AUT)","6151061","2024-02-14 04:00","2024","02","14","04:00","","-4.2","","-10.4","","62","","","","29","","12","","","","101.05","","","","-9","","NA"
"-79.80","43.30","BURLINGTON PIERS (AUT)","6151061","2024-02-14 05:00","2024","02","14","05:00","","-4.7","","-10.8","","62","","","","29","","10","","","","101.15","","","","-9","","NA"
"-79.80","43.30","BURLINGTON PIERS (AUT)","6151061","2024-02-14 06:00","2024","02","14","06:00","","-5.1","","-11.2","","62","","","","28","","9","","","","101.22","","","","-9","","NA"
"-79.80","43.30","BURLINGTON PIERS (AUT)","6151061","2024-02-14 07:00","2024","02","14","07:00","","-5.4","","-10.5","","67","","","","28","","7","","","","101.29","","","","-9","","NA"
"-79.80","43.30","BURLINGTON PIERS (AUT)","6151061","2024-02-14 08:00","2024","02","14","08:00","","-5.2","","-10.1","","69","","","","27","","10","","","","101.40","","","","-10","","NA"
"-79.80","43.30","BURLINGTON PIERS (AUT)","6151061","2024-02-14 09:00","2024","02","14","09:00","","-4.6","","-10.6","","63","","","","29","","8","","","","101.45","","","","-8","","NA"
"-79.80","43.30","BURLINGTON PIERS (AUT)","6151061","2024-02-14 10:00","2024","02","14","10:00","","-3.2","","-11.1","","55","","","","27","","9","","","","101.45","","","","-7","","NA"
"-79.80","43.30","BURLINGTON PIERS (AUT)","6151061","2024-02-14 11:00","2024","02","14","11:00","","-2.3","","-11.0","","51","","","","32","","13","","","","101.42","","","","-7","","NA"
"-79.80","43.30","BURLINGTON PIERS (AUT)","6151061","2024-02-14 12:00","2024","02","14","12:00","","-1.8","","-12.2","","45","","","","29","","12","","","","101.41","","","","-6","","NA"
"-79.80","43.30","BURLINGTON PIERS (AUT)","6151061","2024-02-14 13:00","2024","02","14","13:00","","-0.7","","-11.9","","42","","","","26","","11","","","","101.37","","","","-4","","NA"
"-79.80","43.30","BURLINGTON PIERS (AUT)","6151061","2024-02-14 14:00","2024","02","14","14:00","","0.2","","-10.7","","44","","","","25","","12","","","","101.32","","","","","","NA"
"-79.80","43.30","BURLINGTON PIERS (AUT)","6151061","2024-02-14 15:00","2024","02","14","15:00","","0.0","","-10.1","","47","","","","29","","18","","","","101.35","","","","-5","","NA"
"-79.80","43.30","BURLINGTON PIERS (AUT)","6151061","2024-02-14 16:00","2024","02","14","16:00","","-0.2","","-9.2","","50","","","","28","","14","","","","101.39","","","","-4","","NA"
"-79.80","43.30","BURLINGTON PIERS (AUT)","6151061","2024-02-14 17:00","2024","02","14","17:00","","-0.3","","-9.6","","49","","","","27","","11","","","","101.37","","","","-4","","NA"
"-79.80","43.30","BURLINGTON PIERS (AUT)","6151061","2024-02-14 18:00","2024","02","14","18:00","","-0.6","","-8.4","","56","","","","28","","15","","","","101.39","","","","-5","","NA"
"-79.80","43.30","BURLINGTON PIERS (AUT)","6151061","2024-02-14 19:00","2024","02","14","19:00","","-0.7","","-9.2","","53","","","","27","","10","","","","101.44","","","","-4","","NA"
"-79.80","43.30","BURLINGTON PIERS (AUT)","6151061","2024-02-14 20:00","2024","02","14","20:00","","-0.6","","-7.4","","60","","","","28","","11","","","","101.49","","","","-4","","NA"
"-79.80","43.30","BURLINGTON PIERS (AUT)","6151061","2024-02-14 21:00","2024","02","14","21:00","","-0.8","","-7.8","","59","","","","25","","7","","","","101.42","","","","-3","","NA"
"-79.80","43.30","BURLINGTON PIERS (AUT)","6151061","2024-02-14 22:00","2024","02","14","22:00","","-1.0","","-7.7","","60","","","","29","","8","","","","101.48","","","","-4","","NA"
"-79.80","43.30","BURLINGTON PIERS (AUT)","6151061","2024-02-14 23:00","2024","02","14","23:00","","-1.6","","-8.4","","60","","","","26","","5","","","","101.51","","","","-3","","NA"
"-79.80","43.30","BURLINGTON PIERS (AUT)","6151061","2024-02-15 00:00","2024","02","15","00:00","","-2.1","","-8.6","","61","","","","25","","6","","","","101.45","","","","-4","","NA"
"-79.80","43.30","BURLINGTON PIERS (AUT)","6151061","2024-02-15 01:00","2024","02","15","01:00","","-2.1","","-7.7","","65","","","","24","","6","","","","101.38","","","","-4","","NA"
"-79.80","43.30","BURLINGTON PIERS (AUT)","6151061","2024-02-15 02:00","2024","02","15","02:00","","-2.7","","-6.8","","73","","","","24","","6","","","","101.38","","","","-5","","NA"
"-79.80","43.30","BURLINGTON PIERS (AUT)","6151061","2024-02-15 03:00","2024","02","15","03:00","","-2.5","","-5.7","","79","","","","23","","7","","","","101.33","","","","-5","","NA"
"-79.80","43.30","BURLINGTON PIERS (AUT)","6151061","2024-02-15 04:00","2024","02","15","04:00","","-3.3","","-7.5","","73","","","","25","","10","","","","101.31","","","","-7","","NA"
"-79.80","43.30","BURLINGTON PIERS (AUT)","6151061","2024-02-15 05:00","2024","02","15","05:00","","-3.3","","-7.9","","71","","","","25","","8","","","","101.28","","","","-7","","NA"
"-79.80","43.30","BURLINGTON PIERS (AUT)","6151061","2024-02-15 06:00","2024","02","15","06:00","","-2.9","","-7.8","","69","","","","24","","5","","","","101.21","","","","-5","","NA"
"-79.80","43.30","BURLINGTON PIERS (AUT)","6151061","2024-02-15 07:00","2024","02","15","07:00","","-2.7","","-7.0","","72","","","","19","","3","","","","101.04","","","","-4","","NA"
"-79.80","43.30","BURLINGTON PIERS (AUT)","6151061","2024-02-15 08:00","2024","02","15","08:00","","-1.7","","-7.2","","66","","","","16","","5","","","","100.93","","","","-4","","NA"
"-79.80","43.30","BURLINGTON PIERS (AUT)","6151061","2024-02-15 09:00","2024","02","15","09:00","","-1.1","","-7.1","","64","","","","14","","11","","","","100.79","","","","-5","","NA"
"-79.80","43.30","BURLINGTON PIERS (AUT)","6151061","2024-02-15 10:00","2024","02","15","10:00","","-0.4","","-5.3","","69","","","","14","","20","","","","100.57","","","","-6","","NA"
"-79.80","43.30","BURLINGTON PIERS (AUT)","6151061","2024-02-15 11:00","2024","02","15","11:00","","0.2","","-5.5","","65","","","","12","","21","","","","100.33","","","","","","NA"
"-79.80","43.30","BURLINGTON PIERS (AUT)","6151061","2024-02-15 12:00","2024","02","15","12:00","","0.7","","-5.7","","62","","","","10","","16","","","","100.07","","","","","","NA"
"-79.80","43.30","BURLINGTON PIERS (AUT)","6151061","2024-02-15 13:00","2024","02","15","13:00","","1.3","","-6.4","","57","","","","9","","24","","","","99.78","","","","","","NA"
"-79.80","43.30","BURLINGTON PIERS (AUT)","6151061","2024-02-15 14:00","2024","02","15","14:00","","-1.0","","-2.0","","93","","","","10","","13","","","","99.60","","","","-5","","NA"
"-79.80","43.30","BURLINGTON PIERS (AUT)","6151061","2024-02-15 15:00","2024","02","15","15:00","","-0.7","","-1.1","","98","","","","9","","11","","","","99.46","","","","-4","","NA"
"-79.80","43.30","BURLINGTON PIERS (AUT)","6151061","2024-02-15 16:00","2024","02","15","16:00","","-0.5","","-0.8","","98","","","","","","0","","","","99.40","","","","","","NA"
"-79.80","43.30","BURLINGTON PIERS (AUT)","6151061","2024-02-15 17:00","2024","02","15","17:00","","-0.4","","-0.5","","99","","","","26","","6","","","","99.47","","","","-2","","NA"
"-79.80","43.30","BURLINGTON PIERS (AUT)","6151061","2024-02-15 18:00","2024","02","15","18:00","","1.9","","-0.9","","82","","","","25","","17","","","","99.57","","","","","","NA"
"-79.80","43.30","BURLINGTON PIERS (AUT)","6151061","2024-02-15 19:00","2024","02","15","19:00","","1.9","","-2.2","","74","","","","26","","19","","","","99.70","","","","","","NA"
"-79.80","43.30","BURLINGTON PIERS (AUT)","6151061","2024-02-15 20:00","2024","02","15","20:00","","2.2","","-1.5","","77","","","","26","","17","","","","99.76","","","","","","NA"
"-79.80","43.30","BURLINGTON PIERS (AUT)","6151061","2024-02-15 21:00","2024","02","15","21:00","","2.0","","-3.1","","69","","","","26","","17","","","","99.82","","","","","","NA"
"-79.80","43.30","BURLINGTON PIERS (AUT)","6151061","2024-02-15 22:00","2024","02","15","22:00","","1.6","","-3.1","","71","","","","26","","21","","","","99.99","","","","","","NA"
"-79.80","43.30","BURLINGTON PIERS (AUT)","6151061","2024-02-15 23:00","2024","02","15","23:00","","0.8","","-3.9","","71","","","","26","","21","","","","100.09","","","","","","NA"
"-79.80","43.30","BURLINGTON PIERS (AUT)","6151061","2024-02-16 00:00","2024","02","16","00:00","","-0.1","","-4.6","","71","","","","26","","19","","","","100.16","","","","-5","","NA"
"-79.80","43.30","BURLINGTON PIERS (AUT)","6151061","2024-02-16 01:00","2024","02","16","01:00","","-0.2","","-7.1","","60","","","","27","","27","","","","100.25","","","","-6","","NA"
"-79.80","43.30","BURLINGTON PIERS (AUT)","6151061","2024-02-16 02:00","2024","02","16","02:00","","-0.9","","-6.2","","67","","","","25","","16","","","","100.36","","","","-6","","NA"
"-79.80","43.30","BURLINGTON PIERS (AUT)","6151061","2024-02-16 03:00","2024","02","16","03:00","","-1.2","","-6.9","","65","","","","27","","20","","","","100.46","","","","-7","","NA"
"-79.80","43.30","BURLINGTON PIERS (AUT)","6151061","2024-02-16 04:00","2024","02","16","04:00","","-1.6","","-6.9","","67","","","","26","","15","","","","100.55","","","","-6","","NA"
"-79.80","43.30","BURLINGTON PIERS (AUT)","6151061","2024-02-16 05:00","2024","02","16","05:00","","-1.8","","-7.4","","66","","","","24","","17","","","","100.63","","","","-7","","NA"
"-79.80","43.30","BURLINGTON PIERS (AUT)","6151061","2024-02-16 06:00","2024","02","16","06:00","","-2.0","","-8.1","","63","","","","25","","14","","","","100.68","","","","-7","","NA"
"-79.80","43.30","BURLINGTON PIERS (AUT)","6151061","2024-02-16 07:00","2024","02","16","07:00","","-1.5","","-6.4","","69","","","","25","","13","","","","100.72","","","","-6","","NA"
"-79.80","43.30","BURLINGTON PIERS (AUT)","6151061","2024-02-16 08:00","2024","02","16","08:00","","-1.5","","-6.1","","71","","","","25","","14","","","","100.78","","","","-6","","NA"
"-79.80","43.30","BURLINGTON PIERS (AUT)","6151061","2024-02-16 09:00","2024","02","16","09:00","","-1.3","","-6.8","","67","","","","26","","14","","","","100.82","","","","-6","","NA"
"-79.80","43.30","BURLINGTON PIERS (AUT)","6151061","2024-02-16 10:00","2024","02","16","10:00","","-1.0","","-8.1","","59","","","","25","","15","","","","100.81","","","","-6","","NA"
"-79.80","43.30","BURLINGTON PIERS (AUT)","6151061","2024-02-16 11:00","2024","02","16","11:00","","-0.8","","-7.8","","59","","","","25","","11","","","","100.81","","","","-5","","NA"
"-79.80","43.30","BURLINGTON PIERS (AUT)","6151061","2024-02-16 12:00","2024","02","16","12:00","","-0.5","","-9.6","","50","","","","28","","11","","","","100.74","","","","-4","","NA"
"-79.80","43.30","BURLINGTON PIERS (AUT)","6151061","2024-02-16 13:00","2024","02","16","13:00","","-0.4","","-8.6","","54","","","","25","","17","","","","100.67","","","","-5","","NA"
"-79.80","43.30","BURLINGTON PIERS (AUT)","6151061","2024-02-16 14:00","2024","02","16","14:00","","-0.3","","-8.5","","54","","","","25","","14","","","","100.62","","","","-5","","NA"
"-79.80","43.30","BURLINGTON PIERS (AUT)","6151061","2024-02-16 15:00","2024","02","16","15:00","","-0.8","","-8.8","","55","","","","25","","18","","","","100.57","","","","-6","","NA"
"-79.80","43.30","BURLINGTON PIERS (AUT)","6151061","2024-02-16 16:00","2024","02","16","16:00","","-1.0","","-8.9","","55","","","","26","","13","","","","100.53","","","","-5","","NA"
"-79.80","43.30","BURLINGTON PIERS (AUT)","6151061","2024-02-16 17:00","2024","02","16","17:00","","-1.5","","-8.7","","58","","","","28","","18","","","","100.53","","","","-7","","NA"
"-79.80","43.30","BURLINGTON PIERS (AUT)","6151061","2024-02-16 18:00","2024","02","16","18:00","","-1.8","","-8.3","","61","","","","26","","10","","","","100.51","","","","-5","","NA"
"-79.80","43.30","BURLINGTON PIERS (AUT)","6151061","2024-02-16 19:00","2024","02","16","19:00","","-1.8","","-7.7","","64","","","","25","","11","","","","100.50","","","","-6","","NA"
"-79.80","43.30","BURLINGTON PIERS (AUT)","6151061","2024-02-16 20:00","2024","02","16","20:00","","-2.3","","-7.8","","66","","","","27","","10","","","","100.44","","","","-6","","NA"
"-79.80","43.30","BURLINGTON PIERS (AUT)","6151061","2024-02-16 21:00","2024","02","16","21:00","","-2.7","","-8.3","","65","","","","27","","10","","","","100.42","","","","-7","","NA"
"-79.80","43.30","BURLINGTON PIERS (AUT)","6151061","2024-02-16 22:00","2024","02","16","22:00","","-2.9","","-6.6","","76","","","","26","","7","","","","100.37","","","","-6","","NA"
"-79.80","43.30","BURLINGTON PIERS (AUT)","6151061","2024-02-16 23:00","2024","02","16","23:00","","-2.9","","-6.7","","75","","","","27","","10","","","","100.35","","","","-7","","NA"
"-79.80","43.30","BURLINGTON PIERS (AUT)","6151061","2024-02-17 00:00","2024","02","17","00:00","","-3.0","","-6.9","","74","","","","25","","8","","","","100.26","","","","-6","","NA"
"-79.80","43.30","BURLINGTON PIERS (AUT)","6151061","2024-02-17 01:00","2024","02","17","01:00","","-3.4","","-6.1","","82","","","","25","","10","","","","100.23","","","","-7","","NA"
"-79.80","43.30","BURLINGTON PIERS (AUT)","6151061","2024-02-17 02:00","2024","02","17","02:00","","-3.6","","-6.4","","80","","","","25","","11","","","","100.24","","","","-8","","NA"
"-79.80","43.30","BURLINGTON PIERS (AUT)","6151061","2024-02-17 03:00","2024","02","17","03:00","","-3.9","","-6.5","","82","","","","26","","9","","","","100.18","","","","-8","","NA"
"-79.80","43.30","BURLINGTON PIERS (AUT)","6151061","2024-02-17 04:00","2024","02","17","04:00","","-3.7","","-5.9","","85","","","","25","","11","","","","100.15","","","","-8","","NA"
"-79.80","43.30","BURLINGTON PIERS (AUT)","6151061","2024-02-17 05:00","2024","02","17","05:00","","-4.2","","-5.2","","92","","","","25","","11","","","","100.16","","","","-9","","NA"
"-79.80","43.30","BURLINGTON PIERS (AUT)","6151061","2024-02-17 06:00","2024","02","17","06:00","","-3.8","","-5.6","","88","","","","25","","11","","","","100.18","","","","-8","","NA"
"-79.80","43.30","BURLINGTON PIERS (AUT)","6151061","2024-02-17 07:00","2024","02","17","07:00","","-4.6","","-7.7","","79","","","","33","","22","","","","100.26","","","","-11","","NA"
"-79.80","43.30","BURLINGTON PIERS (AUT)","6151061","2024-02-17 08:00","2024","02","17","08:00","","-6.0","","-8.2","","84","","","","34","","17","","","","100.33","","","","-12","","NA"
"-79.80","43.30","BURLINGTON PIERS (AUT)","6151061","2024-02-17 09:00","2024","02","17","09:00","","-5.1","","-7.6","","83","","","","25","","6","","","","100.37","","","","-8","","NA"
"-79.80","43.30","BURLINGTON PIERS (AUT)","6151061","2024-02-17 10:00","2024","02","17","10:00","","-4.4","","-11.9","","56","","","","25","","10","","","","100.37","","","","-9","","NA"
"-79.80","43.30","BURLINGTON PIERS (AUT)","6151061","2024-02-17 11:00","2024","02","17","11:00","","-4.3","","-13.8","","47","","","","29","","27","","","","100.36","","","","-12","","NA"
"-79.80","43.30","BURLINGTON PIERS (AUT)","6151061","2024-02-17 12:00","2024","02","17","12:00","","-4.3","","-13.0","","51","","","","29","","29","","","","100.38","","","","-12","","NA"
"-79.80","43.30","BURLINGTON PIERS (AUT)","6151061","2024-02-17 13:00","2024","02","17","13:00","","-4.2","","-13.5","","49","","","","28","","26","","","","100.33","","","","-11","","NA"
"-79.80","43.30","BURLINGTON PIERS (AUT)","6151061","2024-02-17 14:00","2024","02","17","14:00","","-4.4","","-12.4","","53","","","","27","","18","","","","100.33","","","","-10","","NA"
"-79.80","43.30","BURLINGTON PIERS (AUT)","6151061","2024-02-17 15:00","2024","02","17","15:00","","-4.0","","-12.8","","50","","","","26","","18","","","","100.32","","","","-10","","NA"
"-79.80","43.30","BURLINGTON PIERS (AUT)","6151061","2024-02-17 16:00","2024","02","17","16:00","","-4.3","","-12.6","","52","","","","29","","21","","","","100.32","","","","-11","","NA"
"-79.80","43.30","BURLINGTON PIERS (AUT)","6151061","2024-02-17 17:00","2024","02","17","17:00","","-4.4","","-13.5","","49","","","","26","","19","","","","100.29","","","","-11","","NA"
"-79.80","43.30","BURLINGTON PIERS (AUT)","6151061","2024-02-17 18:00","2024","02","17","18:00","","-4.5","","-10.5","","63","","","","25","","14","","","","100.28","","","","-10","","NA"
"-79.80","43.30","BURLINGTON PIERS (AUT)","6151061","2024-02-17 19:00","2024","02","17","19:00","","-4.6","","-10.5","","63","","","","22","","14","","","","100.22","","","","-10","","NA"
"-79.80","43.30","BURLINGTON PIERS (AUT)","6151061","2024-02-17 20:00","2024","02","17","20:00","","-4.6","","-8.7","","73","","","","21","","14","","","","100.14","","","","-10","","NA"
"-79.80","43.30","BURLINGTON PIERS (AUT)","6151061","2024-02-17 21:00","2024","02","17","21:00","","-5.1","","-9.7","","70","","","","20","","17","","","","100.04","","","","-11","","NA"
"-79.80","43.30","BURLINGTON PIERS (AUT)","6151061","2024-02-17 22:00","2024","02","17","22:00","","-4.8","","-9.1","","72","","","","21","","21","","","","99.92","","","","-11","","NA"
"-79.80","43.30","BURLINGTON PIERS (AUT)","6151061","2024-02-17 23:00","2024","02","17","23:00","","-4.5","","-8.1","","76","","","","21","","19","","","","99.83","","","","-11","","NA"
"-79.80","43.30","BURLINGTON PIERS (AUT)","6151061","2024-02-18 00:00","2024","02","18","00:00","","-5.3","","-5.3","","100","","","","24","","24","","","","99.88","","","","-13","","NA"
"-79.80","43.30","BURLINGTON PIERS (AUT)","6151061","2024-02-18 01:00","2024","02","18","01:00","","-4.9","","-5.2","","98","","","","21","","17","","","","99.79","","","","-11","","NA"
"-79.80","43.30","BURLINGTON PIERS (AUT)","6151061","2024-02-18 02:00","2024","02","18","02:00","","-4.5","","-5.1","","96","","","","20","","26","","","","99.69","","","","-12","","NA"
"-79.80","43.30","BURLINGTON PIERS (AUT)","6151061","2024-02-18 03:00","2024","02","18","03:00","","-4.7","","-5.0","","98","","","","21","","19","","","","99.64","","","","-11","","NA"
"-79.80","43.30","BURLINGTON PIERS (AUT)","6151061","2024-02-18 04:00","2024","02","18","04:00","","-5.2","","-6.6","","90","","","","21","","24","","","","99.58","","","","-12","","NA"
"-79.80","43.30","BURLINGTON PIERS (AUT)","6151061","2024-02-18 05:00","2024","02","18","05:00","","-4.9","","-6.4","","89","","","","21","","23","","","","99.55","","","","-12","","NA"
"-79.80","43.30","BURLINGTON PIERS (AUT)","6151061","2024-02-18 06:00","2024","02","18","06:00","","-4.5","","-5.8","","90","","","","21","","20","","","","99.54","","","","-11","","NA"
"-79.80","43.30","BURLINGTON PIERS (AUT)","6151061","2024-02-18 07:00","2024","02","18","07:00","","-4.4","","-5.7","","90","","","","22","","17","","","","99.51","","","","-10","","NA"
"-79.80","43.30","BURLINGTON PIERS (AUT)","6151061","2024-02-18 08:00","2024","02","18","08:00","","-4.2","","-5.7","","89","","","","22","","16","","","","99.54","","","","-10","","NA"
"-79.80","43.30","BURLINGTON PIERS (AUT)","6151061","2024-02-18 09:00","2024","02","18","09:00","","-3.5","","-5.0","","89","","","","22","","17","","","","99.56","","","","-9","","NA"
"-79.80","43.30","BURLINGTON PIERS (AUT)","6151061","2024-02-18 10:00","2024","02","18","10:00","","-2.8","","-5.1","","84","","","","22","","16","","","","99.52","","","","-8","","NA"
"-79.80","43.30","BURLINGTON PIERS (AUT)","6151061","2024-02-18 11:00","2024","02","18","11:00","","-2.1","","-6.5","","72","","","","21","","22","","","","99.50","","","","-8","","NA"
"-79.80","43.30","BURLINGTON PIERS (AUT)","6151061","2024-02-18 12:00","2024","02","18","12:00","","-1.5","","-6.6","","68","","","","21","","21","","","","99.49","","","","-7","","NA"
"-79.80","43.30","BURLINGTON PIERS (AUT)","6151061","2024-02-18 13:00","2024","02","18","13:00","","-1.3","","-6.8","","66","","","","22","","22","","","","99.44","","","","-7","","NA"
"-79.80","43.30","BURLINGTON PIERS (AUT)","6151061","2024-02-18 14:00","2024","02","18","14:00","","-0.8","","-6.0","","68","","","","22","","22","","","","99.47","","","","-7","","NA"
"-79.80","43.30","BURLINGTON PIERS (AUT)","6151061","2024-02-18 15:00","2024","02","18","15:00","","-0.7","","-5.7","","69","","","","21","","22","","","","99.51","","","","-6","","NA"
"-79.80","43.30","BURLINGTON PIERS (AUT)","6151061","2024-02-18 16:00","2024","02","18","16:00","","-0.8","","-5.2","","72","","","","21","","22","","","","99.61","","","","-7","","NA"
"-79.80","43.30","BURLINGTON PIERS (AUT)","6151061","2024-02-18 17:00","2024","02","18","17:00","","-0.3","","-4.5","","73","","","","21","","19","","","","99.71","","","","-5","","NA"
"-79.80","43.30","BURLINGTON PIERS (AUT)","6151061","2024-02-18 18:00","2024","02","18","18:00","","0.3","","-4.2","","72","","","","22","","15","","","","99.81","","","","","","NA"
"-79.80","43.30","BURLINGTON PIERS (AUT)","6151061","2024-02-18 19:00","2024","02","18","19:00","","-0.5","","-4.6","","74","","","","21","","19","","","","99.95","","","","-6","","NA"
"-79.80","43.30","BURLINGTON PIERS (AUT)","6151061","2024-02-18 20:00","2024","02","18","20:00","","-0.2","","-5.0","","70","","","","21","","20","","","","100.05","","","","-5","","NA"
"-79.80","43.30","BURLINGTON PIERS (AUT)","6151061","2024-02-18 21:00","2024","02","18","21:00","","-0.1","","-4.5","","72","","","","23","","11","","","","100.16","","","","-4","","NA"
"-79.80","43.30","BURLINGTON PIERS (AUT)","6151061","2024-02-18 22:00","2024","02","18","22:00","","-0.8","","-3.9","","80","","","","26","","7","","","","100.34","","","","-3","","NA"
"-79.80","43.30","BURLINGTON PIERS (AUT)","6151061","2024-02-18 23:00","2024","02","18","23:00","","-1.0","","-8.4","","57","","","","30","","26","","","","100.50","","","","-7","","NA"
"-79.80","43.30","BURLINGTON PIERS (AUT)","6151061","2024-02-19 00:00","2024","02","19","00:00","","-2.2","","-8.7","","61","","","","29","","15","","","","100.68","","","","-7","","NA"
"-79.80","43.30","BURLINGTON PIERS (AUT)","6151061","2024-02-19 01:00","2024","02","19","01:00","","-3.0","","-9.6","","61","","","","28","","13","","","","100.77","","","","-8","","NA"
"-79.80","43.30","BURLINGTON PIERS (AUT)","6151061","2024-02-19 02:00","2024","02","19","02:00","","-3.6","","-9.8","","62","","","","29","","11","","","","100.85","","","","-8","","NA"
"-79.80","43.30","BURLINGTON PIERS (AUT)","6151061","2024-02-19 03:00","2024","02","19","03:00","","-3.6","","-6.6","","80","","","","28","","7","","","","100.92","","","","-7","","NA"
"-79.80","43.30","BURLINGTON PIERS (AUT)","6151061","2024-02-19 04:00","2024","02","19","04:00","","-3.5","","-8.2","","70","","","","32","","16","","","","101.02","","","","-9","","NA"
"-79.80","43.30","BURLINGTON PIERS (AUT)","6151061","2024-02-19 05:00","2024","02","19","05:00","","-4.2","","-10.1","","63","","","","35","","18","","","","101.09","","","","-10","","NA"
"-79.80","43.30","BURLINGTON PIERS (AUT)","6151061","2024-02-19 06:00","2024","02","19","06:00","","-4.7","","-6.9","","84","","","","2","","11","","","","101.20","","","","-9","","NA"
"-79.80","43.30","BURLINGTON PIERS (AUT)","6151061","2024-02-19 07:00","2024","02","19","07:00","","-5.4","","-7.5","","85","","","","35","","14","","","","101.31","","","","-11","","NA"
"-79.80","43.30","BURLINGTON PIERS (AUT)","6151061","2024-02-19 08:00","2024","02","19","08:00","","-5.8","","-8.9","","79","","","","1","","15","","","","101.43","","","","-12","","NA"
"-79.80","43.30","BURLINGTON PIERS (AUT)","6151061","2024-02-19 09:00","2024","02","19","09:00","","-6.0","","-9.6","","76","","","","1","","12","","","","101.52","","","","-11","","NA"
"-79.80","43.30","BURLINGTON PIERS (AUT)","6151061","2024-02-19 10:00","2024","02","19","10:00","","-5.1","","-7.9","","81","","","","2","","10","","","","101.56","","","","-9","","NA"
"-79.80","43.30","BURLINGTON PIERS (AUT)","6151061","2024-02-19 11:00","2024","02","19","11:00","","-4.5","","-9.4","","69","","","","4","","11","","","","101.59","","","","-9","","NA"
"-79.80","43.30","BURLINGTON PIERS (AUT)","6151061","2024-02-19 12:00","2024","02","19","12:00","","-3.9","","-9.5","","65","","","","9","","8","","","","101.60","","","","-7","","NA"
"-79.80","43.30","BURLINGTON PIERS (AUT)","6151061","2024-02-19 13:00","2024","02","19","13:00","","-3.4","","-9.3","","64","","","","7","","9","","","","101.57","","","","-7","","NA"
"-79.80","43.30","BURLINGTON PIERS (AUT)","6151061","2024-02-19 14:00","2024","02","19","14:00","","-3.0","","-8.4","","66","","","","11","","11","","","","101.52","","","","-7","","NA"
"-79.80","43.30","BURLINGTON PIERS (AUT)","6151061","2024-02-19 15:00","2024","02","19","15:00","","-2.6","","-7.9","","67","","","","11","","16","","","","101.50","","","","-8","","NA"
"-79.80","43.30","BURLINGTON PIERS (AUT)","6151061","2024-02-19 16:00","2024","02","19","16:00","","-1.5","","-8.2","","60","","","","13","","18","","","","101.49","","","","-7","","NA"
"-79.80","43.30","BURLINGTON PIERS (AUT)","6151061","2024-02-19 17:00","2024","02","19","17:00","","-0.9","","-7.5","","61","","","","15","","10","","","","101.53","","","","-4","","NA"
"-79.80","43.30","BURLINGTON PIERS (AUT)","6151061","2024-02-19 18:00","2024","02","19","18:00","","-0.6","","-8.0","","57","","","","13","","4","","","","101.58","","","","-2","","NA"
"-79.80","43.30","BURLINGTON PIERS (AUT)","6151061","2024-02-19 19:00","2024","02","19","19:00","","-1.7","","-7.5","","64","","","","16","","19","","","","101.65","","","","-7","","NA"
"-79.80","43.30","BURLINGTON PIERS (AUT)","6151061","2024-02-19 20:00","2024","02","19","20:00","","-2.1","","-8.2","","63","","","","16","","15","","","","101.70","","","","-7","","NA"
"-79.80","43.30","BURLINGTON PIERS (AUT)","6151061","2024-02-19 21:00","2024","02","19","21:00","","-2.3","","-7.4","","68","","","","17","","12","","","","101.75","","","","-7","","NA"
"-79.80","43.30","BURLINGTON PIERS (AUT)","6151061","2024-02-19 22:00","2024","02","19","22:00","","-2.2","","-7.0","","69","","","","20","","7","","","","101.76","","","","-5","","NA"
"-79.80","43.30","BURLINGTON PIERS (AUT)","6151061","2024-02-19 23:00","2024","02","19","23:00","","-2.5","","-6.0","","77","","","","18","","4","","","","101.76","","","","-4","","NA"
"-79.80","43.30","BURLINGTON PIERS (AUT)","6151061","2024-02-20 00:00","2024","02","20","00:00","","-3.0","","-5.2","","85","","","","26","","3","","","","101.75","","","","-4","","NA"
"-79.80","43.30","BURLINGTON PIERS (AUT)","6151061","2024-02-20 01:00","2024","02","20","01:00","","-2.2","","-5.8","","76","","","","20","","5","","","","101.75","","","","-4","","NA"
"-79.80","43.30","BURLINGTON PIERS (AUT)","6151061","2024-02-20 02:00","2024","02","20","02:00","","-2.1","","-5.4","","78","","","","19","","7","","","","101.77","","","","-5","","NA"
"-79.80","43.30","BURLINGTON PIERS (AUT)","6151061","2024-02-20 03:00","2024","02","20","03:00","","-2.1","","-5.3","","79","","","","18","","8","","","","101.80","","","","-5","","NA"
"-79.80","43.30","BURLINGTON PIERS (AUT)","6151061","2024-02-20 04:00","2024","02","20","04:00","","-2.1","","-4.5","","83","","","","","","0","","","","101.82","","","","","","NA"
"-79.80","43.30","BURLINGTON PIERS (AUT)","6151061","2024-02-20 05:00","2024","02","20","05:00","","-2.4","","-4.7","","84","","","","33","","4","","","","101.82","","","","-4","","NA"
"-79.80","43.30","BURLINGTON PIERS (AUT)","6151061","2024-02-20 06:00","2024","02","20","06:00","","-2.5","","-4.5","","86","","","","31","","4","","","","101.85","","","","-4","","NA"
"-79.80","43.30","BURLINGTON PIERS (AUT)","6151061","2024-02-20 07:00","2024","02","20","07:00","","-2.7","","-4.2","","89","","","","33","","3","","","","101.87","","","","-4","","NA"
"-79.80","43.30","BURLINGTON PIERS (AUT)","6151061","2024-02-20 08:00","2024","02","20","08:00","","-1.8","","-3.3","","89","","","","33","","5","","","","101.91","","","","-4","","NA"
"-79.80","43.30","BURLINGTON PIERS (AUT)","6151061","2024-02-20 09:00","2024","02","20","09:00","","-1.4","","-6.2","","70","","","","1","","4","","","","101.98","","","","-3","","NA"
"-79.80","43.30","BURLINGTON PIERS (AUT)","6151061","2024-02-20 10:00","2024","02","20","10:00","","-0.6","","-4.4","","75","","","","4","","7","","","","102.02","","","","-3","","NA"
"-79.80","43.30","BURLINGTON PIERS (AUT)","6151061","2024-02-20 11:00","2024","02","20","11:00","","0.1","","-4.7","","70","","","","4","","8","","","","102.01","","","","","","NA"
"-79.80","43.30","BURLINGTON PIERS (AUT)","6151061","2024-02-20 12:00","2024","02","20","12:00","","0.7","","-4.4","","69","","","","3","","10","","","","101.97","","","","","","NA"
"-79.80","43.30","BURLINGTON PIERS (AUT)","6151061","2024-02-20 13:00","2024","02","20","13:00","","1.1","","-3.4","","72","","","","4","","13","","","","101.90","","","","","","NA"
"-79.80","43.30","BURLINGTON PIERS (AUT)","6151061","2024-02-20 14:00","2024","02","20","14:00","","2.2","","-3.9","","64","","","","5","","13","","","","101.86","","","","","","NA"
"-79.80","43.30","BURLINGTON PIERS (AUT)","6151061","2024-02-20 15:00","2024","02","20","15:00","","2.2","","-4.0","","63","","","","5","","18","","","","101.81","","","","","","NA"
"-79.80","43.30","BURLINGTON PIERS (AUT)","6151061","2024-02-20 16:00","2024","02","20","16:00","","2.5","","-3.8","","63","","","","5","","18","","","","101.78","","","","","","NA"
"-79.80","43.30","BURLINGTON PIERS (AUT)","6151061","2024-02-20 17:00","2024","02","20","17:00","","2.7","","-3.9","","62","","","","7","","19","","","","101.78","","","","","","NA"
"-79.80","43.30","BURLINGTON PIERS (AUT)","6151061","2024-02-20 18:00","2024","02","20","18:00","","2.7","","-3.4","","64","","","","8","","18","","","","101.80","","","","","","NA"
"-79.80","43.30","BURLINGTON PIERS (AUT)","6151061","2024-02-20 19:00","2024","02","20","19:00","","2.6","","-2.2","","71","","","","8","","20","","","","101.77","","","","","","NA"
"-79.80","43.30","BURLINGTON PIERS (AUT)","6151061","2024-02-20 20:00","2024","02","20","20:00","","2.6","","-2.4","","69","","","","8","","17","","","","101.75","","","","","","NA"
"-79.80","43.30","BURLINGTON PIERS (AUT)","6151061","2024-02-20 21:00","2024","02","20","21:00","","2.3","","-3.0","","68","","","","9","","17","","","","101.72","","","","","","NA"
"-79.80","43.30","BURLINGTON PIERS (AUT)","6151061","2024-02-20 22:00","2024","02","20","22:00","","2.1","","-3.4","","67","","","","9","","11","","","","101.69","","","","","","NA"
"-79.80","43.30","BURLINGTON PIERS (AUT)","6151061","2024-02-20 23:00","2024","02","20","23:00","","2.1","","-3.1","","69","","","","4","","7","","","","101.63","","","","","","NA"
"-79.80","43.30","BURLINGTON PIERS (AUT)","6151061","2024-02-21 00:00","2024","02","21","00:00","","0.8","","-2.3","","80","","","","34","","8","","","","101.60","","","","","","NA"
"-79.80","43.30","BURLINGTON PIERS (AUT)","6151061","2024-02-21 01:00","2024","02","21","01:00","","0.8","","-2.3","","80","","","","32","","6","","","","101.57","","","","","","NA"
"-79.80","43.30","BURLINGTON PIERS (AUT)","6151061","2024-02-21 02:00","2024","02","21","02:00","","0.0","","-2.1","","86","","","","","","0","","","","101.53","","","","","","NA"
"-79.80","43.30","BURLINGTON PIERS (AUT)","6151061","2024-02-21 03:00","2024","02","21","03:00","","-0.5","","-2.0","","90","","","","28","","3","","","","101.47","","","","-1","","NA"
"-79.80","43.30","BURLINGTON PIERS (AUT)","6151061","2024-02-21 04:00","2024","02","21","04:00","","0.3","","-1.4","","89","","","","35","","4","","","","101.42","","","","","","NA"
"-79.80","43.30","BURLINGTON PIERS (AUT)","6151061","2024-02-21 05:00","2024","02","21","05:00","","0.7","","-1.2","","87","","","","35","","5","","","","101.39","","","","","","NA"
"-79.80","43.30","BURLINGTON PIERS (AUT)","6151061","2024-02-21 06:00","2024","02","21","06:00","","0.9","","-1.1","","86","","","","34","","3","","","","101.38","","","","","","NA"
"-79.80","43.30","BURLINGTON PIERS (AUT)","6151061","2024-02-21 07:00","2024","02","21","07:00","","1.3","","-0.9","","86","","","","","","0","","","","101.34","","","","","","NA"
"-79.80","43.30","BURLINGTON PIERS (AUT)","6151061","2024-02-21 08:00","2024","02","21","08:00","","3.0","","-1.1","","75","","","","16","","6","","","","101.30","","","","","","NA"
"-79.80","43.30","BURLINGTON PIERS (AUT)","6151061","2024-02-21 09:00","2024","02","21","09:00","","4.5","","-1.9","","63","","","","17","","7","","","","101.27","","","","","","NA"
"-79.80","43.30","BURLINGTON PIERS (AUT)","6151061","2024-02-21 10:00","2024","02","21","10:00","","6.1","","-1.5","","58","","","","19","","14","","","","101.19","","","","","","NA"
"-79.80","43.30","BURLINGTON PIERS (AUT)","6151061","2024-02-21 11:00","2024","02","21","11:00","","7.7","","-2.4","","49","","","","19","","16","","","","101.12","","","","","","NA"
"-79.80","43.30","BURLINGTON PIERS (AUT)","6151061","2024-02-21 12:00","2024","02","21","12:00","","8.3","","-2.2","","47","","","","19","","18","","","","101.05","","","","","","NA"
"-79.80","43.30","BURLINGTON PIERS (AUT)","6151061","2024-02-21 13:00","2024","02","21","13:00","","8.8","","-1.6","","48","","","","19","","19","","","","100.91","","","","","","NA"
"-79.80","43.30","BURLINGTON PIERS (AUT)","6151061","2024-02-21 14:00","2024","02","21","14:00","","9.0","","-0.3","","52","","","","19","","19","","","","100.81","","","","","","NA"
"-79.80","43.30","BURLINGTON PIERS (AUT)","6151061","2024-02-21 15:00","2024","02","21","15:00","","10.0","","-0.1","","50","","","","20","","17","","","","100.73","","","","","","NA"
"-79.80","43.30","BURLINGTON PIERS (AUT)","6151061","2024-02-21 16:00","2024","02","21","16:00","","11.1","","-1.9","","40","","","","19","","18","","","","100.62","","","","","","NA"
"-79.80","43.30","BURLINGTON PIERS (AUT)","6151061","2024-02-21 17:00","2024","02","21","17:00","","11.0","","-0.1","","46","","","","18","","16","","","","100.57","","","","","","NA"
"-79.80","43.30","BURLINGTON PIERS (AUT)","6151061","2024-02-21 18:00","2024","02","21","18:00","","10.6","","-1.1","","44","","","","20","","14","","","","100.55","","","","","","NA"
"-79.80","43.30","BURLINGTON PIERS (AUT)","6151061","2024-02-21 19:00","2024","02","21","19:00","","10.1","","-1.5","","44","","","","18","","8","","","","100.49","","","","","","NA"
"-79.80","43.30","BURLINGTON PIERS (AUT)","6151061","2024-02-21 20:00","2024","02","21","20:00","","10.1","","-2.0","","43","","","","17","","16","","","","100.42","","","","","","NA"
"-79.80","43.30","BURLINGTON PIERS (AUT)","6151061","2024-02-21 21:00","2024","02","21","21:00","","9.7","","-1.7","","45","","","","17","","10","","","","100.39","","","","","","NA"
"-79.80","43.30","BURLINGTON PIERS (AUT)","6151061","2024-02-21 22:00","2024","02","21","22:00","","8.7","","-0.3","","53","","","","21","","5","","","","100.32","","","","","","NA"
"-79.80","43.30","BURLINGTON PIERS (AUT)","6151061","2024-02-21 23:00","2024","02","21","23:00","","8.6","","-0.3","","54","","","","18","","9","","","","100.25","","","","","","NA"
"-79.80","43.30","BURLINGTON PIERS (AUT)","6151061","2024-02-22 00:00","2024","02","22","00:00","","8.1","","0.5","","59","","","","21","","9","","","","100.19","","","","","","NA"
"-79.80","43.30","BURLINGTON PIERS (AUT)","6151061","2024-02-22 01:00","2024","02","22","01:00","","8.3","","0.5","","58","","","","21","","11","","","","100.13","","","","","","NA"
"-79.80","43.30","BURLINGTON PIERS (AUT)","6151061","2024-02-22 02:00","2024","02","22","02:00","","8.5","","0.7","","58","","","","20","","21","","","","100.02","","","","","","NA"
"-79.80","43.30","BURLINGTON PIERS (AUT)","6151061","2024-02-22 03:00","2024","02","22","03:00","","8.6","","0.6","","57","","","","20","","16","","","","99.96","","","","","","NA"
"-79.80","43.30","BURLINGTON PIERS (AUT)","6151061","2024-02-22 04:00","2024","02","22","04:00","","7.8","","0.8","","61","","","","22","","10","","","","99.94","","","","","","NA"
"-79.80","43.30","BURLINGTON PIERS (AUT)","6151061","2024-02-22 05:00","2024","02","22","05:00","","7.5","","0.6","","61","","","","22","","4","","","","99.88","","","","","","NA"
"-79.80","43.30","BURLINGTON PIERS (AUT)","6151061","2024-02-22 06:00","2024","02","22","06:00","","8.1","","1.5","","63","","","","18","","11","","","","99.87","","","","","","NA"
"-79.80","43.30","BURLINGTON PIERS (AUT)","6151061","2024-02-22 07:00","2024","02","22","07:00","","7.7","","2.0","","67","","","","22","","8","","","","99.83","","","","","","NA"
"-79.80","43.30","BURLINGTON PIERS (AUT)","6151061","2024-02-22 08:00","2024","02","22","08:00","","7.5","","2.9","","72","","","","22","","8","","","","99.82","","","","","","NA"
"-79.80","43.30","BURLINGTON PIERS (AUT)","6151061","2024-02-22 09:00","2024","02","22","09:00","","7.6","","3.3","","74","","","","23","","5","","","","99.81","","","","","","NA"
"-79.80","43.30","BURLINGTON PIERS (AUT)","6151061","2024-02-22 10:00","2024","02","22","10:00","","7.9","","4.0","","76","","","","24","","6","","","","99.78","","","","","","NA"
"-79.80","43.30","BURLINGTON PIERS (AUT)","6151061","2024-02-22 11:00","2024","02","22","11:00","","7.8","","4.0","","77","","","","23","","12","","","","99.73","","","","","","NA"
"-79.80","43.30","BURLINGTON PIERS (AUT)","6151061","2024-02-22 12:00","2024","02","22","12:00","","8.5","","3.8","","72","","","","23","","6","","","","99.67","","","","","","NA"
"-79.80","43.30","BURLINGTON PIERS (AUT)","6151061","2024-02-22 13:00","2024","02","22","13:00","","9.0","","3.7","","69","","","","25","","4","","","","99.58","","","","","","NA"
"-79.80","43.30","BURLINGTON PIERS (AUT)","6151061","2024-02-22 14:00","2024","02","22","14:00","","9.7","","5.0","","73","","","","24","","5","","","","99.49","","","","","","NA"
"-79.80","43.30","BURLINGTON PIERS (AUT)","6151061","2024-02-22 15:00","2024","02","22","15:00","","10.3","","5.7","","73","","","","23","","5","","","","99.40","","","","","","NA"
"-79.80","43.30","BURLINGTON PIERS (AUT)","6151061","2024-02-22 16:00","2024","02","22","16:00","","9.8","","6.1","","78","","","","21","","4","","","","99.37","","","","","","NA"
"-79.80","43.30","BURLINGTON PIERS (AUT)","6151061","2024-02-22 17:00","2024","02","22","17:00","","9.8","","5.7","","76","","","","","","0","","","","99.29","","","","","","NA"
"-79.80","43.30","BURLINGTON PIERS (AUT)","6151061","2024-02-22 18:00","2024","02","22","18:00","","9.2","","6.9","","85","","","","17","","11","","","","99.28","","","","","","NA"
"-79.80","43.30","BURLINGTON PIERS (AUT)","6151061","2024-02-22 19:00","2024","02","22","19:00","","7.6","","6.3","","92","","","","18","","14","","","","99.36","","","","","","NA"
"-79.80","43.30","BURLINGTON PIERS (AUT)","6151061","2024-02-22 20:00","2024","02","22","20:00","","6.3","","5.7","","96","","","","22","","10","","","","99.34","","","","","","NA"
"-79.80","43.30","BURLINGTON PIERS (AUT)","6151061","2024-02-22 21:00","2024","02","22","21:00","","5.4","","4.9","","96","","","","23","","10","","","","99.33","","","","","","NA"
"-79.80","43.30","BURLINGTON PIERS (AUT)","6151061","2024-02-22 22:00","2024","02","22","22:00","","4.8","","4.5","","98","","","","22","","7","","","","99.29","","","","","","NA"
"-79.80","43.30","BURLINGTON PIERS (AUT)","6151061","2024-02-22 23:00","2024","02","22","23:00","","4.5","","4.1","","98","","","","22","","8","","","","99.26","","","","","","NA"
"-79.80","43.30","BURLINGTON PIERS (AUT)","6151061","2024-02-23 00:00","2024","02","23","00:00","","3.8","","3.5","","98","","","","23","","9","","","","99.23","","","","","","NA"
"-79.80","43.30","BURLINGTON PIERS (AUT)","6151061","2024-02-23 01:00","2024","02","23","01:00","","1.9","","1.6","","98","","","","23","","14","","","","99.18","","","","","","NA"
"-79.80","43.30","BURLINGTON PIERS (AUT)","6151061","2024-02-23 02:00","2024","02","23","02:00","","1.4","","","M","","M","","","24","","12","","","","99.14","","","","","","NA"
"-79.80","43.30","BURLINGTON PIERS (AUT)","6151061","2024-02-23 03:00","2024","02","23","03:00","","1.8","","1.4","","97","","","","23","","10","","","","99.09","","","","","","NA"
"-79.80","43.30","BURLINGTON PIERS (AUT)","6151061","2024-02-23 04:00","2024","02","23","04:00","","1.2","","0.7","","97","","","","23","","10","","","","99.06","","","","","","NA"
"-79.80","43.30","BURLINGTON PIERS (AUT)","6151061","2024-02-23 05:00","2024","02","23","05:00","","0.9","","0.4","","97","","","","23","","10","","","","99.05","","","","","","NA"
"-79.80","43.30","BURLINGTON PIERS (AUT)","6151061","2024-02-23 06:00","2024","02","23","06:00","","0.7","","0.5","","99","","","","24","","8","","","","99.01","","","","","","NA"
"-79.80","43.30","BURLINGTON PIERS (AUT)","6151061","2024-02-23 07:00","2024","02","23","07:00","","0.8","","0.3","","97","","","","23","","10","","","","99.03","","","","","","NA"
"-79.80","43.30","BURLINGTON PIERS (AUT)","6151061","2024-02-23 08:00","2024","02","23","08:00","","0.3","","-0.1","","97","","","","24","","11","","","","99.04","","","","","","NA"
"-79.80","43.30","BURLINGTON PIERS (AUT)","6151061","2024-02-23 09:00","2024","02","23","09:00","","1.3","","0.4","","94","","","","23","","13","","","","99.06","","","","","","NA"
"-79.80","43.30","BURLINGTON PIERS (AUT)","6151061","2024-02-23 10:00","2024","02","23","10:00","","2.7","","0.4","","85","","","","23","","15","","","","99.05","","","","","","NA"
"-79.80","43.30","BURLINGTON PIERS (AUT)","6151061","2024-02-23 11:00","2024","02","23","11:00","","4.8","","0.8","","75","","","","21","","12","","","","99.06","","","","","","NA"
"-79.80","43.30","BURLINGTON PIERS (AUT)","6151061","2024-02-23 12:00","2024","02","23","12:00","","7.2","","2.0","","69","","","","20","","11","","","","99.03","","","","","","NA"
"-79.80","43.30","BURLINGTON PIERS (AUT)","6151061","2024-02-23 13:00","2024","02","23","13:00","","10.0","","0.0","","50","","","","29","","10","","","","98.97","","","","","","NA"
"-79.80","43.30","BURLINGTON PIERS (AUT)","6151061","2024-02-23 14:00","2024","02","23","14:00","","10.1","","-1.7","","44","","","","30","","12","","","","98.95","","","","","","NA"
"-79.80","43.30","BURLINGTON PIERS (AUT)","6151061","2024-02-23 15:00","2024","02","23","15:00","","8.2","","1.7","","64","","","","31","","25","","","","99.01","","","","","","NA"
"-79.80","43.30","BURLINGTON PIERS (AUT)","6151061","2024-02-23 16:00","2024","02","23","16:00","","7.4","","1.7","","67","","","","30","","22","","","","99.07","","","","","","NA"
"-79.80","43.30","BURLINGTON PIERS (AUT)","6151061","2024-02-23 17:00","2024","02","23","17:00","","6.2","","1.3","","71","","","","30","","24","","","","99.18","","","","","","NA"
"-79.80","43.30","BURLINGTON PIERS (AUT)","6151061","2024-02-23 18:00","2024","02","23","18:00","","3.0","","-1.7","","71","","","","31","","25","","","","99.37","","","","","","NA"
"-79.80","43.30","BURLINGTON PIERS (AUT)","6151061","2024-02-23 19:00","2024","02","23","19:00","","0.7","","-4.9","","66","","","","33","","28","","","","99.54","","","","","","NA"
"-79.80","43.30","BURLINGTON PIERS (AUT)","6151061","2024-02-23 20:00","2024","02","23","20:00","","-0.4","","-7.9","","57","","","","34","","25","","","","99.65","","","","-6","","NA"
"-79.80","43.30","BURLINGTON PIERS (AUT)","6151061","2024-02-23 21:00","2024","02","23","21:00","","-2.4","","-8.3","","64","","","","33","","29","","","","99.77","","","","-9","","NA"
"-79.80","43.30","BURLINGTON PIERS (AUT)","6151061","2024-02-23 22:00","2024","02","23","22:00","","-3.7","","-11.6","","54","","","","33","","27","","","","99.84","","","","-11","","NA"
"-79.80","43.30","BURLINGTON PIERS (AUT)","6151061","2024-02-23 23:00","2024","02","23","23:00","","-4.2","","-9.3","","68","","","","33","","26","","","","99.87","","","","-11","","NA"
"-79.80","43.30","BURLINGTON PIERS (AUT)","6151061","2024-02-24 00:00","2024","02","24","00:00","","-5.2","","-11.0","","64","","","","33","","26","","","","99.97","","","","-13","","NA"
"-79.80","43.30","BURLINGTON PIERS (AUT)","6151061","2024-02-24 01:00","2024","02","24","01:00","","-6.3","","-11.9","","64","","","","35","","27","","","","100.03","","","","-14","","NA"
"-79.80","43.30","BURLINGTON PIERS (AUT)","6151061","2024-02-24 02:00","2024","02","24","02:00","","-6.9","","-14.5","","55","","","","36","","25","","","","100.10","","","","-15","","NA"
"-79.80","43.30","BURLINGTON PIERS (AUT)","6151061","2024-02-24 03:00","2024","02","24","03:00","","-8.4","","-14.7","","61","","","","36","","27","","","","100.17","","","","-17","","NA"
"-79.80","43.30","BURLINGTON PIERS (AUT)","6151061","2024-02-24 04:00","2024","02","24","04:00","","-9.1","","-17.2","","52","","","","34","","26","","","","100.21","","","","-18","","NA"
"-79.80","43.30","BURLINGTON PIERS (AUT)","6151061","2024-02-24 05:00","2024","02","24","05:00","","-9.9","","-18.0","","52","","","","35","","25","","","","100.32","","","","-19","","NA"
"-79.80","43.30","BURLINGTON PIERS (AUT)","6151061","2024-02-24 06:00","2024","02","24","06:00","","-10.8","","-18.4","","53","","","","35","","28","","","","100.42","","","","-20","","NA"
"-79.80","43.30","BURLINGTON PIERS (AUT)","6151061","2024-02-24 07:00","2024","02","24","07:00","","-11.1","","-18.5","","54","","","","35","","24","","","","100.52","","","","-20","","NA"
"-79.80","43.30","BURLINGTON PIERS (AUT)","6151061","2024-02-24 08:00","2024","02","24","08:00","","-11.2","","-18.9","","53","","","","34","","25","","","","100.65","","","","-20","","NA"
"-79.80","43.30","BURLINGTON PIERS (AUT)","6151061","2024-02-24 09:00","2024","02","24","09:00","","-10.8","","-19.9","","47","","","","35","","19","","","","100.71","","","","-19","","NA"
"-79.80","43.30","BURLINGTON PIERS (AUT)","6151061","2024-02-24 10:00","2024","02","24","10:00","","-9.7","","-20.2","","42","","","","2","","12","","","","100.73","","","","-16","","NA"
"-79.80","43.30","BURLINGTON PIERS (AUT)","6151061","2024-02-24 11:00","2024","02","24","11:00","","-8.7","","-18.3","","46","","","","6","","12","","","","100.72","","","","-14","","NA"
"-79.80","43.30","BURLINGTON PIERS (AUT)","6151061","2024-02-24 12:00","2024","02","24","12:00","","-7.8","","-15.3","","55","","","","7","","14","","","","100.71","","","","-14","","NA"
"-79.80","43.30","BURLINGTON PIERS (AUT)","6151061","2024-02-24 13:00","2024","02","24","13:00","","-7.2","","-14.3","","57","","","","9","","12","","","","100.69","","","","-13","","NA"
"-79.80","43.30","BURLINGTON PIERS (AUT)","6151061","2024-02-24 14:00","2024","02","24","14:00","","-6.6","","-14.8","","52","","","","11","","16","","","","100.67","","","","-13","","NA"
"-79.80","43.30","BURLINGTON PIERS (AUT)","6151061","2024-02-24 15:00","2024","02","24","15:00","","-5.8","","-14.7","","50","","","","12","","14","","","","100.68","","","","-11","","NA"
"-79.80","43.30","BURLINGTON PIERS (AUT)","6151061","2024-02-24 16:00","2024","02","24","16:00","","-5.1","","-13.7","","51","","","","11","","14","","","","100.67","","","","-10","","NA"
"-79.80","43.30","BURLINGTON PIERS (AUT)","6151061","2024-02-24 17:00","2024","02","24","17:00","","-4.2","","-13.7","","48","","","","11","","12","","","","100.68","","","","-9","","NA"
"-79.80","43.30","BURLINGTON PIERS (AUT)","6151061","2024-02-24 18:00","2024","02","24","18:00","","-3.6","","-14.0","","44","","","","9","","6","","","","100.77","","","","-6","","NA"
"-79.80","43.30","BURLINGTON PIERS (AUT)","6151061","2024-02-24 19:00","2024","02","24","19:00","","-3.2","","-11.6","","52","","","","13","","6","","","","100.78","","","","-6","","NA"
"-79.80","43.30","BURLINGTON PIERS (AUT)","6151061","2024-02-24 20:00","2024","02","24","20:00","","-3.1","","-12.3","","49","","","","25","","5","","","","100.79","","","","-5","","NA"
"-79.80","43.30","BURLINGTON PIERS (AUT)","6151061","2024-02-24 21:00","2024","02","24","21:00","","-3.6","","-10.8","","57","","","","26","","7","","","","100.81","","","","-7","","NA"
"-79.80","43.30","BURLINGTON PIERS (AUT)","6151061","2024-02-24 22:00","2024","02","24","22:00","","-3.3","","-9.5","","62","","","","23","","7","","","","100.80","","","","-6","","NA"
"-79.80","43.30","BURLINGTON PIERS (AUT)","6151061","2024-02-24 23:00","2024","02","24","23:00","","-3.9","","-8.6","","70","","","","20","","10","","","","100.79","","","","-8","","NA"
"-79.80","43.30","BURLINGTON PIERS (AUT)","6151061","2024-02-25 00:00","2024","02","25","00:00","","-3.8","","-7.7","","74","","","","21","","7","","","","100.76","","","","-7","","NA"
"-79.80","43.30","BURLINGTON PIERS (AUT)","6151061","2024-02-25 01:00","2024","02","25","01:00","","-4.1","","-8.2","","73","","","","20","","9","","","","100.77","","","","-8","","NA"
"-79.80","43.30","BURLINGTON PIERS (AUT)","6151061","2024-02-25 02:00","2024","02","25","02:00","","-4.2","","-6.8","","82","","","","24","","9","","","","100.80","","","","-8","","NA"
"-79.80","43.30","BURLINGTON PIERS (AUT)","6151061","2024-02-25 03:00","2024","02","25","03:00","","-3.4","","-5.2","","88","","","","22","","10","","","","100.74","","","","-7","","NA"
"-79.80","43.30","BURLINGTON PIERS (AUT)","6151061","2024-02-25 04:00","2024","02","25","04:00","","-3.2","","-5.4","","85","","","","21","","13","","","","100.66","","","","-8","","NA"
"-79.80","43.30","BURLINGTON PIERS (AUT)","6151061","2024-02-25 05:00","2024","02","25","05:00","","-3.0","","-4.5","","90","","","","22","","9","","","","100.63","","","","-7","","NA"
"-79.80","43.30","BURLINGTON PIERS (AUT)","6151061","2024-02-25 06:00","2024","02","25","06:00","","-2.9","","-3.9","","93","","","","23","","8","","","","100.62","","","","-6","","NA"
"-79.80","43.30","BURLINGTON PIERS (AUT)","6151061","2024-02-25 07:00","2024","02","25","07:00","","-2.1","","-4.2","","86","","","","20","","17","","","","100.58","","","","-7","","NA"
"-79.80","43.30","BURLINGTON PIERS (AUT)","6151061","2024-02-25 08:00","2024","02","25","08:00","","-1.6","","-6.1","","71","","","","20","","21","","","","100.56","","","","-7","","NA"
"-79.80","43.30","BURLINGTON PIERS (AUT)","6151061","2024-02-25 09:00","2024","02","25","09:00","","-0.7","","-6.4","","65","","","","20","","23","","","","100.53","","","","-7","","NA"
"-79.80","43.30","BURLINGTON PIERS (AUT)","6151061","2024-02-25 10:00","2024","02","25","10:00","","0.2","","-5.8","","64","","","","20","","24","","","","100.48","","","","","","NA"
"-79.80","43.30","BURLINGTON PIERS (AUT)","6151061","2024-02-25 11:00","2024","02","25","11:00","","1.2","","-5.6","","60","","","","20","","25","","","","100.38","","","","","","NA"
"-79.80","43.30","BURLINGTON PIERS (AUT)","6151061","2024-02-25 12:00","2024","02","25","12:00","","2.4","","-5.6","","55","","","","20","","27","","","","100.31","","","","","","NA"
"-79.80","43.30","BURLINGTON PIERS (AUT)","6151061","2024-02-25 13:00","2024","02","25","13:00","","3.6","","-5.3","","52","","","","19","","24","","","","100.22","","","","","","NA"
"-79.80","43.30","BURLINGTON PIERS (AUT)","6151061","2024-02-25 14:00","2024","02","25","14:00","","4.5","","-2.4","","61","","","","19","","25","","","","100.06","","","","","","NA"
"-79.80","43.30","BURLINGTON PIERS (AUT)","6151061","2024-02-25 15:00","2024","02","25","15:00","","3.8","","-1.3","","69","","","","19","","25","","","","100.03","","","","","","NA"
"-79.80","43.30","BURLINGTON PIERS (AUT)","6151061","2024-02-25 16:00","2024","02","25","16:00","","4.4","","-2.5","","61","","","","19","","24","","","","99.93","","","","","","NA"
"-79.80","43.30","BURLINGTON PIERS (AUT)","6151061","2024-02-25 17:00","2024","02","25","17:00","","5.3","","-2.3","","58","","","","19","","23","","","","99.81","","","","","","NA"
"-79.80","43.30","BURLINGTON PIERS (AUT)","6151061","2024-02-25 18:00","2024","02","25","18:00","","5.9","","-1.3","","60","","","","19","","23","","","","99.75","","","","","","NA"
"-79.80","43.30","BURLINGTON PIERS (AUT)","6151061","2024-02-25 19:00","2024","02","25","19:00","","6.2","","-0.3","","63","","","","20","","22","","","","99.81","","","","","","NA"
"-79.80","43.30","BURLINGTON PIERS (AUT)","6151061","2024-02-25 20:00","2024","02","25","20:00","","6.3","","0.1","","65","","","","21","","17","","","","99.85","","","","","","NA"
"-79.80","43.30","BURLINGTON PIERS (AUT)","6151061","2024-02-25 21:00","2024","02","25","21:00","","5.9","","0.1","","66","","","","22","","9","","","","99.93","","","","","","NA"
"-79.80","43.30","BURLINGTON PIERS (AUT)","6151061","2024-02-25 22:00","2024","02","25","22:00","","6.0","","1.2","","71","","","","22","","11","","","","99.96","","","","","","NA"
"-79.80","43.30","BURLINGTON PIERS (AUT)","6151061","2024-02-25 23:00","2024","02","25","23:00","","5.9","","1.7","","75","","","","23","","13","","","","99.96","","","","","","NA"
"-79.80","43.30","BURLINGTON PIERS (AUT)","6151061","2024-02-26 00:00","2024","02","26","00:00","","5.6","","0.6","","70","","","","23","","10","","","","99.98","","","","","","NA"
"-79.80","43.30","BURLINGTON PIERS (AUT)","6151061","2024-02-26 01:00","2024","02","26","01:00","","5.0","","-0.9","","65","","","","24","","5","","","","100.02","","","","","","NA"
"-79.80","43.30","BURLINGTON PIERS (AUT)","6151061","2024-02-26 02:00","2024","02","26","02:00","","4.4","","-0.1","","73","","","","","","0","","","","100.04","","","","","","NA"
"-79.80","43.30","BURLINGTON PIERS (AUT)","6151061","2024-02-26 03:00","2024","02","26","03:00","","4.5","","0.1","","73","","","","21","","3","","","","100.06","","","","","","NA"
"-79.80","43.30","BURLINGTON PIERS (AUT)","6151061","2024-02-26 04:00","2024","02","26","04:00","","4.3","","0.0","","74","","","","","","0","","","","100.13","","","","","","NA"
"-79.80","43.30","BURLINGTON PIERS (AUT)","6151061","2024-02-26 05:00","2024","02","26","05:00","","3.4","","-0.1","","78","","","","23","","5","","","","100.18","","","","","","NA"
"-79.80","43.30","BURLINGTON PIERS (AUT)","6151061","2024-02-26 06:00","2024","02","26","06:00","","2.0","","-0.6","","83","","","","27","","7","","","","100.22","","","","","","NA"
"-79.80","43.30","BURLINGTON PIERS (AUT)","6151061","2024-02-26 07:00","2024","02","26","07:00","","2.0","","-0.6","","83","","","","27","","7","","","","100.37","","","","","","NA"
"-79.80","43.30","BURLINGTON PIERS (AUT)","6151061","2024-02-26 08:00","2024","02","26","08:00","","2.0","","0.0","","87","","","","22","","6","","","","100.52","","","","","","NA"
"-79.80","43.30","BURLINGTON PIERS (AUT)","6151061","2024-02-26 09:00","2024","02","26","09:00","","3.4","","-0.4","","76","","","","27","","4","","","","100.58","","","","","","NA"
"-79.80","43.30","BURLINGTON PIERS (AUT)","6151061","2024-02-26 10:00","2024","02","26","10:00","","3.7","","-0.4","","74","","","","11","","6","","","","100.60","","","","","","NA"
"-79.80","43.30","BURLINGTON PIERS (AUT)","6151061","2024-02-26 11:00","2024","02","26","11:00","","3.5","","-0.6","","74","","","","11","","10","","","","100.63","","","","","","NA"
"-79.80","43.30","BURLINGTON PIERS (AUT)","6151061","2024-02-26 12:00","2024","02","26","12:00","","3.4","","-0.2","","77","","","","13","","14","","","","100.58","","","","","","NA"
"-79.80","43.30","BURLINGTON PIERS (AUT)","6151061","2024-02-26 13:00","2024","02","26","13:00","","3.5","","-1.3","","71","","","","8","","12","","","","100.52","","","","","","NA"
"-79.80","43.30","BURLINGTON PIERS (AUT)","6151061","2024-02-26 14:00","2024","02","26","14:00","","3.6","","-1.2","","71","","","","6","","14","","","","100.49","","","","","","NA"
"-79.80","43.30","BURLINGTON PIERS (AUT)","6151061","2024-02-26 15:00","2024","02","26","15:00","","3.6","","0.7","","81","","","","7","","11","","","","100.44","","","","","","NA"
"-79.80","43.30","BURLINGTON PIERS (AUT)","6151061","2024-02-26 16:00","2024","02","26","16:00","","3.7","","1.4","","85","","","","9","","7","","","","100.40","","","","","","NA"
"-79.80","43.30","BURLINGTON PIERS (AUT)","6151061","2024-02-26 17:00","2024","02","26","17:00","","3.6","","2.6","","93","","","","8","","4","","","","100.34","","","","","","NA"
"-79.80","43.30","BURLINGTON PIERS (AUT)","6151061","2024-02-26 18:00","2024","02","26","18:00","","3.2","","0.0","","79","","","","7","","4","","","","100.29","","","","","","NA"
"-79.80","43.30","BURLINGTON PIERS (AUT)","6151061","2024-02-26 19:00","2024","02","26","19:00","","3.4","","2.0","","91","","","","3","","7","","","","100.25","","","","","","NA"
"-79.80","43.30","BURLINGTON PIERS (AUT)","6151061","2024-02-26 20:00","2024","02","26","20:00","","3.6","","-0.6","","74","","","","1","","10","","","","100.21","","","","","","NA"
"-79.80","43.30","BURLINGTON PIERS (AUT)","6151061","2024-02-26 21:00","2024","02","26","21:00","","4.2","","-1.3","","67","","","","1","","15","","","","100.14","","","","","","NA"
"-79.80","43.30","BURLINGTON PIERS (AUT)","6151061","2024-02-26 22:00","2024","02","26","22:00","","4.2","","-1.2","","68","","","","2","","16","","","","100.07","","","","","","NA"
"-79.80","43.30","BURLINGTON PIERS (AUT)","6151061","2024-02-26 23:00","2024","02","26","23:00","","3.7","","-2.3","","65","","","","36","","12","","","","100.02","","","","","","NA"
"-79.80","43.30","BURLINGTON PIERS (AUT)","6151061","2024-02-27 00:00","2024","02","27","00:00","","3.5","","-1.9","","67","","","","35","","9","","","","99.95","","","","","","NA"
"-79.80","43.30","BURLINGTON PIERS (AUT)","6151061","2024-02-27 01:00","2024","02","27","01:00","","2.9","","-2.1","","69","","","","33","","8","","","","99.89","","","","","","NA"
"-79.80","43.30","BURLINGTON PIERS (AUT)","6151061","2024-02-27 02:00","2024","02","27","02:00","","2.8","","0.2","","83","","","","33","","6","","","","99.86","","","","","","NA"
"-79.80","43.30","BURLINGTON PIERS (AUT)","6151061","2024-02-27 03:00","2024","02","27","03:00","","2.3","","0.9","","91","","","","","","0","","","","99.77","","","","","","NA"
"-79.80","43.30","BURLINGTON PIERS (AUT)","6151061","2024-02-27 04:00","2024","02","27","04:00","","2.6","","1.9","","95","","","","33","","8","","","","99.71","","","","","","NA"
"-79.80","43.30","BURLINGTON PIERS (AUT)","6151061","2024-02-27 05:00","2024","02","27","05:00","","2.6","","2.2","","97","","","","36","","8","","","","99.66","","","","","","NA"
"-79.80","43.30","BURLINGTON PIERS (AUT)","6151061","2024-02-27 06:00","2024","02","27","06:00","","2.0","","1.6","","97","","","","28","","3","","","","99.60","","","","","","NA"
"-79.80","43.30","BURLINGTON PIERS (AUT)","6151061","2024-02-27 07:00","2024","02","27","07:00","","2.2","","1.2","","93","","","","30","","3","","","","99.53","","","","","","NA"
"-79.80","43.30","BURLINGTON PIERS (AUT)","6151061","2024-02-27 08:00","2024","02","27","08:00","","2.5","","1.9","","96","","","","","","0","","","","99.48","","","","","","NA"
"-79.80","43.30","BURLINGTON PIERS (AUT)","6151061","2024-02-27 09:00","2024","02","27","09:00","","3.5","","0.8","","82","","","","","","0","","","","99.46","","","","","","NA"
"-79.80","43.30","BURLINGTON PIERS (AUT)","6151061","2024-02-27 10:00","2024","02","27","10:00","","4.1","","1.4","","83","","","","","","0","","","","99.44","","","","","","NA"
"-79.80","43.30","BURLINGTON PIERS (AUT)","6151061","2024-02-27 11:00","2024","02","27","11:00","","4.1","","3.2","","94","","","","1","","4","","","","99.37","","","","","","NA"
"-79.80","43.30","BURLINGTON PIERS (AUT)","6151061","2024-02-27 12:00","2024","02","27","12:00","","4.0","","4.0","","100","","","","31","","3","","","","99.30","","","","","","NA"
"-79.80","43.30","BURLINGTON PIERS (AUT)","6151061","2024-02-27 13:00","2024","02","27","13:00","","8.0","","6.8","","92","","","","28","","7","","","","99.36","","","","","","NA"
"-79.80","43.30","BURLINGTON PIERS (AUT)","6151061","2024-02-27 14:00","2024","02","27","14:00","","10.6","","8.3","","86","","","","8","","6","","","","99.26","","","","","","NA"
"-79.80","43.30","BURLINGTON PIERS (AUT)","6151061","2024-02-27 15:00","2024","02","27","15:00","","11.3","","9.6","","89","","","","9","","8","","","","99.20","","","","","","NA"
"-79.80","43.30","BURLINGTON PIERS (AUT)","6151061","2024-02-27 16:00","2024","02","27","16:00","","11.8","","9.1","","83","","","","16","","19","","","","99.11","","","","","","NA"
"-79.80","43.30","BURLINGTON PIERS (AUT)","6151061","2024-02-27 17:00","2024","02","27","17:00","","12.1","","8.6","","79","","","","20","","7","","","","99.10","","","","","","NA"
"-79.80","43.30","BURLINGTON PIERS (AUT)","6151061","2024-02-27 18:00","2024","02","27","18:00","","11.2","","9.1","","87","","","","12","","9","","","","99.10","","","","","","NA"
"-79.80","43.30","BURLINGTON PIERS (AUT)","6151061","2024-02-27 19:00","2024","02","27","19:00","","5.6","","4.7","","94","","","","36","","6","","","","99.09","","","","","","NA"
"-79.80","43.30","BURLINGTON PIERS (AUT)","6151061","2024-02-27 20:00","2024","02","27","20:00","","5.5","","5.0","","97","","","","33","","5","","","","99.06","","","","","","NA"
"-79.80","43.30","BURLINGTON PIERS (AUT)","6151061","2024-02-27 21:00","2024","02","27","21:00","","7.3","","7.2","","100","","","","1","","7","","","","99.01","","","","","","NA"
"-79.80","43.30","BURLINGTON PIERS (AUT)","6151061","2024-02-27 22:00","2024","02","27","22:00","","11.7","","8.2","","79","","","","17","","23","","","","98.95","","","","","","NA"
"-79.80","43.30","BURLINGTON PIERS (AUT)","6151061","2024-02-27 23:00","2024","02","27","23:00","","12.1","","8.4","","78","","","","17","","23","","","","98.87","","","","","","NA"
"-79.80","43.30","BURLINGTON PIERS (AUT)","6151061","2024-02-28 00:00","2024","02","28","00:00","","11.8","","8.7","","82","","","","18","","11","","","","98.79","","","","","","NA"
"-79.80","43.30","BURLINGTON PIERS (AUT)","6151061","2024-02-28 01:00","2024","02","28","01:00","","11.5","","9.0","","85","","","","","","0","","","","98.68","","","","","","NA"
"-79.80","43.30","BURLINGTON PIERS (AUT)","6151061","2024-02-28 02:00","2024","02","28","02:00","","13.2","","11.2","","88","","","","17","","22","","","","98.58","","","","","","NA"
"-79.80","43.30","BURLINGTON PIERS (AUT)","6151061","2024-02-28 03:00","2024","02","28","03:00","","13.3","","9.3","","77","","","","16","","27","","","","98.48","","","","","","NA"
"-79.80","43.30","BURLINGTON PIERS (AUT)","6151061","2024-02-28 04:00","2024","02","28","04:00","","10.4","","9.7","","95","","","","13","","20","","","","98.43","","","","","","NA"
"-79.80","43.30","BURLINGTON PIERS (AUT)","6151061","2024-02-28 05:00","2024","02","28","05:00","","12.5","","11.7","","95","","","","17","","16","","","","98.37","","","","","","NA"
"-79.80","43.30","BURLINGTON PIERS (AUT)","6151061","2024-02-28 06:00","2024","02","28","06:00","","11.7","","10.6","","93","","","","21","","6","","","","98.21","","","","","","NA"
"-79.80","43.30","BURLINGTON PIERS (AUT)","6151061","2024-02-28 07:00","2024","02","28","07:00","","12.0","","10.7","","92","","","","20","","5","","","","98.12","","","","","","NA"
"-79.80","43.30","BURLINGTON PIERS (AUT)","6151061","2024-02-28 08:00","2024","02","28","08:00","","13.3","","11.5","","89","","","","19","","18","","","","98.08","","","","","","NA"
"-79.80","43.30","BURLINGTON PIERS (AUT)","6151061","2024-02-28 09:00","2024","02","28","09:00","","14.0","","11.5","","85","","","","20","","21","","","","97.99","","","","","","NA"
"-79.80","43.30","BURLINGTON PIERS (AUT)","6151061","2024-02-28 10:00","2024","02","28","10:00","","14.6","","11.0","","79","","","","20","","32","","","","98.02","","","","","","NA"
"-79.80","43.30","BURLINGTON PIERS (AUT)","6151061","2024-02-28 11:00","2024","02","28","11:00","","15.4","","11.7","","78","","","","19","","30","","","","97.95","","","","","","NA"
"-79.80","43.30","BURLINGTON PIERS (AUT)","6151061","2024-02-28 12:00","2024","02","28","12:00","","10.8","","7.1","","78","","","","24","","27","","","","98.18","","","","","","NA"
"-79.80","43.30","BURLINGTON PIERS (AUT)","6151061","2024-02-28 13:00","2024","02","28","13:00","","4.0","","1.5","","84","","","","26","","23","","","","98.47","","","","","","NA"
"-79.80","43.30","BURLINGTON PIERS (AUT)","6151061","2024-02-28 14:00","2024","02","28","14:00","","2.3","","-0.6","","81","","","","26","","28","","","","98.75","","","","","","NA"
"-79.80","43.30","BURLINGTON PIERS (AUT)","6151061","2024-02-28 15:00","2024","02","28","15:00","","-0.2","","-4.2","","74","","","","25","","30","","","","99.07","","","","-7","","NA"
"-79.80","43.30","BURLINGTON PIERS (AUT)","6151061","2024-02-28 16:00","2024","02","28","16:00","","-0.9","","-5.1","","73","","","","25","","31","","","","99.38","","","","-8","","NA"
"-79.80","43.30","BURLINGTON PIERS (AUT)","6151061","2024-02-28 17:00","2024","02","28","17:00","","-1.5","","-4.8","","78","","","","26","","29","","","","99.65","","","","-8","","NA"
"-79.80","43.30","BURLINGTON PIERS (AUT)","6151061","2024-02-28 18:00","2024","02","28","18:00","","-2.9","","-4.6","","88","","","","27","","31","","","","100.02","","","","-10","","NA"
"-79.80","43.30","BURLINGTON PIERS (AUT)","6151061","2024-02-28 19:00","2024","02","28","19:00","","-3.2","","-9.9","","60","","","","27","","22","","","","100.36","","","","-10","","NA"
"-79.80","43.30","BURLINGTON PIERS (AUT)","6151061","2024-02-28 20:00","2024","02","28","20:00","","-3.3","","-7.8","","71","","","","26","","24","","","","100.51","","","","-10","","NA"
"-79.80","43.30","BURLINGTON PIERS (AUT)","6151061","2024-02-28 21:00","2024","02","28","21:00","","-3.6","","-6.7","","79","","","","27","","20","","","","100.70","","","","-10","","NA"
"-79.80","43.30","BURLINGTON PIERS (AUT)","6151061","2024-02-28 22:00","2024","02","28","22:00","","-3.7","","-7.2","","77","","","","27","","21","","","","100.87","","","","-10","","NA"
"-79.80","43.30","BURLINGTON PIERS (AUT)","6151061","2024-02-28 23:00","2024","02","28","23:00","","-4.3","","-5.3","","92","","","","26","","18","","","","100.96","","","","-10","","NA"
"-79.80","43.30","BURLINGTON PIERS (AUT)","6151061","2024-02-29 00:00","2024","02","29","00:00","","-4.6","","-5.9","","91","","","","27","","19","","","","101.03","","","","-11","","NA"
"-79.80","43.30","BURLINGTON PIERS (AUT)","6151061","2024-02-29 01:00","2024","02","29","01:00","","-4.3","","-6.7","","83","","","","27","","16","","","","101.14","","","","-10","","NA"
"-79.80","43.30","BURLINGTON PIERS (AUT)","6151061","2024-02-29 02:00","2024","02","29","02:00","","-4.3","","-8.1","","75","","","","28","","13","","","","101.19","","","","-9","","NA"
"-79.80","43.30","BURLINGTON PIERS (AUT)","6151061","2024-02-29 03:00","2024","02","29","03:00","","-4.4","","-7.7","","78","","","","28","","16","","","","101.21","","","","-10","","NA"
"-79.80","43.30","BURLINGTON PIERS (AUT)","6151061","2024-02-29 04:00","2024","02","29","04:00","","-5.1","","","M","","M","","","26","","11","","","","101.28","","","","-10","","NA"
"-79.80","43.30","BURLINGTON PIERS (AUT)","6151061","2024-02-29 05:00","2024","02","29","05:00","","-5.2","","-5.9","","95","","","","28","","15","","","","101.36","","","","-11","","NA"
"-79.80","43.30","BURLINGTON PIERS (AUT)","6151061","2024-02-29 06:00","2024","02","29","06:00","","-5.5","","-7.8","","84","","","","27","","13","","","","101.49","","","","-11","","NA"
"-79.80","43.30","BURLINGTON PIERS (AUT)","6151061","2024-02-29 07:00","2024","02","29","07:00","","-6.1","","-8.0","","87","","","","25","","12","","","","101.62","","","","-11","","NA"
"-79.80","43.30","BURLINGTON PIERS (AUT)","6151061","2024-02-29 08:00","2024","02","29","08:00","","-5.5","","-9.3","","75","","","","25","","14","","","","101.74","","","","-11","","NA"
"-79.80","43.30","BURLINGTON PIERS (AUT)","6151061","2024-02-29 09:00","2024","02","29","09:00","","-4.8","","-10.5","","65","","","","25","","17","","","","101.82","","","","-11","","NA"
"-79.80","43.30","BURLINGTON PIERS (AUT)","6151061","2024-02-29 10:00","2024","02","29","10:00","","-4.6","","-11.2","","60","","","","26","","19","","","","101.87","","","","-11","","NA"
"-79.80","43.30","BURLINGTON PIERS (AUT)","6151061","2024-02-29 11:00","2024","02","29","11:00","","-4.3","","-10.1","","64","","","","25","","17","","","","101.93","","","","-10","","NA"
"-79.80","43.30","BURLINGTON PIERS (AUT)","6151061","2024-02-29 12:00","2024","02","29","12:00","","-4.1","","-8.6","","71","","","","26","","15","","","","101.98","","","","-9","","NA"
"-79.80","43.30","BURLINGTON PIERS (AUT)","6151061","2024-02-29 13:00","2024","02","29","13:00","","-4.4","","-7.1","","81","","","","28","","20","","","","101.98","","","","-11","","NA"
"-79.80","43.30","BURLINGTON PIERS (AUT)","6151061","2024-02-29 14:00","2024","02","29","14:00","","-3.5","","-6.5","","80","","","","28","","16","","","","101.98","","","","-9","","NA"
"-79.80","43.30","BURLINGTON PIERS (AUT)","6151061","2024-02-29 15:00","2024","02","29","15:00","","-2.7","","-9.1","","61","","","","25","","20","","","","101.98","","","","-9","","NA"
"-79.80","43.30","BURLINGTON PIERS (AUT)","6151061","2024-02-29 16:00","2024","02","29","16:00","","-2.8","","-10.9","","54","","","","26","","17","","","","102.02","","","","-8","","NA"
"-79.80","43.30","BURLINGTON PIERS (AUT)","6151061","2024-02-29 17:00","2024","02","29","17:00","","-2.8","","-11.1","","53","","","","27","","17","","","","102.07","","","","-8","","NA"
"-79.80","43.30","BURLINGTON PIERS (AUT)","6151061","2024-02-29 18:00","2024","02","29","18:00","","-3.1","","-8.1","","68","","","","28","","14","","","","102.08","","","","-8","","NA"
"-79.80","43.30","BURLINGTON PIERS (AUT)","6151061","2024-02-29 19:00","2024","02","29","19:00","","-3.2","","-9.0","","65","","","","25","","9","","","","102.07","","","","-7","","NA"
"-79.80","43.30","BURLINGTON PIERS (AUT)","6151061","2024-02-29 20:00","2024","02","29","20:00","","-3.1","","-8.1","","69","","","","25","","9","","","","102.06","","","","-7","","NA"
"-79.80","43.30","BURLINGTON PIERS (AUT)","6151061","2024-02-29 21:00","2024","02","29","21:00","","-3.0","","-7.5","","71","","","","21","","7","","","","102.05","","","","-6","","NA"
"-79.80","43.30","BURLINGTON PIERS (AUT)","6151061","2024-02-29 22:00","2024","02","29","22:00","","-2.7","","-6.3","","76","","","","23","","6","","","","101.99","","","","-5","","NA"
"-79.80","43.30","BURLINGTON PIERS (AUT)","6151061","2024-02-29 23:00","2024","02","29","23:00","","-3.1","","-5.8","","81","","","","27","","5","","","","102.00","","","","-5","","NA"
