"Longitude (x)","Latitude (y)","Station Name","Climate ID","Date/Time (LST)","Year","Month","Day","Time (LST)","Flag","Temp (°C)","Temp Flag","Dew Point Temp (°C)","Dew Point Temp Flag","Rel Hum (%)","Rel Hum Flag","Precip. Amount (mm)","Precip. Amount Flag","Wind Dir (10s deg)","Wind Dir Flag","Wind Spd (km/h)","Wind Spd Flag","Visibility (km)","Visibility Flag","Stn Press (kPa)","Stn Press Flag","Hmdx","Hmdx Flag","Wind Chill","Wind Chill Flag","Weather"
"-79.80","43.30","BURLINGTON PIERS (AUT)","6151061","2024-04-01 00:00","2024","04","01","00:00","","5.1","","","M","","M","","","","","0","","","","100.47","","","","","","NA"
"-79.80","43.30","BURLINGTON PIERS (AUT)","6151061","2024-04-01 01:00","2024","04","01","01:00","","4.5","","2.8","","88","","","","35","","14","","","","100.48","","","","","","NA"
"-79.80","43.30","BURLINGTON PIERS (AUT)","6151061","2024-04-01 02:00","2024","04","01","02:00","","4.4","","-0.7","","70","","","","36","","10","","","","100.40","","","","","","NA"
"-79.80","43.30","BURLINGTON PIERS (AUT)","6151061","2024-04-01 03:00","2024","04","01","03:00","","4.2","","-0.4","","72","","","","34","","8","","","","100.47","","","","","","NA"
"-79.80","43.30","BURLINGTON PIERS (AUT)","6151061","2024-04-01 04:00","2024","04","01","04:00","","3.7","","1.2","","84","","","","35","","10","","","","100.51","","","","","","NA"
"-79.80","43.30","BURLINGTON PIERS (AUT)","6151061","2024-04-01 05:00","2024","04","01","05:00","","3.4","","0.4","","81","","","","35","","15","","","","100.52","","","","","","NA"
"-79.80","43.30","BURLINGTON PIERS (AUT)","6151061","2024-04-01 06:00","2024","04","01","06:00","","3.1","","1.0","","86","","","","36","","15","","","","100.52","","","","","","NA"
"-79.80","43.30","BURLINGTON PIERS (AUT)","6151061","2024-04-01 07:00","2024","04","01","07:00","","3.0","","0.8","","86","","","","35","","15","","","","100.60","","","","","","NA"
"-79.80","43.30","BURLINGTON PIERS (AUT)","6151061","2024-04-01 08:00","2024","04","01","08:00","","3.4","","1.6","","88","","","","35","","18","","","","100.62","","","","","","NA"
"-79.80","43.30","BURLINGTON PIERS (AUT)","6151061","2024-04-01 09:00","2024","04","01","09:00","","4.3","","1.3","","81","","","","2","","16","","","","100.63","","","","","","NA"
"-79.80","43.30","BURLINGTON PIERS (AUT)","6151061","2024-04-01 10:00","2024","04","01","10:00","","3.9","","-0.2","","75","","","","7","","16","","","","100.59","","","","","","NA"
"-79.80","43.30","BURLINGTON PIERS (AUT)","6151061","2024-04-01 11:00","2024","04","01","11:00","","4.0","","0.8","","80","","","","9","","16","","","","100.60","","","","","","NA"
"-79.80","43.30","BURLINGTON PIERS (AUT)","6151061","2024-04-01 12:00","2024","04","01","12:00","","4.0","","1.7","","85","","","","11","","15","","","","100.62","","","","","","NA"
"-79.80","43.30","BURLINGTON PIERS (AUT)","6151061","2024-04-01 13:00","2024","04","01","13:00","","4.3","","3.1","","92","","","","12","","14","","","","100.59","","","","","","NA"
"-79.80","43.30","BURLINGTON PIERS (AUT)","6151061","2024-04-01 14:00","2024","04","01","14:00","","4.6","","3.2","","91","","","","11","","14","","","","100.54","","","","","","NA"
"-79.80","43.30","BURLINGTON PIERS (AUT)","6151061","2024-04-01 15:00","2024","04","01","15:00","","5.0","","3.0","","87","","","","9","","11","","","","100.52","","","","","","NA"
"-79.80","43.30","BURLINGTON PIERS (AUT)","6151061","2024-04-01 16:00","2024","04","01","16:00","","5.7","","3.1","","83","","","","4","","5","","","","100.55","","","","","","NA"
"-79.80","43.30","BURLINGTON PIERS (AUT)","6151061","2024-04-01 17:00","2024","04","01","17:00","","5.8","","2.6","","80","","","","35","","8","","","","100.59","","","","","","NA"
"-79.80","43.30","BURLINGTON PIERS (AUT)","6151061","2024-04-01 18:00","2024","04","01","18:00","","6.2","","1.4","","71","","","","3","","4","","","","100.58","","","","","","NA"
"-79.80","43.30","BURLINGTON PIERS (AUT)","6151061","2024-04-01 19:00","2024","04","01","19:00","","6.7","","1.2","","68","","","","1","","9","","","","100.63","","","","","","NA"
"-79.80","43.30","BURLINGTON PIERS (AUT)","6151061","2024-04-01 20:00","2024","04","01","20:00","","7.1","","1.4","","67","","","","3","","8","","","","100.62","","","","","","NA"
"-79.80","43.30","BURLINGTON PIERS (AUT)","6151061","2024-04-01 21:00","2024","04","01","21:00","","6.0","","2.5","","78","","","","3","","15","","","","100.49","","","","","","NA"
"-79.80","43.30","BURLINGTON PIERS (AUT)","6151061","2024-04-01 22:00","2024","04","01","22:00","","6.2","","3.9","","85","","","","3","","22","","","","100.42","","","","","","NA"
"-79.80","43.30","BURLINGTON PIERS (AUT)","6151061","2024-04-01 23:00","2024","04","01","23:00","","7.8","","3.3","","73","","","","36","","7","","","","100.54","","","","","","NA"
"-79.80","43.30","BURLINGTON PIERS (AUT)","6151061","2024-04-02 00:00","2024","04","02","00:00","","6.0","","4.2","","89","","","","9","","14","","","","100.49","","","","","","NA"
"-79.80","43.30","BURLINGTON PIERS (AUT)","6151061","2024-04-02 01:00","2024","04","02","01:00","","5.2","","5.0","","98","","","","4","","28","","","","100.45","","","","","","NA"
"-79.80","43.30","BURLINGTON PIERS (AUT)","6151061","2024-04-02 02:00","2024","04","02","02:00","","4.6","","","M","","M","","","3","","21","","","","100.45","","","","","","NA"
"-79.80","43.30","BURLINGTON PIERS (AUT)","6151061","2024-04-02 03:00","2024","04","02","03:00","","5.2","","4.6","","96","","","","4","","29","","","","100.42","","","","","","NA"
"-79.80","43.30","BURLINGTON PIERS (AUT)","6151061","2024-04-02 04:00","2024","04","02","04:00","","4.9","","4.9","","100","","","","4","","28","","","","100.36","","","","","","NA"
"-79.80","43.30","BURLINGTON PIERS (AUT)","6151061","2024-04-02 05:00","2024","04","02","05:00","","4.8","","","M","","M","","","4","","31","","","","100.27","","","","","","NA"
"-79.80","43.30","BURLINGTON PIERS (AUT)","6151061","2024-04-02 06:00","2024","04","02","06:00","","4.9","","4.7","","99","","","","5","","35","","","","100.22","","","","","","NA"
"-79.80","43.30","BURLINGTON PIERS (AUT)","6151061","2024-04-02 07:00","2024","04","02","07:00","","4.8","","4.2","","96","","","","4","","38","","","","100.22","","","","","","NA"
"-79.80","43.30","BURLINGTON PIERS (AUT)","6151061","2024-04-02 08:00","2024","04","02","08:00","","4.5","","4.1","","97","","","","4","","44","","","","100.06","","","","","","NA"
"-79.80","43.30","BURLINGTON PIERS (AUT)","6151061","2024-04-02 09:00","2024","04","02","09:00","","4.2","","1.3","","81","","","","5","","39","","","","100.06","","","","","","NA"
"-79.80","43.30","BURLINGTON PIERS (AUT)","6151061","2024-04-02 10:00","2024","04","02","10:00","","3.9","","1.5","","84","","","","5","","41","","","","99.99","","","","","","NA"
"-79.80","43.30","BURLINGTON PIERS (AUT)","6151061","2024-04-02 11:00","2024","04","02","11:00","","3.8","","1.4","","84","","","","5","","41","","","","100.00","","","","","","NA"
"-79.80","43.30","BURLINGTON PIERS (AUT)","6151061","2024-04-02 12:00","2024","04","02","12:00","","3.3","","2.9","","97","","","","5","","45","","","","99.85","","","","","","NA"
"-79.80","43.30","BURLINGTON PIERS (AUT)","6151061","2024-04-02 13:00","2024","04","02","13:00","","3.7","","3.7","","100","","","","6","","43","","","","99.74","","","","","","NA"
"-79.80","43.30","BURLINGTON PIERS (AUT)","6151061","2024-04-02 14:00","2024","04","02","14:00","","4.1","","3.8","","98","","","","6","","47","","","","99.62","","","","","","NA"
"-79.80","43.30","BURLINGTON PIERS (AUT)","6151061","2024-04-02 15:00","2024","04","02","15:00","","4.7","","3.9","","94","","","","6","","44","","","","99.62","","","","","","NA"
"-79.80","43.30","BURLINGTON PIERS (AUT)","6151061","2024-04-02 16:00","2024","04","02","16:00","","5.0","","4.3","","95","","","","5","","40","","","","99.59","","","","","","NA"
"-79.80","43.30","BURLINGTON PIERS (AUT)","6151061","2024-04-02 17:00","2024","04","02","17:00","","4.8","","","M","","M","","","6","","37","","","","99.53","","","","","","NA"
"-79.80","43.30","BURLINGTON PIERS (AUT)","6151061","2024-04-02 18:00","2024","04","02","18:00","","4.7","","","M","","M","","","5","","40","","","","99.34","","","","","","NA"
"-79.80","43.30","BURLINGTON PIERS (AUT)","6151061","2024-04-02 19:00","2024","04","02","19:00","","5.6","","","M","","M","","","5","","35","","","","99.36","","","","","","NA"
"-79.80","43.30","BURLINGTON PIERS (AUT)","6151061","2024-04-02 20:00","2024","04","02","20:00","","5.5","","5.3","","99","","","","6","","42","","","","99.29","","","","","","NA"
"-79.80","43.30","BURLINGTON PIERS (AUT)","6151061","2024-04-02 21:00","2024","04","02","21:00","","5.1","","5.1","","100","","","","5","","39","","","","99.22","","","","","","NA"
"-79.80","43.30","BURLINGTON PIERS (AUT)","6151061","2024-04-02 22:00","2024","04","02","22:00","","5.0","","4.9","","99","","","","4","","39","","","","99.05","","","","","","NA"
"-79.80","43.30","BURLINGTON PIERS (AUT)","6151061","2024-04-02 23:00","2024","04","02","23:00","","5.0","","4.7","","99","","","","3","","42","","","","98.91","","","","","","NA"
"-79.80","43.30","BURLINGTON PIERS (AUT)","6151061","2024-04-03 00:00","2024","04","03","00:00","","4.9","","4.9","","100","","","","3","","39","","","","98.86","","","","","","NA"
"-79.80","43.30","BURLINGTON PIERS (AUT)","6151061","2024-04-03 01:00","2024","04","03","01:00","","4.9","","4.6","","98","","","","3","","40","","","","98.71","","","","","","NA"
"-79.80","43.30","BURLINGTON PIERS (AUT)","6151061","2024-04-03 02:00","2024","04","03","02:00","","5.0","","4.8","","99","","","","4","","36","","","","98.67","","","","","","NA"
"-79.80","43.30","BURLINGTON PIERS (AUT)","6151061","2024-04-03 03:00","2024","04","03","03:00","","5.0","","4.7","","98","","","","4","","32","","","","98.60","","","","","","NA"
"-79.80","43.30","BURLINGTON PIERS (AUT)","6151061","2024-04-03 04:00","2024","04","03","04:00","","4.9","","4.9","","100","","","","5","","33","","","","98.54","","","","","","NA"
"-79.80","43.30","BURLINGTON PIERS (AUT)","6151061","2024-04-03 05:00","2024","04","03","05:00","","5.1","","5.1","","100","","","","4","","27","","","","98.59","","","","","","NA"
"-79.80","43.30","BURLINGTON PIERS (AUT)","6151061","2024-04-03 06:00","2024","04","03","06:00","","5.0","","5.0","","100","","","","5","","25","","","","98.53","","","","","","NA"
"-79.80","43.30","BURLINGTON PIERS (AUT)","6151061","2024-04-03 07:00","2024","04","03","07:00","","4.9","","4.9","","100","","","","5","","24","","","","98.59","","","","","","NA"
"-79.80","43.30","BURLINGTON PIERS (AUT)","6151061","2024-04-03 08:00","2024","04","03","08:00","","5.0","","5.0","","100","","","","5","","8","","","","98.59","","","","","","NA"
"-79.80","43.30","BURLINGTON PIERS (AUT)","6151061","2024-04-03 09:00","2024","04","03","09:00","","5.6","","","M","","M","","","34","","8","","","","98.58","","","","","","NA"
"-79.80","43.30","BURLINGTON PIERS (AUT)","6151061","2024-04-03 10:00","2024","04","03","10:00","","6.3","","6.2","","99","","","","1","","5","","","","98.52","","","","","","NA"
"-79.80","43.30","BURLINGTON PIERS (AUT)","6151061","2024-04-03 11:00","2024","04","03","11:00","","5.8","","5.7","","99","","","","7","","6","","","","98.56","","","","","","NA"
"-79.80","43.30","BURLINGTON PIERS (AUT)","6151061","2024-04-03 12:00","2024","04","03","12:00","","5.3","","5.3","","100","","","","3","","6","","","","98.61","","","","","","NA"
"-79.80","43.30","BURLINGTON PIERS (AUT)","6151061","2024-04-03 13:00","2024","04","03","13:00","","6.1","","6.0","","100","","","","","","0","","","","98.58","","","","","","NA"
"-79.80","43.30","BURLINGTON PIERS (AUT)","6151061","2024-04-03 14:00","2024","04","03","14:00","","6.2","","6.1","","100","","","","22","","8","","","","98.56","","","","","","NA"
"-79.80","43.30","BURLINGTON PIERS (AUT)","6151061","2024-04-03 15:00","2024","04","03","15:00","","6.2","","","M","","M","","","24","","8","","","","98.54","","","","","","NA"
"-79.80","43.30","BURLINGTON PIERS (AUT)","6151061","2024-04-03 16:00","2024","04","03","16:00","","5.7","","5.7","","100","","","","24","","7","","","","98.60","","","","","","NA"
"-79.80","43.30","BURLINGTON PIERS (AUT)","6151061","2024-04-03 17:00","2024","04","03","17:00","","5.0","","5.0","","100","","","","25","","9","","","","98.60","","","","","","NA"
"-79.80","43.30","BURLINGTON PIERS (AUT)","6151061","2024-04-03 18:00","2024","04","03","18:00","","4.9","","4.9","","100","","","","24","","12","","","","98.63","","","","","","NA"
"-79.80","43.30","BURLINGTON PIERS (AUT)","6151061","2024-04-03 19:00","2024","04","03","19:00","","5.1","","4.7","","98","","","","31","","14","","","","98.61","","","","","","NA"
"-79.80","43.30","BURLINGTON PIERS (AUT)","6151061","2024-04-03 20:00","2024","04","03","20:00","","4.6","","4.0","","96","","","","32","","19","","","","98.60","","","","","","NA"
"-79.80","43.30","BURLINGTON PIERS (AUT)","6151061","2024-04-03 21:00","2024","04","03","21:00","","3.9","","2.7","","92","","","","33","","20","","","","98.54","","","","","","NA"
"-79.80","43.30","BURLINGTON PIERS (AUT)","6151061","2024-04-03 22:00","2024","04","03","22:00","","3.4","","2.4","","93","","","","29","","9","","","","98.57","","","","","","NA"
"-79.80","43.30","BURLINGTON PIERS (AUT)","6151061","2024-04-03 23:00","2024","04","03","23:00","","3.1","","1.9","","92","","","","29","","16","","","","98.50","","","","","","NA"
"-79.80","43.30","BURLINGTON PIERS (AUT)","6151061","2024-04-04 00:00","2024","04","04","00:00","","3.4","","2.5","","93","","","","27","","7","","","","98.60","","","","","","NA"
"-79.80","43.30","BURLINGTON PIERS (AUT)","6151061","2024-04-04 01:00","2024","04","04","01:00","","3.3","","2.7","","95","","","","30","","12","","","","98.54","","","","","","NA"
"-79.80","43.30","BURLINGTON PIERS (AUT)","6151061","2024-04-04 02:00","2024","04","04","02:00","","3.1","","2.3","","95","","","","29","","10","","","","98.53","","","","","","NA"
"-79.80","43.30","BURLINGTON PIERS (AUT)","6151061","2024-04-04 03:00","2024","04","04","03:00","","2.8","","1.0","","88","","","","30","","8","","","","98.53","","","","","","NA"
"-79.80","43.30","BURLINGTON PIERS (AUT)","6151061","2024-04-04 04:00","2024","04","04","04:00","","2.7","","0.6","","86","","","","32","","3","","","","98.55","","","","","","NA"
"-79.80","43.30","BURLINGTON PIERS (AUT)","6151061","2024-04-04 05:00","2024","04","04","05:00","","2.5","","0.8","","88","","","","36","","11","","","","98.58","","","","","","NA"
"-79.80","43.30","BURLINGTON PIERS (AUT)","6151061","2024-04-04 06:00","2024","04","04","06:00","","2.4","","1.1","","91","","","","36","","9","","","","98.60","","","","","","NA"
"-79.80","43.30","BURLINGTON PIERS (AUT)","6151061","2024-04-04 07:00","2024","04","04","07:00","","2.5","","1.0","","89","","","","1","","5","","","","98.65","","","","","","NA"
"-79.80","43.30","BURLINGTON PIERS (AUT)","6151061","2024-04-04 08:00","2024","04","04","08:00","","2.0","","0.9","","92","","","","2","","7","","","","98.69","","","","","","NA"
"-79.80","43.30","BURLINGTON PIERS (AUT)","6151061","2024-04-04 09:00","2024","04","04","09:00","","2.4","","1.2","","92","","","","6","","6","","","","98.74","","","","","","NA"
"-79.80","43.30","BURLINGTON PIERS (AUT)","6151061","2024-04-04 10:00","2024","04","04","10:00","","2.6","","1.2","","90","","","","6","","6","","","","98.81","","","","","","NA"
"-79.80","43.30","BURLINGTON PIERS (AUT)","6151061","2024-04-04 11:00","2024","04","04","11:00","","3.3","","1.7","","90","","","","2","","13","","","","98.89","","","","","","NA"
"-79.80","43.30","BURLINGTON PIERS (AUT)","6151061","2024-04-04 12:00","2024","04","04","12:00","","3.2","","2.1","","92","","","","5","","34","","","","98.98","","","","","","NA"
"-79.80","43.30","BURLINGTON PIERS (AUT)","6151061","2024-04-04 13:00","2024","04","04","13:00","","3.2","","1.6","","89","","","","5","","34","","","","99.05","","","","","","NA"
"-79.80","43.30","BURLINGTON PIERS (AUT)","6151061","2024-04-04 14:00","2024","04","04","14:00","","3.0","","1.0","","87","","","","4","","33","","","","99.13","","","","","","NA"
"-79.80","43.30","BURLINGTON PIERS (AUT)","6151061","2024-04-04 15:00","2024","04","04","15:00","","2.9","","0.8","","86","","","","4","","35","","","","99.21","","","","","","NA"
"-79.80","43.30","BURLINGTON PIERS (AUT)","6151061","2024-04-04 16:00","2024","04","04","16:00","","3.0","","0.9","","86","","","","4","","31","","","","99.29","","","","","","NA"
"-79.80","43.30","BURLINGTON PIERS (AUT)","6151061","2024-04-04 17:00","2024","04","04","17:00","","2.6","","0.7","","87","","","","4","","28","","","","99.40","","","","","","NA"
"-79.80","43.30","BURLINGTON PIERS (AUT)","6151061","2024-04-04 18:00","2024","04","04","18:00","","2.6","","0.6","","87","","","","4","","26","","","","99.48","","","","","","NA"
"-79.80","43.30","BURLINGTON PIERS (AUT)","6151061","2024-04-04 19:00","2024","04","04","19:00","","2.2","","0.3","","87","","","","5","","23","","","","99.56","","","","","","NA"
"-79.80","43.30","BURLINGTON PIERS (AUT)","6151061","2024-04-04 20:00","2024","04","04","20:00","","1.7","","0.4","","91","","","","36","","14","","","","99.68","","","","","","NA"
"-79.80","43.30","BURLINGTON PIERS (AUT)","6151061","2024-04-04 21:00","2024","04","04","21:00","","1.3","","0.3","","93","","","","1","","15","","","","99.75","","","","","","NA"
"-79.80","43.30","BURLINGTON PIERS (AUT)","6151061","2024-04-04 22:00","2024","04","04","22:00","","1.2","","-0.9","","86","","","","34","","15","","","","99.74","","","","","","NA"
"-79.80","43.30","BURLINGTON PIERS (AUT)","6151061","2024-04-04 23:00","2024","04","04","23:00","","1.4","","-1.0","","84","","","","34","","16","","","","99.77","","","","","","NA"
"-79.80","43.30","BURLINGTON PIERS (AUT)","6151061","2024-04-05 00:00","2024","04","05","00:00","","1.5","","-1.1","","83","","","","33","","18","","","","99.77","","","","","","NA"
"-79.80","43.30","BURLINGTON PIERS (AUT)","6151061","2024-04-05 01:00","2024","04","05","01:00","","1.5","","-1.1","","82","","","","32","","19","","","","99.77","","","","","","NA"
"-79.80","43.30","BURLINGTON PIERS (AUT)","6151061","2024-04-05 02:00","2024","04","05","02:00","","1.4","","-1.6","","80","","","","33","","17","","","","99.78","","","","","","NA"
"-79.80","43.30","BURLINGTON PIERS (AUT)","6151061","2024-04-05 03:00","2024","04","05","03:00","","1.5","","-1.6","","80","","","","31","","17","","","","99.76","","","","","","NA"
"-79.80","43.30","BURLINGTON PIERS (AUT)","6151061","2024-04-05 04:00","2024","04","05","04:00","","1.6","","-1.5","","80","","","","31","","17","","","","99.77","","","","","","NA"
"-79.80","43.30","BURLINGTON PIERS (AUT)","6151061","2024-04-05 05:00","2024","04","05","05:00","","1.5","","-1.6","","80","","","","30","","14","","","","99.84","","","","","","NA"
"-79.80","43.30","BURLINGTON PIERS (AUT)","6151061","2024-04-05 06:00","2024","04","05","06:00","","1.6","","-1.5","","80","","","","30","","12","","","","99.89","","","","","","NA"
"-79.80","43.30","BURLINGTON PIERS (AUT)","6151061","2024-04-05 07:00","2024","04","05","07:00","","1.6","","-1.3","","81","","","","28","","8","","","","99.93","","","","","","NA"
"-79.80","43.30","BURLINGTON PIERS (AUT)","6151061","2024-04-05 08:00","2024","04","05","08:00","","1.9","","-1.5","","78","","","","28","","11","","","","99.96","","","","","","NA"
"-79.80","43.30","BURLINGTON PIERS (AUT)","6151061","2024-04-05 09:00","2024","04","05","09:00","","3.0","","-1.5","","72","","","","31","","11","","","","99.98","","","","","","NA"
"-79.80","43.30","BURLINGTON PIERS (AUT)","6151061","2024-04-05 10:00","2024","04","05","10:00","","3.9","","-2.6","","63","","","","32","","23","","","","99.97","","","","","","NA"
"-79.80","43.30","BURLINGTON PIERS (AUT)","6151061","2024-04-05 11:00","2024","04","05","11:00","","4.8","","-2.9","","57","","","","31","","24","","","","99.97","","","","","","NA"
"-79.80","43.30","BURLINGTON PIERS (AUT)","6151061","2024-04-05 12:00","2024","04","05","12:00","","5.0","","-3.1","","56","","","","32","","25","","","","99.99","","","","","","NA"
"-79.80","43.30","BURLINGTON PIERS (AUT)","6151061","2024-04-05 13:00","2024","04","05","13:00","","5.3","","-1.7","","61","","","","29","","20","","","","100.01","","","","","","NA"
"-79.80","43.30","BURLINGTON PIERS (AUT)","6151061","2024-04-05 14:00","2024","04","05","14:00","","5.5","","-1.9","","59","","","","33","","20","","","","100.05","","","","","","NA"
"-79.80","43.30","BURLINGTON PIERS (AUT)","6151061","2024-04-05 15:00","2024","04","05","15:00","","4.8","","-2.0","","61","","","","32","","29","","","","100.09","","","","","","NA"
"-79.80","43.30","BURLINGTON PIERS (AUT)","6151061","2024-04-05 16:00","2024","04","05","16:00","","5.9","","-2.7","","54","","","","32","","24","","","","100.14","","","","","","NA"
"-79.80","43.30","BURLINGTON PIERS (AUT)","6151061","2024-04-05 17:00","2024","04","05","17:00","","6.1","","-2.3","","55","","","","31","","25","","","","100.23","","","","","","NA"
"-79.80","43.30","BURLINGTON PIERS (AUT)","6151061","2024-04-05 18:00","2024","04","05","18:00","","6.3","","-1.6","","57","","","","32","","26","","","","100.29","","","","","","NA"
"-79.80","43.30","BURLINGTON PIERS (AUT)","6151061","2024-04-05 19:00","2024","04","05","19:00","","5.9","","-0.8","","62","","","","32","","23","","","","100.36","","","","","","NA"
"-79.80","43.30","BURLINGTON PIERS (AUT)","6151061","2024-04-05 20:00","2024","04","05","20:00","","5.6","","0.0","","67","","","","31","","16","","","","100.45","","","","","","NA"
"-79.80","43.30","BURLINGTON PIERS (AUT)","6151061","2024-04-05 21:00","2024","04","05","21:00","","5.3","","0.6","","71","","","","32","","18","","","","100.48","","","","","","NA"
"-79.80","43.30","BURLINGTON PIERS (AUT)","6151061","2024-04-05 22:00","2024","04","05","22:00","","5.3","","0.8","","72","","","","32","","23","","","","100.50","","","","","","NA"
"-79.80","43.30","BURLINGTON PIERS (AUT)","6151061","2024-04-05 23:00","2024","04","05","23:00","","5.4","","1.0","","73","","","","32","","24","","","","100.54","","","","","","NA"
"-79.80","43.30","BURLINGTON PIERS (AUT)","6151061","2024-04-06 00:00","2024","04","06","00:00","","5.8","","1.2","","73","","","","32","","25","","","","100.54","","","","","","NA"
"-79.80","43.30","BURLINGTON PIERS (AUT)","6151061","2024-04-06 01:00","2024","04","06","01:00","","6.1","","1.2","","71","","","","32","","25","","","","100.57","","","","","","NA"
"-79.80","43.30","BURLINGTON PIERS (AUT)","6151061","2024-04-06 02:00","2024","04","06","02:00","","5.9","","0.9","","70","","","","32","","26","","","","100.59","","","","","","NA"
"-79.80","43.30","BURLINGTON PIERS (AUT)","6151061","2024-04-06 03:00","2024","04","06","03:00","","6.1","","0.9","","69","","","","31","","24","","","","100.61","","","","","","NA"
"-79.80","43.30","BURLINGTON PIERS (AUT)","6151061","2024-04-06 04:00","2024","04","06","04:00","","6.2","","1.0","","70","","","","32","","19","","","","100.66","","","","","","NA"
"-79.80","43.30","BURLINGTON PIERS (AUT)","6151061","2024-04-06 05:00","2024","04","06","05:00","","6.3","","0.8","","68","","","","32","","21","","","","100.71","","","","","","NA"
"-79.80","43.30","BURLINGTON PIERS (AUT)","6151061","2024-04-06 06:00","2024","04","06","06:00","","6.2","","0.5","","67","","","","32","","24","","","","100.76","","","","","","NA"
"-79.80","43.30","BURLINGTON PIERS (AUT)","6151061","2024-04-06 07:00","2024","04","06","07:00","","6.0","","0.0","","65","","","","32","","27","","","","100.79","","","","","","NA"
"-79.80","43.30","BURLINGTON PIERS (AUT)","6151061","2024-04-06 08:00","2024","04","06","08:00","","6.3","","-0.5","","62","","","","32","","31","","","","100.82","","","","","","NA"
"-79.80","43.30","BURLINGTON PIERS (AUT)","6151061","2024-04-06 09:00","2024","04","06","09:00","","7.4","","0.5","","62","","","","33","","19","","","","100.87","","","","","","NA"
"-79.80","43.30","BURLINGTON PIERS (AUT)","6151061","2024-04-06 10:00","2024","04","06","10:00","","9.2","","0.0","","52","","","","33","","15","","","","100.88","","","","","","NA"
"-79.80","43.30","BURLINGTON PIERS (AUT)","6151061","2024-04-06 11:00","2024","04","06","11:00","","9.6","","-0.8","","48","","","","32","","30","","","","100.84","","","","","","NA"
"-79.80","43.30","BURLINGTON PIERS (AUT)","6151061","2024-04-06 12:00","2024","04","06","12:00","","10.1","","-1.4","","45","","","","34","","25","","","","100.81","","","","","","NA"
"-79.80","43.30","BURLINGTON PIERS (AUT)","6151061","2024-04-06 13:00","2024","04","06","13:00","","10.8","","-3.1","","38","","","","35","","25","","","","100.78","","","","","","NA"
"-79.80","43.30","BURLINGTON PIERS (AUT)","6151061","2024-04-06 14:00","2024","04","06","14:00","","11.8","","-5.0","","30","","","","31","","13","","","","100.74","","","","","","NA"
"-79.80","43.30","BURLINGTON PIERS (AUT)","6151061","2024-04-06 15:00","2024","04","06","15:00","","12.4","","-2.5","","35","","","","34","","18","","","","100.69","","","","","","NA"
"-79.80","43.30","BURLINGTON PIERS (AUT)","6151061","2024-04-06 16:00","2024","04","06","16:00","","13.1","","-4.1","","30","","","","34","","21","","","","100.69","","","","","","NA"
"-79.80","43.30","BURLINGTON PIERS (AUT)","6151061","2024-04-06 17:00","2024","04","06","17:00","","12.5","","-2.1","","36","","","","33","","19","","","","100.70","","","","","","NA"
"-79.80","43.30","BURLINGTON PIERS (AUT)","6151061","2024-04-06 18:00","2024","04","06","18:00","","12.0","","-1.4","","39","","","","34","","23","","","","100.76","","","","","","NA"
"-79.80","43.30","BURLINGTON PIERS (AUT)","6151061","2024-04-06 19:00","2024","04","06","19:00","","10.7","","-2.1","","41","","","","35","","24","","","","100.84","","","","","","NA"
"-79.80","43.30","BURLINGTON PIERS (AUT)","6151061","2024-04-06 20:00","2024","04","06","20:00","","9.9","","-0.1","","50","","","","31","","15","","","","100.89","","","","","","NA"
"-79.80","43.30","BURLINGTON PIERS (AUT)","6151061","2024-04-06 21:00","2024","04","06","21:00","","9.4","","-2.1","","44","","","","32","","20","","","","100.90","","","","","","NA"
"-79.80","43.30","BURLINGTON PIERS (AUT)","6151061","2024-04-06 22:00","2024","04","06","22:00","","9.1","","-1.9","","46","","","","32","","26","","","","100.91","","","","","","NA"
"-79.80","43.30","BURLINGTON PIERS (AUT)","6151061","2024-04-06 23:00","2024","04","06","23:00","","8.1","","0.0","","56","","","","33","","26","","","","100.93","","","","","","NA"
"-79.80","43.30","BURLINGTON PIERS (AUT)","6151061","2024-04-07 00:00","2024","04","07","00:00","","7.6","","0.0","","59","","","","33","","29","","","","100.93","","","","","","NA"
"-79.80","43.30","BURLINGTON PIERS (AUT)","6151061","2024-04-07 01:00","2024","04","07","01:00","","6.8","","0.3","","63","","","","34","","26","","","","100.94","","","","","","NA"
"-79.80","43.30","BURLINGTON PIERS (AUT)","6151061","2024-04-07 02:00","2024","04","07","02:00","","7.0","","-1.7","","54","","","","33","","24","","","","100.95","","","","","","NA"
"-79.80","43.30","BURLINGTON PIERS (AUT)","6151061","2024-04-07 03:00","2024","04","07","03:00","","6.6","","-1.5","","56","","","","17","","4","","","","101.03","","","","","","NA"
"-79.80","43.30","BURLINGTON PIERS (AUT)","6151061","2024-04-07 04:00","2024","04","07","04:00","","6.9","","-2.6","","51","","","","31","","9","","","","101.09","","","","","","NA"
"-79.80","43.30","BURLINGTON PIERS (AUT)","6151061","2024-04-07 05:00","2024","04","07","05:00","","4.8","","1.2","","77","","","","23","","7","","","","101.17","","","","","","NA"
"-79.80","43.30","BURLINGTON PIERS (AUT)","6151061","2024-04-07 06:00","2024","04","07","06:00","","6.1","","-0.7","","62","","","","33","","7","","","","101.22","","","","","","NA"
"-79.80","43.30","BURLINGTON PIERS (AUT)","6151061","2024-04-07 07:00","2024","04","07","07:00","","5.9","","1.4","","73","","","","29","","4","","","","101.28","","","","","","NA"
"-79.80","43.30","BURLINGTON PIERS (AUT)","6151061","2024-04-07 08:00","2024","04","07","08:00","","7.6","","-1.2","","54","","","","35","","12","","","","101.34","","","","","","NA"
"-79.80","43.30","BURLINGTON PIERS (AUT)","6151061","2024-04-07 09:00","2024","04","07","09:00","","8.0","","-1.8","","50","","","","3","","9","","","","101.37","","","","","","NA"
"-79.80","43.30","BURLINGTON PIERS (AUT)","6151061","2024-04-07 10:00","2024","04","07","10:00","","6.9","","-0.2","","61","","","","4","","13","","","","101.43","","","","","","NA"
"-79.80","43.30","BURLINGTON PIERS (AUT)","6151061","2024-04-07 11:00","2024","04","07","11:00","","7.4","","-2.0","","51","","","","4","","8","","","","101.45","","","","","","NA"
"-79.80","43.30","BURLINGTON PIERS (AUT)","6151061","2024-04-07 12:00","2024","04","07","12:00","","7.9","","0.5","","60","","","","5","","5","","","","101.40","","","","","","NA"
"-79.80","43.30","BURLINGTON PIERS (AUT)","6151061","2024-04-07 13:00","2024","04","07","13:00","","7.8","","-0.6","","55","","","","8","","4","","","","101.38","","","","","","NA"
"-79.80","43.30","BURLINGTON PIERS (AUT)","6151061","2024-04-07 14:00","2024","04","07","14:00","","7.7","","2.4","","69","","","","8","","10","","","","101.34","","","","","","NA"
"-79.80","43.30","BURLINGTON PIERS (AUT)","6151061","2024-04-07 15:00","2024","04","07","15:00","","8.4","","0.7","","59","","","","11","","9","","","","101.23","","","","","","NA"
"-79.80","43.30","BURLINGTON PIERS (AUT)","6151061","2024-04-07 16:00","2024","04","07","16:00","","9.9","","-1.2","","46","","","","12","","3","","","","101.17","","","","","","NA"
"-79.80","43.30","BURLINGTON PIERS (AUT)","6151061","2024-04-07 17:00","2024","04","07","17:00","","10.7","","-2.5","","40","","","","36","","5","","","","101.16","","","","","","NA"
"-79.80","43.30","BURLINGTON PIERS (AUT)","6151061","2024-04-07 18:00","2024","04","07","18:00","","11.3","","-4.2","","34","","","","4","","8","","","","101.12","","","","","","NA"
"-79.80","43.30","BURLINGTON PIERS (AUT)","6151061","2024-04-07 19:00","2024","04","07","19:00","","10.2","","-1.3","","45","","","","1","","5","","","","101.07","","","","","","NA"
"-79.80","43.30","BURLINGTON PIERS (AUT)","6151061","2024-04-07 20:00","2024","04","07","20:00","","10.9","","0.3","","48","","","","4","","14","","","","101.06","","","","","","NA"
"-79.80","43.30","BURLINGTON PIERS (AUT)","6151061","2024-04-07 21:00","2024","04","07","21:00","","9.2","","3.6","","68","","","","14","","3","","","","101.12","","","","","","NA"
"-79.80","43.30","BURLINGTON PIERS (AUT)","6151061","2024-04-07 22:00","2024","04","07","22:00","","8.4","","4.3","","75","","","","5","","4","","","","101.10","","","","","","NA"
"-79.80","43.30","BURLINGTON PIERS (AUT)","6151061","2024-04-07 23:00","2024","04","07","23:00","","7.9","","4.8","","81","","","","","","0","","","","101.14","","","","","","NA"
"-79.80","43.30","BURLINGTON PIERS (AUT)","6151061","2024-04-08 00:00","2024","04","08","00:00","","6.9","","5.4","","90","","","","3","","12","","","","101.09","","","","","","NA"
"-79.80","43.30","BURLINGTON PIERS (AUT)","6151061","2024-04-08 01:00","2024","04","08","01:00","","6.7","","5.0","","89","","","","2","","16","","","","101.09","","","","","","NA"
"-79.80","43.30","BURLINGTON PIERS (AUT)","6151061","2024-04-08 02:00","2024","04","08","02:00","","6.8","","3.7","","81","","","","36","","8","","","","101.08","","","","","","NA"
"-79.80","43.30","BURLINGTON PIERS (AUT)","6151061","2024-04-08 03:00","2024","04","08","03:00","","6.3","","4.0","","85","","","","36","","13","","","","101.02","","","","","","NA"
"-79.80","43.30","BURLINGTON PIERS (AUT)","6151061","2024-04-08 04:00","2024","04","08","04:00","","6.2","","3.1","","80","","","","4","","4","","","","101.04","","","","","","NA"
"-79.80","43.30","BURLINGTON PIERS (AUT)","6151061","2024-04-08 05:00","2024","04","08","05:00","","5.7","","4.1","","90","","","","","","0","","","","101.05","","","","","","NA"
"-79.80","43.30","BURLINGTON PIERS (AUT)","6151061","2024-04-08 06:00","2024","04","08","06:00","","5.3","","","M","","M","","","3","","7","","","","101.04","","","","","","NA"
"-79.80","43.30","BURLINGTON PIERS (AUT)","6151061","2024-04-08 07:00","2024","04","08","07:00","","5.3","","","M","","M","","","3","","11","","","","101.04","","","","","","NA"
"-79.80","43.30","BURLINGTON PIERS (AUT)","6151061","2024-04-08 08:00","2024","04","08","08:00","","5.3","","","M","","M","","","3","","14","","","","101.01","","","","","","NA"
"-79.80","43.30","BURLINGTON PIERS (AUT)","6151061","2024-04-08 09:00","2024","04","08","09:00","","5.4","","","M","","M","","","3","","14","","","","100.99","","","","","","NA"
"-79.80","43.30","BURLINGTON PIERS (AUT)","6151061","2024-04-08 10:00","2024","04","08","10:00","","5.3","","","M","","M","","","2","","17","","","","100.95","","","","","","NA"
"-79.80","43.30","BURLINGTON PIERS (AUT)","6151061","2024-04-08 11:00","2024","04","08","11:00","","5.3","","5.4","","100","","","","3","","13","","","","100.95","","","","","","NA"
"-79.80","43.30","BURLINGTON PIERS (AUT)","6151061","2024-04-08 12:00","2024","04","08","12:00","","5.2","","","M","","M","","","3","","15","","","","100.90","","","","","","NA"
"-79.80","43.30","BURLINGTON PIERS (AUT)","6151061","2024-04-08 13:00","2024","04","08","13:00","","5.2","","","M","","M","","","4","","12","","","","100.90","","","","","","NA"
"-79.80","43.30","BURLINGTON PIERS (AUT)","6151061","2024-04-08 14:00","2024","04","08","14:00","","5.0","","","M","","M","","","3","","14","","","","100.86","","","","","","NA"
"-79.80","43.30","BURLINGTON PIERS (AUT)","6151061","2024-04-08 15:00","2024","04","08","15:00","","5.4","","5.4","","99","","","","3","","13","","","","100.82","","","","","","NA"
"-79.80","43.30","BURLINGTON PIERS (AUT)","6151061","2024-04-08 16:00","2024","04","08","16:00","","5.7","","5.7","","100","","","","4","","10","","","","100.81","","","","","","NA"
"-79.80","43.30","BURLINGTON PIERS (AUT)","6151061","2024-04-08 17:00","2024","04","08","17:00","","5.6","","","M","","M","","","5","","9","","","","100.80","","","","","","NA"
"-79.80","43.30","BURLINGTON PIERS (AUT)","6151061","2024-04-08 18:00","2024","04","08","18:00","","5.7","","5.7","","100","","","","3","","9","","","","100.79","","","","","","NA"
"-79.80","43.30","BURLINGTON PIERS (AUT)","6151061","2024-04-08 19:00","2024","04","08","19:00","","5.7","","3.2","","84","","","","3","","7","","","","100.79","","","","","","NA"
"-79.80","43.30","BURLINGTON PIERS (AUT)","6151061","2024-04-08 20:00","2024","04","08","20:00","","5.9","","3.5","","84","","","","4","","8","","","","100.78","","","","","","NA"
"-79.80","43.30","BURLINGTON PIERS (AUT)","6151061","2024-04-08 21:00","2024","04","08","21:00","","5.8","","2.2","","78","","","","3","","4","","","","100.78","","","","","","NA"
"-79.80","43.30","BURLINGTON PIERS (AUT)","6151061","2024-04-08 22:00","2024","04","08","22:00","","5.6","","3.3","","85","","","","24","","3","","","","100.74","","","","","","NA"
"-79.80","43.30","BURLINGTON PIERS (AUT)","6151061","2024-04-08 23:00","2024","04","08","23:00","","5.6","","2.4","","80","","","","24","","3","","","","100.72","","","","","","NA"
"-79.80","43.30","BURLINGTON PIERS (AUT)","6151061","2024-04-09 00:00","2024","04","09","00:00","","5.5","","2.3","","80","","","","","","0","","","","100.73","","","","","","NA"
"-79.80","43.30","BURLINGTON PIERS (AUT)","6151061","2024-04-09 01:00","2024","04","09","01:00","","4.9","","2.7","","86","","","","","","0","","","","100.73","","","","","","NA"
"-79.80","43.30","BURLINGTON PIERS (AUT)","6151061","2024-04-09 02:00","2024","04","09","02:00","","4.9","","2.7","","85","","","","3","","3","","","","100.67","","","","","","NA"
"-79.80","43.30","BURLINGTON PIERS (AUT)","6151061","2024-04-09 03:00","2024","04","09","03:00","","4.7","","2.8","","88","","","","2","","4","","","","100.63","","","","","","NA"
"-79.80","43.30","BURLINGTON PIERS (AUT)","6151061","2024-04-09 04:00","2024","04","09","04:00","","4.9","","2.9","","87","","","","","","0","","","","100.64","","","","","","NA"
"-79.80","43.30","BURLINGTON PIERS (AUT)","6151061","2024-04-09 05:00","2024","04","09","05:00","","4.8","","2.1","","83","","","","","","0","","","","100.65","","","","","","NA"
"-79.80","43.30","BURLINGTON PIERS (AUT)","6151061","2024-04-09 06:00","2024","04","09","06:00","","4.7","","2.0","","82","","","","","","0","","","","100.67","","","","","","NA"
"-79.80","43.30","BURLINGTON PIERS (AUT)","6151061","2024-04-09 07:00","2024","04","09","07:00","","7.0","","2.5","","73","","","","","","0","","","","100.65","","","","","","NA"
"-79.80","43.30","BURLINGTON PIERS (AUT)","6151061","2024-04-09 08:00","2024","04","09","08:00","","6.6","","1.3","","69","","","","14","","4","","","","100.66","","","","","","NA"
"-79.80","43.30","BURLINGTON PIERS (AUT)","6151061","2024-04-09 09:00","2024","04","09","09:00","","6.2","","2.1","","75","","","","5","","6","","","","100.64","","","","","","NA"
"-79.80","43.30","BURLINGTON PIERS (AUT)","6151061","2024-04-09 10:00","2024","04","09","10:00","","5.6","","3.3","","85","","","","6","","10","","","","100.61","","","","","","NA"
"-79.80","43.30","BURLINGTON PIERS (AUT)","6151061","2024-04-09 11:00","2024","04","09","11:00","","5.4","","","M","","M","","","5","","13","","","","100.55","","","","","","NA"
"-79.80","43.30","BURLINGTON PIERS (AUT)","6151061","2024-04-09 12:00","2024","04","09","12:00","","5.6","","","M","","M","","","5","","12","","","","100.50","","","","","","NA"
"-79.80","43.30","BURLINGTON PIERS (AUT)","6151061","2024-04-09 13:00","2024","04","09","13:00","","5.8","","4.6","","92","","","","4","","8","","","","100.43","","","","","","NA"
"-79.80","43.30","BURLINGTON PIERS (AUT)","6151061","2024-04-09 14:00","2024","04","09","14:00","","6.0","","4.2","","88","","","","36","","7","","","","100.35","","","","","","NA"
"-79.80","43.30","BURLINGTON PIERS (AUT)","6151061","2024-04-09 15:00","2024","04","09","15:00","","7.3","","4.1","","80","","","","5","","8","","","","100.22","","","","","","NA"
"-79.80","43.30","BURLINGTON PIERS (AUT)","6151061","2024-04-09 16:00","2024","04","09","16:00","","7.2","","4.4","","82","","","","3","","9","","","","100.15","","","","","","NA"
"-79.80","43.30","BURLINGTON PIERS (AUT)","6151061","2024-04-09 17:00","2024","04","09","17:00","","7.4","","4.5","","82","","","","4","","13","","","","100.09","","","","","","NA"
"-79.80","43.30","BURLINGTON PIERS (AUT)","6151061","2024-04-09 18:00","2024","04","09","18:00","","7.5","","4.7","","82","","","","4","","17","","","","100.04","","","","","","NA"
"-79.80","43.30","BURLINGTON PIERS (AUT)","6151061","2024-04-09 19:00","2024","04","09","19:00","","7.8","","5.8","","87","","","","5","","11","","","","100.00","","","","","","NA"
"-79.80","43.30","BURLINGTON PIERS (AUT)","6151061","2024-04-09 20:00","2024","04","09","20:00","","7.4","","5.0","","85","","","","9","","3","","","","100.09","","","","","","NA"
"-79.80","43.30","BURLINGTON PIERS (AUT)","6151061","2024-04-09 21:00","2024","04","09","21:00","","7.0","","5.2","","88","","","","13","","6","","","","100.10","","","","","","NA"
"-79.80","43.30","BURLINGTON PIERS (AUT)","6151061","2024-04-09 22:00","2024","04","09","22:00","","6.5","","5.3","","92","","","","1","","7","","","","100.10","","","","","","NA"
"-79.80","43.30","BURLINGTON PIERS (AUT)","6151061","2024-04-09 23:00","2024","04","09","23:00","","6.5","","6.1","","98","","","","10","","10","","","","100.15","","","","","","NA"
"-79.80","43.30","BURLINGTON PIERS (AUT)","6151061","2024-04-10 00:00","2024","04","10","00:00","","7.5","","6.5","","94","","","","7","","3","","","","100.20","","","","","","NA"
"-79.80","43.30","BURLINGTON PIERS (AUT)","6151061","2024-04-10 01:00","2024","04","10","01:00","","14.8","","10.8","","77","","","","23","","12","","","","100.24","","","","","","NA"
"-79.80","43.30","BURLINGTON PIERS (AUT)","6151061","2024-04-10 02:00","2024","04","10","02:00","","14.9","","12.6","","86","","","","23","","7","","","","100.21","","","","","","NA"
"-79.80","43.30","BURLINGTON PIERS (AUT)","6151061","2024-04-10 03:00","2024","04","10","03:00","","14.5","","8.8","","69","","","","24","","5","","","","100.18","","","","","","NA"
"-79.80","43.30","BURLINGTON PIERS (AUT)","6151061","2024-04-10 04:00","2024","04","10","04:00","","13.3","","7.4","","67","","","","23","","7","","","","100.20","","","","","","NA"
"-79.80","43.30","BURLINGTON PIERS (AUT)","6151061","2024-04-10 05:00","2024","04","10","05:00","","11.9","","8.5","","80","","","","26","","6","","","","100.28","","","","","","NA"
"-79.80","43.30","BURLINGTON PIERS (AUT)","6151061","2024-04-10 06:00","2024","04","10","06:00","","10.9","","8.4","","84","","","","23","","6","","","","100.38","","","","","","NA"
"-79.80","43.30","BURLINGTON PIERS (AUT)","6151061","2024-04-10 07:00","2024","04","10","07:00","","10.6","","8.3","","86","","","","24","","6","","","","100.42","","","","","","NA"
"-79.80","43.30","BURLINGTON PIERS (AUT)","6151061","2024-04-10 08:00","2024","04","10","08:00","","10.6","","8.2","","85","","","","22","","6","","","","100.44","","","","","","NA"
"-79.80","43.30","BURLINGTON PIERS (AUT)","6151061","2024-04-10 09:00","2024","04","10","09:00","","11.5","","7.1","","74","","","","22","","5","","","","100.54","","","","","","NA"
"-79.80","43.30","BURLINGTON PIERS (AUT)","6151061","2024-04-10 10:00","2024","04","10","10:00","","12.0","","3.9","","58","","","","11","","8","","","","100.54","","","","","","NA"
"-79.80","43.30","BURLINGTON PIERS (AUT)","6151061","2024-04-10 11:00","2024","04","10","11:00","","12.4","","4.5","","58","","","","12","","11","","","","100.53","","","","","","NA"
"-79.80","43.30","BURLINGTON PIERS (AUT)","6151061","2024-04-10 12:00","2024","04","10","12:00","","15.5","","3.5","","44","","","","22","","11","","","","100.53","","","","","","NA"
"-79.80","43.30","BURLINGTON PIERS (AUT)","6151061","2024-04-10 13:00","2024","04","10","13:00","","17.0","","2.8","","39","","","","25","","7","","","","100.51","","","","","","NA"
"-79.80","43.30","BURLINGTON PIERS (AUT)","6151061","2024-04-10 14:00","2024","04","10","14:00","","17.5","","5.6","","45","","","","27","","10","","","","100.47","","","","","","NA"
"-79.80","43.30","BURLINGTON PIERS (AUT)","6151061","2024-04-10 15:00","2024","04","10","15:00","","17.7","","7.0","","49","","","","26","","6","","","","100.42","","","","","","NA"
"-79.80","43.30","BURLINGTON PIERS (AUT)","6151061","2024-04-10 16:00","2024","04","10","16:00","","18.1","","7.2","","49","","","","27","","8","","","","100.41","","","","","","NA"
"-79.80","43.30","BURLINGTON PIERS (AUT)","6151061","2024-04-10 17:00","2024","04","10","17:00","","18.0","","1.7","","34","","","","25","","5","","","","100.47","","","","","","NA"
"-79.80","43.30","BURLINGTON PIERS (AUT)","6151061","2024-04-10 18:00","2024","04","10","18:00","","17.7","","5.2","","44","","","","23","","3","","","","100.44","","","","","","NA"
"-79.80","43.30","BURLINGTON PIERS (AUT)","6151061","2024-04-10 19:00","2024","04","10","19:00","","9.8","","6.3","","79","","","","7","","7","","","","100.46","","","","","","NA"
"-79.80","43.30","BURLINGTON PIERS (AUT)","6151061","2024-04-10 20:00","2024","04","10","20:00","","10.3","","7.4","","82","","","","12","","7","","","","100.48","","","","","","NA"
"-79.80","43.30","BURLINGTON PIERS (AUT)","6151061","2024-04-10 21:00","2024","04","10","21:00","","11.4","","7.1","","75","","","","2","","15","","","","100.50","","","","","","NA"
"-79.80","43.30","BURLINGTON PIERS (AUT)","6151061","2024-04-10 22:00","2024","04","10","22:00","","9.2","","6.3","","82","","","","2","","19","","","","100.47","","","","","","NA"
"-79.80","43.30","BURLINGTON PIERS (AUT)","6151061","2024-04-10 23:00","2024","04","10","23:00","","8.7","","8.1","","96","","","","7","","5","","","","100.45","","","","","","NA"
"-79.80","43.30","BURLINGTON PIERS (AUT)","6151061","2024-04-11 00:00","2024","04","11","00:00","","8.5","","7.8","","96","","","","5","","12","","","","100.39","","","","","","NA"
"-79.80","43.30","BURLINGTON PIERS (AUT)","6151061","2024-04-11 01:00","2024","04","11","01:00","","8.7","","6.3","","85","","","","1","","14","","","","100.32","","","","","","NA"
"-79.80","43.30","BURLINGTON PIERS (AUT)","6151061","2024-04-11 02:00","2024","04","11","02:00","","8.6","","7.1","","91","","","","2","","13","","","","100.25","","","","","","NA"
"-79.80","43.30","BURLINGTON PIERS (AUT)","6151061","2024-04-11 03:00","2024","04","11","03:00","","7.7","","7.7","","100","","","","2","","14","","","","100.14","","","","","","NA"
"-79.80","43.30","BURLINGTON PIERS (AUT)","6151061","2024-04-11 04:00","2024","04","11","04:00","","7.4","","","M","","M","","","2","","20","","","","100.06","","","","","","NA"
"-79.80","43.30","BURLINGTON PIERS (AUT)","6151061","2024-04-11 05:00","2024","04","11","05:00","","6.8","","","M","","M","","","3","","26","","","","99.93","","","","","","NA"
"-79.80","43.30","BURLINGTON PIERS (AUT)","6151061","2024-04-11 06:00","2024","04","11","06:00","","6.9","","","M","","M","","","3","","28","","","","99.92","","","","","","NA"
"-79.80","43.30","BURLINGTON PIERS (AUT)","6151061","2024-04-11 07:00","2024","04","11","07:00","","7.1","","","M","","M","","","3","","24","","","","99.91","","","","","","NA"
"-79.80","43.30","BURLINGTON PIERS (AUT)","6151061","2024-04-11 08:00","2024","04","11","08:00","","6.8","","","M","","M","","","2","","29","","","","99.76","","","","","","NA"
"-79.80","43.30","BURLINGTON PIERS (AUT)","6151061","2024-04-11 09:00","2024","04","11","09:00","","6.7","","","M","","M","","","2","","28","","","","99.64","","","","","","NA"
"-79.80","43.30","BURLINGTON PIERS (AUT)","6151061","2024-04-11 10:00","2024","04","11","10:00","","6.5","","","M","","M","","","2","","25","","","","99.58","","","","","","NA"
"-79.80","43.30","BURLINGTON PIERS (AUT)","6151061","2024-04-11 11:00","2024","04","11","11:00","","6.4","","","M","","M","","","2","","25","","","","99.43","","","","","","NA"
"-79.80","43.30","BURLINGTON PIERS (AUT)","6151061","2024-04-11 12:00","2024","04","11","12:00","","6.7","","","M","","M","","","2","","21","","","","99.31","","","","","","NA"
"-79.80","43.30","BURLINGTON PIERS (AUT)","6151061","2024-04-11 13:00","2024","04","11","13:00","","7.2","","","M","","M","","","1","","21","","","","99.18","","","","","","NA"
"-79.80","43.30","BURLINGTON PIERS (AUT)","6151061","2024-04-11 14:00","2024","04","11","14:00","","7.4","","","M","","M","","","2","","16","","","","99.08","","","","","","NA"
"-79.80","43.30","BURLINGTON PIERS (AUT)","6151061","2024-04-11 15:00","2024","04","11","15:00","","7.7","","","M","","M","","","2","","16","","","","98.96","","","","","","NA"
"-79.80","43.30","BURLINGTON PIERS (AUT)","6151061","2024-04-11 16:00","2024","04","11","16:00","","7.3","","","M","","M","","","3","","19","","","","98.89","","","","","","NA"
"-79.80","43.30","BURLINGTON PIERS (AUT)","6151061","2024-04-11 17:00","2024","04","11","17:00","","7.0","","","M","","M","","","4","","20","","","","98.78","","","","","","NA"
"-79.80","43.30","BURLINGTON PIERS (AUT)","6151061","2024-04-11 18:00","2024","04","11","18:00","","6.1","","","M","","M","","","3","","10","","","","98.66","","","","","","NA"
"-79.80","43.30","BURLINGTON PIERS (AUT)","6151061","2024-04-11 19:00","2024","04","11","19:00","","6.3","","","M","","M","","","5","","19","","","","98.54","","","","","","NA"
"-79.80","43.30","BURLINGTON PIERS (AUT)","6151061","2024-04-11 20:00","2024","04","11","20:00","","6.7","","","M","","M","","","5","","16","","","","98.45","","","","","","NA"
"-79.80","43.30","BURLINGTON PIERS (AUT)","6151061","2024-04-11 21:00","2024","04","11","21:00","","6.7","","","M","","M","","","6","","8","","","","98.35","","","","","","NA"
"-79.80","43.30","BURLINGTON PIERS (AUT)","6151061","2024-04-11 22:00","2024","04","11","22:00","","7.1","","","M","","M","","","","","0","","","","98.24","","","","","","NA"
"-79.80","43.30","BURLINGTON PIERS (AUT)","6151061","2024-04-11 23:00","2024","04","11","23:00","","6.8","","","M","","M","","","7","","5","","","","98.04","","","","","","NA"
"-79.80","43.30","BURLINGTON PIERS (AUT)","6151061","2024-04-12 00:00","2024","04","12","00:00","","7.6","","","M","","M","","","1","","24","","","","97.94","","","","","","NA"
"-79.80","43.30","BURLINGTON PIERS (AUT)","6151061","2024-04-12 01:00","2024","04","12","01:00","","8.3","","","M","","M","","","4","","11","","","","97.84","","","","","","NA"
"-79.80","43.30","BURLINGTON PIERS (AUT)","6151061","2024-04-12 02:00","2024","04","12","02:00","","7.4","","","M","","M","","","5","","13","","","","97.72","","","","","","NA"
"-79.80","43.30","BURLINGTON PIERS (AUT)","6151061","2024-04-12 03:00","2024","04","12","03:00","","7.8","","","M","","M","","","","","0","","","","97.57","","","","","","NA"
"-79.80","43.30","BURLINGTON PIERS (AUT)","6151061","2024-04-12 04:00","2024","04","12","04:00","","6.9","","","M","","M","","","15","","4","","","","97.47","","","","","","NA"
"-79.80","43.30","BURLINGTON PIERS (AUT)","6151061","2024-04-12 05:00","2024","04","12","05:00","","7.4","","","M","","M","","","4","","5","","","","97.40","","","","","","NA"
"-79.80","43.30","BURLINGTON PIERS (AUT)","6151061","2024-04-12 06:00","2024","04","12","06:00","","8.2","","","M","","M","","","17","","3","","","","97.40","","","","","","NA"
"-79.80","43.30","BURLINGTON PIERS (AUT)","6151061","2024-04-12 07:00","2024","04","12","07:00","","8.3","","","M","","M","","","21","","25","","","","97.50","","","","","","NA"
"-79.80","43.30","BURLINGTON PIERS (AUT)","6151061","2024-04-12 08:00","2024","04","12","08:00","","7.6","","","M","","M","","","21","","22","","","","97.59","","","","","","NA"
"-79.80","43.30","BURLINGTON PIERS (AUT)","6151061","2024-04-12 09:00","2024","04","12","09:00","","8.1","","","M","","M","","","21","","25","","","","97.67","","","","","","NA"
"-79.80","43.30","BURLINGTON PIERS (AUT)","6151061","2024-04-12 10:00","2024","04","12","10:00","","8.6","","","M","","M","","","22","","22","","","","97.74","","","","","","NA"
"-79.80","43.30","BURLINGTON PIERS (AUT)","6151061","2024-04-12 11:00","2024","04","12","11:00","","8.9","","","M","","M","","","23","","21","","","","97.76","","","","","","NA"
"-79.80","43.30","BURLINGTON PIERS (AUT)","6151061","2024-04-12 12:00","2024","04","12","12:00","","9.1","","","M","","M","","","23","","19","","","","97.80","","","","","","NA"
"-79.80","43.30","BURLINGTON PIERS (AUT)","6151061","2024-04-12 13:00","2024","04","12","13:00","","9.2","","","M","","M","","","23","","20","","","","97.84","","","","","","NA"
"-79.80","43.30","BURLINGTON PIERS (AUT)","6151061","2024-04-12 14:00","2024","04","12","14:00","","9.2","","","M","","M","","","24","","19","","","","97.86","","","","","","NA"
"-79.80","43.30","BURLINGTON PIERS (AUT)","6151061","2024-04-12 15:00","2024","04","12","15:00","","9.0","","","M","","M","","","24","","24","","","","97.90","","","","","","NA"
"-79.80","43.30","BURLINGTON PIERS (AUT)","6151061","2024-04-12 16:00","2024","04","12","16:00","","8.6","","","M","","M","","","24","","19","","","","97.96","","","","","","NA"
"-79.80","43.30","BURLINGTON PIERS (AUT)","6151061","2024-04-12 17:00","2024","04","12","17:00","","7.8","","","M","","M","","","24","","21","","","","98.07","","","","","","NA"
"-79.80","43.30","BURLINGTON PIERS (AUT)","6151061","2024-04-12 18:00","2024","04","12","18:00","","7.2","","","M","","M","","","25","","17","","","","98.16","","","","","","NA"
"-79.80","43.30","BURLINGTON PIERS (AUT)","6151061","2024-04-12 19:00","2024","04","12","19:00","","6.6","","","M","","M","","","27","","15","","","","98.28","","","","","","NA"
"-79.80","43.30","BURLINGTON PIERS (AUT)","6151061","2024-04-12 20:00","2024","04","12","20:00","","6.7","","","M","","M","","","27","","20","","","","98.44","","","","","","NA"
"-79.80","43.30","BURLINGTON PIERS (AUT)","6151061","2024-04-12 21:00","2024","04","12","21:00","","6.3","","","M","","M","","","27","","17","","","","98.58","","","","","","NA"
"-79.80","43.30","BURLINGTON PIERS (AUT)","6151061","2024-04-12 22:00","2024","04","12","22:00","","6.0","","","M","","M","","","27","","25","","","","98.68","","","","","","NA"
"-79.80","43.30","BURLINGTON PIERS (AUT)","6151061","2024-04-12 23:00","2024","04","12","23:00","","5.7","","","M","","M","","","27","","23","","","","98.80","","","","","","NA"
"-79.80","43.30","BURLINGTON PIERS (AUT)","6151061","2024-04-13 00:00","2024","04","13","00:00","","5.7","","","M","","M","","","27","","23","","","","98.92","","","","","","NA"
"-79.80","43.30","BURLINGTON PIERS (AUT)","6151061","2024-04-13 01:00","2024","04","13","01:00","","5.7","","","M","","M","","","26","","23","","","","99.01","","","","","","NA"
"-79.80","43.30","BURLINGTON PIERS (AUT)","6151061","2024-04-13 02:00","2024","04","13","02:00","","5.4","","","M","","M","","","26","","18","","","","99.09","","","","","","NA"
"-79.80","43.30","BURLINGTON PIERS (AUT)","6151061","2024-04-13 03:00","2024","04","13","03:00","","5.3","","","M","","M","","","26","","22","","","","99.17","","","","","","NA"
"-79.80","43.30","BURLINGTON PIERS (AUT)","6151061","2024-04-13 04:00","2024","04","13","04:00","","5.4","","","M","","M","","","26","","22","","","","99.23","","","","","","NA"
"-79.80","43.30","BURLINGTON PIERS (AUT)","6151061","2024-04-13 05:00","2024","04","13","05:00","","5.4","","","M","","M","","","27","","27","","","","99.36","","","","","","NA"
"-79.80","43.30","BURLINGTON PIERS (AUT)","6151061","2024-04-13 06:00","2024","04","13","06:00","","5.8","","","M","","M","","","27","","28","","","","99.45","","","","","","NA"
"-79.80","43.30","BURLINGTON PIERS (AUT)","6151061","2024-04-13 07:00","2024","04","13","07:00","","5.7","","","M","","M","","","28","","28","","","","99.58","","","","","","NA"
"-79.80","43.30","BURLINGTON PIERS (AUT)","6151061","2024-04-13 08:00","2024","04","13","08:00","","6.2","","","M","","M","","","28","","28","","","","99.68","","","","","","NA"
"-79.80","43.30","BURLINGTON PIERS (AUT)","6151061","2024-04-13 09:00","2024","04","13","09:00","","6.5","","","M","","M","","","28","","29","","","","99.78","","","","","","NA"
"-79.80","43.30","BURLINGTON PIERS (AUT)","6151061","2024-04-13 10:00","2024","04","13","10:00","","7.1","","","M","","M","","","29","","41","","","","99.89","","","","","","NA"
"-79.80","43.30","BURLINGTON PIERS (AUT)","6151061","2024-04-13 11:00","2024","04","13","11:00","","7.2","","","M","","M","","","29","","34","","","","99.96","","","","","","NA"
"-79.80","43.30","BURLINGTON PIERS (AUT)","6151061","2024-04-13 12:00","2024","04","13","12:00","","7.9","","","M","","M","","","28","","31","","","","100.03","","","","","","NA"
"-79.80","43.30","BURLINGTON PIERS (AUT)","6151061","2024-04-13 13:00","2024","04","13","13:00","","8.9","","","M","","M","","","28","","30","","","","100.06","","","","","","NA"
"-79.80","43.30","BURLINGTON PIERS (AUT)","6151061","2024-04-13 14:00","2024","04","13","14:00","","9.9","","","M","","M","","","27","","26","","","","100.10","","","","","","NA"
"-79.80","43.30","BURLINGTON PIERS (AUT)","6151061","2024-04-13 15:00","2024","04","13","15:00","","11.2","","","M","","M","","","27","","26","","","","100.11","","","","","","NA"
"-79.80","43.30","BURLINGTON PIERS (AUT)","6151061","2024-04-13 16:00","2024","04","13","16:00","","11.7","","","M","","M","","","27","","26","","","","100.14","","","","","","NA"
"-79.80","43.30","BURLINGTON PIERS (AUT)","6151061","2024-04-13 17:00","2024","04","13","17:00","","12.3","","","M","","M","","","27","","24","","","","100.19","","","","","","NA"
"-79.80","43.30","BURLINGTON PIERS (AUT)","6151061","2024-04-13 18:00","2024","04","13","18:00","","12.5","","","M","","M","","","27","","15","","","","100.25","","","","","","NA"
"-79.80","43.30","BURLINGTON PIERS (AUT)","6151061","2024-04-13 19:00","2024","04","13","19:00","","11.8","","","M","","M","","","24","","10","","","","100.27","","","","","","NA"
"-79.80","43.30","BURLINGTON PIERS (AUT)","6151061","2024-04-13 20:00","2024","04","13","20:00","","10.9","","","M","","M","","","23","","6","","","","100.30","","","","","","NA"
"-79.80","43.30","BURLINGTON PIERS (AUT)","6151061","2024-04-13 21:00","2024","04","13","21:00","","10.1","","","M","","M","","","23","","3","","","","100.30","","","","","","NA"
"-79.80","43.30","BURLINGTON PIERS (AUT)","6151061","2024-04-13 22:00","2024","04","13","22:00","","9.3","","","M","","M","","","23","","7","","","","100.25","","","","","","NA"
"-79.80","43.30","BURLINGTON PIERS (AUT)","6151061","2024-04-13 23:00","2024","04","13","23:00","","9.3","","","M","","M","","","25","","7","","","","100.22","","","","","","NA"
"-79.80","43.30","BURLINGTON PIERS (AUT)","6151061","2024-04-14 00:00","2024","04","14","00:00","","9.0","","","M","","M","","","25","","6","","","","100.23","","","","","","NA"
"-79.80","43.30","BURLINGTON PIERS (AUT)","6151061","2024-04-14 01:00","2024","04","14","01:00","","8.2","","","M","","M","","","23","","11","","","","100.21","","","","","","NA"
"-79.80","43.30","BURLINGTON PIERS (AUT)","6151061","2024-04-14 02:00","2024","04","14","02:00","","8.8","","","M","","M","","","22","","6","","","","100.20","","","","","","NA"
"-79.80","43.30","BURLINGTON PIERS (AUT)","6151061","2024-04-14 03:00","2024","04","14","03:00","","8.5","","","M","","M","","","20","","4","","","","100.12","","","","","","NA"
"-79.80","43.30","BURLINGTON PIERS (AUT)","6151061","2024-04-14 04:00","2024","04","14","04:00","","8.6","","","M","","M","","","17","","7","","","","100.06","","","","","","NA"
"-79.80","43.30","BURLINGTON PIERS (AUT)","6151061","2024-04-14 05:00","2024","04","14","05:00","","8.1","","","M","","M","","","5","","11","","","","100.08","","","","","","NA"
"-79.80","43.30","BURLINGTON PIERS (AUT)","6151061","2024-04-14 06:00","2024","04","14","06:00","","6.4","","","M","","M","","","9","","17","","","","99.87","","","","","","NA"
"-79.80","43.30","BURLINGTON PIERS (AUT)","6151061","2024-04-14 07:00","2024","04","14","07:00","","6.8","","","M","","M","","","","","0","","","","100.01","","","","","","NA"
"-79.80","43.30","BURLINGTON PIERS (AUT)","6151061","2024-04-14 08:00","2024","04","14","08:00","","6.7","","","M","","M","","","13","","14","","","","99.66","","","","","","NA"
"-79.80","43.30","BURLINGTON PIERS (AUT)","6151061","2024-04-14 09:00","2024","04","14","09:00","","8.7","","","M","","M","","","17","","6","","","","99.52","","","","","","NA"
"-79.80","43.30","BURLINGTON PIERS (AUT)","6151061","2024-04-14 10:00","2024","04","14","10:00","","9.1","","","M","","M","","","36","","10","","","","99.47","","","","","","NA"
"-79.80","43.30","BURLINGTON PIERS (AUT)","6151061","2024-04-14 11:00","2024","04","14","11:00","","6.1","","","M","","M","","","4","","21","","","","99.39","","","","","","NA"
"-79.80","43.30","BURLINGTON PIERS (AUT)","6151061","2024-04-14 12:00","2024","04","14","12:00","","5.9","","","M","","M","","","5","","12","","","","99.37","","","","","","NA"
"-79.80","43.30","BURLINGTON PIERS (AUT)","6151061","2024-04-14 13:00","2024","04","14","13:00","","6.0","","","M","","M","","","4","","7","","","","99.38","","","","","","NA"
"-79.80","43.30","BURLINGTON PIERS (AUT)","6151061","2024-04-14 14:00","2024","04","14","14:00","","5.8","","","M","","M","","","3","","10","","","","99.40","","","","","","NA"
"-79.80","43.30","BURLINGTON PIERS (AUT)","6151061","2024-04-14 15:00","2024","04","14","15:00","","6.0","","","M","","M","","","2","","7","","","","99.39","","","","","","NA"
"-79.80","43.30","BURLINGTON PIERS (AUT)","6151061","2024-04-14 16:00","2024","04","14","16:00","","6.3","","","M","","M","","","3","","8","","","","99.38","","","","","","NA"
"-79.80","43.30","BURLINGTON PIERS (AUT)","6151061","2024-04-14 17:00","2024","04","14","17:00","","6.8","","","M","","M","","","7","","8","","","","99.46","","","","","","NA"
"-79.80","43.30","BURLINGTON PIERS (AUT)","6151061","2024-04-14 18:00","2024","04","14","18:00","","6.5","","","M","","M","","","5","","10","","","","99.50","","","","","","NA"
"-79.80","43.30","BURLINGTON PIERS (AUT)","6151061","2024-04-14 19:00","2024","04","14","19:00","","6.6","","","M","","M","","","","","0","","","","99.54","","","","","","NA"
"-79.80","43.30","BURLINGTON PIERS (AUT)","6151061","2024-04-14 20:00","2024","04","14","20:00","","7.2","","","M","","M","","","","","0","","","","99.64","","","","","","NA"
"-79.80","43.30","BURLINGTON PIERS (AUT)","6151061","2024-04-14 21:00","2024","04","14","21:00","","7.8","","","M","","M","","","","","0","","","","99.75","","","","","","NA"
"-79.80","43.30","BURLINGTON PIERS (AUT)","6151061","2024-04-14 22:00","2024","04","14","22:00","","9.5","","","M","","M","","","23","","8","","","","99.78","","","","","","NA"
"-79.80","43.30","BURLINGTON PIERS (AUT)","6151061","2024-04-14 23:00","2024","04","14","23:00","","11.5","","","M","","M","","","25","","11","","","","99.84","","","","","","NA"
"-79.80","43.30","BURLINGTON PIERS (AUT)","6151061","2024-04-15 00:00","2024","04","15","00:00","","9.7","","","M","","M","","","35","","18","","","","99.93","","","","","","NA"
"-79.80","43.30","BURLINGTON PIERS (AUT)","6151061","2024-04-15 01:00","2024","04","15","01:00","","8.5","","","M","","M","","","33","","6","","","","99.98","","","","","","NA"
"-79.80","43.30","BURLINGTON PIERS (AUT)","6151061","2024-04-15 02:00","2024","04","15","02:00","","8.4","","","M","","M","","","25","","4","","","","99.99","","","","","","NA"
"-79.80","43.30","BURLINGTON PIERS (AUT)","6151061","2024-04-15 03:00","2024","04","15","03:00","","8.1","","","M","","M","","","25","","5","","","","99.99","","","","","","NA"
"-79.80","43.30","BURLINGTON PIERS (AUT)","6151061","2024-04-15 04:00","2024","04","15","04:00","","7.6","","","M","","M","","","24","","6","","","","100.05","","","","","","NA"
"-79.80","43.30","BURLINGTON PIERS (AUT)","6151061","2024-04-15 05:00","2024","04","15","05:00","","7.6","","","M","","M","","","21","","7","","","","100.14","","","","","","NA"
"-79.80","43.30","BURLINGTON PIERS (AUT)","6151061","2024-04-15 06:00","2024","04","15","06:00","","7.8","","","M","","M","","","24","","8","","","","100.25","","","","","","NA"
"-79.80","43.30","BURLINGTON PIERS (AUT)","6151061","2024-04-15 07:00","2024","04","15","07:00","","8.7","","","M","","M","","","25","","5","","","","100.37","","","","","","NA"
"-79.80","43.30","BURLINGTON PIERS (AUT)","6151061","2024-04-15 08:00","2024","04","15","08:00","","8.8","","","M","","M","","","29","","14","","","","100.42","","","","","","NA"
"-79.80","43.30","BURLINGTON PIERS (AUT)","6151061","2024-04-15 09:00","2024","04","15","09:00","","10.4","","","M","","M","","","24","","7","","","","100.44","","","","","","NA"
"-79.80","43.30","BURLINGTON PIERS (AUT)","6151061","2024-04-15 10:00","2024","04","15","10:00","","11.3","","","M","","M","","","27","","11","","","","100.49","","","","","","NA"
"-79.80","43.30","BURLINGTON PIERS (AUT)","6151061","2024-04-15 11:00","2024","04","15","11:00","","10.7","","","M","","M","","","8","","7","","","","100.47","","","","","","NA"
"-79.80","43.30","BURLINGTON PIERS (AUT)","6151061","2024-04-15 12:00","2024","04","15","12:00","","10.2","","","M","","M","","","10","","8","","","","100.46","","","","","","NA"
"-79.80","43.30","BURLINGTON PIERS (AUT)","6151061","2024-04-15 13:00","2024","04","15","13:00","","15.0","","","M","","M","","","30","","19","","","","100.44","","","","","","NA"
"-79.80","43.30","BURLINGTON PIERS (AUT)","6151061","2024-04-15 14:00","2024","04","15","14:00","","15.8","","","M","","M","","","29","","19","","","","100.46","","","","","","NA"
"-79.80","43.30","BURLINGTON PIERS (AUT)","6151061","2024-04-15 15:00","2024","04","15","15:00","","15.9","","","M","","M","","","30","","23","","","","100.51","","","","","","NA"
"-79.80","43.30","BURLINGTON PIERS (AUT)","6151061","2024-04-15 16:00","2024","04","15","16:00","","16.0","","","M","","M","","","30","","25","","","","100.55","","","","","","NA"
"-79.80","43.30","BURLINGTON PIERS (AUT)","6151061","2024-04-15 17:00","2024","04","15","17:00","","15.6","","","M","","M","","","29","","21","","","","100.63","","","","","","NA"
"-79.80","43.30","BURLINGTON PIERS (AUT)","6151061","2024-04-15 18:00","2024","04","15","18:00","","15.6","","","M","","M","","","30","","22","","","","100.66","","","","","","NA"
"-79.80","43.30","BURLINGTON PIERS (AUT)","6151061","2024-04-15 19:00","2024","04","15","19:00","","14.6","","","M","","M","","","32","","15","","","","100.69","","","","","","NA"
"-79.80","43.30","BURLINGTON PIERS (AUT)","6151061","2024-04-15 20:00","2024","04","15","20:00","","14.3","","","M","","M","","","31","","9","","","","100.76","","","","","","NA"
"-79.80","43.30","BURLINGTON PIERS (AUT)","6151061","2024-04-15 21:00","2024","04","15","21:00","","13.9","","","M","","M","","","30","","4","","","","100.83","","","","","","NA"
"-79.80","43.30","BURLINGTON PIERS (AUT)","6151061","2024-04-15 22:00","2024","04","15","22:00","","13.4","","","M","","M","","","30","","6","","","","100.86","","","","","","NA"
"-79.80","43.30","BURLINGTON PIERS (AUT)","6151061","2024-04-15 23:00","2024","04","15","23:00","","11.8","","","M","","M","","","23","","4","","","","100.92","","","","","","NA"
"-79.80","43.30","BURLINGTON PIERS (AUT)","6151061","2024-04-16 00:00","2024","04","16","00:00","","12.7","","","M","","M","","","31","","10","","","","100.95","","","","","","NA"
"-79.80","43.30","BURLINGTON PIERS (AUT)","6151061","2024-04-16 01:00","2024","04","16","01:00","","11.9","","","M","","M","","","33","","12","","","","100.97","","","","","","NA"
"-79.80","43.30","BURLINGTON PIERS (AUT)","6151061","2024-04-16 02:00","2024","04","16","02:00","","12.0","","","M","","M","","","23","","6","","","","101.02","","","","","","NA"
"-79.80","43.30","BURLINGTON PIERS (AUT)","6151061","2024-04-16 03:00","2024","04","16","03:00","","11.5","","","M","","M","","","27","","8","","","","101.03","","","","","","NA"
"-79.80","43.30","BURLINGTON PIERS (AUT)","6151061","2024-04-16 04:00","2024","04","16","04:00","","10.5","","","M","","M","","","28","","10","","","","101.06","","","","","","NA"
"-79.80","43.30","BURLINGTON PIERS (AUT)","6151061","2024-04-16 05:00","2024","04","16","05:00","","9.5","","","M","","M","","","24","","7","","","","101.13","","","","","","NA"
"-79.80","43.30","BURLINGTON PIERS (AUT)","6151061","2024-04-16 06:00","2024","04","16","06:00","","8.9","","","M","","M","","","23","","4","","","","101.22","","","","","","NA"
"-79.80","43.30","BURLINGTON PIERS (AUT)","6151061","2024-04-16 07:00","2024","04","16","07:00","","9.2","","","M","","M","","","23","","6","","","","101.30","","","","","","NA"
"-79.80","43.30","BURLINGTON PIERS (AUT)","6151061","2024-04-16 08:00","2024","04","16","08:00","","10.0","","","M","","M","","","22","","5","","","","101.29","","","","","","NA"
"-79.80","43.30","BURLINGTON PIERS (AUT)","6151061","2024-04-16 09:00","2024","04","16","09:00","","9.8","","","M","","M","","","12","","8","","","","101.34","","","","","","NA"
"-79.80","43.30","BURLINGTON PIERS (AUT)","6151061","2024-04-16 10:00","2024","04","16","10:00","","9.4","","","M","","M","","","10","","11","","","","101.37","","","","","","NA"
"-79.80","43.30","BURLINGTON PIERS (AUT)","6151061","2024-04-16 11:00","2024","04","16","11:00","","8.7","","","M","","M","","","8","","15","","","","101.36","","","","","","NA"
"-79.80","43.30","BURLINGTON PIERS (AUT)","6151061","2024-04-16 12:00","2024","04","16","12:00","","7.6","","","M","","M","","","10","","8","","","","101.32","","","","","","NA"
"-79.80","43.30","BURLINGTON PIERS (AUT)","6151061","2024-04-16 13:00","2024","04","16","13:00","","7.6","","","M","","M","","","6","","8","","","","101.33","","","","","","NA"
"-79.80","43.30","BURLINGTON PIERS (AUT)","6151061","2024-04-16 14:00","2024","04","16","14:00","","7.7","","","M","","M","","","9","","8","","","","101.29","","","","","","NA"
"-79.80","43.30","BURLINGTON PIERS (AUT)","6151061","2024-04-16 15:00","2024","04","16","15:00","","8.4","","","M","","M","","","5","","5","","","","101.23","","","","","","NA"
"-79.80","43.30","BURLINGTON PIERS (AUT)","6151061","2024-04-16 16:00","2024","04","16","16:00","","8.7","","","M","","M","","","2","","8","","","","101.20","","","","","","NA"
"-79.80","43.30","BURLINGTON PIERS (AUT)","6151061","2024-04-16 17:00","2024","04","16","17:00","","8.6","","","M","","M","","","2","","8","","","","101.12","","","","","","NA"
"-79.80","43.30","BURLINGTON PIERS (AUT)","6151061","2024-04-16 18:00","2024","04","16","18:00","","8.9","","","M","","M","","","3","","18","","","","101.12","","","","","","NA"
"-79.80","43.30","BURLINGTON PIERS (AUT)","6151061","2024-04-16 19:00","2024","04","16","19:00","","9.2","","","M","","M","","","2","","17","","","","101.11","","","","","","NA"
"-79.80","43.30","BURLINGTON PIERS (AUT)","6151061","2024-04-16 20:00","2024","04","16","20:00","","10.3","","","M","","M","","","3","","19","","","","101.17","","","","","","NA"
"-79.80","43.30","BURLINGTON PIERS (AUT)","6151061","2024-04-16 21:00","2024","04","16","21:00","","8.8","","","M","","M","","","3","","19","","","","101.18","","","","","","NA"
"-79.80","43.30","BURLINGTON PIERS (AUT)","6151061","2024-04-16 22:00","2024","04","16","22:00","","8.7","","","M","","M","","","3","","22","","","","101.12","","","","","","NA"
"-79.80","43.30","BURLINGTON PIERS (AUT)","6151061","2024-04-16 23:00","2024","04","16","23:00","","7.6","","","M","","M","","","5","","13","","","","101.11","","","","","","NA"
"-79.80","43.30","BURLINGTON PIERS (AUT)","6151061","2024-04-17 00:00","2024","04","17","00:00","","7.6","","","M","","M","","","11","","9","","","","101.07","","","","","","NA"
"-79.80","43.30","BURLINGTON PIERS (AUT)","6151061","2024-04-17 01:00","2024","04","17","01:00","","7.0","","","M","","M","","","8","","7","","","","101.01","","","","","","NA"
"-79.80","43.30","BURLINGTON PIERS (AUT)","6151061","2024-04-17 02:00","2024","04","17","02:00","","7.4","","","M","","M","","","3","","22","","","","100.86","","","","","","NA"
"-79.80","43.30","BURLINGTON PIERS (AUT)","6151061","2024-04-17 03:00","2024","04","17","03:00","","6.9","","","M","","M","","","3","","30","","","","100.86","","","","","","NA"
"-79.80","43.30","BURLINGTON PIERS (AUT)","6151061","2024-04-17 04:00","2024","04","17","04:00","","7.6","","","M","","M","","","4","","37","","","","100.76","","","","","","NA"
"-79.80","43.30","BURLINGTON PIERS (AUT)","6151061","2024-04-17 05:00","2024","04","17","05:00","","7.8","","","M","","M","","","2","","32","","","","100.92","","","","","","NA"
"-79.80","43.30","BURLINGTON PIERS (AUT)","6151061","2024-04-17 06:00","2024","04","17","06:00","","5.8","","","M","","M","","","3","","41","","","","100.83","","","","","","NA"
"-79.80","43.30","BURLINGTON PIERS (AUT)","6151061","2024-04-17 07:00","2024","04","17","07:00","","5.5","","","M","","M","","","4","","37","","","","100.84","","","","","","NA"
"-79.80","43.30","BURLINGTON PIERS (AUT)","6151061","2024-04-17 08:00","2024","04","17","08:00","","5.1","","","M","","M","","","4","","29","","","","100.88","","","","","","NA"
"-79.80","43.30","BURLINGTON PIERS (AUT)","6151061","2024-04-17 09:00","2024","04","17","09:00","","4.9","","3.1","","88","","","","4","","36","","","","100.74","","","","","","NA"
"-79.80","43.30","BURLINGTON PIERS (AUT)","6151061","2024-04-17 10:00","2024","04","17","10:00","","4.8","","3.3","","90","","","","4","","37","","","","100.66","","","","","","NA"
"-79.80","43.30","BURLINGTON PIERS (AUT)","6151061","2024-04-17 11:00","2024","04","17","11:00","","4.7","","3.6","","92","","","","4","","34","","","","100.60","","","","","","NA"
"-79.80","43.30","BURLINGTON PIERS (AUT)","6151061","2024-04-17 12:00","2024","04","17","12:00","","4.8","","3.8","","93","","","","3","","35","","","","100.45","","","","","","NA"
"-79.80","43.30","BURLINGTON PIERS (AUT)","6151061","2024-04-17 13:00","2024","04","17","13:00","","5.0","","3.9","","93","","","","3","","38","","","","100.35","","","","","","NA"
"-79.80","43.30","BURLINGTON PIERS (AUT)","6151061","2024-04-17 14:00","2024","04","17","14:00","","5.2","","3.9","","91","","","","3","","37","","","","100.28","","","","","","NA"
"-79.80","43.30","BURLINGTON PIERS (AUT)","6151061","2024-04-17 15:00","2024","04","17","15:00","","5.2","","4.4","","95","","","","3","","39","","","","100.14","","","","","","NA"
"-79.80","43.30","BURLINGTON PIERS (AUT)","6151061","2024-04-17 16:00","2024","04","17","16:00","","5.8","","4.7","","92","","","","2","","37","","","","100.10","","","","","","NA"
"-79.80","43.30","BURLINGTON PIERS (AUT)","6151061","2024-04-17 17:00","2024","04","17","17:00","","5.8","","4.6","","92","","","","3","","36","","","","100.07","","","","","","NA"
"-79.80","43.30","BURLINGTON PIERS (AUT)","6151061","2024-04-17 18:00","2024","04","17","18:00","","5.9","","4.9","","93","","","","2","","38","","","","100.00","","","","","","NA"
"-79.80","43.30","BURLINGTON PIERS (AUT)","6151061","2024-04-17 19:00","2024","04","17","19:00","","6.1","","4.9","","92","","","","3","","39","","","","99.93","","","","","","NA"
"-79.80","43.30","BURLINGTON PIERS (AUT)","6151061","2024-04-17 20:00","2024","04","17","20:00","","6.3","","4.7","","89","","","","3","","35","","","","99.93","","","","","","NA"
"-79.80","43.30","BURLINGTON PIERS (AUT)","6151061","2024-04-17 21:00","2024","04","17","21:00","","6.4","","5.1","","91","","","","2","","28","","","","99.94","","","","","","NA"
"-79.80","43.30","BURLINGTON PIERS (AUT)","6151061","2024-04-17 22:00","2024","04","17","22:00","","6.2","","4.9","","91","","","","2","","28","","","","99.97","","","","","","NA"
"-79.80","43.30","BURLINGTON PIERS (AUT)","6151061","2024-04-17 23:00","2024","04","17","23:00","","6.5","","5.3","","93","","","","34","","14","","","","100.03","","","","","","NA"
"-79.80","43.30","BURLINGTON PIERS (AUT)","6151061","2024-04-18 00:00","2024","04","18","00:00","","6.9","","5.7","","92","","","","30","","10","","","","100.05","","","","","","NA"
"-79.80","43.30","BURLINGTON PIERS (AUT)","6151061","2024-04-18 01:00","2024","04","18","01:00","","6.9","","5.7","","92","","","","28","","6","","","","100.08","","","","","","NA"
"-79.80","43.30","BURLINGTON PIERS (AUT)","6151061","2024-04-18 02:00","2024","04","18","02:00","","7.1","","5.9","","92","","","","26","","3","","","","100.10","","","","","","NA"
"-79.80","43.30","BURLINGTON PIERS (AUT)","6151061","2024-04-18 03:00","2024","04","18","03:00","","7.5","","6.2","","92","","","","23","","5","","","","100.15","","","","","","NA"
"-79.80","43.30","BURLINGTON PIERS (AUT)","6151061","2024-04-18 04:00","2024","04","18","04:00","","7.7","","6.4","","91","","","","22","","6","","","","100.17","","","","","","NA"
"-79.80","43.30","BURLINGTON PIERS (AUT)","6151061","2024-04-18 05:00","2024","04","18","05:00","","8.1","","6.7","","91","","","","24","","7","","","","100.21","","","","","","NA"
"-79.80","43.30","BURLINGTON PIERS (AUT)","6151061","2024-04-18 06:00","2024","04","18","06:00","","8.6","","7.4","","92","","","","22","","6","","","","100.26","","","","","","NA"
"-79.80","43.30","BURLINGTON PIERS (AUT)","6151061","2024-04-18 07:00","2024","04","18","07:00","","8.9","","7.5","","91","","","","24","","3","","","","100.35","","","","","","NA"
"-79.80","43.30","BURLINGTON PIERS (AUT)","6151061","2024-04-18 08:00","2024","04","18","08:00","","10.7","","8.5","","86","","","","24","","7","","","","100.47","","","","","","NA"
"-79.80","43.30","BURLINGTON PIERS (AUT)","6151061","2024-04-18 09:00","2024","04","18","09:00","","11.7","","8.2","","79","","","","27","","7","","","","100.50","","","","","","NA"
"-79.80","43.30","BURLINGTON PIERS (AUT)","6151061","2024-04-18 10:00","2024","04","18","10:00","","11.6","","7.8","","78","","","","23","","10","","","","100.67","","","","","","NA"
"-79.80","43.30","BURLINGTON PIERS (AUT)","6151061","2024-04-18 11:00","2024","04","18","11:00","","12.1","","7.4","","73","","","","26","","5","","","","100.68","","","","","","NA"
"-79.80","43.30","BURLINGTON PIERS (AUT)","6151061","2024-04-18 12:00","2024","04","18","12:00","","12.0","","6.5","","69","","","","25","","13","","","","100.69","","","","","","NA"
"-79.80","43.30","BURLINGTON PIERS (AUT)","6151061","2024-04-18 13:00","2024","04","18","13:00","","12.2","","6.4","","67","","","","25","","13","","","","100.73","","","","","","NA"
"-79.80","43.30","BURLINGTON PIERS (AUT)","6151061","2024-04-18 14:00","2024","04","18","14:00","","12.3","","6.2","","66","","","","26","","8","","","","100.77","","","","","","NA"
"-79.80","43.30","BURLINGTON PIERS (AUT)","6151061","2024-04-18 15:00","2024","04","18","15:00","","11.9","","6.5","","69","","","","28","","12","","","","100.80","","","","","","NA"
"-79.80","43.30","BURLINGTON PIERS (AUT)","6151061","2024-04-18 16:00","2024","04","18","16:00","","11.8","","6.1","","68","","","","25","","8","","","","100.85","","","","","","NA"
"-79.80","43.30","BURLINGTON PIERS (AUT)","6151061","2024-04-18 17:00","2024","04","18","17:00","","12.0","","6.0","","67","","","","26","","7","","","","100.86","","","","","","NA"
"-79.80","43.30","BURLINGTON PIERS (AUT)","6151061","2024-04-18 18:00","2024","04","18","18:00","","12.1","","6.0","","66","","","","24","","6","","","","100.84","","","","","","NA"
"-79.80","43.30","BURLINGTON PIERS (AUT)","6151061","2024-04-18 19:00","2024","04","18","19:00","","11.8","","6.0","","68","","","","","","0","","","","100.79","","","","","","NA"
"-79.80","43.30","BURLINGTON PIERS (AUT)","6151061","2024-04-18 20:00","2024","04","18","20:00","","7.9","","5.6","","85","","","","9","","14","","","","100.70","","","","","","NA"
"-79.80","43.30","BURLINGTON PIERS (AUT)","6151061","2024-04-18 21:00","2024","04","18","21:00","","8.6","","5.9","","83","","","","","","0","","","","100.84","","","","","","NA"
"-79.80","43.30","BURLINGTON PIERS (AUT)","6151061","2024-04-18 22:00","2024","04","18","22:00","","7.9","","6.1","","88","","","","3","","4","","","","100.78","","","","","","NA"
"-79.80","43.30","BURLINGTON PIERS (AUT)","6151061","2024-04-18 23:00","2024","04","18","23:00","","8.0","","6.0","","87","","","","3","","11","","","","100.72","","","","","","NA"
"-79.80","43.30","BURLINGTON PIERS (AUT)","6151061","2024-04-19 00:00","2024","04","19","00:00","","7.5","","6.0","","90","","","","2","","10","","","","100.70","","","","","","NA"
"-79.80","43.30","BURLINGTON PIERS (AUT)","6151061","2024-04-19 01:00","2024","04","19","01:00","","7.2","","6.1","","93","","","","1","","9","","","","100.61","","","","","","NA"
"-79.80","43.30","BURLINGTON PIERS (AUT)","6151061","2024-04-19 02:00","2024","04","19","02:00","","7.4","","6.0","","91","","","","3","","12","","","","100.51","","","","","","NA"
"-79.80","43.30","BURLINGTON PIERS (AUT)","6151061","2024-04-19 03:00","2024","04","19","03:00","","7.1","","6.0","","93","","","","3","","12","","","","100.44","","","","","","NA"
"-79.80","43.30","BURLINGTON PIERS (AUT)","6151061","2024-04-19 04:00","2024","04","19","04:00","","7.4","","5.9","","90","","","","3","","16","","","","100.36","","","","","","NA"
"-79.80","43.30","BURLINGTON PIERS (AUT)","6151061","2024-04-19 05:00","2024","04","19","05:00","","7.1","","6.1","","93","","","","2","","15","","","","100.26","","","","","","NA"
"-79.80","43.30","BURLINGTON PIERS (AUT)","6151061","2024-04-19 06:00","2024","04","19","06:00","","8.3","","6.0","","85","","","","30","","7","","","","100.38","","","","","","NA"
"-79.80","43.30","BURLINGTON PIERS (AUT)","6151061","2024-04-19 07:00","2024","04","19","07:00","","7.2","","5.9","","91","","","","4","","10","","","","100.23","","","","","","NA"
"-79.80","43.30","BURLINGTON PIERS (AUT)","6151061","2024-04-19 08:00","2024","04","19","08:00","","6.8","","5.8","","93","","","","3","","19","","","","100.09","","","","","","NA"
"-79.80","43.30","BURLINGTON PIERS (AUT)","6151061","2024-04-19 09:00","2024","04","19","09:00","","6.4","","5.5","","94","","","","4","","10","","","","100.03","","","","","","NA"
"-79.80","43.30","BURLINGTON PIERS (AUT)","6151061","2024-04-19 10:00","2024","04","19","10:00","","6.3","","5.6","","95","","","","1","","11","","","","100.00","","","","","","NA"
"-79.80","43.30","BURLINGTON PIERS (AUT)","6151061","2024-04-19 11:00","2024","04","19","11:00","","8.1","","7.1","","93","","","","25","","3","","","","100.05","","","","","","NA"
"-79.80","43.30","BURLINGTON PIERS (AUT)","6151061","2024-04-19 12:00","2024","04","19","12:00","","12.4","","9.0","","79","","","","25","","13","","","","100.03","","","","","","NA"
"-79.80","43.30","BURLINGTON PIERS (AUT)","6151061","2024-04-19 13:00","2024","04","19","13:00","","14.0","","8.2","","68","","","","27","","19","","","","100.06","","","","","","NA"
"-79.80","43.30","BURLINGTON PIERS (AUT)","6151061","2024-04-19 14:00","2024","04","19","14:00","","13.5","","6.1","","61","","","","25","","18","","","","100.18","","","","","","NA"
"-79.80","43.30","BURLINGTON PIERS (AUT)","6151061","2024-04-19 15:00","2024","04","19","15:00","","14.1","","3.4","","49","","","","26","","18","","","","100.21","","","","","","NA"
"-79.80","43.30","BURLINGTON PIERS (AUT)","6151061","2024-04-19 16:00","2024","04","19","16:00","","14.7","","3.0","","45","","","","25","","14","","","","100.27","","","","","","NA"
"-79.80","43.30","BURLINGTON PIERS (AUT)","6151061","2024-04-19 17:00","2024","04","19","17:00","","14.4","","1.9","","43","","","","25","","14","","","","100.31","","","","","","NA"
"-79.80","43.30","BURLINGTON PIERS (AUT)","6151061","2024-04-19 18:00","2024","04","19","18:00","","14.1","","2.0","","44","","","","27","","14","","","","100.32","","","","","","NA"
"-79.80","43.30","BURLINGTON PIERS (AUT)","6151061","2024-04-19 19:00","2024","04","19","19:00","","13.5","","0.3","","40","","","","25","","15","","","","100.37","","","","","","NA"
"-79.80","43.30","BURLINGTON PIERS (AUT)","6151061","2024-04-19 20:00","2024","04","19","20:00","","12.3","","0.1","","43","","","","25","","8","","","","100.45","","","","","","NA"
"-79.80","43.30","BURLINGTON PIERS (AUT)","6151061","2024-04-19 21:00","2024","04","19","21:00","","11.2","","1.0","","49","","","","28","","9","","","","100.53","","","","","","NA"
"-79.80","43.30","BURLINGTON PIERS (AUT)","6151061","2024-04-19 22:00","2024","04","19","22:00","","10.0","","-1.0","","46","","","","25","","7","","","","100.59","","","","","","NA"
"-79.80","43.30","BURLINGTON PIERS (AUT)","6151061","2024-04-19 23:00","2024","04","19","23:00","","9.4","","-1.7","","46","","","","26","","9","","","","100.60","","","","","","NA"
"-79.80","43.30","BURLINGTON PIERS (AUT)","6151061","2024-04-20 00:00","2024","04","20","00:00","","8.6","","-2.1","","47","","","","26","","7","","","","100.63","","","","","","NA"
"-79.80","43.30","BURLINGTON PIERS (AUT)","6151061","2024-04-20 01:00","2024","04","20","01:00","","8.3","","-2.3","","47","","","","25","","9","","","","100.61","","","","","","NA"
"-79.80","43.30","BURLINGTON PIERS (AUT)","6151061","2024-04-20 02:00","2024","04","20","02:00","","8.1","","-1.3","","52","","","","19","","9","","","","100.54","","","","","","NA"
"-79.80","43.30","BURLINGTON PIERS (AUT)","6151061","2024-04-20 03:00","2024","04","20","03:00","","8.0","","-1.7","","50","","","","20","","8","","","","100.50","","","","","","NA"
"-79.80","43.30","BURLINGTON PIERS (AUT)","6151061","2024-04-20 04:00","2024","04","20","04:00","","8.1","","-0.7","","54","","","","21","","10","","","","100.45","","","","","","NA"
"-79.80","43.30","BURLINGTON PIERS (AUT)","6151061","2024-04-20 05:00","2024","04","20","05:00","","8.6","","-1.3","","50","","","","19","","14","","","","100.35","","","","","","NA"
"-79.80","43.30","BURLINGTON PIERS (AUT)","6151061","2024-04-20 06:00","2024","04","20","06:00","","8.8","","-0.6","","52","","","","23","","12","","","","100.39","","","","","","NA"
"-79.80","43.30","BURLINGTON PIERS (AUT)","6151061","2024-04-20 07:00","2024","04","20","07:00","","6.3","","-0.1","","64","","","","29","","28","","","","100.51","","","","","","NA"
"-79.80","43.30","BURLINGTON PIERS (AUT)","6151061","2024-04-20 08:00","2024","04","20","08:00","","5.4","","-3.9","","51","","","","28","","28","","","","100.56","","","","","","NA"
"-79.80","43.30","BURLINGTON PIERS (AUT)","6151061","2024-04-20 09:00","2024","04","20","09:00","","6.1","","-2.8","","53","","","","28","","15","","","","100.59","","","","","","NA"
"-79.80","43.30","BURLINGTON PIERS (AUT)","6151061","2024-04-20 10:00","2024","04","20","10:00","","6.3","","-5.4","","43","","","","25","","15","","","","100.64","","","","","","NA"
"-79.80","43.30","BURLINGTON PIERS (AUT)","6151061","2024-04-20 11:00","2024","04","20","11:00","","5.9","","-4.4","","48","","","","27","","20","","","","100.72","","","","","","NA"
"-79.80","43.30","BURLINGTON PIERS (AUT)","6151061","2024-04-20 12:00","2024","04","20","12:00","","5.4","","-1.6","","61","","","","26","","18","","","","100.77","","","","","","NA"
"-79.80","43.30","BURLINGTON PIERS (AUT)","6151061","2024-04-20 13:00","2024","04","20","13:00","","6.2","","-1.7","","57","","","","25","","15","","","","100.77","","","","","","NA"
"-79.80","43.30","BURLINGTON PIERS (AUT)","6151061","2024-04-20 14:00","2024","04","20","14:00","","6.6","","-2.9","","51","","","","26","","18","","","","100.80","","","","","","NA"
"-79.80","43.30","BURLINGTON PIERS (AUT)","6151061","2024-04-20 15:00","2024","04","20","15:00","","7.1","","-4.6","","43","","","","26","","18","","","","100.84","","","","","","NA"
"-79.80","43.30","BURLINGTON PIERS (AUT)","6151061","2024-04-20 16:00","2024","04","20","16:00","","7.1","","-3.6","","47","","","","27","","15","","","","100.84","","","","","","NA"
"-79.80","43.30","BURLINGTON PIERS (AUT)","6151061","2024-04-20 17:00","2024","04","20","17:00","","6.7","","-3.4","","48","","","","28","","20","","","","100.89","","","","","","NA"
"-79.80","43.30","BURLINGTON PIERS (AUT)","6151061","2024-04-20 18:00","2024","04","20","18:00","","6.7","","-3.2","","49","","","","27","","17","","","","100.93","","","","","","NA"
"-79.80","43.30","BURLINGTON PIERS (AUT)","6151061","2024-04-20 19:00","2024","04","20","19:00","","6.5","","-3.0","","50","","","","25","","13","","","","100.93","","","","","","NA"
"-79.80","43.30","BURLINGTON PIERS (AUT)","6151061","2024-04-20 20:00","2024","04","20","20:00","","6.1","","-3.4","","51","","","","25","","12","","","","100.95","","","","","","NA"
"-79.80","43.30","BURLINGTON PIERS (AUT)","6151061","2024-04-20 21:00","2024","04","20","21:00","","6.0","","-2.9","","53","","","","25","","9","","","","100.95","","","","","","NA"
"-79.80","43.30","BURLINGTON PIERS (AUT)","6151061","2024-04-20 22:00","2024","04","20","22:00","","6.0","","-2.4","","55","","","","24","","8","","","","100.93","","","","","","NA"
"-79.80","43.30","BURLINGTON PIERS (AUT)","6151061","2024-04-20 23:00","2024","04","20","23:00","","5.8","","-2.2","","56","","","","23","","7","","","","100.87","","","","","","NA"
"-79.80","43.30","BURLINGTON PIERS (AUT)","6151061","2024-04-21 00:00","2024","04","21","00:00","","6.1","","-2.1","","56","","","","24","","8","","","","100.84","","","","","","NA"
"-79.80","43.30","BURLINGTON PIERS (AUT)","6151061","2024-04-21 01:00","2024","04","21","01:00","","6.2","","-1.5","","58","","","","23","","10","","","","100.76","","","","","","NA"
"-79.80","43.30","BURLINGTON PIERS (AUT)","6151061","2024-04-21 02:00","2024","04","21","02:00","","5.9","","-1.8","","58","","","","25","","12","","","","100.70","","","","","","NA"
"-79.80","43.30","BURLINGTON PIERS (AUT)","6151061","2024-04-21 03:00","2024","04","21","03:00","","5.6","","-1.6","","60","","","","25","","10","","","","100.72","","","","","","NA"
"-79.80","43.30","BURLINGTON PIERS (AUT)","6151061","2024-04-21 04:00","2024","04","21","04:00","","5.4","","-1.3","","62","","","","25","","9","","","","100.75","","","","","","NA"
"-79.80","43.30","BURLINGTON PIERS (AUT)","6151061","2024-04-21 05:00","2024","04","21","05:00","","5.2","","-1.2","","63","","","","25","","7","","","","100.75","","","","","","NA"
"-79.80","43.30","BURLINGTON PIERS (AUT)","6151061","2024-04-21 06:00","2024","04","21","06:00","","5.1","","-1.4","","63","","","","27","","6","","","","100.79","","","","","","NA"
"-79.80","43.30","BURLINGTON PIERS (AUT)","6151061","2024-04-21 07:00","2024","04","21","07:00","","4.9","","-1.7","","62","","","","28","","10","","","","100.81","","","","","","NA"
"-79.80","43.30","BURLINGTON PIERS (AUT)","6151061","2024-04-21 08:00","2024","04","21","08:00","","5.1","","-2.5","","58","","","","26","","7","","","","100.78","","","","","","NA"
"-79.80","43.30","BURLINGTON PIERS (AUT)","6151061","2024-04-21 09:00","2024","04","21","09:00","","5.7","","-3.6","","51","","","","27","","11","","","","100.78","","","","","","NA"
"-79.80","43.30","BURLINGTON PIERS (AUT)","6151061","2024-04-21 10:00","2024","04","21","10:00","","6.1","","-5.5","","43","","","","25","","19","","","","100.79","","","","","","NA"
"-79.80","43.30","BURLINGTON PIERS (AUT)","6151061","2024-04-21 11:00","2024","04","21","11:00","","6.2","","-5.1","","44","","","","25","","17","","","","100.79","","","","","","NA"
"-79.80","43.30","BURLINGTON PIERS (AUT)","6151061","2024-04-21 12:00","2024","04","21","12:00","","7.4","","-5.6","","39","","","","25","","13","","","","100.69","","","","","","NA"
"-79.80","43.30","BURLINGTON PIERS (AUT)","6151061","2024-04-21 13:00","2024","04","21","13:00","","7.7","","-5.7","","38","","","","24","","18","","","","100.66","","","","","","NA"
"-79.80","43.30","BURLINGTON PIERS (AUT)","6151061","2024-04-21 14:00","2024","04","21","14:00","","8.3","","-3.9","","42","","","","26","","18","","","","100.65","","","","","","NA"
"-79.80","43.30","BURLINGTON PIERS (AUT)","6151061","2024-04-21 15:00","2024","04","21","15:00","","8.6","","-3.3","","43","","","","24","","16","","","","100.61","","","","","","NA"
"-79.80","43.30","BURLINGTON PIERS (AUT)","6151061","2024-04-21 16:00","2024","04","21","16:00","","9.2","","-4.2","","39","","","","25","","21","","","","100.57","","","","","","NA"
"-79.80","43.30","BURLINGTON PIERS (AUT)","6151061","2024-04-21 17:00","2024","04","21","17:00","","9.1","","-4.0","","40","","","","29","","22","","","","100.59","","","","","","NA"
"-79.80","43.30","BURLINGTON PIERS (AUT)","6151061","2024-04-21 18:00","2024","04","21","18:00","","9.5","","-3.9","","39","","","","27","","15","","","","100.60","","","","","","NA"
"-79.80","43.30","BURLINGTON PIERS (AUT)","6151061","2024-04-21 19:00","2024","04","21","19:00","","9.3","","-3.3","","41","","","","27","","11","","","","100.61","","","","","","NA"
"-79.80","43.30","BURLINGTON PIERS (AUT)","6151061","2024-04-21 20:00","2024","04","21","20:00","","9.1","","-2.2","","45","","","","24","","7","","","","100.66","","","","","","NA"
"-79.80","43.30","BURLINGTON PIERS (AUT)","6151061","2024-04-21 21:00","2024","04","21","21:00","","7.3","","0.7","","63","","","","22","","12","","","","100.71","","","","","","NA"
"-79.80","43.30","BURLINGTON PIERS (AUT)","6151061","2024-04-21 22:00","2024","04","21","22:00","","6.4","","0.7","","67","","","","24","","10","","","","100.72","","","","","","NA"
"-79.80","43.30","BURLINGTON PIERS (AUT)","6151061","2024-04-21 23:00","2024","04","21","23:00","","5.6","","0.5","","70","","","","25","","9","","","","100.75","","","","","","NA"
"-79.80","43.30","BURLINGTON PIERS (AUT)","6151061","2024-04-22 00:00","2024","04","22","00:00","","5.1","","0.7","","73","","","","25","","6","","","","100.77","","","","","","NA"
"-79.80","43.30","BURLINGTON PIERS (AUT)","6151061","2024-04-22 01:00","2024","04","22","01:00","","4.8","","0.3","","73","","","","26","","8","","","","100.78","","","","","","NA"
"-79.80","43.30","BURLINGTON PIERS (AUT)","6151061","2024-04-22 02:00","2024","04","22","02:00","","4.6","","-0.9","","67","","","","26","","7","","","","100.77","","","","","","NA"
"-79.80","43.30","BURLINGTON PIERS (AUT)","6151061","2024-04-22 03:00","2024","04","22","03:00","","4.2","","-4.1","","54","","","","28","","10","","","","100.81","","","","","","NA"
"-79.80","43.30","BURLINGTON PIERS (AUT)","6151061","2024-04-22 04:00","2024","04","22","04:00","","3.5","","-4.7","","55","","","","28","","11","","","","100.86","","","","","","NA"
"-79.80","43.30","BURLINGTON PIERS (AUT)","6151061","2024-04-22 05:00","2024","04","22","05:00","","2.9","","-4.3","","59","","","","27","","7","","","","100.90","","","","","","NA"
"-79.80","43.30","BURLINGTON PIERS (AUT)","6151061","2024-04-22 06:00","2024","04","22","06:00","","2.8","","-4.3","","60","","","","25","","8","","","","100.95","","","","","","NA"
"-79.80","43.30","BURLINGTON PIERS (AUT)","6151061","2024-04-22 07:00","2024","04","22","07:00","","3.6","","-3.2","","61","","","","23","","7","","","","101.04","","","","","","NA"
"-79.80","43.30","BURLINGTON PIERS (AUT)","6151061","2024-04-22 08:00","2024","04","22","08:00","","5.0","","-4.8","","49","","","","26","","7","","","","101.08","","","","","","NA"
"-79.80","43.30","BURLINGTON PIERS (AUT)","6151061","2024-04-22 09:00","2024","04","22","09:00","","5.9","","-5.8","","43","","","","24","","10","","","","101.09","","","","","","NA"
"-79.80","43.30","BURLINGTON PIERS (AUT)","6151061","2024-04-22 10:00","2024","04","22","10:00","","7.0","","-5.2","","41","","","","17","","8","","","","101.07","","","","","","NA"
"-79.80","43.30","BURLINGTON PIERS (AUT)","6151061","2024-04-22 11:00","2024","04","22","11:00","","6.5","","-1.4","","57","","","","10","","14","","","","101.06","","","","","","NA"
"-79.80","43.30","BURLINGTON PIERS (AUT)","6151061","2024-04-22 12:00","2024","04","22","12:00","","8.2","","-3.4","","44","","","","11","","17","","","","101.00","","","","","","NA"
"-79.80","43.30","BURLINGTON PIERS (AUT)","6151061","2024-04-22 13:00","2024","04","22","13:00","","8.7","","-1.6","","48","","","","11","","14","","","","100.97","","","","","","NA"
"-79.80","43.30","BURLINGTON PIERS (AUT)","6151061","2024-04-22 14:00","2024","04","22","14:00","","12.6","","-3.7","","32","","","","10","","8","","","","100.91","","","","","","NA"
"-79.80","43.30","BURLINGTON PIERS (AUT)","6151061","2024-04-22 15:00","2024","04","22","15:00","","12.9","","-2.2","","35","","","","20","","19","","","","100.85","","","","","","NA"
"-79.80","43.30","BURLINGTON PIERS (AUT)","6151061","2024-04-22 16:00","2024","04","22","16:00","","13.4","","-2.0","","34","","","","18","","21","","","","100.79","","","","","","NA"
"-79.80","43.30","BURLINGTON PIERS (AUT)","6151061","2024-04-22 17:00","2024","04","22","17:00","","13.3","","-1.0","","37","","","","21","","10","","","","100.77","","","","","","NA"
"-79.80","43.30","BURLINGTON PIERS (AUT)","6151061","2024-04-22 18:00","2024","04","22","18:00","","13.1","","-0.9","","38","","","","22","","10","","","","100.75","","","","","","NA"
"-79.80","43.30","BURLINGTON PIERS (AUT)","6151061","2024-04-22 19:00","2024","04","22","19:00","","12.9","","0.9","","44","","","","20","","11","","","","100.69","","","","","","NA"
"-79.80","43.30","BURLINGTON PIERS (AUT)","6151061","2024-04-22 20:00","2024","04","22","20:00","","11.7","","1.4","","49","","","","17","","16","","","","100.68","","","","","","NA"
"-79.80","43.30","BURLINGTON PIERS (AUT)","6151061","2024-04-22 21:00","2024","04","22","21:00","","10.0","","1.5","","56","","","","19","","11","","","","100.68","","","","","","NA"
"-79.80","43.30","BURLINGTON PIERS (AUT)","6151061","2024-04-22 22:00","2024","04","22","22:00","","9.8","","2.0","","58","","","","21","","6","","","","100.64","","","","","","NA"
"-79.80","43.30","BURLINGTON PIERS (AUT)","6151061","2024-04-22 23:00","2024","04","22","23:00","","9.4","","0.7","","55","","","","18","","14","","","","100.63","","","","","","NA"
"-79.80","43.30","BURLINGTON PIERS (AUT)","6151061","2024-04-23 00:00","2024","04","23","00:00","","9.6","","0.7","","54","","","","20","","19","","","","100.62","","","","","","NA"
"-79.80","43.30","BURLINGTON PIERS (AUT)","6151061","2024-04-23 01:00","2024","04","23","01:00","","9.5","","1.2","","56","","","","22","","7","","","","100.57","","","","","","NA"
"-79.80","43.30","BURLINGTON PIERS (AUT)","6151061","2024-04-23 02:00","2024","04","23","02:00","","9.8","","1.1","","54","","","","22","","5","","","","100.51","","","","","","NA"
"-79.80","43.30","BURLINGTON PIERS (AUT)","6151061","2024-04-23 03:00","2024","04","23","03:00","","10.0","","0.5","","52","","","","21","","8","","","","100.48","","","","","","NA"
"-79.80","43.30","BURLINGTON PIERS (AUT)","6151061","2024-04-23 04:00","2024","04","23","04:00","","10.2","","2.0","","57","","","","22","","11","","","","100.44","","","","","","NA"
"-79.80","43.30","BURLINGTON PIERS (AUT)","6151061","2024-04-23 05:00","2024","04","23","05:00","","10.0","","1.8","","57","","","","22","","9","","","","100.39","","","","","","NA"
"-79.80","43.30","BURLINGTON PIERS (AUT)","6151061","2024-04-23 06:00","2024","04","23","06:00","","10.1","","1.7","","56","","","","22","","13","","","","100.38","","","","","","NA"
"-79.80","43.30","BURLINGTON PIERS (AUT)","6151061","2024-04-23 07:00","2024","04","23","07:00","","11.2","","0.9","","49","","","","19","","26","","","","100.29","","","","","","NA"
"-79.80","43.30","BURLINGTON PIERS (AUT)","6151061","2024-04-23 08:00","2024","04","23","08:00","","11.9","","3.1","","55","","","","19","","24","","","","100.26","","","","","","NA"
"-79.80","43.30","BURLINGTON PIERS (AUT)","6151061","2024-04-23 09:00","2024","04","23","09:00","","13.0","","2.7","","50","","","","19","","22","","","","100.17","","","","","","NA"
"-79.80","43.30","BURLINGTON PIERS (AUT)","6151061","2024-04-23 10:00","2024","04","23","10:00","","14.4","","1.6","","42","","","","19","","25","","","","100.07","","","","","","NA"
"-79.80","43.30","BURLINGTON PIERS (AUT)","6151061","2024-04-23 11:00","2024","04","23","11:00","","15.0","","2.3","","42","","","","18","","28","","","","99.97","","","","","","NA"
"-79.80","43.30","BURLINGTON PIERS (AUT)","6151061","2024-04-23 12:00","2024","04","23","12:00","","15.7","","2.3","","40","","","","19","","27","","","","99.91","","","","","","NA"
"-79.80","43.30","BURLINGTON PIERS (AUT)","6151061","2024-04-23 13:00","2024","04","23","13:00","","16.8","","1.3","","35","","","","20","","32","","","","99.85","","","","","","NA"
"-79.80","43.30","BURLINGTON PIERS (AUT)","6151061","2024-04-23 14:00","2024","04","23","14:00","","15.9","","3.0","","42","","","","21","","27","","","","99.89","","","","","","NA"
"-79.80","43.30","BURLINGTON PIERS (AUT)","6151061","2024-04-23 15:00","2024","04","23","15:00","","14.8","","4.8","","51","","","","20","","33","","","","99.86","","","","","","NA"
"-79.80","43.30","BURLINGTON PIERS (AUT)","6151061","2024-04-23 16:00","2024","04","23","16:00","","14.4","","5.5","","55","","","","21","","28","","","","99.79","","","","","","NA"
"-79.80","43.30","BURLINGTON PIERS (AUT)","6151061","2024-04-23 17:00","2024","04","23","17:00","","12.3","","7.4","","72","","","","19","","39","","","","99.78","","","","","","NA"
"-79.80","43.30","BURLINGTON PIERS (AUT)","6151061","2024-04-23 18:00","2024","04","23","18:00","","11.9","","8.1","","77","","","","18","","38","","","","99.79","","","","","","NA"
"-79.80","43.30","BURLINGTON PIERS (AUT)","6151061","2024-04-23 19:00","2024","04","23","19:00","","11.3","","8.1","","80","","","","21","","25","","","","99.86","","","","","","NA"
"-79.80","43.30","BURLINGTON PIERS (AUT)","6151061","2024-04-23 20:00","2024","04","23","20:00","","11.1","","7.9","","80","","","","23","","17","","","","99.93","","","","","","NA"
"-79.80","43.30","BURLINGTON PIERS (AUT)","6151061","2024-04-23 21:00","2024","04","23","21:00","","11.0","","7.7","","80","","","","22","","19","","","","99.94","","","","","","NA"
"-79.80","43.30","BURLINGTON PIERS (AUT)","6151061","2024-04-23 22:00","2024","04","23","22:00","","11.1","","7.3","","77","","","","24","","13","","","","99.99","","","","","","NA"
"-79.80","43.30","BURLINGTON PIERS (AUT)","6151061","2024-04-23 23:00","2024","04","23","23:00","","10.7","","7.1","","78","","","","23","","12","","","","99.98","","","","","","NA"
"-79.80","43.30","BURLINGTON PIERS (AUT)","6151061","2024-04-24 00:00","2024","04","24","00:00","","10.8","","7.0","","78","","","","22","","18","","","","99.95","","","","","","NA"
"-79.80","43.30","BURLINGTON PIERS (AUT)","6151061","2024-04-24 01:00","2024","04","24","01:00","","10.4","","7.1","","80","","","","21","","15","","","","99.85","","","","","","NA"
"-79.80","43.30","BURLINGTON PIERS (AUT)","6151061","2024-04-24 02:00","2024","04","24","02:00","","9.6","","7.1","","84","","","","23","","14","","","","99.83","","","","","","NA"
"-79.80","43.30","BURLINGTON PIERS (AUT)","6151061","2024-04-24 03:00","2024","04","24","03:00","","9.1","","7.5","","89","","","","24","","16","","","","99.89","","","","","","NA"
"-79.80","43.30","BURLINGTON PIERS (AUT)","6151061","2024-04-24 04:00","2024","04","24","04:00","","8.9","","7.3","","90","","","","25","","12","","","","99.98","","","","","","NA"
"-79.80","43.30","BURLINGTON PIERS (AUT)","6151061","2024-04-24 05:00","2024","04","24","05:00","","8.8","","7.9","","94","","","","23","","10","","","","100.03","","","","","","NA"
"-79.80","43.30","BURLINGTON PIERS (AUT)","6151061","2024-04-24 06:00","2024","04","24","06:00","","9.0","","8.2","","94","","","","22","","8","","","","100.11","","","","","","NA"
"-79.80","43.30","BURLINGTON PIERS (AUT)","6151061","2024-04-24 07:00","2024","04","24","07:00","","9.1","","8.4","","96","","","","23","","6","","","","100.23","","","","","","NA"
"-79.80","43.30","BURLINGTON PIERS (AUT)","6151061","2024-04-24 08:00","2024","04","24","08:00","","9.4","","8.7","","95","","","","24","","4","","","","100.33","","","","","","NA"
"-79.80","43.30","BURLINGTON PIERS (AUT)","6151061","2024-04-24 09:00","2024","04","24","09:00","","6.1","","3.0","","80","","","","34","","38","","","","100.47","","","","","","NA"
"-79.80","43.30","BURLINGTON PIERS (AUT)","6151061","2024-04-24 10:00","2024","04","24","10:00","","5.3","","1.5","","76","","","","35","","34","","","","100.63","","","","","","NA"
"-79.80","43.30","BURLINGTON PIERS (AUT)","6151061","2024-04-24 11:00","2024","04","24","11:00","","4.7","","-0.4","","70","","","","35","","26","","","","100.82","","","","","","NA"
"-79.80","43.30","BURLINGTON PIERS (AUT)","6151061","2024-04-24 12:00","2024","04","24","12:00","","5.0","","-0.9","","66","","","","36","","27","","","","100.90","","","","","","NA"
"-79.80","43.30","BURLINGTON PIERS (AUT)","6151061","2024-04-24 13:00","2024","04","24","13:00","","5.4","","-0.4","","66","","","","33","","23","","","","101.01","","","","","","NA"
"-79.80","43.30","BURLINGTON PIERS (AUT)","6151061","2024-04-24 14:00","2024","04","24","14:00","","6.8","","-1.0","","57","","","","1","","16","","","","101.05","","","","","","NA"
"-79.80","43.30","BURLINGTON PIERS (AUT)","6151061","2024-04-24 15:00","2024","04","24","15:00","","5.6","","1.0","","73","","","","12","","14","","","","101.09","","","","","","NA"
"-79.80","43.30","BURLINGTON PIERS (AUT)","6151061","2024-04-24 16:00","2024","04","24","16:00","","6.3","","-0.5","","62","","","","12","","13","","","","101.15","","","","","","NA"
"-79.80","43.30","BURLINGTON PIERS (AUT)","6151061","2024-04-24 17:00","2024","04","24","17:00","","6.2","","-0.1","","64","","","","11","","10","","","","101.22","","","","","","NA"
"-79.80","43.30","BURLINGTON PIERS (AUT)","6151061","2024-04-24 18:00","2024","04","24","18:00","","6.6","","0.6","","66","","","","13","","8","","","","101.28","","","","","","NA"
"-79.80","43.30","BURLINGTON PIERS (AUT)","6151061","2024-04-24 19:00","2024","04","24","19:00","","6.7","","0.0","","62","","","","10","","4","","","","101.36","","","","","","NA"
"-79.80","43.30","BURLINGTON PIERS (AUT)","6151061","2024-04-24 20:00","2024","04","24","20:00","","6.9","","-2.9","","49","","","","2","","8","","","","101.45","","","","","","NA"
"-79.80","43.30","BURLINGTON PIERS (AUT)","6151061","2024-04-24 21:00","2024","04","24","21:00","","5.5","","-5.1","","46","","","","34","","21","","","","101.54","","","","","","NA"
"-79.80","43.30","BURLINGTON PIERS (AUT)","6151061","2024-04-24 22:00","2024","04","24","22:00","","4.2","","-6.1","","47","","","","35","","22","","","","101.57","","","","","","NA"
"-79.80","43.30","BURLINGTON PIERS (AUT)","6151061","2024-04-24 23:00","2024","04","24","23:00","","3.3","","-6.0","","50","","","","35","","19","","","","101.60","","","","","","NA"
"-79.80","43.30","BURLINGTON PIERS (AUT)","6151061","2024-04-25 00:00","2024","04","25","00:00","","3.0","","-6.0","","52","","","","34","","24","","","","101.63","","","","","","NA"
"-79.80","43.30","BURLINGTON PIERS (AUT)","6151061","2024-04-25 01:00","2024","04","25","01:00","","2.9","","-5.0","","56","","","","34","","23","","","","101.67","","","","","","NA"
"-79.80","43.30","BURLINGTON PIERS (AUT)","6151061","2024-04-25 02:00","2024","04","25","02:00","","2.5","","-4.9","","58","","","","35","","11","","","","101.70","","","","","","NA"
"-79.80","43.30","BURLINGTON PIERS (AUT)","6151061","2024-04-25 03:00","2024","04","25","03:00","","2.1","","-4.9","","60","","","","35","","13","","","","101.75","","","","","","NA"
"-79.80","43.30","BURLINGTON PIERS (AUT)","6151061","2024-04-25 04:00","2024","04","25","04:00","","2.1","","-4.5","","61","","","","34","","18","","","","101.78","","","","","","NA"
"-79.80","43.30","BURLINGTON PIERS (AUT)","6151061","2024-04-25 05:00","2024","04","25","05:00","","2.2","","-3.5","","66","","","","1","","17","","","","101.84","","","","","","NA"
"-79.80","43.30","BURLINGTON PIERS (AUT)","6151061","2024-04-25 06:00","2024","04","25","06:00","","3.9","","-4.0","","57","","","","8","","25","","","","101.92","","","","","","NA"
"-79.80","43.30","BURLINGTON PIERS (AUT)","6151061","2024-04-25 07:00","2024","04","25","07:00","","3.7","","-4.4","","56","","","","9","","22","","","","102.01","","","","","","NA"
"-79.80","43.30","BURLINGTON PIERS (AUT)","6151061","2024-04-25 08:00","2024","04","25","08:00","","3.7","","-4.2","","56","","","","9","","21","","","","102.07","","","","","","NA"
"-79.80","43.30","BURLINGTON PIERS (AUT)","6151061","2024-04-25 09:00","2024","04","25","09:00","","3.6","","-4.4","","56","","","","7","","19","","","","102.11","","","","","","NA"
"-79.80","43.30","BURLINGTON PIERS (AUT)","6151061","2024-04-25 10:00","2024","04","25","10:00","","3.3","","-2.3","","67","","","","5","","24","","","","102.13","","","","","","NA"
"-79.80","43.30","BURLINGTON PIERS (AUT)","6151061","2024-04-25 11:00","2024","04","25","11:00","","3.0","","-2.8","","65","","","","5","","24","","","","102.11","","","","","","NA"
"-79.80","43.30","BURLINGTON PIERS (AUT)","6151061","2024-04-25 12:00","2024","04","25","12:00","","3.1","","-2.6","","66","","","","5","","21","","","","102.10","","","","","","NA"
"-79.80","43.30","BURLINGTON PIERS (AUT)","6151061","2024-04-25 13:00","2024","04","25","13:00","","3.2","","-2.7","","65","","","","6","","19","","","","102.07","","","","","","NA"
"-79.80","43.30","BURLINGTON PIERS (AUT)","6151061","2024-04-25 14:00","2024","04","25","14:00","","3.5","","-2.0","","67","","","","6","","16","","","","102.03","","","","","","NA"
"-79.80","43.30","BURLINGTON PIERS (AUT)","6151061","2024-04-25 15:00","2024","04","25","15:00","","4.1","","-1.9","","65","","","","5","","14","","","","101.97","","","","","","NA"
"-79.80","43.30","BURLINGTON PIERS (AUT)","6151061","2024-04-25 16:00","2024","04","25","16:00","","5.1","","-3.0","","56","","","","5","","9","","","","101.92","","","","","","NA"
"-79.80","43.30","BURLINGTON PIERS (AUT)","6151061","2024-04-25 17:00","2024","04","25","17:00","","5.5","","-3.8","","51","","","","9","","9","","","","101.92","","","","","","NA"
"-79.80","43.30","BURLINGTON PIERS (AUT)","6151061","2024-04-25 18:00","2024","04","25","18:00","","5.6","","-3.9","","50","","","","9","","7","","","","101.89","","","","","","NA"
"-79.80","43.30","BURLINGTON PIERS (AUT)","6151061","2024-04-25 19:00","2024","04","25","19:00","","5.1","","-2.5","","58","","","","6","","8","","","","101.88","","","","","","NA"
"-79.80","43.30","BURLINGTON PIERS (AUT)","6151061","2024-04-25 20:00","2024","04","25","20:00","","4.8","","-1.7","","63","","","","4","","9","","","","101.87","","","","","","NA"
"-79.80","43.30","BURLINGTON PIERS (AUT)","6151061","2024-04-25 21:00","2024","04","25","21:00","","5.1","","-1.8","","61","","","","4","","11","","","","101.88","","","","","","NA"
"-79.80","43.30","BURLINGTON PIERS (AUT)","6151061","2024-04-25 22:00","2024","04","25","22:00","","5.0","","-2.3","","59","","","","36","","9","","","","101.92","","","","","","NA"
"-79.80","43.30","BURLINGTON PIERS (AUT)","6151061","2024-04-25 23:00","2024","04","25","23:00","","4.8","","-2.9","","58","","","","36","","7","","","","101.95","","","","","","NA"
"-79.80","43.30","BURLINGTON PIERS (AUT)","6151061","2024-04-26 00:00","2024","04","26","00:00","","4.5","","-2.0","","63","","","","35","","9","","","","101.99","","","","","","NA"
"-79.80","43.30","BURLINGTON PIERS (AUT)","6151061","2024-04-26 01:00","2024","04","26","01:00","","4.5","","-2.5","","60","","","","36","","9","","","","101.97","","","","","","NA"
"-79.80","43.30","BURLINGTON PIERS (AUT)","6151061","2024-04-26 02:00","2024","04","26","02:00","","3.9","","-2.0","","65","","","","1","","11","","","","101.97","","","","","","NA"
"-79.80","43.30","BURLINGTON PIERS (AUT)","6151061","2024-04-26 03:00","2024","04","26","03:00","","3.8","","-1.5","","68","","","","1","","8","","","","102.01","","","","","","NA"
"-79.80","43.30","BURLINGTON PIERS (AUT)","6151061","2024-04-26 04:00","2024","04","26","04:00","","3.7","","-0.8","","72","","","","36","","9","","","","102.03","","","","","","NA"
"-79.80","43.30","BURLINGTON PIERS (AUT)","6151061","2024-04-26 05:00","2024","04","26","05:00","","3.5","","0.1","","79","","","","1","","11","","","","102.02","","","","","","NA"
"-79.80","43.30","BURLINGTON PIERS (AUT)","6151061","2024-04-26 06:00","2024","04","26","06:00","","3.5","","0.4","","80","","","","1","","11","","","","102.01","","","","","","NA"
"-79.80","43.30","BURLINGTON PIERS (AUT)","6151061","2024-04-26 07:00","2024","04","26","07:00","","4.7","","2.3","","84","","","","4","","21","","","","102.05","","","","","","NA"
"-79.80","43.30","BURLINGTON PIERS (AUT)","6151061","2024-04-26 08:00","2024","04","26","08:00","","5.2","","1.2","","75","","","","4","","21","","","","102.08","","","","","","NA"
"-79.80","43.30","BURLINGTON PIERS (AUT)","6151061","2024-04-26 09:00","2024","04","26","09:00","","5.2","","0.4","","71","","","","3","","25","","","","102.08","","","","","","NA"
"-79.80","43.30","BURLINGTON PIERS (AUT)","6151061","2024-04-26 10:00","2024","04","26","10:00","","5.0","","0.4","","72","","","","4","","28","","","","102.03","","","","","","NA"
"-79.80","43.30","BURLINGTON PIERS (AUT)","6151061","2024-04-26 11:00","2024","04","26","11:00","","5.1","","0.6","","73","","","","3","","30","","","","102.05","","","","","","NA"
"-79.80","43.30","BURLINGTON PIERS (AUT)","6151061","2024-04-26 12:00","2024","04","26","12:00","","5.3","","1.2","","75","","","","3","","35","","","","102.05","","","","","","NA"
"-79.80","43.30","BURLINGTON PIERS (AUT)","6151061","2024-04-26 13:00","2024","04","26","13:00","","5.5","","2.0","","78","","","","4","","32","","","","102.03","","","","","","NA"
"-79.80","43.30","BURLINGTON PIERS (AUT)","6151061","2024-04-26 14:00","2024","04","26","14:00","","5.7","","1.8","","76","","","","4","","27","","","","101.93","","","","","","NA"
"-79.80","43.30","BURLINGTON PIERS (AUT)","6151061","2024-04-26 15:00","2024","04","26","15:00","","5.9","","1.3","","72","","","","4","","27","","","","101.83","","","","","","NA"
"-79.80","43.30","BURLINGTON PIERS (AUT)","6151061","2024-04-26 16:00","2024","04","26","16:00","","6.3","","1.1","","69","","","","4","","18","","","","101.79","","","","","","NA"
"-79.80","43.30","BURLINGTON PIERS (AUT)","6151061","2024-04-26 17:00","2024","04","26","17:00","","6.5","","0.7","","67","","","","3","","25","","","","101.76","","","","","","NA"
"-79.80","43.30","BURLINGTON PIERS (AUT)","6151061","2024-04-26 18:00","2024","04","26","18:00","","6.4","","1.2","","69","","","","3","","24","","","","101.70","","","","","","NA"
"-79.80","43.30","BURLINGTON PIERS (AUT)","6151061","2024-04-26 19:00","2024","04","26","19:00","","6.7","","1.4","","69","","","","3","","26","","","","101.63","","","","","","NA"
"-79.80","43.30","BURLINGTON PIERS (AUT)","6151061","2024-04-26 20:00","2024","04","26","20:00","","7.0","","1.4","","68","","","","2","","26","","","","101.56","","","","","","NA"
"-79.80","43.30","BURLINGTON PIERS (AUT)","6151061","2024-04-26 21:00","2024","04","26","21:00","","7.2","","1.2","","66","","","","2","","27","","","","101.54","","","","","","NA"
"-79.80","43.30","BURLINGTON PIERS (AUT)","6151061","2024-04-26 22:00","2024","04","26","22:00","","7.2","","1.4","","67","","","","2","","30","","","","101.45","","","","","","NA"
"-79.80","43.30","BURLINGTON PIERS (AUT)","6151061","2024-04-26 23:00","2024","04","26","23:00","","7.0","","2.0","","71","","","","2","","29","","","","101.39","","","","","","NA"
"-79.80","43.30","BURLINGTON PIERS (AUT)","6151061","2024-04-27 00:00","2024","04","27","00:00","","7.2","","2.1","","70","","","","2","","23","","","","101.43","","","","","","NA"
"-79.80","43.30","BURLINGTON PIERS (AUT)","6151061","2024-04-27 01:00","2024","04","27","01:00","","7.0","","3.0","","76","","","","2","","15","","","","101.38","","","","","","NA"
"-79.80","43.30","BURLINGTON PIERS (AUT)","6151061","2024-04-27 02:00","2024","04","27","02:00","","6.8","","2.3","","73","","","","36","","11","","","","101.36","","","","","","NA"
"-79.80","43.30","BURLINGTON PIERS (AUT)","6151061","2024-04-27 03:00","2024","04","27","03:00","","6.9","","2.6","","74","","","","1","","8","","","","101.37","","","","","","NA"
"-79.80","43.30","BURLINGTON PIERS (AUT)","6151061","2024-04-27 04:00","2024","04","27","04:00","","6.9","","3.2","","77","","","","1","","9","","","","101.33","","","","","","NA"
"-79.80","43.30","BURLINGTON PIERS (AUT)","6151061","2024-04-27 05:00","2024","04","27","05:00","","6.9","","4.6","","86","","","","3","","14","","","","101.31","","","","","","NA"
"-79.80","43.30","BURLINGTON PIERS (AUT)","6151061","2024-04-27 06:00","2024","04","27","06:00","","6.5","","4.8","","89","","","","3","","17","","","","101.26","","","","","","NA"
"-79.80","43.30","BURLINGTON PIERS (AUT)","6151061","2024-04-27 07:00","2024","04","27","07:00","","6.3","","4.9","","91","","","","3","","12","","","","101.25","","","","","","NA"
"-79.80","43.30","BURLINGTON PIERS (AUT)","6151061","2024-04-27 08:00","2024","04","27","08:00","","7.0","","5.3","","89","","","","3","","7","","","","101.31","","","","","","NA"
"-79.80","43.30","BURLINGTON PIERS (AUT)","6151061","2024-04-27 09:00","2024","04","27","09:00","","6.4","","5.2","","92","","","","3","","17","","","","101.17","","","","","","NA"
"-79.80","43.30","BURLINGTON PIERS (AUT)","6151061","2024-04-27 10:00","2024","04","27","10:00","","6.4","","5.4","","93","","","","4","","9","","","","101.20","","","","","","NA"
"-79.80","43.30","BURLINGTON PIERS (AUT)","6151061","2024-04-27 11:00","2024","04","27","11:00","","6.8","","5.7","","93","","","","3","","14","","","","101.08","","","","","","NA"
"-79.80","43.30","BURLINGTON PIERS (AUT)","6151061","2024-04-27 12:00","2024","04","27","12:00","","9.3","","8.4","","94","","","","3","","12","","","","101.03","","","","","","NA"
"-79.80","43.30","BURLINGTON PIERS (AUT)","6151061","2024-04-27 13:00","2024","04","27","13:00","","14.5","","10.9","","79","","","","17","","14","","","","100.95","","","","","","NA"
"-79.80","43.30","BURLINGTON PIERS (AUT)","6151061","2024-04-27 14:00","2024","04","27","14:00","","14.0","","12.6","","92","","","","17","","10","","","","100.92","","","","","","NA"
"-79.80","43.30","BURLINGTON PIERS (AUT)","6151061","2024-04-27 15:00","2024","04","27","15:00","","7.6","","","M","","M","","","2","","15","","","","100.86","","","","","","NA"
"-79.80","43.30","BURLINGTON PIERS (AUT)","6151061","2024-04-27 16:00","2024","04","27","16:00","","7.4","","","M","","M","","","3","","19","","","","100.76","","","","","","NA"
"-79.80","43.30","BURLINGTON PIERS (AUT)","6151061","2024-04-27 17:00","2024","04","27","17:00","","7.9","","","M","","M","","","2","","19","","","","100.72","","","","","","NA"
"-79.80","43.30","BURLINGTON PIERS (AUT)","6151061","2024-04-27 18:00","2024","04","27","18:00","","7.8","","","M","","M","","","3","","21","","","","100.64","","","","","","NA"
"-79.80","43.30","BURLINGTON PIERS (AUT)","6151061","2024-04-27 19:00","2024","04","27","19:00","","7.7","","","M","","M","","","4","","21","","","","100.61","","","","","","NA"
"-79.80","43.30","BURLINGTON PIERS (AUT)","6151061","2024-04-27 20:00","2024","04","27","20:00","","7.9","","","M","","M","","","3","","11","","","","100.66","","","","","","NA"
"-79.80","43.30","BURLINGTON PIERS (AUT)","6151061","2024-04-27 21:00","2024","04","27","21:00","","8.4","","","M","","M","","","3","","9","","","","100.66","","","","","","NA"
"-79.80","43.30","BURLINGTON PIERS (AUT)","6151061","2024-04-27 22:00","2024","04","27","22:00","","9.5","","","M","","M","","","","","0","","","","100.62","","","","","","NA"
"-79.80","43.30","BURLINGTON PIERS (AUT)","6151061","2024-04-27 23:00","2024","04","27","23:00","","18.2","","","M","","M","","","20","","18","","","","100.59","","","","","","NA"
"-79.80","43.30","BURLINGTON PIERS (AUT)","6151061","2024-04-28 00:00","2024","04","28","00:00","","17.5","","","M","","M","","","22","","14","","","","100.62","","","","","","NA"
"-79.80","43.30","BURLINGTON PIERS (AUT)","6151061","2024-04-28 01:00","2024","04","28","01:00","","16.6","","","M","","M","","","21","","14","","","","100.57","","","","","","NA"
"-79.80","43.30","BURLINGTON PIERS (AUT)","6151061","2024-04-28 02:00","2024","04","28","02:00","","16.5","","","M","","M","","","22","","13","","","","100.60","","","","","","NA"
"-79.80","43.30","BURLINGTON PIERS (AUT)","6151061","2024-04-28 03:00","2024","04","28","03:00","","16.8","","","M","","M","","","22","","14","","","","100.61","","","","","","NA"
"-79.80","43.30","BURLINGTON PIERS (AUT)","6151061","2024-04-28 04:00","2024","04","28","04:00","","17.2","","","M","","M","","","22","","11","","","","100.60","","","","","","NA"
"-79.80","43.30","BURLINGTON PIERS (AUT)","6151061","2024-04-28 05:00","2024","04","28","05:00","","17.3","","","M","","M","","","22","","14","","","","100.60","","","","","","NA"
"-79.80","43.30","BURLINGTON PIERS (AUT)","6151061","2024-04-28 06:00","2024","04","28","06:00","","17.4","","","M","","M","","","23","","5","","","","100.67","","","","","","NA"
"-79.80","43.30","BURLINGTON PIERS (AUT)","6151061","2024-04-28 07:00","2024","04","28","07:00","","17.2","","","M","","M","","","24","","5","","","","100.75","","","","","","NA"
"-79.80","43.30","BURLINGTON PIERS (AUT)","6151061","2024-04-28 08:00","2024","04","28","08:00","","17.4","","","M","","M","","","22","","8","","","","100.75","","","","","","NA"
"-79.80","43.30","BURLINGTON PIERS (AUT)","6151061","2024-04-28 09:00","2024","04","28","09:00","","16.2","","","M","","M","","","22","","12","","","","100.73","","","","","","NA"
"-79.80","43.30","BURLINGTON PIERS (AUT)","6151061","2024-04-28 10:00","2024","04","28","10:00","","17.4","","","M","","M","","","24","","6","","","","100.79","","","","","","NA"
"-79.80","43.30","BURLINGTON PIERS (AUT)","6151061","2024-04-28 11:00","2024","04","28","11:00","","17.3","","","M","","M","","","22","","11","","","","100.78","","","","","","NA"
"-79.80","43.30","BURLINGTON PIERS (AUT)","6151061","2024-04-28 12:00","2024","04","28","12:00","","17.5","","","M","","M","","","22","","12","","","","100.76","","","","","","NA"
"-79.80","43.30","BURLINGTON PIERS (AUT)","6151061","2024-04-28 13:00","2024","04","28","13:00","","18.1","","","M","","M","","","23","","12","","","","100.75","","","","","","NA"
"-79.80","43.30","BURLINGTON PIERS (AUT)","6151061","2024-04-28 14:00","2024","04","28","14:00","","18.7","","","M","","M","","","23","","10","","","","100.71","","","","","","NA"
"-79.80","43.30","BURLINGTON PIERS (AUT)","6151061","2024-04-28 15:00","2024","04","28","15:00","","19.7","","","M","","M","","","22","","9","","","","100.71","","","","","","NA"
"-79.80","43.30","BURLINGTON PIERS (AUT)","6151061","2024-04-28 16:00","2024","04","28","16:00","","19.9","","","M","","M","","","22","","12","","","","100.71","","","","","","NA"
"-79.80","43.30","BURLINGTON PIERS (AUT)","6151061","2024-04-28 17:00","2024","04","28","17:00","","20.4","","","M","","M","","","23","","7","","","","100.72","","","","","","NA"
"-79.80","43.30","BURLINGTON PIERS (AUT)","6151061","2024-04-28 18:00","2024","04","28","18:00","","15.2","","","M","","M","","","4","","18","","","","100.74","","","","","","NA"
"-79.80","43.30","BURLINGTON PIERS (AUT)","6151061","2024-04-28 19:00","2024","04","28","19:00","","14.4","","","M","","M","","","1","","14","","","","100.82","","","","","","NA"
"-79.80","43.30","BURLINGTON PIERS (AUT)","6151061","2024-04-28 20:00","2024","04","28","20:00","","15.3","","","M","","M","","","36","","11","","","","100.82","","","","","","NA"
"-79.80","43.30","BURLINGTON PIERS (AUT)","6151061","2024-04-28 21:00","2024","04","28","21:00","","9.6","","","M","","M","","","13","","12","","","","100.85","","","","","","NA"
"-79.80","43.30","BURLINGTON PIERS (AUT)","6151061","2024-04-28 22:00","2024","04","28","22:00","","10.1","","","M","","M","","","36","","5","","","","100.84","","","","","","NA"
"-79.80","43.30","BURLINGTON PIERS (AUT)","6151061","2024-04-28 23:00","2024","04","28","23:00","","9.6","","","M","","M","","","","","0","","","","100.80","","","","","","NA"
"-79.80","43.30","BURLINGTON PIERS (AUT)","6151061","2024-04-29 00:00","2024","04","29","00:00","","9.5","","","M","","M","","","10","","4","","","","100.74","","","","","","NA"
"-79.80","43.30","BURLINGTON PIERS (AUT)","6151061","2024-04-29 01:00","2024","04","29","01:00","","9.8","","","M","","M","","","36","","7","","","","100.70","","","","","","NA"
"-79.80","43.30","BURLINGTON PIERS (AUT)","6151061","2024-04-29 02:00","2024","04","29","02:00","","9.8","","","M","","M","","","35","","10","","","","100.65","","","","","","NA"
"-79.80","43.30","BURLINGTON PIERS (AUT)","6151061","2024-04-29 03:00","2024","04","29","03:00","","10.0","","","M","","M","","","4","","12","","","","100.65","","","","","","NA"
"-79.80","43.30","BURLINGTON PIERS (AUT)","6151061","2024-04-29 04:00","2024","04","29","04:00","","10.2","","","M","","M","","","1","","17","","","","100.70","","","","","","NA"
"-79.80","43.30","BURLINGTON PIERS (AUT)","6151061","2024-04-29 05:00","2024","04","29","05:00","","9.7","","","M","","M","","","2","","26","","","","100.69","","","","","","NA"
"-79.80","43.30","BURLINGTON PIERS (AUT)","6151061","2024-04-29 06:00","2024","04","29","06:00","","9.3","","","M","","M","","","2","","30","","","","100.73","","","","","","NA"
"-79.80","43.30","BURLINGTON PIERS (AUT)","6151061","2024-04-29 07:00","2024","04","29","07:00","","8.1","","","M","","M","","","2","","32","","","","100.80","","","","","","NA"
"-79.80","43.30","BURLINGTON PIERS (AUT)","6151061","2024-04-29 08:00","2024","04","29","08:00","","7.6","","","M","","M","","","3","","28","","","","100.87","","","","","","NA"
"-79.80","43.30","BURLINGTON PIERS (AUT)","6151061","2024-04-29 09:00","2024","04","29","09:00","","7.2","","","M","","M","","","3","","30","","","","100.89","","","","","","NA"
"-79.80","43.30","BURLINGTON PIERS (AUT)","6151061","2024-04-29 10:00","2024","04","29","10:00","","6.8","","","M","","M","","","3","","34","","","","100.92","","","","","","NA"
"-79.80","43.30","BURLINGTON PIERS (AUT)","6151061","2024-04-29 11:00","2024","04","29","11:00","","6.6","","","M","","M","","","3","","29","","","","100.90","","","","","","NA"
"-79.80","43.30","BURLINGTON PIERS (AUT)","6151061","2024-04-29 12:00","2024","04","29","12:00","","6.4","","","M","","M","","","3","","28","","","","100.87","","","","","","NA"
"-79.80","43.30","BURLINGTON PIERS (AUT)","6151061","2024-04-29 13:00","2024","04","29","13:00","","6.3","","","M","","M","","","3","","26","","","","100.83","","","","","","NA"
"-79.80","43.30","BURLINGTON PIERS (AUT)","6151061","2024-04-29 14:00","2024","04","29","14:00","","6.3","","","M","","M","","","3","","25","","","","100.78","","","","","","NA"
"-79.80","43.30","BURLINGTON PIERS (AUT)","6151061","2024-04-29 15:00","2024","04","29","15:00","","6.2","","","M","","M","","","3","","23","","","","100.66","","","","","","NA"
"-79.80","43.30","BURLINGTON PIERS (AUT)","6151061","2024-04-29 16:00","2024","04","29","16:00","","6.1","","","M","","M","","","3","","23","","","","100.53","","","","","","NA"
"-79.80","43.30","BURLINGTON PIERS (AUT)","6151061","2024-04-29 17:00","2024","04","29","17:00","","6.7","","","M","","M","","","3","","19","","","","100.43","","","","","","NA"
"-79.80","43.30","BURLINGTON PIERS (AUT)","6151061","2024-04-29 18:00","2024","04","29","18:00","","7.6","","","M","","M","","","2","","21","","","","100.40","","","","","","NA"
"-79.80","43.30","BURLINGTON PIERS (AUT)","6151061","2024-04-29 19:00","2024","04","29","19:00","","8.4","","","M","","M","","","1","","23","","","","100.38","","","","","","NA"
"-79.80","43.30","BURLINGTON PIERS (AUT)","6151061","2024-04-29 20:00","2024","04","29","20:00","","8.6","","","M","","M","","","1","","22","","","","100.40","","","","","","NA"
"-79.80","43.30","BURLINGTON PIERS (AUT)","6151061","2024-04-29 21:00","2024","04","29","21:00","","9.2","","","M","","M","","","36","","20","","","","100.42","","","","","","NA"
"-79.80","43.30","BURLINGTON PIERS (AUT)","6151061","2024-04-29 22:00","2024","04","29","22:00","","9.9","","","M","","M","","","36","","20","","","","100.43","","","","","","NA"
"-79.80","43.30","BURLINGTON PIERS (AUT)","6151061","2024-04-29 23:00","2024","04","29","23:00","","8.6","","","M","","M","","","8","","13","","","","100.36","","","","","","NA"
"-79.80","43.30","BURLINGTON PIERS (AUT)","6151061","2024-04-30 00:00","2024","04","30","00:00","","9.9","","","M","","M","","","3","","6","","","","100.35","","","","","","NA"
"-79.80","43.30","BURLINGTON PIERS (AUT)","6151061","2024-04-30 01:00","2024","04","30","01:00","","9.9","","","M","","M","","","18","","3","","","","100.35","","","","","","NA"
"-79.80","43.30","BURLINGTON PIERS (AUT)","6151061","2024-04-30 02:00","2024","04","30","02:00","","9.1","","","M","","M","","","12","","8","","","","100.25","","","","","","NA"
"-79.80","43.30","BURLINGTON PIERS (AUT)","6151061","2024-04-30 03:00","2024","04","30","03:00","","9.6","","","M","","M","","","21","","4","","","","100.24","","","","","","NA"
"-79.80","43.30","BURLINGTON PIERS (AUT)","6151061","2024-04-30 04:00","2024","04","30","04:00","","9.6","","","M","","M","","","35","","5","","","","100.25","","","","","","NA"
"-79.80","43.30","BURLINGTON PIERS (AUT)","6151061","2024-04-30 05:00","2024","04","30","05:00","","9.5","","","M","","M","","","2","","11","","","","100.23","","","","","","NA"
"-79.80","43.30","BURLINGTON PIERS (AUT)","6151061","2024-04-30 06:00","2024","04","30","06:00","","9.6","","","M","","M","","","1","","9","","","","100.25","","","","","","NA"
"-79.80","43.30","BURLINGTON PIERS (AUT)","6151061","2024-04-30 07:00","2024","04","30","07:00","","10.0","","","M","","M","","","31","","5","","","","100.34","","","","","","NA"
"-79.80","43.30","BURLINGTON PIERS (AUT)","6151061","2024-04-30 08:00","2024","04","30","08:00","","9.2","","","M","","M","","","36","","5","","","","100.35","","","","","","NA"
"-79.80","43.30","BURLINGTON PIERS (AUT)","6151061","2024-04-30 09:00","2024","04","30","09:00","","8.7","","","M","","M","","","9","","5","","","","100.31","","","","","","NA"
"-79.80","43.30","BURLINGTON PIERS (AUT)","6151061","2024-04-30 10:00","2024","04","30","10:00","","8.2","","","M","","M","","","7","","5","","","","100.32","","","","","","NA"
"-79.80","43.30","BURLINGTON PIERS (AUT)","6151061","2024-04-30 11:00","2024","04","30","11:00","","7.4","","","M","","M","","","3","","6","","","","100.29","","","","","","NA"
"-79.80","43.30","BURLINGTON PIERS (AUT)","6151061","2024-04-30 12:00","2024","04","30","12:00","","7.5","","","M","","M","","","4","","7","","","","100.27","","","","","","NA"
"-79.80","43.30","BURLINGTON PIERS (AUT)","6151061","2024-04-30 13:00","2024","04","30","13:00","","7.2","","","M","","M","","","5","","7","","","","100.25","","","","","","NA"
"-79.80","43.30","BURLINGTON PIERS (AUT)","6151061","2024-04-30 14:00","2024","04","30","14:00","","7.1","","","M","","M","","","8","","9","","","","100.25","","","","","","NA"
"-79.80","43.30","BURLINGTON PIERS (AUT)","6151061","2024-04-30 15:00","2024","04","30","15:00","","7.4","","","M","","M","","","3","","10","","","","100.21","","","","","","NA"
"-79.80","43.30","BURLINGTON PIERS (AUT)","6151061","2024-04-30 16:00","2024","04","30","16:00","","7.5","","","M","","M","","","7","","9","","","","100.18","","","","","","NA"
"-79.80","43.30","BURLINGTON PIERS (AUT)","6151061","2024-04-30 17:00","2024","04","30","17:00","","7.7","","","M","","M","","","4","","8","","","","100.19","","","","","","NA"
"-79.80","43.30","BURLINGTON PIERS (AUT)","6151061","2024-04-30 18:00","2024","04","30","18:00","","7.6","","","M","","M","","","5","","14","","","","100.22","","","","","","NA"
"-79.80","43.30","BURLINGTON PIERS (AUT)","6151061","2024-04-30 19:00","2024","04","30","19:00","","7.5","","","M","","M","","","5","","3","","","","100.28","","","","","","NA"
"-79.80","43.30","BURLINGTON PIERS (AUT)","6151061","2024-04-30 20:00","2024","04","30","20:00","","7.9","","","M","","M","","","17","","4","","","","100.33","","","","","","NA"
"-79.80","43.30","BURLINGTON PIERS (AUT)","6151061","2024-04-30 21:00","2024","04","30","21:00","","8.1","","","M","","M","","","6","","5","","","","100.38","","","","","","NA"
"-79.80","43.30","BURLINGTON PIERS (AUT)","6151061","2024-04-30 22:00","2024","04","30","22:00","","7.9","","","M","","M","","","","","0","","","","100.38","","","","","","NA"
"-79.80","43.30","BURLINGTON PIERS (AUT)","6151061","2024-04-30 23:00","2024","04","30","23:00","","8.7","","","M","","M","","","","","0","","","","100.36","","","","","","NA"
