"Longitude (x)","Latitude (y)","Station Name","Climate ID","Date/Time (LST)","Year","Month","Day","Time (LST)","Flag","Temp (°C)","Temp Flag","Dew Point Temp (°C)","Dew Point Temp Flag","Rel Hum (%)","Rel Hum Flag","Precip. Amount (mm)","Precip. Amount Flag","Wind Dir (10s deg)","Wind Dir Flag","Wind Spd (km/h)","Wind Spd Flag","Visibility (km)","Visibility Flag","Stn Press (kPa)","Stn Press Flag","Hmdx","Hmdx Flag","Wind Chill","Wind Chill Flag","Weather"
"-79.80","43.30","BURLINGTON PIERS (AUT)","6151061","2024-09-01 00:00","2024","09","01","00:00","","19.9","","15.5","","76","","","","25","","7","","","","100.29","","","","","","NA"
"-79.80","43.30","BURLINGTON PIERS (AUT)","6151061","2024-09-01 01:00","2024","09","01","01:00","","19.7","","15.8","","78","","","","25","","7","","","","100.25","","","","","","NA"
"-79.80","43.30","BURLINGTON PIERS (AUT)","6151061","2024-09-01 02:00","2024","09","01","02:00","","19.6","","16.9","","84","","","","24","","5","","","","100.18","","","","","","NA"
"-79.80","43.30","BURLINGTON PIERS (AUT)","6151061","2024-09-01 03:00","2024","09","01","03:00","","19.5","","17.9","","90","","","","25","","8","","","","100.13","","","","","","NA"
"-79.80","43.30","BURLINGTON PIERS (AUT)","6151061","2024-09-01 04:00","2024","09","01","04:00","","19.5","","18.4","","93","","","","25","","6","","","","100.10","","","","","","NA"
"-79.80","43.30","BURLINGTON PIERS (AUT)","6151061","2024-09-01 05:00","2024","09","01","05:00","","20.0","","18.7","","92","","","","24","","6","","","","100.09","","27","","","","NA"
"-79.80","43.30","BURLINGTON PIERS (AUT)","6151061","2024-09-01 06:00","2024","09","01","06:00","","20.2","","18.1","","88","","","","24","","6","","","","100.05","","26","","","","NA"
"-79.80","43.30","BURLINGTON PIERS (AUT)","6151061","2024-09-01 07:00","2024","09","01","07:00","","20.8","","17.4","","81","","","","24","","8","","","","100.05","","26","","","","NA"
"-79.80","43.30","BURLINGTON PIERS (AUT)","6151061","2024-09-01 08:00","2024","09","01","08:00","","21.9","","16.0","","69","","","","25","","15","","","","100.08","","27","","","","NA"
"-79.80","43.30","BURLINGTON PIERS (AUT)","6151061","2024-09-01 09:00","2024","09","01","09:00","","22.5","","15.9","","66","","","","25","","18","","","","100.10","","27","","","","NA"
"-79.80","43.30","BURLINGTON PIERS (AUT)","6151061","2024-09-01 10:00","2024","09","01","10:00","","23.6","","16.1","","63","","","","27","","14","","","","100.14","","28","","","","NA"
"-79.80","43.30","BURLINGTON PIERS (AUT)","6151061","2024-09-01 11:00","2024","09","01","11:00","","24.5","","16.4","","61","","","","27","","13","","","","100.15","","29","","","","NA"
"-79.80","43.30","BURLINGTON PIERS (AUT)","6151061","2024-09-01 12:00","2024","09","01","12:00","","23.4","","14.8","","59","","","","29","","22","","","","100.22","","27","","","","NA"
"-79.80","43.30","BURLINGTON PIERS (AUT)","6151061","2024-09-01 13:00","2024","09","01","13:00","","23.8","","12.4","","49","","","","29","","16","","","","100.27","","26","","","","NA"
"-79.80","43.30","BURLINGTON PIERS (AUT)","6151061","2024-09-01 14:00","2024","09","01","14:00","","23.9","","10.6","","43","","","","29","","23","","","","100.29","","25","","","","NA"
"-79.80","43.30","BURLINGTON PIERS (AUT)","6151061","2024-09-01 15:00","2024","09","01","15:00","","23.8","","11.0","","44","","","","30","","28","","","","100.31","","26","","","","NA"
"-79.80","43.30","BURLINGTON PIERS (AUT)","6151061","2024-09-01 16:00","2024","09","01","16:00","","23.8","","10.1","","42","","","","29","","24","","","","100.38","","25","","","","NA"
"-79.80","43.30","BURLINGTON PIERS (AUT)","6151061","2024-09-01 17:00","2024","09","01","17:00","","22.9","","10.0","","44","","","","29","","26","","","","100.43","","","","","","NA"
"-79.80","43.30","BURLINGTON PIERS (AUT)","6151061","2024-09-01 18:00","2024","09","01","18:00","","21.8","","8.7","","43","","","","31","","28","","","","100.51","","","","","","NA"
"-79.80","43.30","BURLINGTON PIERS (AUT)","6151061","2024-09-01 19:00","2024","09","01","19:00","","20.7","","8.1","","44","","","","30","","22","","","","100.59","","","","","","NA"
"-79.80","43.30","BURLINGTON PIERS (AUT)","6151061","2024-09-01 20:00","2024","09","01","20:00","","19.7","","9.7","","52","","","","30","","11","","","","100.72","","","","","","NA"
"-79.80","43.30","BURLINGTON PIERS (AUT)","6151061","2024-09-01 21:00","2024","09","01","21:00","","18.2","","9.4","","56","","","","29","","15","","","","100.82","","","","","","NA"
"-79.80","43.30","BURLINGTON PIERS (AUT)","6151061","2024-09-01 22:00","2024","09","01","22:00","","17.7","","9.5","","58","","","","29","","10","","","","100.87","","","","","","NA"
"-79.80","43.30","BURLINGTON PIERS (AUT)","6151061","2024-09-01 23:00","2024","09","01","23:00","","17.0","","9.7","","62","","","","28","","7","","","","100.90","","","","","","NA"
"-79.80","43.30","BURLINGTON PIERS (AUT)","6151061","2024-09-02 00:00","2024","09","02","00:00","","16.2","","9.6","","65","","","","27","","8","","","","100.94","","","","","","NA"
"-79.80","43.30","BURLINGTON PIERS (AUT)","6151061","2024-09-02 01:00","2024","09","02","01:00","","15.1","","9.7","","70","","","","27","","10","","","","100.96","","","","","","NA"
"-79.80","43.30","BURLINGTON PIERS (AUT)","6151061","2024-09-02 02:00","2024","09","02","02:00","","14.4","","9.5","","72","","","","27","","9","","","","100.98","","","","","","NA"
"-79.80","43.30","BURLINGTON PIERS (AUT)","6151061","2024-09-02 03:00","2024","09","02","03:00","","14.5","","9.0","","70","","","","30","","16","","","","101.01","","","","","","NA"
"-79.80","43.30","BURLINGTON PIERS (AUT)","6151061","2024-09-02 04:00","2024","09","02","04:00","","14.3","","9.2","","72","","","","29","","7","","","","101.06","","","","","","NA"
"-79.80","43.30","BURLINGTON PIERS (AUT)","6151061","2024-09-02 05:00","2024","09","02","05:00","","13.7","","9.1","","74","","","","30","","17","","","","101.10","","","","","","NA"
"-79.80","43.30","BURLINGTON PIERS (AUT)","6151061","2024-09-02 06:00","2024","09","02","06:00","","13.8","","8.9","","73","","","","31","","14","","","","101.18","","","","","","NA"
"-79.80","43.30","BURLINGTON PIERS (AUT)","6151061","2024-09-02 07:00","2024","09","02","07:00","","14.3","","8.6","","68","","","","31","","18","","","","101.26","","","","","","NA"
"-79.80","43.30","BURLINGTON PIERS (AUT)","6151061","2024-09-02 08:00","2024","09","02","08:00","","14.4","","8.5","","68","","","","34","","24","","","","101.36","","","","","","NA"
"-79.80","43.30","BURLINGTON PIERS (AUT)","6151061","2024-09-02 09:00","2024","09","02","09:00","","14.9","","8.0","","63","","","","35","","14","","","","101.41","","","","","","NA"
"-79.80","43.30","BURLINGTON PIERS (AUT)","6151061","2024-09-02 10:00","2024","09","02","10:00","","16.0","","7.3","","56","","","","33","","18","","","","101.46","","","","","","NA"
"-79.80","43.30","BURLINGTON PIERS (AUT)","6151061","2024-09-02 11:00","2024","09","02","11:00","","16.6","","6.9","","53","","","","35","","26","","","","101.52","","","","","","NA"
"-79.80","43.30","BURLINGTON PIERS (AUT)","6151061","2024-09-02 12:00","2024","09","02","12:00","","17.2","","3.3","","39","","","","34","","18","","","","101.50","","","","","","NA"
"-79.80","43.30","BURLINGTON PIERS (AUT)","6151061","2024-09-02 13:00","2024","09","02","13:00","","18.0","","2.1","","34","","","","35","","19","","","","101.52","","","","","","NA"
"-79.80","43.30","BURLINGTON PIERS (AUT)","6151061","2024-09-02 14:00","2024","09","02","14:00","","19.0","","4.8","","39","","","","32","","17","","","","101.47","","","","","","NA"
"-79.80","43.30","BURLINGTON PIERS (AUT)","6151061","2024-09-02 15:00","2024","09","02","15:00","","19.5","","2.9","","33","","","","35","","18","","","","101.45","","","","","","NA"
"-79.80","43.30","BURLINGTON PIERS (AUT)","6151061","2024-09-02 16:00","2024","09","02","16:00","","20.0","","1.9","","30","","","","31","","14","","","","101.44","","","","","","NA"
"-79.80","43.30","BURLINGTON PIERS (AUT)","6151061","2024-09-02 17:00","2024","09","02","17:00","","20.3","","4.0","","34","","","","33","","17","","","","101.43","","","","","","NA"
"-79.80","43.30","BURLINGTON PIERS (AUT)","6151061","2024-09-02 18:00","2024","09","02","18:00","","20.1","","0.5","","27","","","","33","","18","","","","101.48","","","","","","NA"
"-79.80","43.30","BURLINGTON PIERS (AUT)","6151061","2024-09-02 19:00","2024","09","02","19:00","","19.6","","3.2","","34","","","","32","","10","","","","101.48","","","","","","NA"
"-79.80","43.30","BURLINGTON PIERS (AUT)","6151061","2024-09-02 20:00","2024","09","02","20:00","","18.0","","4.4","","40","","","","30","","12","","","","101.57","","","","","","NA"
"-79.80","43.30","BURLINGTON PIERS (AUT)","6151061","2024-09-02 21:00","2024","09","02","21:00","","17.1","","5.0","","45","","","","33","","14","","","","101.63","","","","","","NA"
"-79.80","43.30","BURLINGTON PIERS (AUT)","6151061","2024-09-02 22:00","2024","09","02","22:00","","16.2","","6.4","","52","","","","26","","6","","","","101.69","","","","","","NA"
"-79.80","43.30","BURLINGTON PIERS (AUT)","6151061","2024-09-02 23:00","2024","09","02","23:00","","15.7","","6.9","","55","","","","28","","5","","","","101.70","","","","","","NA"
"-79.80","43.30","BURLINGTON PIERS (AUT)","6151061","2024-09-03 00:00","2024","09","03","00:00","","15.4","","7.3","","58","","","","26","","5","","","","101.71","","","","","","NA"
"-79.80","43.30","BURLINGTON PIERS (AUT)","6151061","2024-09-03 01:00","2024","09","03","01:00","","15.7","","7.8","","59","","","","25","","6","","","","101.72","","","","","","NA"
"-79.80","43.30","BURLINGTON PIERS (AUT)","6151061","2024-09-03 02:00","2024","09","03","02:00","","15.0","","9.2","","68","","","","22","","8","","","","101.74","","","","","","NA"
"-79.80","43.30","BURLINGTON PIERS (AUT)","6151061","2024-09-03 03:00","2024","09","03","03:00","","13.8","","8.5","","70","","","","25","","8","","","","101.78","","","","","","NA"
"-79.80","43.30","BURLINGTON PIERS (AUT)","6151061","2024-09-03 04:00","2024","09","03","04:00","","13.8","","8.6","","70","","","","24","","8","","","","101.80","","","","","","NA"
"-79.80","43.30","BURLINGTON PIERS (AUT)","6151061","2024-09-03 05:00","2024","09","03","05:00","","13.6","","8.1","","69","","","","25","","7","","","","101.85","","","","","","NA"
"-79.80","43.30","BURLINGTON PIERS (AUT)","6151061","2024-09-03 06:00","2024","09","03","06:00","","13.1","","8.0","","71","","","","25","","10","","","","101.88","","","","","","NA"
"-79.80","43.30","BURLINGTON PIERS (AUT)","6151061","2024-09-03 07:00","2024","09","03","07:00","","13.8","","9.0","","73","","","","24","","10","","","","101.92","","","","","","NA"
"-79.80","43.30","BURLINGTON PIERS (AUT)","6151061","2024-09-03 08:00","2024","09","03","08:00","","14.8","","8.8","","67","","","","23","","9","","","","101.96","","","","","","NA"
"-79.80","43.30","BURLINGTON PIERS (AUT)","6151061","2024-09-03 09:00","2024","09","03","09:00","","17.3","","7.7","","53","","","","21","","5","","","","101.98","","","","","","NA"
"-79.80","43.30","BURLINGTON PIERS (AUT)","6151061","2024-09-03 10:00","2024","09","03","10:00","","19.3","","4.6","","38","","","","","","0","","","","102.01","","","","","","NA"
"-79.80","43.30","BURLINGTON PIERS (AUT)","6151061","2024-09-03 11:00","2024","09","03","11:00","","19.4","","5.6","","41","","","","6","","4","","","","101.98","","","","","","NA"
"-79.80","43.30","BURLINGTON PIERS (AUT)","6151061","2024-09-03 12:00","2024","09","03","12:00","","19.5","","6.7","","43","","","","7","","6","","","","101.95","","","","","","NA"
"-79.80","43.30","BURLINGTON PIERS (AUT)","6151061","2024-09-03 13:00","2024","09","03","13:00","","20.0","","6.4","","41","","","","3","","6","","","","101.92","","","","","","NA"
"-79.80","43.30","BURLINGTON PIERS (AUT)","6151061","2024-09-03 14:00","2024","09","03","14:00","","20.3","","6.5","","41","","","","6","","10","","","","101.87","","","","","","NA"
"-79.80","43.30","BURLINGTON PIERS (AUT)","6151061","2024-09-03 15:00","2024","09","03","15:00","","20.7","","8.0","","44","","","","8","","12","","","","101.82","","","","","","NA"
"-79.80","43.30","BURLINGTON PIERS (AUT)","6151061","2024-09-03 16:00","2024","09","03","16:00","","20.8","","9.9","","50","","","","8","","14","","","","101.79","","","","","","NA"
"-79.80","43.30","BURLINGTON PIERS (AUT)","6151061","2024-09-03 17:00","2024","09","03","17:00","","21.6","","9.2","","45","","","","7","","7","","","","101.78","","","","","","NA"
"-79.80","43.30","BURLINGTON PIERS (AUT)","6151061","2024-09-03 18:00","2024","09","03","18:00","","21.4","","5.6","","36","","","","16","","20","","","","101.77","","","","","","NA"
"-79.80","43.30","BURLINGTON PIERS (AUT)","6151061","2024-09-03 19:00","2024","09","03","19:00","","20.9","","5.5","","37","","","","16","","13","","","","101.76","","","","","","NA"
"-79.80","43.30","BURLINGTON PIERS (AUT)","6151061","2024-09-03 20:00","2024","09","03","20:00","","20.5","","5.4","","37","","","","19","","10","","","","101.79","","","","","","NA"
"-79.80","43.30","BURLINGTON PIERS (AUT)","6151061","2024-09-03 21:00","2024","09","03","21:00","","18.7","","7.5","","48","","","","27","","6","","","","101.81","","","","","","NA"
"-79.80","43.30","BURLINGTON PIERS (AUT)","6151061","2024-09-03 22:00","2024","09","03","22:00","","18.2","","8.2","","52","","","","25","","6","","","","101.83","","","","","","NA"
"-79.80","43.30","BURLINGTON PIERS (AUT)","6151061","2024-09-03 23:00","2024","09","03","23:00","","17.5","","8.5","","56","","","","24","","8","","","","101.82","","","","","","NA"
"-79.80","43.30","BURLINGTON PIERS (AUT)","6151061","2024-09-04 00:00","2024","09","04","00:00","","16.8","","10.0","","64","","","","24","","8","","","","101.84","","","","","","NA"
"-79.80","43.30","BURLINGTON PIERS (AUT)","6151061","2024-09-04 01:00","2024","09","04","01:00","","16.7","","9.9","","64","","","","24","","7","","","","101.84","","","","","","NA"
"-79.80","43.30","BURLINGTON PIERS (AUT)","6151061","2024-09-04 02:00","2024","09","04","02:00","","16.1","","10.8","","71","","","","25","","9","","","","101.84","","","","","","NA"
"-79.80","43.30","BURLINGTON PIERS (AUT)","6151061","2024-09-04 03:00","2024","09","04","03:00","","15.4","","10.5","","72","","","","25","","4","","","","101.86","","","","","","NA"
"-79.80","43.30","BURLINGTON PIERS (AUT)","6151061","2024-09-04 04:00","2024","09","04","04:00","","15.2","","12.0","","81","","","","26","","4","","","","101.89","","","","","","NA"
"-79.80","43.30","BURLINGTON PIERS (AUT)","6151061","2024-09-04 05:00","2024","09","04","05:00","","14.9","","11.6","","80","","","","","","0","","","","101.90","","","","","","NA"
"-79.80","43.30","BURLINGTON PIERS (AUT)","6151061","2024-09-04 06:00","2024","09","04","06:00","","15.2","","9.5","","68","","","","28","","3","","","","101.97","","","","","","NA"
"-79.80","43.30","BURLINGTON PIERS (AUT)","6151061","2024-09-04 07:00","2024","09","04","07:00","","15.8","","9.0","","64","","","","","","0","","","","102.04","","","","","","NA"
"-79.80","43.30","BURLINGTON PIERS (AUT)","6151061","2024-09-04 08:00","2024","09","04","08:00","","17.1","","9.4","","61","","","","","","0","","","","102.07","","","","","","NA"
"-79.80","43.30","BURLINGTON PIERS (AUT)","6151061","2024-09-04 09:00","2024","09","04","09:00","","20.2","","9.5","","50","","","","","","0","","","","102.09","","","","","","NA"
"-79.80","43.30","BURLINGTON PIERS (AUT)","6151061","2024-09-04 10:00","2024","09","04","10:00","","18.8","","11.5","","62","","","","4","","5","","","","102.08","","","","","","NA"
"-79.80","43.30","BURLINGTON PIERS (AUT)","6151061","2024-09-04 11:00","2024","09","04","11:00","","19.6","","13.3","","67","","","","6","","8","","","","102.05","","","","","","NA"
"-79.80","43.30","BURLINGTON PIERS (AUT)","6151061","2024-09-04 12:00","2024","09","04","12:00","","20.3","","14.0","","67","","","","7","","13","","","","102.02","","","","","","NA"
"-79.80","43.30","BURLINGTON PIERS (AUT)","6151061","2024-09-04 13:00","2024","09","04","13:00","","20.7","","15.1","","70","","","","6","","14","","","","101.98","","25","","","","NA"
"-79.80","43.30","BURLINGTON PIERS (AUT)","6151061","2024-09-04 14:00","2024","09","04","14:00","","21.4","","15.1","","67","","","","4","","13","","","","101.92","","25","","","","NA"
"-79.80","43.30","BURLINGTON PIERS (AUT)","6151061","2024-09-04 15:00","2024","09","04","15:00","","21.7","","15.5","","68","","","","6","","16","","","","101.87","","26","","","","NA"
"-79.80","43.30","BURLINGTON PIERS (AUT)","6151061","2024-09-04 16:00","2024","09","04","16:00","","21.8","","15.7","","68","","","","8","","20","","","","101.82","","26","","","","NA"
"-79.80","43.30","BURLINGTON PIERS (AUT)","6151061","2024-09-04 17:00","2024","09","04","17:00","","21.8","","16.1","","70","","","","8","","18","","","","101.81","","26","","","","NA"
"-79.80","43.30","BURLINGTON PIERS (AUT)","6151061","2024-09-04 18:00","2024","09","04","18:00","","21.5","","16.5","","73","","","","9","","20","","","","101.80","","26","","","","NA"
"-79.80","43.30","BURLINGTON PIERS (AUT)","6151061","2024-09-04 19:00","2024","09","04","19:00","","21.2","","15.9","","72","","","","10","","22","","","","101.78","","26","","","","NA"
"-79.80","43.30","BURLINGTON PIERS (AUT)","6151061","2024-09-04 20:00","2024","09","04","20:00","","21.2","","15.6","","70","","","","10","","26","","","","101.78","","26","","","","NA"
"-79.80","43.30","BURLINGTON PIERS (AUT)","6151061","2024-09-04 21:00","2024","09","04","21:00","","21.1","","14.3","","65","","","","10","","23","","","","101.76","","25","","","","NA"
"-79.80","43.30","BURLINGTON PIERS (AUT)","6151061","2024-09-04 22:00","2024","09","04","22:00","","20.4","","14.8","","70","","","","12","","14","","","","101.76","","","","","","NA"
"-79.80","43.30","BURLINGTON PIERS (AUT)","6151061","2024-09-04 23:00","2024","09","04","23:00","","20.4","","14.3","","68","","","","9","","8","","","","101.77","","","","","","NA"
"-79.80","43.30","BURLINGTON PIERS (AUT)","6151061","2024-09-05 00:00","2024","09","05","00:00","","19.8","","13.6","","68","","","","17","","4","","","","101.74","","","","","","NA"
"-79.80","43.30","BURLINGTON PIERS (AUT)","6151061","2024-09-05 01:00","2024","09","05","01:00","","18.8","","15.8","","83","","","","24","","3","","","","101.70","","","","","","NA"
"-79.80","43.30","BURLINGTON PIERS (AUT)","6151061","2024-09-05 02:00","2024","09","05","02:00","","18.5","","14.2","","76","","","","27","","4","","","","101.66","","","","","","NA"
"-79.80","43.30","BURLINGTON PIERS (AUT)","6151061","2024-09-05 03:00","2024","09","05","03:00","","18.2","","14.6","","79","","","","","","0","","","","101.66","","","","","","NA"
"-79.80","43.30","BURLINGTON PIERS (AUT)","6151061","2024-09-05 04:00","2024","09","05","04:00","","19.1","","13.6","","71","","","","21","","8","","","","101.68","","","","","","NA"
"-79.80","43.30","BURLINGTON PIERS (AUT)","6151061","2024-09-05 05:00","2024","09","05","05:00","","18.1","","14.7","","81","","","","","","0","","","","101.65","","","","","","NA"
"-79.80","43.30","BURLINGTON PIERS (AUT)","6151061","2024-09-05 06:00","2024","09","05","06:00","","18.0","","14.5","","80","","","","","","0","","","","101.63","","","","","","NA"
"-79.80","43.30","BURLINGTON PIERS (AUT)","6151061","2024-09-05 07:00","2024","09","05","07:00","","18.3","","13.6","","74","","","","31","","5","","","","101.64","","","","","","NA"
"-79.80","43.30","BURLINGTON PIERS (AUT)","6151061","2024-09-05 08:00","2024","09","05","08:00","","20.3","","14.3","","68","","","","","","0","","","","101.62","","","","","","NA"
"-79.80","43.30","BURLINGTON PIERS (AUT)","6151061","2024-09-05 09:00","2024","09","05","09:00","","20.3","","14.1","","68","","","","36","","4","","","","101.57","","","","","","NA"
"-79.80","43.30","BURLINGTON PIERS (AUT)","6151061","2024-09-05 10:00","2024","09","05","10:00","","22.1","","14.0","","60","","","","20","","5","","","","101.53","","25","","","","NA"
"-79.80","43.30","BURLINGTON PIERS (AUT)","6151061","2024-09-05 11:00","2024","09","05","11:00","","22.2","","15.0","","64","","","","34","","4","","","","101.46","","26","","","","NA"
"-79.80","43.30","BURLINGTON PIERS (AUT)","6151061","2024-09-05 12:00","2024","09","05","12:00","","24.0","","13.6","","52","","","","14","","7","","","","101.36","","27","","","","NA"
"-79.80","43.30","BURLINGTON PIERS (AUT)","6151061","2024-09-05 13:00","2024","09","05","13:00","","25.1","","12.0","","44","","","","15","","11","","","","101.35","","27","","","","NA"
"-79.80","43.30","BURLINGTON PIERS (AUT)","6151061","2024-09-05 14:00","2024","09","05","14:00","","25.8","","12.4","","43","","","","17","","15","","","","101.30","","28","","","","NA"
"-79.80","43.30","BURLINGTON PIERS (AUT)","6151061","2024-09-05 15:00","2024","09","05","15:00","","25.8","","12.9","","45","","","","16","","18","","","","101.26","","29","","","","NA"
"-79.80","43.30","BURLINGTON PIERS (AUT)","6151061","2024-09-05 16:00","2024","09","05","16:00","","25.6","","12.7","","45","","","","15","","19","","","","101.19","","28","","","","NA"
"-79.80","43.30","BURLINGTON PIERS (AUT)","6151061","2024-09-05 17:00","2024","09","05","17:00","","25.8","","10.4","","38","","","","17","","19","","","","101.13","","27","","","","NA"
"-79.80","43.30","BURLINGTON PIERS (AUT)","6151061","2024-09-05 18:00","2024","09","05","18:00","","25.2","","12.0","","44","","","","18","","16","","","","101.13","","27","","","","NA"
"-79.80","43.30","BURLINGTON PIERS (AUT)","6151061","2024-09-05 19:00","2024","09","05","19:00","","24.1","","12.8","","49","","","","17","","14","","","","101.06","","27","","","","NA"
"-79.80","43.30","BURLINGTON PIERS (AUT)","6151061","2024-09-05 20:00","2024","09","05","20:00","","22.9","","13.8","","57","","","","23","","4","","","","101.06","","26","","","","NA"
"-79.80","43.30","BURLINGTON PIERS (AUT)","6151061","2024-09-05 21:00","2024","09","05","21:00","","21.6","","14.6","","65","","","","17","","10","","","","101.01","","25","","","","NA"
"-79.80","43.30","BURLINGTON PIERS (AUT)","6151061","2024-09-05 22:00","2024","09","05","22:00","","21.3","","14.4","","65","","","","17","","9","","","","100.92","","25","","","","NA"
"-79.80","43.30","BURLINGTON PIERS (AUT)","6151061","2024-09-05 23:00","2024","09","05","23:00","","21.1","","15.1","","69","","","","","","0","","","","100.84","","25","","","","NA"
"-79.80","43.30","BURLINGTON PIERS (AUT)","6151061","2024-09-06 00:00","2024","09","06","00:00","","21.9","","15.7","","68","","","","18","","15","","","","100.81","","26","","","","NA"
"-79.80","43.30","BURLINGTON PIERS (AUT)","6151061","2024-09-06 01:00","2024","09","06","01:00","","21.4","","15.3","","68","","","","18","","11","","","","100.74","","26","","","","NA"
"-79.80","43.30","BURLINGTON PIERS (AUT)","6151061","2024-09-06 02:00","2024","09","06","02:00","","21.6","","14.2","","63","","","","20","","14","","","","100.68","","25","","","","NA"
"-79.80","43.30","BURLINGTON PIERS (AUT)","6151061","2024-09-06 03:00","2024","09","06","03:00","","21.5","","14.3","","64","","","","20","","19","","","","100.65","","25","","","","NA"
"-79.80","43.30","BURLINGTON PIERS (AUT)","6151061","2024-09-06 04:00","2024","09","06","04:00","","21.4","","15.0","","67","","","","19","","14","","","","100.62","","25","","","","NA"
"-79.80","43.30","BURLINGTON PIERS (AUT)","6151061","2024-09-06 05:00","2024","09","06","05:00","","20.8","","15.3","","71","","","","19","","14","","","","100.57","","25","","","","NA"
"-79.80","43.30","BURLINGTON PIERS (AUT)","6151061","2024-09-06 06:00","2024","09","06","06:00","","21.0","","15.5","","71","","","","22","","8","","","","100.55","","25","","","","NA"
"-79.80","43.30","BURLINGTON PIERS (AUT)","6151061","2024-09-06 07:00","2024","09","06","07:00","","20.3","","15.6","","75","","","","25","","5","","","","100.55","","25","","","","NA"
"-79.80","43.30","BURLINGTON PIERS (AUT)","6151061","2024-09-06 08:00","2024","09","06","08:00","","20.1","","15.8","","77","","","","27","","5","","","","100.53","","25","","","","NA"
"-79.80","43.30","BURLINGTON PIERS (AUT)","6151061","2024-09-06 09:00","2024","09","06","09:00","","20.1","","16.3","","79","","","","25","","8","","","","100.51","","25","","","","NA"
"-79.80","43.30","BURLINGTON PIERS (AUT)","6151061","2024-09-06 10:00","2024","09","06","10:00","","20.4","","17.5","","83","","","","21","","5","","","","100.52","","26","","","","NA"
"-79.80","43.30","BURLINGTON PIERS (AUT)","6151061","2024-09-06 11:00","2024","09","06","11:00","","20.8","","17.5","","81","","","","21","","9","","","","100.47","","26","","","","NA"
"-79.80","43.30","BURLINGTON PIERS (AUT)","6151061","2024-09-06 12:00","2024","09","06","12:00","","22.2","","18.2","","78","","","","24","","6","","","","100.40","","28","","","","NA"
"-79.80","43.30","BURLINGTON PIERS (AUT)","6151061","2024-09-06 13:00","2024","09","06","13:00","","22.6","","18.5","","77","","","","19","","15","","","","100.40","","29","","","","NA"
"-79.80","43.30","BURLINGTON PIERS (AUT)","6151061","2024-09-06 14:00","2024","09","06","14:00","","22.4","","18.6","","79","","","","22","","12","","","","100.37","","29","","","","NA"
"-79.80","43.30","BURLINGTON PIERS (AUT)","6151061","2024-09-06 15:00","2024","09","06","15:00","","21.4","","18.4","","83","","","","23","","10","","","","100.36","","28","","","","NA"
"-79.80","43.30","BURLINGTON PIERS (AUT)","6151061","2024-09-06 16:00","2024","09","06","16:00","","21.2","","16.2","","73","","","","28","","14","","","","100.38","","26","","","","NA"
"-79.80","43.30","BURLINGTON PIERS (AUT)","6151061","2024-09-06 17:00","2024","09","06","17:00","","20.8","","15.6","","72","","","","29","","15","","","","100.38","","25","","","","NA"
"-79.80","43.30","BURLINGTON PIERS (AUT)","6151061","2024-09-06 18:00","2024","09","06","18:00","","20.6","","15.1","","71","","","","28","","8","","","","100.40","","25","","","","NA"
"-79.80","43.30","BURLINGTON PIERS (AUT)","6151061","2024-09-06 19:00","2024","09","06","19:00","","20.2","","14.6","","70","","","","28","","10","","","","100.38","","","","","","NA"
"-79.80","43.30","BURLINGTON PIERS (AUT)","6151061","2024-09-06 20:00","2024","09","06","20:00","","18.7","","13.5","","72","","","","32","","21","","","","100.36","","","","","","NA"
"-79.80","43.30","BURLINGTON PIERS (AUT)","6151061","2024-09-06 21:00","2024","09","06","21:00","","18.3","","13.2","","72","","","","33","","12","","","","100.34","","","","","","NA"
"-79.80","43.30","BURLINGTON PIERS (AUT)","6151061","2024-09-06 22:00","2024","09","06","22:00","","17.3","","13.7","","79","","","","34","","16","","","","100.32","","","","","","NA"
"-79.80","43.30","BURLINGTON PIERS (AUT)","6151061","2024-09-06 23:00","2024","09","06","23:00","","16.4","","13.4","","83","","","","31","","8","","","","100.27","","","","","","NA"
"-79.80","43.30","BURLINGTON PIERS (AUT)","6151061","2024-09-07 00:00","2024","09","07","00:00","","15.3","","13.2","","87","","","","27","","7","","","","100.27","","","","","","NA"
"-79.80","43.30","BURLINGTON PIERS (AUT)","6151061","2024-09-07 01:00","2024","09","07","01:00","","15.3","","12.8","","85","","","","27","","8","","","","100.22","","","","","","NA"
"-79.80","43.30","BURLINGTON PIERS (AUT)","6151061","2024-09-07 02:00","2024","09","07","02:00","","15.2","","12.3","","83","","","","28","","10","","","","100.16","","","","","","NA"
"-79.80","43.30","BURLINGTON PIERS (AUT)","6151061","2024-09-07 03:00","2024","09","07","03:00","","14.5","","12.3","","86","","","","26","","9","","","","100.13","","","","","","NA"
"-79.80","43.30","BURLINGTON PIERS (AUT)","6151061","2024-09-07 04:00","2024","09","07","04:00","","14.0","","11.6","","85","","","","28","","12","","","","100.13","","","","","","NA"
"-79.80","43.30","BURLINGTON PIERS (AUT)","6151061","2024-09-07 05:00","2024","09","07","05:00","","13.6","","11.4","","87","","","","26","","8","","","","100.16","","","","","","NA"
"-79.80","43.30","BURLINGTON PIERS (AUT)","6151061","2024-09-07 06:00","2024","09","07","06:00","","13.8","","11.1","","84","","","","28","","8","","","","100.18","","","","","","NA"
"-79.80","43.30","BURLINGTON PIERS (AUT)","6151061","2024-09-07 07:00","2024","09","07","07:00","","14.2","","10.7","","79","","","","29","","11","","","","100.21","","","","","","NA"
"-79.80","43.30","BURLINGTON PIERS (AUT)","6151061","2024-09-07 08:00","2024","09","07","08:00","","14.5","","10.0","","74","","","","29","","18","","","","100.24","","","","","","NA"
"-79.80","43.30","BURLINGTON PIERS (AUT)","6151061","2024-09-07 09:00","2024","09","07","09:00","","15.2","","9.8","","70","","","","29","","15","","","","100.27","","","","","","NA"
"-79.80","43.30","BURLINGTON PIERS (AUT)","6151061","2024-09-07 10:00","2024","09","07","10:00","","16.0","","9.2","","64","","","","29","","22","","","","100.30","","","","","","NA"
"-79.80","43.30","BURLINGTON PIERS (AUT)","6151061","2024-09-07 11:00","2024","09","07","11:00","","16.6","","8.7","","59","","","","30","","21","","","","100.30","","","","","","NA"
"-79.80","43.30","BURLINGTON PIERS (AUT)","6151061","2024-09-07 12:00","2024","09","07","12:00","","16.2","","8.7","","61","","","","31","","27","","","","100.31","","","","","","NA"
"-79.80","43.30","BURLINGTON PIERS (AUT)","6151061","2024-09-07 13:00","2024","09","07","13:00","","15.9","","9.1","","64","","","","29","","25","","","","100.37","","","","","","NA"
"-79.80","43.30","BURLINGTON PIERS (AUT)","6151061","2024-09-07 14:00","2024","09","07","14:00","","16.2","","7.6","","57","","","","29","","25","","","","100.37","","","","","","NA"
"-79.80","43.30","BURLINGTON PIERS (AUT)","6151061","2024-09-07 15:00","2024","09","07","15:00","","16.0","","9.6","","66","","","","29","","26","","","","100.38","","","","","","NA"
"-79.80","43.30","BURLINGTON PIERS (AUT)","6151061","2024-09-07 16:00","2024","09","07","16:00","","15.3","","7.5","","59","","","","29","","27","","","","100.38","","","","","","NA"
"-79.80","43.30","BURLINGTON PIERS (AUT)","6151061","2024-09-07 17:00","2024","09","07","17:00","","14.8","","6.5","","57","","","","29","","23","","","","100.42","","","","","","NA"
"-79.80","43.30","BURLINGTON PIERS (AUT)","6151061","2024-09-07 18:00","2024","09","07","18:00","","13.9","","6.8","","62","","","","29","","20","","","","100.46","","","","","","NA"
"-79.80","43.30","BURLINGTON PIERS (AUT)","6151061","2024-09-07 19:00","2024","09","07","19:00","","13.0","","7.6","","69","","","","29","","19","","","","100.53","","","","","","NA"
"-79.80","43.30","BURLINGTON PIERS (AUT)","6151061","2024-09-07 20:00","2024","09","07","20:00","","12.3","","7.1","","71","","","","28","","13","","","","100.62","","","","","","NA"
"-79.80","43.30","BURLINGTON PIERS (AUT)","6151061","2024-09-07 21:00","2024","09","07","21:00","","11.6","","7.5","","76","","","","27","","12","","","","100.63","","","","","","NA"
"-79.80","43.30","BURLINGTON PIERS (AUT)","6151061","2024-09-07 22:00","2024","09","07","22:00","","11.3","","6.9","","75","","","","26","","10","","","","100.61","","","","","","NA"
"-79.80","43.30","BURLINGTON PIERS (AUT)","6151061","2024-09-07 23:00","2024","09","07","23:00","","11.2","","7.4","","77","","","","25","","12","","","","100.61","","","","","","NA"
"-79.80","43.30","BURLINGTON PIERS (AUT)","6151061","2024-09-08 00:00","2024","09","08","00:00","","10.7","","7.7","","82","","","","25","","10","","","","100.61","","","","","","NA"
"-79.80","43.30","BURLINGTON PIERS (AUT)","6151061","2024-09-08 01:00","2024","09","08","01:00","","10.3","","8.1","","86","","","","25","","11","","","","100.61","","","","","","NA"
"-79.80","43.30","BURLINGTON PIERS (AUT)","6151061","2024-09-08 02:00","2024","09","08","02:00","","10.3","","7.7","","84","","","","25","","15","","","","100.57","","","","","","NA"
"-79.80","43.30","BURLINGTON PIERS (AUT)","6151061","2024-09-08 03:00","2024","09","08","03:00","","10.1","","8.1","","88","","","","27","","9","","","","100.54","","","","","","NA"
"-79.80","43.30","BURLINGTON PIERS (AUT)","6151061","2024-09-08 04:00","2024","09","08","04:00","","10.4","","7.7","","83","","","","25","","13","","","","100.55","","","","","","NA"
"-79.80","43.30","BURLINGTON PIERS (AUT)","6151061","2024-09-08 05:00","2024","09","08","05:00","","10.4","","7.7","","83","","","","25","","13","","","","100.56","","","","","","NA"
"-79.80","43.30","BURLINGTON PIERS (AUT)","6151061","2024-09-08 06:00","2024","09","08","06:00","","10.5","","7.4","","81","","","","25","","13","","","","100.58","","","","","","NA"
"-79.80","43.30","BURLINGTON PIERS (AUT)","6151061","2024-09-08 07:00","2024","09","08","07:00","","11.1","","6.9","","76","","","","27","","11","","","","100.62","","","","","","NA"
"-79.80","43.30","BURLINGTON PIERS (AUT)","6151061","2024-09-08 08:00","2024","09","08","08:00","","13.0","","7.2","","68","","","","26","","11","","","","100.63","","","","","","NA"
"-79.80","43.30","BURLINGTON PIERS (AUT)","6151061","2024-09-08 09:00","2024","09","08","09:00","","14.0","","7.0","","63","","","","27","","17","","","","100.63","","","","","","NA"
"-79.80","43.30","BURLINGTON PIERS (AUT)","6151061","2024-09-08 10:00","2024","09","08","10:00","","15.7","","5.9","","52","","","","28","","23","","","","100.63","","","","","","NA"
"-79.80","43.30","BURLINGTON PIERS (AUT)","6151061","2024-09-08 11:00","2024","09","08","11:00","","16.5","","8.7","","60","","","","27","","18","","","","100.63","","","","","","NA"
"-79.80","43.30","BURLINGTON PIERS (AUT)","6151061","2024-09-08 12:00","2024","09","08","12:00","","16.1","","8.1","","59","","","","29","","28","","","","100.66","","","","","","NA"
"-79.80","43.30","BURLINGTON PIERS (AUT)","6151061","2024-09-08 13:00","2024","09","08","13:00","","17.6","","6.6","","48","","","","28","","21","","","","100.65","","","","","","NA"
"-79.80","43.30","BURLINGTON PIERS (AUT)","6151061","2024-09-08 14:00","2024","09","08","14:00","","18.0","","6.8","","48","","","","26","","19","","","","100.65","","","","","","NA"
"-79.80","43.30","BURLINGTON PIERS (AUT)","6151061","2024-09-08 15:00","2024","09","08","15:00","","18.7","","5.8","","43","","","","27","","17","","","","100.64","","","","","","NA"
"-79.80","43.30","BURLINGTON PIERS (AUT)","6151061","2024-09-08 16:00","2024","09","08","16:00","","18.7","","5.3","","41","","","","26","","20","","","","100.64","","","","","","NA"
"-79.80","43.30","BURLINGTON PIERS (AUT)","6151061","2024-09-08 17:00","2024","09","08","17:00","","19.1","","5.3","","40","","","","26","","16","","","","100.65","","","","","","NA"
"-79.80","43.30","BURLINGTON PIERS (AUT)","6151061","2024-09-08 18:00","2024","09","08","18:00","","18.8","","6.0","","43","","","","25","","14","","","","100.66","","","","","","NA"
"-79.80","43.30","BURLINGTON PIERS (AUT)","6151061","2024-09-08 19:00","2024","09","08","19:00","","18.2","","7.9","","51","","","","23","","11","","","","100.66","","","","","","NA"
"-79.80","43.30","BURLINGTON PIERS (AUT)","6151061","2024-09-08 20:00","2024","09","08","20:00","","17.6","","7.8","","52","","","","20","","12","","","","100.67","","","","","","NA"
"-79.80","43.30","BURLINGTON PIERS (AUT)","6151061","2024-09-08 21:00","2024","09","08","21:00","","17.0","","9.6","","62","","","","23","","8","","","","100.70","","","","","","NA"
"-79.80","43.30","BURLINGTON PIERS (AUT)","6151061","2024-09-08 22:00","2024","09","08","22:00","","17.0","","9.1","","60","","","","24","","8","","","","100.70","","","","","","NA"
"-79.80","43.30","BURLINGTON PIERS (AUT)","6151061","2024-09-08 23:00","2024","09","08","23:00","","17.1","","8.8","","58","","","","24","","11","","","","100.70","","","","","","NA"
"-79.80","43.30","BURLINGTON PIERS (AUT)","6151061","2024-09-09 00:00","2024","09","09","00:00","","16.2","","9.2","","63","","","","25","","16","","","","100.72","","","","","","NA"
"-79.80","43.30","BURLINGTON PIERS (AUT)","6151061","2024-09-09 01:00","2024","09","09","01:00","","16.1","","9.6","","65","","","","25","","12","","","","100.74","","","","","","NA"
"-79.80","43.30","BURLINGTON PIERS (AUT)","6151061","2024-09-09 02:00","2024","09","09","02:00","","15.5","","9.3","","67","","","","25","","12","","","","100.74","","","","","","NA"
"-79.80","43.30","BURLINGTON PIERS (AUT)","6151061","2024-09-09 03:00","2024","09","09","03:00","","15.5","","10.0","","70","","","","25","","11","","","","100.73","","","","","","NA"
"-79.80","43.30","BURLINGTON PIERS (AUT)","6151061","2024-09-09 04:00","2024","09","09","04:00","","15.4","","10.5","","72","","","","24","","9","","","","100.73","","","","","","NA"
"-79.80","43.30","BURLINGTON PIERS (AUT)","6151061","2024-09-09 05:00","2024","09","09","05:00","","15.0","","10.2","","73","","","","25","","11","","","","100.71","","","","","","NA"
"-79.80","43.30","BURLINGTON PIERS (AUT)","6151061","2024-09-09 06:00","2024","09","09","06:00","","15.2","","10.8","","75","","","","26","","8","","","","100.72","","","","","","NA"
"-79.80","43.30","BURLINGTON PIERS (AUT)","6151061","2024-09-09 07:00","2024","09","09","07:00","","15.6","","11.2","","75","","","","23","","9","","","","100.73","","","","","","NA"
"-79.80","43.30","BURLINGTON PIERS (AUT)","6151061","2024-09-09 08:00","2024","09","09","08:00","","16.3","","11.0","","70","","","","24","","10","","","","100.71","","","","","","NA"
"-79.80","43.30","BURLINGTON PIERS (AUT)","6151061","2024-09-09 09:00","2024","09","09","09:00","","16.9","","11.8","","72","","","","23","","10","","","","100.71","","","","","","NA"
"-79.80","43.30","BURLINGTON PIERS (AUT)","6151061","2024-09-09 10:00","2024","09","09","10:00","","18.0","","13.0","","72","","","","23","","10","","","","100.67","","","","","","NA"
"-79.80","43.30","BURLINGTON PIERS (AUT)","6151061","2024-09-09 11:00","2024","09","09","11:00","","20.0","","12.5","","62","","","","22","","13","","","","100.63","","","","","","NA"
"-79.80","43.30","BURLINGTON PIERS (AUT)","6151061","2024-09-09 12:00","2024","09","09","12:00","","21.2","","12.9","","59","","","","22","","9","","","","100.57","","","","","","NA"
"-79.80","43.30","BURLINGTON PIERS (AUT)","6151061","2024-09-09 13:00","2024","09","09","13:00","","21.6","","13.4","","60","","","","21","","18","","","","100.52","","25","","","","NA"
"-79.80","43.30","BURLINGTON PIERS (AUT)","6151061","2024-09-09 14:00","2024","09","09","14:00","","20.9","","13.5","","62","","","","25","","20","","","","100.47","","","","","","NA"
"-79.80","43.30","BURLINGTON PIERS (AUT)","6151061","2024-09-09 15:00","2024","09","09","15:00","","17.2","","15.5","","90","","","","1","","7","","","","100.51","","","","","","NA"
"-79.80","43.30","BURLINGTON PIERS (AUT)","6151061","2024-09-09 16:00","2024","09","09","16:00","","22.5","","14.8","","62","","","","26","","10","","","","100.50","","26","","","","NA"
"-79.80","43.30","BURLINGTON PIERS (AUT)","6151061","2024-09-09 17:00","2024","09","09","17:00","","22.7","","14.2","","59","","","","26","","8","","","","100.54","","26","","","","NA"
"-79.80","43.30","BURLINGTON PIERS (AUT)","6151061","2024-09-09 18:00","2024","09","09","18:00","","21.8","","13.9","","61","","","","30","","24","","","","100.59","","25","","","","NA"
"-79.80","43.30","BURLINGTON PIERS (AUT)","6151061","2024-09-09 19:00","2024","09","09","19:00","","20.0","","13.7","","67","","","","30","","12","","","","100.68","","","","","","NA"
"-79.80","43.30","BURLINGTON PIERS (AUT)","6151061","2024-09-09 20:00","2024","09","09","20:00","","18.8","","14.0","","74","","","","31","","15","","","","100.76","","","","","","NA"
"-79.80","43.30","BURLINGTON PIERS (AUT)","6151061","2024-09-09 21:00","2024","09","09","21:00","","18.0","","14.1","","78","","","","30","","4","","","","100.84","","","","","","NA"
"-79.80","43.30","BURLINGTON PIERS (AUT)","6151061","2024-09-09 22:00","2024","09","09","22:00","","17.6","","14.3","","81","","","","28","","6","","","","100.92","","","","","","NA"
"-79.80","43.30","BURLINGTON PIERS (AUT)","6151061","2024-09-09 23:00","2024","09","09","23:00","","16.7","","14.1","","85","","","","26","","6","","","","100.97","","","","","","NA"
"-79.80","43.30","BURLINGTON PIERS (AUT)","6151061","2024-09-10 00:00","2024","09","10","00:00","","16.0","","13.1","","83","","","","30","","4","","","","100.98","","","","","","NA"
"-79.80","43.30","BURLINGTON PIERS (AUT)","6151061","2024-09-10 01:00","2024","09","10","01:00","","15.9","","12.9","","83","","","","","","0","","","","100.99","","","","","","NA"
"-79.80","43.30","BURLINGTON PIERS (AUT)","6151061","2024-09-10 02:00","2024","09","10","02:00","","16.1","","13.5","","85","","","","24","","6","","","","101.01","","","","","","NA"
"-79.80","43.30","BURLINGTON PIERS (AUT)","6151061","2024-09-10 03:00","2024","09","10","03:00","","15.2","","13.1","","87","","","","24","","6","","","","101.04","","","","","","NA"
"-79.80","43.30","BURLINGTON PIERS (AUT)","6151061","2024-09-10 04:00","2024","09","10","04:00","","14.8","","12.7","","87","","","","24","","6","","","","101.06","","","","","","NA"
"-79.80","43.30","BURLINGTON PIERS (AUT)","6151061","2024-09-10 05:00","2024","09","10","05:00","","14.2","","12.3","","89","","","","24","","7","","","","101.09","","","","","","NA"
"-79.80","43.30","BURLINGTON PIERS (AUT)","6151061","2024-09-10 06:00","2024","09","10","06:00","","13.8","","11.9","","88","","","","24","","7","","","","101.14","","","","","","NA"
"-79.80","43.30","BURLINGTON PIERS (AUT)","6151061","2024-09-10 07:00","2024","09","10","07:00","","14.2","","12.0","","87","","","","23","","9","","","","101.20","","","","","","NA"
"-79.80","43.30","BURLINGTON PIERS (AUT)","6151061","2024-09-10 08:00","2024","09","10","08:00","","15.2","","12.2","","82","","","","23","","7","","","","101.23","","","","","","NA"
"-79.80","43.30","BURLINGTON PIERS (AUT)","6151061","2024-09-10 09:00","2024","09","10","09:00","","17.2","","14.1","","82","","","","","","0","","","","101.26","","","","","","NA"
"-79.80","43.30","BURLINGTON PIERS (AUT)","6151061","2024-09-10 10:00","2024","09","10","10:00","","17.6","","13.1","","75","","","","7","","3","","","","101.28","","","","","","NA"
"-79.80","43.30","BURLINGTON PIERS (AUT)","6151061","2024-09-10 11:00","2024","09","10","11:00","","18.4","","11.6","","65","","","","8","","6","","","","101.26","","","","","","NA"
"-79.80","43.30","BURLINGTON PIERS (AUT)","6151061","2024-09-10 12:00","2024","09","10","12:00","","19.1","","10.2","","56","","","","7","","10","","","","101.23","","","","","","NA"
"-79.80","43.30","BURLINGTON PIERS (AUT)","6151061","2024-09-10 13:00","2024","09","10","13:00","","19.8","","6.3","","41","","","","9","","16","","","","101.21","","","","","","NA"
"-79.80","43.30","BURLINGTON PIERS (AUT)","6151061","2024-09-10 14:00","2024","09","10","14:00","","19.8","","8.9","","49","","","","9","","18","","","","101.17","","","","","","NA"
"-79.80","43.30","BURLINGTON PIERS (AUT)","6151061","2024-09-10 15:00","2024","09","10","15:00","","19.8","","11.7","","59","","","","9","","18","","","","101.12","","","","","","NA"
"-79.80","43.30","BURLINGTON PIERS (AUT)","6151061","2024-09-10 16:00","2024","09","10","16:00","","19.9","","14.3","","70","","","","9","","18","","","","101.10","","","","","","NA"
"-79.80","43.30","BURLINGTON PIERS (AUT)","6151061","2024-09-10 17:00","2024","09","10","17:00","","20.1","","14.0","","68","","","","11","","19","","","","101.08","","","","","","NA"
"-79.80","43.30","BURLINGTON PIERS (AUT)","6151061","2024-09-10 18:00","2024","09","10","18:00","","20.3","","13.7","","66","","","","11","","20","","","","101.05","","","","","","NA"
"-79.80","43.30","BURLINGTON PIERS (AUT)","6151061","2024-09-10 19:00","2024","09","10","19:00","","21.2","","12.3","","57","","","","15","","15","","","","101.06","","","","","","NA"
"-79.80","43.30","BURLINGTON PIERS (AUT)","6151061","2024-09-10 20:00","2024","09","10","20:00","","20.4","","11.5","","57","","","","18","","9","","","","101.10","","","","","","NA"
"-79.80","43.30","BURLINGTON PIERS (AUT)","6151061","2024-09-10 21:00","2024","09","10","21:00","","19.9","","12.5","","62","","","","22","","5","","","","101.11","","","","","","NA"
"-79.80","43.30","BURLINGTON PIERS (AUT)","6151061","2024-09-10 22:00","2024","09","10","22:00","","18.8","","12.6","","67","","","","25","","6","","","","101.09","","","","","","NA"
"-79.80","43.30","BURLINGTON PIERS (AUT)","6151061","2024-09-10 23:00","2024","09","10","23:00","","18.3","","11.4","","64","","","","25","","8","","","","101.09","","","","","","NA"
"-79.80","43.30","BURLINGTON PIERS (AUT)","6151061","2024-09-11 00:00","2024","09","11","00:00","","17.6","","13.0","","74","","","","25","","7","","","","101.09","","","","","","NA"
"-79.80","43.30","BURLINGTON PIERS (AUT)","6151061","2024-09-11 01:00","2024","09","11","01:00","","17.4","","13.5","","78","","","","22","","3","","","","101.09","","","","","","NA"
"-79.80","43.30","BURLINGTON PIERS (AUT)","6151061","2024-09-11 02:00","2024","09","11","02:00","","16.7","","13.4","","81","","","","","","0","","","","101.09","","","","","","NA"
"-79.80","43.30","BURLINGTON PIERS (AUT)","6151061","2024-09-11 03:00","2024","09","11","03:00","","16.4","","13.4","","82","","","","24","","7","","","","101.11","","","","","","NA"
"-79.80","43.30","BURLINGTON PIERS (AUT)","6151061","2024-09-11 04:00","2024","09","11","04:00","","16.1","","13.6","","85","","","","24","","5","","","","101.13","","","","","","NA"
"-79.80","43.30","BURLINGTON PIERS (AUT)","6151061","2024-09-11 05:00","2024","09","11","05:00","","15.5","","13.6","","89","","","","","","0","","","","101.15","","","","","","NA"
"-79.80","43.30","BURLINGTON PIERS (AUT)","6151061","2024-09-11 06:00","2024","09","11","06:00","","15.1","","12.6","","85","","","","26","","4","","","","101.21","","","","","","NA"
"-79.80","43.30","BURLINGTON PIERS (AUT)","6151061","2024-09-11 07:00","2024","09","11","07:00","","16.0","","13.2","","84","","","","","","0","","","","101.25","","","","","","NA"
"-79.80","43.30","BURLINGTON PIERS (AUT)","6151061","2024-09-11 08:00","2024","09","11","08:00","","17.8","","14.3","","80","","","","","","0","","","","101.25","","","","","","NA"
"-79.80","43.30","BURLINGTON PIERS (AUT)","6151061","2024-09-11 09:00","2024","09","11","09:00","","17.1","","15.3","","89","","","","7","","5","","","","101.27","","","","","","NA"
"-79.80","43.30","BURLINGTON PIERS (AUT)","6151061","2024-09-11 10:00","2024","09","11","10:00","","17.6","","15.3","","86","","","","6","","5","","","","101.29","","","","","","NA"
"-79.80","43.30","BURLINGTON PIERS (AUT)","6151061","2024-09-11 11:00","2024","09","11","11:00","","17.9","","16.2","","90","","","","7","","10","","","","101.28","","","","","","NA"
"-79.80","43.30","BURLINGTON PIERS (AUT)","6151061","2024-09-11 12:00","2024","09","11","12:00","","18.5","","16.2","","87","","","","7","","11","","","","101.26","","","","","","NA"
"-79.80","43.30","BURLINGTON PIERS (AUT)","6151061","2024-09-11 13:00","2024","09","11","13:00","","19.0","","16.4","","85","","","","6","","14","","","","101.20","","","","","","NA"
"-79.80","43.30","BURLINGTON PIERS (AUT)","6151061","2024-09-11 14:00","2024","09","11","14:00","","19.5","","16.0","","80","","","","5","","13","","","","101.18","","","","","","NA"
"-79.80","43.30","BURLINGTON PIERS (AUT)","6151061","2024-09-11 15:00","2024","09","11","15:00","","19.7","","16.3","","81","","","","6","","13","","","","101.15","","","","","","NA"
"-79.80","43.30","BURLINGTON PIERS (AUT)","6151061","2024-09-11 16:00","2024","09","11","16:00","","19.8","","16.2","","80","","","","7","","11","","","","101.11","","","","","","NA"
"-79.80","43.30","BURLINGTON PIERS (AUT)","6151061","2024-09-11 17:00","2024","09","11","17:00","","19.9","","16.9","","83","","","","7","","9","","","","101.09","","","","","","NA"
"-79.80","43.30","BURLINGTON PIERS (AUT)","6151061","2024-09-11 18:00","2024","09","11","18:00","","19.7","","18.2","","91","","","","8","","9","","","","101.08","","","","","","NA"
"-79.80","43.30","BURLINGTON PIERS (AUT)","6151061","2024-09-11 19:00","2024","09","11","19:00","","19.6","","16.7","","84","","","","5","","8","","","","101.08","","","","","","NA"
"-79.80","43.30","BURLINGTON PIERS (AUT)","6151061","2024-09-11 20:00","2024","09","11","20:00","","18.9","","17.3","","90","","","","36","","8","","","","101.10","","","","","","NA"
"-79.80","43.30","BURLINGTON PIERS (AUT)","6151061","2024-09-11 21:00","2024","09","11","21:00","","18.6","","17.2","","92","","","","36","","7","","","","101.10","","","","","","NA"
"-79.80","43.30","BURLINGTON PIERS (AUT)","6151061","2024-09-11 22:00","2024","09","11","22:00","","18.4","","16.7","","90","","","","34","","6","","","","101.12","","","","","","NA"
"-79.80","43.30","BURLINGTON PIERS (AUT)","6151061","2024-09-11 23:00","2024","09","11","23:00","","17.9","","16.4","","91","","","","36","","9","","","","101.14","","","","","","NA"
"-79.80","43.30","BURLINGTON PIERS (AUT)","6151061","2024-09-12 00:00","2024","09","12","00:00","","17.4","","16.3","","93","","","","33","","4","","","","101.12","","","","","","NA"
"-79.80","43.30","BURLINGTON PIERS (AUT)","6151061","2024-09-12 01:00","2024","09","12","01:00","","17.2","","15.9","","92","","","","36","","5","","","","101.11","","","","","","NA"
"-79.80","43.30","BURLINGTON PIERS (AUT)","6151061","2024-09-12 02:00","2024","09","12","02:00","","16.4","","16.0","","98","","","","32","","8","","","","101.12","","","","","","NA"
"-79.80","43.30","BURLINGTON PIERS (AUT)","6151061","2024-09-12 03:00","2024","09","12","03:00","","16.2","","15.5","","96","","","","27","","4","","","","101.15","","","","","","NA"
"-79.80","43.30","BURLINGTON PIERS (AUT)","6151061","2024-09-12 04:00","2024","09","12","04:00","","16.5","","15.5","","94","","","","29","","4","","","","101.16","","","","","","NA"
"-79.80","43.30","BURLINGTON PIERS (AUT)","6151061","2024-09-12 05:00","2024","09","12","05:00","","16.4","","15.2","","93","","","","31","","6","","","","101.18","","","","","","NA"
"-79.80","43.30","BURLINGTON PIERS (AUT)","6151061","2024-09-12 06:00","2024","09","12","06:00","","16.7","","15.2","","91","","","","34","","6","","","","101.20","","","","","","NA"
"-79.80","43.30","BURLINGTON PIERS (AUT)","6151061","2024-09-12 07:00","2024","09","12","07:00","","17.0","","14.8","","87","","","","35","","9","","","","101.25","","","","","","NA"
"-79.80","43.30","BURLINGTON PIERS (AUT)","6151061","2024-09-12 08:00","2024","09","12","08:00","","17.3","","14.6","","84","","","","2","","8","","","","101.30","","","","","","NA"
"-79.80","43.30","BURLINGTON PIERS (AUT)","6151061","2024-09-12 09:00","2024","09","12","09:00","","18.0","","15.6","","86","","","","5","","5","","","","101.36","","","","","","NA"
"-79.80","43.30","BURLINGTON PIERS (AUT)","6151061","2024-09-12 10:00","2024","09","12","10:00","","17.9","","17.2","","96","","","","7","","8","","","","101.40","","","","","","NA"
"-79.80","43.30","BURLINGTON PIERS (AUT)","6151061","2024-09-12 11:00","2024","09","12","11:00","","17.7","","17.5","","99","","","","8","","7","","","","101.38","","","","","","NA"
"-79.80","43.30","BURLINGTON PIERS (AUT)","6151061","2024-09-12 12:00","2024","09","12","12:00","","18.1","","17.1","","94","","","","5","","9","","","","101.36","","","","","","NA"
"-79.80","43.30","BURLINGTON PIERS (AUT)","6151061","2024-09-12 13:00","2024","09","12","13:00","","18.5","","17.2","","92","","","","4","","12","","","","101.33","","","","","","NA"
"-79.80","43.30","BURLINGTON PIERS (AUT)","6151061","2024-09-12 14:00","2024","09","12","14:00","","19.0","","17.6","","92","","","","5","","11","","","","101.26","","","","","","NA"
"-79.80","43.30","BURLINGTON PIERS (AUT)","6151061","2024-09-12 15:00","2024","09","12","15:00","","19.3","","17.5","","89","","","","5","","11","","","","101.24","","","","","","NA"
"-79.80","43.30","BURLINGTON PIERS (AUT)","6151061","2024-09-12 16:00","2024","09","12","16:00","","19.3","","18.0","","92","","","","6","","12","","","","101.22","","","","","","NA"
"-79.80","43.30","BURLINGTON PIERS (AUT)","6151061","2024-09-12 17:00","2024","09","12","17:00","","19.4","","18.4","","94","","","","6","","9","","","","101.22","","","","","","NA"
"-79.80","43.30","BURLINGTON PIERS (AUT)","6151061","2024-09-12 18:00","2024","09","12","18:00","","19.2","","18.1","","94","","","","3","","8","","","","101.21","","","","","","NA"
"-79.80","43.30","BURLINGTON PIERS (AUT)","6151061","2024-09-12 19:00","2024","09","12","19:00","","18.9","","18.9","","100","","","","2","","6","","","","101.23","","","","","","NA"
"-79.80","43.30","BURLINGTON PIERS (AUT)","6151061","2024-09-12 20:00","2024","09","12","20:00","","19.0","","19.0","","100","","","","4","","7","","","","101.25","","","","","","NA"
"-79.80","43.30","BURLINGTON PIERS (AUT)","6151061","2024-09-12 21:00","2024","09","12","21:00","","19.1","","18.2","","95","","","","2","","9","","","","101.27","","","","","","NA"
"-79.80","43.30","BURLINGTON PIERS (AUT)","6151061","2024-09-12 22:00","2024","09","12","22:00","","19.0","","17.8","","93","","","","4","","3","","","","101.31","","","","","","NA"
"-79.80","43.30","BURLINGTON PIERS (AUT)","6151061","2024-09-12 23:00","2024","09","12","23:00","","18.9","","16.2","","84","","","","36","","4","","","","101.32","","","","","","NA"
"-79.80","43.30","BURLINGTON PIERS (AUT)","6151061","2024-09-13 00:00","2024","09","13","00:00","","18.3","","16.3","","88","","","","31","","5","","","","101.34","","","","","","NA"
"-79.80","43.30","BURLINGTON PIERS (AUT)","6151061","2024-09-13 01:00","2024","09","13","01:00","","18.4","","15.9","","85","","","","","","0","","","","101.35","","","","","","NA"
"-79.80","43.30","BURLINGTON PIERS (AUT)","6151061","2024-09-13 02:00","2024","09","13","02:00","","17.8","","15.8","","88","","","","29","","3","","","","101.35","","","","","","NA"
"-79.80","43.30","BURLINGTON PIERS (AUT)","6151061","2024-09-13 03:00","2024","09","13","03:00","","17.9","","16.6","","92","","","","22","","3","","","","101.36","","","","","","NA"
"-79.80","43.30","BURLINGTON PIERS (AUT)","6151061","2024-09-13 04:00","2024","09","13","04:00","","17.5","","16.4","","94","","","","","","0","","","","101.39","","","","","","NA"
"-79.80","43.30","BURLINGTON PIERS (AUT)","6151061","2024-09-13 05:00","2024","09","13","05:00","","17.3","","16.0","","93","","","","25","","3","","","","101.40","","","","","","NA"
"-79.80","43.30","BURLINGTON PIERS (AUT)","6151061","2024-09-13 06:00","2024","09","13","06:00","","16.9","","15.8","","93","","","","25","","6","","","","101.43","","","","","","NA"
"-79.80","43.30","BURLINGTON PIERS (AUT)","6151061","2024-09-13 07:00","2024","09","13","07:00","","17.0","","16.0","","94","","","","28","","4","","","","101.48","","","","","","NA"
"-79.80","43.30","BURLINGTON PIERS (AUT)","6151061","2024-09-13 08:00","2024","09","13","08:00","","17.3","","16.9","","97","","","","","","0","","","","101.50","","","","","","NA"
"-79.80","43.30","BURLINGTON PIERS (AUT)","6151061","2024-09-13 09:00","2024","09","13","09:00","","18.7","","17.4","","92","","","","6","","7","","","","101.55","","","","","","NA"
"-79.80","43.30","BURLINGTON PIERS (AUT)","6151061","2024-09-13 10:00","2024","09","13","10:00","","19.2","","17.0","","87","","","","9","","9","","","","101.56","","","","","","NA"
"-79.80","43.30","BURLINGTON PIERS (AUT)","6151061","2024-09-13 11:00","2024","09","13","11:00","","19.3","","17.2","","88","","","","8","","10","","","","101.55","","","","","","NA"
"-79.80","43.30","BURLINGTON PIERS (AUT)","6151061","2024-09-13 12:00","2024","09","13","12:00","","19.5","","18.7","","95","","","","9","","12","","","","101.51","","","","","","NA"
"-79.80","43.30","BURLINGTON PIERS (AUT)","6151061","2024-09-13 13:00","2024","09","13","13:00","","19.8","","18.5","","92","","","","8","","12","","","","101.48","","","","","","NA"
"-79.80","43.30","BURLINGTON PIERS (AUT)","6151061","2024-09-13 14:00","2024","09","13","14:00","","20.1","","18.7","","92","","","","10","","11","","","","101.43","","27","","","","NA"
"-79.80","43.30","BURLINGTON PIERS (AUT)","6151061","2024-09-13 15:00","2024","09","13","15:00","","20.7","","19.2","","91","","","","5","","9","","","","101.40","","28","","","","NA"
"-79.80","43.30","BURLINGTON PIERS (AUT)","6151061","2024-09-13 16:00","2024","09","13","16:00","","19.1","","18.6","","97","","","","4","","11","","","","101.38","","","","","","NA"
"-79.80","43.30","BURLINGTON PIERS (AUT)","6151061","2024-09-13 17:00","2024","09","13","17:00","","18.7","","18.2","","97","","","","4","","11","","","","101.37","","","","","","NA"
"-79.80","43.30","BURLINGTON PIERS (AUT)","6151061","2024-09-13 18:00","2024","09","13","18:00","","18.5","","18.3","","99","","","","5","","9","","","","101.38","","","","","","NA"
"-79.80","43.30","BURLINGTON PIERS (AUT)","6151061","2024-09-13 19:00","2024","09","13","19:00","","18.3","","18.0","","98","","","","5","","5","","","","101.40","","","","","","NA"
"-79.80","43.30","BURLINGTON PIERS (AUT)","6151061","2024-09-13 20:00","2024","09","13","20:00","","18.0","","17.7","","98","","","","5","","6","","","","101.46","","","","","","NA"
"-79.80","43.30","BURLINGTON PIERS (AUT)","6151061","2024-09-13 21:00","2024","09","13","21:00","","18.0","","17.7","","98","","","","3","","5","","","","101.50","","","","","","NA"
"-79.80","43.30","BURLINGTON PIERS (AUT)","6151061","2024-09-13 22:00","2024","09","13","22:00","","17.7","","17.4","","98","","","","2","","7","","","","101.51","","","","","","NA"
"-79.80","43.30","BURLINGTON PIERS (AUT)","6151061","2024-09-13 23:00","2024","09","13","23:00","","17.5","","17.3","","98","","","","3","","8","","","","101.52","","","","","","NA"
"-79.80","43.30","BURLINGTON PIERS (AUT)","6151061","2024-09-14 00:00","2024","09","14","00:00","","17.6","","17.5","","99","","","","2","","7","","","","101.51","","","","","","NA"
"-79.80","43.30","BURLINGTON PIERS (AUT)","6151061","2024-09-14 01:00","2024","09","14","01:00","","17.9","","17.8","","99","","","","33","","6","","","","101.46","","","","","","NA"
"-79.80","43.30","BURLINGTON PIERS (AUT)","6151061","2024-09-14 02:00","2024","09","14","02:00","","18.6","","18.4","","99","","","","36","","8","","","","101.44","","","","","","NA"
"-79.80","43.30","BURLINGTON PIERS (AUT)","6151061","2024-09-14 03:00","2024","09","14","03:00","","18.6","","18.1","","97","","","","2","","4","","","","101.45","","","","","","NA"
"-79.80","43.30","BURLINGTON PIERS (AUT)","6151061","2024-09-14 04:00","2024","09","14","04:00","","18.7","","17.9","","95","","","","36","","8","","","","101.46","","","","","","NA"
"-79.80","43.30","BURLINGTON PIERS (AUT)","6151061","2024-09-14 05:00","2024","09","14","05:00","","18.4","","17.2","","93","","","","34","","8","","","","101.49","","","","","","NA"
"-79.80","43.30","BURLINGTON PIERS (AUT)","6151061","2024-09-14 06:00","2024","09","14","06:00","","18.5","","17.2","","92","","","","35","","10","","","","101.56","","","","","","NA"
"-79.80","43.30","BURLINGTON PIERS (AUT)","6151061","2024-09-14 07:00","2024","09","14","07:00","","18.2","","17.1","","93","","","","36","","12","","","","101.61","","","","","","NA"
"-79.80","43.30","BURLINGTON PIERS (AUT)","6151061","2024-09-14 08:00","2024","09","14","08:00","","17.4","","16.9","","97","","","","35","","10","","","","101.66","","","","","","NA"
"-79.80","43.30","BURLINGTON PIERS (AUT)","6151061","2024-09-14 09:00","2024","09","14","09:00","","17.6","","17.2","","97","","","","33","","4","","","","101.70","","","","","","NA"
"-79.80","43.30","BURLINGTON PIERS (AUT)","6151061","2024-09-14 10:00","2024","09","14","10:00","","18.6","","17.3","","92","","","","2","","10","","","","101.72","","","","","","NA"
"-79.80","43.30","BURLINGTON PIERS (AUT)","6151061","2024-09-14 11:00","2024","09","14","11:00","","18.9","","17.4","","91","","","","3","","8","","","","101.68","","","","","","NA"
"-79.80","43.30","BURLINGTON PIERS (AUT)","6151061","2024-09-14 12:00","2024","09","14","12:00","","18.8","","17.4","","92","","","","7","","10","","","","101.66","","","","","","NA"
"-79.80","43.30","BURLINGTON PIERS (AUT)","6151061","2024-09-14 13:00","2024","09","14","13:00","","19.0","","17.4","","91","","","","7","","13","","","","101.62","","","","","","NA"
"-79.80","43.30","BURLINGTON PIERS (AUT)","6151061","2024-09-14 14:00","2024","09","14","14:00","","19.2","","17.8","","91","","","","7","","12","","","","101.59","","","","","","NA"
"-79.80","43.30","BURLINGTON PIERS (AUT)","6151061","2024-09-14 15:00","2024","09","14","15:00","","19.7","","18.1","","91","","","","5","","10","","","","101.58","","","","","","NA"
"-79.80","43.30","BURLINGTON PIERS (AUT)","6151061","2024-09-14 16:00","2024","09","14","16:00","","19.8","","18.5","","92","","","","5","","11","","","","101.54","","","","","","NA"
"-79.80","43.30","BURLINGTON PIERS (AUT)","6151061","2024-09-14 17:00","2024","09","14","17:00","","19.3","","18.2","","93","","","","6","","11","","","","101.53","","","","","","NA"
"-79.80","43.30","BURLINGTON PIERS (AUT)","6151061","2024-09-14 18:00","2024","09","14","18:00","","19.5","","18.5","","94","","","","4","","7","","","","101.52","","","","","","NA"
"-79.80","43.30","BURLINGTON PIERS (AUT)","6151061","2024-09-14 19:00","2024","09","14","19:00","","18.9","","18.6","","98","","","","4","","6","","","","101.51","","","","","","NA"
"-79.80","43.30","BURLINGTON PIERS (AUT)","6151061","2024-09-14 20:00","2024","09","14","20:00","","19.8","","18.5","","92","","","","2","","4","","","","101.53","","","","","","NA"
"-79.80","43.30","BURLINGTON PIERS (AUT)","6151061","2024-09-14 21:00","2024","09","14","21:00","","20.2","","18.5","","90","","","","36","","9","","","","101.54","","27","","","","NA"
"-79.80","43.30","BURLINGTON PIERS (AUT)","6151061","2024-09-14 22:00","2024","09","14","22:00","","20.4","","18.0","","86","","","","36","","9","","","","101.55","","26","","","","NA"
"-79.80","43.30","BURLINGTON PIERS (AUT)","6151061","2024-09-14 23:00","2024","09","14","23:00","","20.1","","17.9","","87","","","","36","","10","","","","101.55","","26","","","","NA"
"-79.80","43.30","BURLINGTON PIERS (AUT)","6151061","2024-09-15 00:00","2024","09","15","00:00","","19.8","","17.7","","87","","","","35","","14","","","","101.54","","","","","","NA"
"-79.80","43.30","BURLINGTON PIERS (AUT)","6151061","2024-09-15 01:00","2024","09","15","01:00","","19.7","","17.6","","88","","","","36","","12","","","","101.52","","","","","","NA"
"-79.80","43.30","BURLINGTON PIERS (AUT)","6151061","2024-09-15 02:00","2024","09","15","02:00","","19.5","","17.6","","89","","","","36","","10","","","","101.51","","","","","","NA"
"-79.80","43.30","BURLINGTON PIERS (AUT)","6151061","2024-09-15 03:00","2024","09","15","03:00","","19.4","","17.7","","90","","","","35","","10","","","","101.51","","","","","","NA"
"-79.80","43.30","BURLINGTON PIERS (AUT)","6151061","2024-09-15 04:00","2024","09","15","04:00","","19.1","","17.5","","91","","","","34","","8","","","","101.54","","","","","","NA"
"-79.80","43.30","BURLINGTON PIERS (AUT)","6151061","2024-09-15 05:00","2024","09","15","05:00","","18.9","","17.3","","90","","","","34","","6","","","","101.60","","","","","","NA"
"-79.80","43.30","BURLINGTON PIERS (AUT)","6151061","2024-09-15 06:00","2024","09","15","06:00","","18.5","","17.0","","91","","","","32","","7","","","","101.66","","","","","","NA"
"-79.80","43.30","BURLINGTON PIERS (AUT)","6151061","2024-09-15 07:00","2024","09","15","07:00","","18.7","","17.2","","91","","","","33","","5","","","","101.71","","","","","","NA"
"-79.80","43.30","BURLINGTON PIERS (AUT)","6151061","2024-09-15 08:00","2024","09","15","08:00","","18.7","","17.9","","96","","","","1","","6","","","","101.75","","","","","","NA"
"-79.80","43.30","BURLINGTON PIERS (AUT)","6151061","2024-09-15 09:00","2024","09","15","09:00","","19.5","","17.9","","91","","","","","","0","","","","101.81","","","","","","NA"
"-79.80","43.30","BURLINGTON PIERS (AUT)","6151061","2024-09-15 10:00","2024","09","15","10:00","","20.0","","18.3","","90","","","","8","","4","","","","101.81","","26","","","","NA"
"-79.80","43.30","BURLINGTON PIERS (AUT)","6151061","2024-09-15 11:00","2024","09","15","11:00","","20.6","","19.2","","92","","","","6","","7","","","","101.79","","28","","","","NA"
"-79.80","43.30","BURLINGTON PIERS (AUT)","6151061","2024-09-15 12:00","2024","09","15","12:00","","21.1","","19.2","","89","","","","7","","9","","","","101.75","","28","","","","NA"
"-79.80","43.30","BURLINGTON PIERS (AUT)","6151061","2024-09-15 13:00","2024","09","15","13:00","","21.5","","19.4","","88","","","","9","","12","","","","101.70","","29","","","","NA"
"-79.80","43.30","BURLINGTON PIERS (AUT)","6151061","2024-09-15 14:00","2024","09","15","14:00","","21.9","","19.8","","87","","","","8","","10","","","","101.64","","29","","","","NA"
"-79.80","43.30","BURLINGTON PIERS (AUT)","6151061","2024-09-15 15:00","2024","09","15","15:00","","22.1","","20.0","","88","","","","8","","11","","","","101.59","","30","","","","NA"
"-79.80","43.30","BURLINGTON PIERS (AUT)","6151061","2024-09-15 16:00","2024","09","15","16:00","","22.4","","20.6","","89","","","","5","","6","","","","101.57","","30","","","","NA"
"-79.80","43.30","BURLINGTON PIERS (AUT)","6151061","2024-09-15 17:00","2024","09","15","17:00","","22.2","","20.3","","89","","","","7","","8","","","","101.56","","30","","","","NA"
"-79.80","43.30","BURLINGTON PIERS (AUT)","6151061","2024-09-15 18:00","2024","09","15","18:00","","22.0","","20.2","","90","","","","7","","6","","","","101.56","","30","","","","NA"
"-79.80","43.30","BURLINGTON PIERS (AUT)","6151061","2024-09-15 19:00","2024","09","15","19:00","","21.9","","20.1","","89","","","","3","","6","","","","101.55","","30","","","","NA"
"-79.80","43.30","BURLINGTON PIERS (AUT)","6151061","2024-09-15 20:00","2024","09","15","20:00","","22.0","","19.4","","85","","","","1","","8","","","","101.56","","29","","","","NA"
"-79.80","43.30","BURLINGTON PIERS (AUT)","6151061","2024-09-15 21:00","2024","09","15","21:00","","23.0","","17.8","","72","","","","5","","11","","","","101.56","","29","","","","NA"
"-79.80","43.30","BURLINGTON PIERS (AUT)","6151061","2024-09-15 22:00","2024","09","15","22:00","","22.2","","18.0","","77","","","","36","","11","","","","101.57","","28","","","","NA"
"-79.80","43.30","BURLINGTON PIERS (AUT)","6151061","2024-09-15 23:00","2024","09","15","23:00","","21.6","","18.0","","80","","","","33","","9","","","","101.57","","28","","","","NA"
"-79.80","43.30","BURLINGTON PIERS (AUT)","6151061","2024-09-16 00:00","2024","09","16","00:00","","21.1","","17.7","","81","","","","34","","6","","","","101.55","","27","","","","NA"
"-79.80","43.30","BURLINGTON PIERS (AUT)","6151061","2024-09-16 01:00","2024","09","16","01:00","","20.4","","18.1","","86","","","","24","","5","","","","101.53","","26","","","","NA"
"-79.80","43.30","BURLINGTON PIERS (AUT)","6151061","2024-09-16 02:00","2024","09","16","02:00","","19.8","","17.0","","84","","","","","","0","","","","101.55","","","","","","NA"
"-79.80","43.30","BURLINGTON PIERS (AUT)","6151061","2024-09-16 03:00","2024","09","16","03:00","","19.7","","17.2","","85","","","","","","0","","","","101.56","","","","","","NA"
"-79.80","43.30","BURLINGTON PIERS (AUT)","6151061","2024-09-16 04:00","2024","09","16","04:00","","19.2","","17.0","","87","","","","","","0","","","","101.57","","","","","","NA"
"-79.80","43.30","BURLINGTON PIERS (AUT)","6151061","2024-09-16 05:00","2024","09","16","05:00","","18.8","","17.1","","90","","","","","","0","","","","101.61","","","","","","NA"
"-79.80","43.30","BURLINGTON PIERS (AUT)","6151061","2024-09-16 06:00","2024","09","16","06:00","","18.6","","16.7","","89","","","","28","","3","","","","101.65","","","","","","NA"
"-79.80","43.30","BURLINGTON PIERS (AUT)","6151061","2024-09-16 07:00","2024","09","16","07:00","","18.9","","16.5","","86","","","","","","0","","","","101.69","","","","","","NA"
"-79.80","43.30","BURLINGTON PIERS (AUT)","6151061","2024-09-16 08:00","2024","09","16","08:00","","20.5","","17.5","","83","","","","","","0","","","","101.73","","26","","","","NA"
"-79.80","43.30","BURLINGTON PIERS (AUT)","6151061","2024-09-16 09:00","2024","09","16","09:00","","20.3","","18.0","","87","","","","7","","4","","","","101.76","","26","","","","NA"
"-79.80","43.30","BURLINGTON PIERS (AUT)","6151061","2024-09-16 10:00","2024","09","16","10:00","","20.5","","18.3","","87","","","","7","","6","","","","101.73","","27","","","","NA"
"-79.80","43.30","BURLINGTON PIERS (AUT)","6151061","2024-09-16 11:00","2024","09","16","11:00","","20.9","","18.8","","87","","","","7","","8","","","","101.70","","28","","","","NA"
"-79.80","43.30","BURLINGTON PIERS (AUT)","6151061","2024-09-16 12:00","2024","09","16","12:00","","21.5","","18.9","","85","","","","7","","10","","","","101.63","","28","","","","NA"
"-79.80","43.30","BURLINGTON PIERS (AUT)","6151061","2024-09-16 13:00","2024","09","16","13:00","","22.0","","18.7","","81","","","","6","","10","","","","101.55","","29","","","","NA"
"-79.80","43.30","BURLINGTON PIERS (AUT)","6151061","2024-09-16 14:00","2024","09","16","14:00","","22.1","","19.5","","85","","","","9","","13","","","","101.49","","29","","","","NA"
"-79.80","43.30","BURLINGTON PIERS (AUT)","6151061","2024-09-16 15:00","2024","09","16","15:00","","22.5","","18.5","","78","","","","9","","13","","","","101.43","","29","","","","NA"
"-79.80","43.30","BURLINGTON PIERS (AUT)","6151061","2024-09-16 16:00","2024","09","16","16:00","","22.6","","18.8","","79","","","","9","","10","","","","101.41","","29","","","","NA"
"-79.80","43.30","BURLINGTON PIERS (AUT)","6151061","2024-09-16 17:00","2024","09","16","17:00","","22.8","","19.1","","79","","","","4","","6","","","","101.39","","30","","","","NA"
"-79.80","43.30","BURLINGTON PIERS (AUT)","6151061","2024-09-16 18:00","2024","09","16","18:00","","22.4","","19.5","","84","","","","4","","5","","","","101.41","","30","","","","NA"
"-79.80","43.30","BURLINGTON PIERS (AUT)","6151061","2024-09-16 19:00","2024","09","16","19:00","","21.8","","19.6","","87","","","","4","","6","","","","101.40","","29","","","","NA"
"-79.80","43.30","BURLINGTON PIERS (AUT)","6151061","2024-09-16 20:00","2024","09","16","20:00","","21.7","","19.3","","86","","","","1","","7","","","","101.39","","29","","","","NA"
"-79.80","43.30","BURLINGTON PIERS (AUT)","6151061","2024-09-16 21:00","2024","09","16","21:00","","21.8","","18.8","","83","","","","36","","8","","","","101.38","","28","","","","NA"
"-79.80","43.30","BURLINGTON PIERS (AUT)","6151061","2024-09-16 22:00","2024","09","16","22:00","","21.7","","17.7","","78","","","","34","","8","","","","101.35","","27","","","","NA"
"-79.80","43.30","BURLINGTON PIERS (AUT)","6151061","2024-09-16 23:00","2024","09","16","23:00","","21.6","","17.1","","75","","","","36","","11","","","","101.35","","27","","","","NA"
"-79.80","43.30","BURLINGTON PIERS (AUT)","6151061","2024-09-17 00:00","2024","09","17","00:00","","21.2","","16.8","","76","","","","36","","11","","","","101.33","","26","","","","NA"
"-79.80","43.30","BURLINGTON PIERS (AUT)","6151061","2024-09-17 01:00","2024","09","17","01:00","","20.4","","16.6","","79","","","","35","","12","","","","101.35","","25","","","","NA"
"-79.80","43.30","BURLINGTON PIERS (AUT)","6151061","2024-09-17 02:00","2024","09","17","02:00","","19.8","","16.9","","83","","","","34","","10","","","","101.32","","","","","","NA"
"-79.80","43.30","BURLINGTON PIERS (AUT)","6151061","2024-09-17 03:00","2024","09","17","03:00","","19.6","","17.5","","88","","","","33","","6","","","","101.31","","","","","","NA"
"-79.80","43.30","BURLINGTON PIERS (AUT)","6151061","2024-09-17 04:00","2024","09","17","04:00","","19.0","","16.9","","88","","","","29","","4","","","","101.32","","","","","","NA"
"-79.80","43.30","BURLINGTON PIERS (AUT)","6151061","2024-09-17 05:00","2024","09","17","05:00","","18.9","","16.6","","87","","","","","","0","","","","101.33","","","","","","NA"
"-79.80","43.30","BURLINGTON PIERS (AUT)","6151061","2024-09-17 06:00","2024","09","17","06:00","","18.6","","16.5","","87","","","","30","","3","","","","101.38","","","","","","NA"
"-79.80","43.30","BURLINGTON PIERS (AUT)","6151061","2024-09-17 07:00","2024","09","17","07:00","","18.4","","15.3","","82","","","","33","","6","","","","101.41","","","","","","NA"
"-79.80","43.30","BURLINGTON PIERS (AUT)","6151061","2024-09-17 08:00","2024","09","17","08:00","","19.3","","16.0","","82","","","","34","","4","","","","101.40","","","","","","NA"
"-79.80","43.30","BURLINGTON PIERS (AUT)","6151061","2024-09-17 09:00","2024","09","17","09:00","","19.9","","16.6","","81","","","","2","","6","","","","101.41","","","","","","NA"
"-79.80","43.30","BURLINGTON PIERS (AUT)","6151061","2024-09-17 10:00","2024","09","17","10:00","","19.9","","17.1","","84","","","","6","","6","","","","101.39","","","","","","NA"
"-79.80","43.30","BURLINGTON PIERS (AUT)","6151061","2024-09-17 11:00","2024","09","17","11:00","","20.4","","18.1","","86","","","","4","","11","","","","101.35","","26","","","","NA"
"-79.80","43.30","BURLINGTON PIERS (AUT)","6151061","2024-09-17 12:00","2024","09","17","12:00","","20.9","","17.1","","79","","","","5","","15","","","","101.28","","26","","","","NA"
"-79.80","43.30","BURLINGTON PIERS (AUT)","6151061","2024-09-17 13:00","2024","09","17","13:00","","21.6","","16.7","","74","","","","5","","14","","","","101.21","","27","","","","NA"
"-79.80","43.30","BURLINGTON PIERS (AUT)","6151061","2024-09-17 14:00","2024","09","17","14:00","","21.8","","17.1","","75","","","","4","","15","","","","101.15","","27","","","","NA"
"-79.80","43.30","BURLINGTON PIERS (AUT)","6151061","2024-09-17 15:00","2024","09","17","15:00","","21.7","","17.9","","79","","","","4","","14","","","","101.13","","28","","","","NA"
"-79.80","43.30","BURLINGTON PIERS (AUT)","6151061","2024-09-17 16:00","2024","09","17","16:00","","21.5","","18.0","","80","","","","3","","14","","","","101.10","","28","","","","NA"
"-79.80","43.30","BURLINGTON PIERS (AUT)","6151061","2024-09-17 17:00","2024","09","17","17:00","","21.3","","18.4","","84","","","","4","","16","","","","101.09","","28","","","","NA"
"-79.80","43.30","BURLINGTON PIERS (AUT)","6151061","2024-09-17 18:00","2024","09","17","18:00","","20.8","","19.0","","89","","","","4","","12","","","","101.08","","28","","","","NA"
"-79.80","43.30","BURLINGTON PIERS (AUT)","6151061","2024-09-17 19:00","2024","09","17","19:00","","20.5","","19.1","","91","","","","2","","10","","","","101.05","","27","","","","NA"
"-79.80","43.30","BURLINGTON PIERS (AUT)","6151061","2024-09-17 20:00","2024","09","17","20:00","","20.6","","18.2","","86","","","","1","","9","","","","101.05","","27","","","","NA"
"-79.80","43.30","BURLINGTON PIERS (AUT)","6151061","2024-09-17 21:00","2024","09","17","21:00","","20.6","","17.8","","84","","","","36","","13","","","","101.04","","26","","","","NA"
"-79.80","43.30","BURLINGTON PIERS (AUT)","6151061","2024-09-17 22:00","2024","09","17","22:00","","20.0","","17.4","","85","","","","35","","11","","","","101.04","","26","","","","NA"
"-79.80","43.30","BURLINGTON PIERS (AUT)","6151061","2024-09-17 23:00","2024","09","17","23:00","","19.8","","17.0","","84","","","","35","","11","","","","101.03","","","","","","NA"
"-79.80","43.30","BURLINGTON PIERS (AUT)","6151061","2024-09-18 00:00","2024","09","18","00:00","","19.8","","15.6","","77","","","","35","","9","","","","101.00","","","","","","NA"
"-79.80","43.30","BURLINGTON PIERS (AUT)","6151061","2024-09-18 01:00","2024","09","18","01:00","","19.4","","15.8","","79","","","","35","","11","","","","100.96","","","","","","NA"
"-79.80","43.30","BURLINGTON PIERS (AUT)","6151061","2024-09-18 02:00","2024","09","18","02:00","","19.0","","15.7","","81","","","","31","","8","","","","100.95","","","","","","NA"
"-79.80","43.30","BURLINGTON PIERS (AUT)","6151061","2024-09-18 03:00","2024","09","18","03:00","","18.6","","15.1","","80","","","","33","","8","","","","100.93","","","","","","NA"
"-79.80","43.30","BURLINGTON PIERS (AUT)","6151061","2024-09-18 04:00","2024","09","18","04:00","","18.4","","14.5","","78","","","","32","","10","","","","100.92","","","","","","NA"
"-79.80","43.30","BURLINGTON PIERS (AUT)","6151061","2024-09-18 05:00","2024","09","18","05:00","","18.0","","13.7","","76","","","","33","","11","","","","100.93","","","","","","NA"
"-79.80","43.30","BURLINGTON PIERS (AUT)","6151061","2024-09-18 06:00","2024","09","18","06:00","","18.1","","14.6","","80","","","","32","","6","","","","100.97","","","","","","NA"
"-79.80","43.30","BURLINGTON PIERS (AUT)","6151061","2024-09-18 07:00","2024","09","18","07:00","","18.1","","14.3","","79","","","","34","","6","","","","100.98","","","","","","NA"
"-79.80","43.30","BURLINGTON PIERS (AUT)","6151061","2024-09-18 08:00","2024","09","18","08:00","","18.0","","14.8","","82","","","","33","","10","","","","100.99","","","","","","NA"
"-79.80","43.30","BURLINGTON PIERS (AUT)","6151061","2024-09-18 09:00","2024","09","18","09:00","","19.2","","16.2","","82","","","","36","","6","","","","101.03","","","","","","NA"
"-79.80","43.30","BURLINGTON PIERS (AUT)","6151061","2024-09-18 10:00","2024","09","18","10:00","","19.5","","19.1","","97","","","","6","","6","","","","101.01","","","","","","NA"
"-79.80","43.30","BURLINGTON PIERS (AUT)","6151061","2024-09-18 11:00","2024","09","18","11:00","","19.8","","18.2","","91","","","","6","","6","","","","101.00","","","","","","NA"
"-79.80","43.30","BURLINGTON PIERS (AUT)","6151061","2024-09-18 12:00","2024","09","18","12:00","","19.9","","18.6","","92","","","","5","","10","","","","100.99","","","","","","NA"
"-79.80","43.30","BURLINGTON PIERS (AUT)","6151061","2024-09-18 13:00","2024","09","18","13:00","","20.1","","","M","","M","","","3","","13","","","","100.94","","","","","","NA"
"-79.80","43.30","BURLINGTON PIERS (AUT)","6151061","2024-09-18 14:00","2024","09","18","14:00","","20.2","","20.2","","100","","","","3","","12","","","","100.89","","28","","","","NA"
"-79.80","43.30","BURLINGTON PIERS (AUT)","6151061","2024-09-18 15:00","2024","09","18","15:00","","20.4","","19.3","","94","","","","3","","13","","","","100.83","","27","","","","NA"
"-79.80","43.30","BURLINGTON PIERS (AUT)","6151061","2024-09-18 16:00","2024","09","18","16:00","","20.5","","19.8","","96","","","","4","","13","","","","100.79","","28","","","","NA"
"-79.80","43.30","BURLINGTON PIERS (AUT)","6151061","2024-09-18 17:00","2024","09","18","17:00","","20.5","","19.7","","95","","","","4","","11","","","","100.73","","28","","","","NA"
"-79.80","43.30","BURLINGTON PIERS (AUT)","6151061","2024-09-18 18:00","2024","09","18","18:00","","20.2","","19.5","","96","","","","5","","7","","","","100.72","","27","","","","NA"
"-79.80","43.30","BURLINGTON PIERS (AUT)","6151061","2024-09-18 19:00","2024","09","18","19:00","","19.9","","19.4","","97","","","","3","","10","","","","100.71","","","","","","NA"
"-79.80","43.30","BURLINGTON PIERS (AUT)","6151061","2024-09-18 20:00","2024","09","18","20:00","","20.1","","18.7","","92","","","","1","","7","","","","100.73","","27","","","","NA"
"-79.80","43.30","BURLINGTON PIERS (AUT)","6151061","2024-09-18 21:00","2024","09","18","21:00","","19.9","","19.1","","95","","","","36","","12","","","","100.71","","","","","","NA"
"-79.80","43.30","BURLINGTON PIERS (AUT)","6151061","2024-09-18 22:00","2024","09","18","22:00","","19.7","","17.4","","87","","","","32","","9","","","","100.70","","","","","","NA"
"-79.80","43.30","BURLINGTON PIERS (AUT)","6151061","2024-09-18 23:00","2024","09","18","23:00","","19.8","","17.1","","85","","","","34","","6","","","","100.68","","","","","","NA"
"-79.80","43.30","BURLINGTON PIERS (AUT)","6151061","2024-09-19 00:00","2024","09","19","00:00","","19.4","","16.4","","82","","","","33","","12","","","","100.69","","","","","","NA"
"-79.80","43.30","BURLINGTON PIERS (AUT)","6151061","2024-09-19 01:00","2024","09","19","01:00","","19.3","","16.6","","84","","","","35","","15","","","","100.65","","","","","","NA"
"-79.80","43.30","BURLINGTON PIERS (AUT)","6151061","2024-09-19 02:00","2024","09","19","02:00","","18.7","","15.6","","82","","","","36","","12","","","","100.62","","","","","","NA"
"-79.80","43.30","BURLINGTON PIERS (AUT)","6151061","2024-09-19 03:00","2024","09","19","03:00","","18.4","","15.8","","85","","","","34","","10","","","","100.63","","","","","","NA"
"-79.80","43.30","BURLINGTON PIERS (AUT)","6151061","2024-09-19 04:00","2024","09","19","04:00","","18.6","","16.9","","90","","","","34","","14","","","","100.65","","","","","","NA"
"-79.80","43.30","BURLINGTON PIERS (AUT)","6151061","2024-09-19 05:00","2024","09","19","05:00","","18.6","","17.0","","90","","","","34","","13","","","","100.66","","","","","","NA"
"-79.80","43.30","BURLINGTON PIERS (AUT)","6151061","2024-09-19 06:00","2024","09","19","06:00","","18.3","","16.6","","90","","","","33","","12","","","","100.69","","","","","","NA"
"-79.80","43.30","BURLINGTON PIERS (AUT)","6151061","2024-09-19 07:00","2024","09","19","07:00","","18.8","","16.9","","88","","","","34","","12","","","","100.73","","","","","","NA"
"-79.80","43.30","BURLINGTON PIERS (AUT)","6151061","2024-09-19 08:00","2024","09","19","08:00","","19.5","","17.4","","88","","","","34","","12","","","","100.73","","","","","","NA"
"-79.80","43.30","BURLINGTON PIERS (AUT)","6151061","2024-09-19 09:00","2024","09","19","09:00","","19.9","","17.5","","86","","","","36","","9","","","","100.74","","","","","","NA"
"-79.80","43.30","BURLINGTON PIERS (AUT)","6151061","2024-09-19 10:00","2024","09","19","10:00","","20.2","","17.9","","87","","","","6","","11","","","","100.73","","26","","","","NA"
"-79.80","43.30","BURLINGTON PIERS (AUT)","6151061","2024-09-19 11:00","2024","09","19","11:00","","20.0","","17.8","","87","","","","6","","13","","","","100.71","","26","","","","NA"
"-79.80","43.30","BURLINGTON PIERS (AUT)","6151061","2024-09-19 12:00","2024","09","19","12:00","","20.0","","18.1","","89","","","","6","","14","","","","100.66","","26","","","","NA"
"-79.80","43.30","BURLINGTON PIERS (AUT)","6151061","2024-09-19 13:00","2024","09","19","13:00","","20.4","","18.9","","91","","","","5","","11","","","","100.65","","27","","","","NA"
"-79.80","43.30","BURLINGTON PIERS (AUT)","6151061","2024-09-19 14:00","2024","09","19","14:00","","20.7","","18.9","","89","","","","4","","10","","","","100.62","","27","","","","NA"
"-79.80","43.30","BURLINGTON PIERS (AUT)","6151061","2024-09-19 15:00","2024","09","19","15:00","","20.6","","19.1","","91","","","","5","","17","","","","100.59","","27","","","","NA"
"-79.80","43.30","BURLINGTON PIERS (AUT)","6151061","2024-09-19 16:00","2024","09","19","16:00","","20.6","","19.5","","93","","","","8","","9","","","","100.55","","28","","","","NA"
"-79.80","43.30","BURLINGTON PIERS (AUT)","6151061","2024-09-19 17:00","2024","09","19","17:00","","21.4","","19.6","","89","","","","5","","4","","","","100.53","","29","","","","NA"
"-79.80","43.30","BURLINGTON PIERS (AUT)","6151061","2024-09-19 18:00","2024","09","19","18:00","","21.0","","19.0","","88","","","","","","0","","","","100.50","","28","","","","NA"
"-79.80","43.30","BURLINGTON PIERS (AUT)","6151061","2024-09-19 19:00","2024","09","19","19:00","","21.4","","17.7","","79","","","","35","","4","","","","100.49","","27","","","","NA"
"-79.80","43.30","BURLINGTON PIERS (AUT)","6151061","2024-09-19 20:00","2024","09","19","20:00","","21.5","","16.5","","73","","","","35","","8","","","","100.49","","26","","","","NA"
"-79.80","43.30","BURLINGTON PIERS (AUT)","6151061","2024-09-19 21:00","2024","09","19","21:00","","21.0","","16.7","","77","","","","","","0","","","","100.47","","26","","","","NA"
"-79.80","43.30","BURLINGTON PIERS (AUT)","6151061","2024-09-19 22:00","2024","09","19","22:00","","20.4","","15.6","","74","","","","30","","5","","","","100.49","","25","","","","NA"
"-79.80","43.30","BURLINGTON PIERS (AUT)","6151061","2024-09-19 23:00","2024","09","19","23:00","","20.1","","18.0","","88","","","","34","","3","","","","100.47","","26","","","","NA"
"-79.80","43.30","BURLINGTON PIERS (AUT)","6151061","2024-09-20 00:00","2024","09","20","00:00","","19.6","","15.8","","78","","","","30","","3","","","","100.47","","","","","","NA"
"-79.80","43.30","BURLINGTON PIERS (AUT)","6151061","2024-09-20 01:00","2024","09","20","01:00","","19.3","","15.1","","76","","","","","","0","","","","100.44","","","","","","NA"
"-79.80","43.30","BURLINGTON PIERS (AUT)","6151061","2024-09-20 02:00","2024","09","20","02:00","","19.1","","15.7","","80","","","","34","","3","","","","100.44","","","","","","NA"
"-79.80","43.30","BURLINGTON PIERS (AUT)","6151061","2024-09-20 03:00","2024","09","20","03:00","","18.5","","15.0","","80","","","","25","","4","","","","100.46","","","","","","NA"
"-79.80","43.30","BURLINGTON PIERS (AUT)","6151061","2024-09-20 04:00","2024","09","20","04:00","","18.3","","15.6","","84","","","","28","","3","","","","100.48","","","","","","NA"
"-79.80","43.30","BURLINGTON PIERS (AUT)","6151061","2024-09-20 05:00","2024","09","20","05:00","","18.7","","15.0","","79","","","","33","","11","","","","100.49","","","","","","NA"
"-79.80","43.30","BURLINGTON PIERS (AUT)","6151061","2024-09-20 06:00","2024","09","20","06:00","","18.4","","15.2","","81","","","","32","","7","","","","100.52","","","","","","NA"
"-79.80","43.30","BURLINGTON PIERS (AUT)","6151061","2024-09-20 07:00","2024","09","20","07:00","","18.6","","15.3","","81","","","","35","","10","","","","100.52","","","","","","NA"
"-79.80","43.30","BURLINGTON PIERS (AUT)","6151061","2024-09-20 08:00","2024","09","20","08:00","","19.2","","17.6","","90","","","","1","","5","","","","100.54","","","","","","NA"
"-79.80","43.30","BURLINGTON PIERS (AUT)","6151061","2024-09-20 09:00","2024","09","20","09:00","","19.8","","17.3","","86","","","","4","","12","","","","100.53","","","","","","NA"
"-79.80","43.30","BURLINGTON PIERS (AUT)","6151061","2024-09-20 10:00","2024","09","20","10:00","","20.1","","18.7","","92","","","","3","","11","","","","100.54","","27","","","","NA"
"-79.80","43.30","BURLINGTON PIERS (AUT)","6151061","2024-09-20 11:00","2024","09","20","11:00","","20.3","","18.3","","88","","","","4","","12","","","","100.53","","27","","","","NA"
"-79.80","43.30","BURLINGTON PIERS (AUT)","6151061","2024-09-20 12:00","2024","09","20","12:00","","20.7","","19.1","","91","","","","5","","14","","","","100.49","","28","","","","NA"
"-79.80","43.30","BURLINGTON PIERS (AUT)","6151061","2024-09-20 13:00","2024","09","20","13:00","","20.8","","20.7","","100","","","","4","","15","","","","100.44","","29","","","","NA"
"-79.80","43.30","BURLINGTON PIERS (AUT)","6151061","2024-09-20 14:00","2024","09","20","14:00","","21.0","","","M","","M","","","4","","14","","","","100.39","","","","","","NA"
"-79.80","43.30","BURLINGTON PIERS (AUT)","6151061","2024-09-20 15:00","2024","09","20","15:00","","21.0","","19.5","","91","","","","3","","14","","","","100.38","","28","","","","NA"
"-79.80","43.30","BURLINGTON PIERS (AUT)","6151061","2024-09-20 16:00","2024","09","20","16:00","","21.0","","19.6","","92","","","","4","","11","","","","100.40","","28","","","","NA"
"-79.80","43.30","BURLINGTON PIERS (AUT)","6151061","2024-09-20 17:00","2024","09","20","17:00","","20.9","","19.4","","91","","","","5","","15","","","","100.37","","28","","","","NA"
"-79.80","43.30","BURLINGTON PIERS (AUT)","6151061","2024-09-20 18:00","2024","09","20","18:00","","20.7","","19.6","","94","","","","3","","11","","","","100.40","","28","","","","NA"
"-79.80","43.30","BURLINGTON PIERS (AUT)","6151061","2024-09-20 19:00","2024","09","20","19:00","","20.6","","19.6","","94","","","","3","","10","","","","100.41","","28","","","","NA"
"-79.80","43.30","BURLINGTON PIERS (AUT)","6151061","2024-09-20 20:00","2024","09","20","20:00","","20.7","","19.4","","92","","","","5","","10","","","","100.42","","28","","","","NA"
"-79.80","43.30","BURLINGTON PIERS (AUT)","6151061","2024-09-20 21:00","2024","09","20","21:00","","20.7","","19.7","","94","","","","5","","11","","","","100.39","","28","","","","NA"
"-79.80","43.30","BURLINGTON PIERS (AUT)","6151061","2024-09-20 22:00","2024","09","20","22:00","","20.6","","20.1","","97","","","","2","","11","","","","100.36","","28","","","","NA"
"-79.80","43.30","BURLINGTON PIERS (AUT)","6151061","2024-09-20 23:00","2024","09","20","23:00","","20.4","","19.8","","96","","","","35","","7","","","","100.34","","28","","","","NA"
"-79.80","43.30","BURLINGTON PIERS (AUT)","6151061","2024-09-21 00:00","2024","09","21","00:00","","20.4","","19.0","","92","","","","36","","10","","","","100.30","","27","","","","NA"
"-79.80","43.30","BURLINGTON PIERS (AUT)","6151061","2024-09-21 01:00","2024","09","21","01:00","","19.9","","18.7","","92","","","","34","","11","","","","100.31","","","","","","NA"
"-79.80","43.30","BURLINGTON PIERS (AUT)","6151061","2024-09-21 02:00","2024","09","21","02:00","","19.9","","18.9","","94","","","","33","","10","","","","100.30","","","","","","NA"
"-79.80","43.30","BURLINGTON PIERS (AUT)","6151061","2024-09-21 03:00","2024","09","21","03:00","","20.1","","19.3","","95","","","","36","","6","","","","100.28","","27","","","","NA"
"-79.80","43.30","BURLINGTON PIERS (AUT)","6151061","2024-09-21 04:00","2024","09","21","04:00","","20.2","","19.2","","94","","","","35","","8","","","","100.30","","27","","","","NA"
"-79.80","43.30","BURLINGTON PIERS (AUT)","6151061","2024-09-21 05:00","2024","09","21","05:00","","19.9","","18.7","","93","","","","32","","9","","","","100.30","","","","","","NA"
"-79.80","43.30","BURLINGTON PIERS (AUT)","6151061","2024-09-21 06:00","2024","09","21","06:00","","19.4","","18.9","","97","","","","31","","11","","","","100.33","","","","","","NA"
"-79.80","43.30","BURLINGTON PIERS (AUT)","6151061","2024-09-21 07:00","2024","09","21","07:00","","19.6","","18.9","","96","","","","36","","5","","","","100.31","","","","","","NA"
"-79.80","43.30","BURLINGTON PIERS (AUT)","6151061","2024-09-21 08:00","2024","09","21","08:00","","19.7","","18.9","","95","","","","36","","4","","","","100.31","","","","","","NA"
"-79.80","43.30","BURLINGTON PIERS (AUT)","6151061","2024-09-21 09:00","2024","09","21","09:00","","20.0","","18.8","","93","","","","3","","6","","","","100.33","","27","","","","NA"
"-79.80","43.30","BURLINGTON PIERS (AUT)","6151061","2024-09-21 10:00","2024","09","21","10:00","","20.7","","19.1","","91","","","","1","","4","","","","100.35","","28","","","","NA"
"-79.80","43.30","BURLINGTON PIERS (AUT)","6151061","2024-09-21 11:00","2024","09","21","11:00","","20.6","","19.3","","92","","","","9","","7","","","","100.34","","28","","","","NA"
"-79.80","43.30","BURLINGTON PIERS (AUT)","6151061","2024-09-21 12:00","2024","09","21","12:00","","20.8","","19.4","","92","","","","9","","10","","","","100.31","","28","","","","NA"
"-79.80","43.30","BURLINGTON PIERS (AUT)","6151061","2024-09-21 13:00","2024","09","21","13:00","","21.2","","19.7","","91","","","","6","","11","","","","100.26","","29","","","","NA"
"-79.80","43.30","BURLINGTON PIERS (AUT)","6151061","2024-09-21 14:00","2024","09","21","14:00","","21.2","","19.9","","92","","","","7","","15","","","","100.26","","29","","","","NA"
"-79.80","43.30","BURLINGTON PIERS (AUT)","6151061","2024-09-21 15:00","2024","09","21","15:00","","21.3","","19.3","","88","","","","7","","13","","","","100.25","","28","","","","NA"
"-79.80","43.30","BURLINGTON PIERS (AUT)","6151061","2024-09-21 16:00","2024","09","21","16:00","","21.3","","19.5","","89","","","","4","","12","","","","100.24","","28","","","","NA"
"-79.80","43.30","BURLINGTON PIERS (AUT)","6151061","2024-09-21 17:00","2024","09","21","17:00","","21.1","","19.7","","91","","","","1","","11","","","","100.28","","28","","","","NA"
"-79.80","43.30","BURLINGTON PIERS (AUT)","6151061","2024-09-21 18:00","2024","09","21","18:00","","21.3","","18.7","","85","","","","3","","11","","","","100.35","","28","","","","NA"
"-79.80","43.30","BURLINGTON PIERS (AUT)","6151061","2024-09-21 19:00","2024","09","21","19:00","","21.0","","19.2","","89","","","","2","","16","","","","100.36","","28","","","","NA"
"-79.80","43.30","BURLINGTON PIERS (AUT)","6151061","2024-09-21 20:00","2024","09","21","20:00","","20.9","","19.3","","91","","","","2","","15","","","","100.35","","28","","","","NA"
"-79.80","43.30","BURLINGTON PIERS (AUT)","6151061","2024-09-21 21:00","2024","09","21","21:00","","20.6","","18.2","","86","","","","35","","9","","","","100.37","","27","","","","NA"
"-79.80","43.30","BURLINGTON PIERS (AUT)","6151061","2024-09-21 22:00","2024","09","21","22:00","","20.0","","17.7","","86","","","","28","","4","","","","100.37","","26","","","","NA"
"-79.80","43.30","BURLINGTON PIERS (AUT)","6151061","2024-09-21 23:00","2024","09","21","23:00","","20.0","","17.4","","85","","","","33","","9","","","","100.39","","26","","","","NA"
"-79.80","43.30","BURLINGTON PIERS (AUT)","6151061","2024-09-22 00:00","2024","09","22","00:00","","19.8","","17.1","","85","","","","32","","9","","","","100.38","","","","","","NA"
"-79.80","43.30","BURLINGTON PIERS (AUT)","6151061","2024-09-22 01:00","2024","09","22","01:00","","19.6","","16.7","","83","","","","32","","10","","","","100.38","","","","","","NA"
"-79.80","43.30","BURLINGTON PIERS (AUT)","6151061","2024-09-22 02:00","2024","09","22","02:00","","19.3","","16.6","","84","","","","33","","12","","","","100.35","","","","","","NA"
"-79.80","43.30","BURLINGTON PIERS (AUT)","6151061","2024-09-22 03:00","2024","09","22","03:00","","19.0","","16.5","","86","","","","29","","5","","","","100.37","","","","","","NA"
"-79.80","43.30","BURLINGTON PIERS (AUT)","6151061","2024-09-22 04:00","2024","09","22","04:00","","18.7","","16.9","","89","","","","26","","5","","","","100.41","","","","","","NA"
"-79.80","43.30","BURLINGTON PIERS (AUT)","6151061","2024-09-22 05:00","2024","09","22","05:00","","18.9","","17.7","","93","","","","","","0","","","","100.39","","","","","","NA"
"-79.80","43.30","BURLINGTON PIERS (AUT)","6151061","2024-09-22 06:00","2024","09","22","06:00","","18.3","","16.8","","91","","","","27","","3","","","","100.44","","","","","","NA"
"-79.80","43.30","BURLINGTON PIERS (AUT)","6151061","2024-09-22 07:00","2024","09","22","07:00","","18.6","","16.5","","88","","","","","","0","","","","100.48","","","","","","NA"
"-79.80","43.30","BURLINGTON PIERS (AUT)","6151061","2024-09-22 08:00","2024","09","22","08:00","","19.0","","16.7","","86","","","","","","0","","","","100.48","","","","","","NA"
"-79.80","43.30","BURLINGTON PIERS (AUT)","6151061","2024-09-22 09:00","2024","09","22","09:00","","19.3","","17.2","","88","","","","23","","7","","","","100.51","","","","","","NA"
"-79.80","43.30","BURLINGTON PIERS (AUT)","6151061","2024-09-22 10:00","2024","09","22","10:00","","20.4","","17.9","","86","","","","","","0","","","","100.48","","26","","","","NA"
"-79.80","43.30","BURLINGTON PIERS (AUT)","6151061","2024-09-22 11:00","2024","09","22","11:00","","20.9","","18.2","","85","","","","","","0","","","","100.51","","27","","","","NA"
"-79.80","43.30","BURLINGTON PIERS (AUT)","6151061","2024-09-22 12:00","2024","09","22","12:00","","20.8","","18.4","","86","","","","6","","5","","","","100.47","","27","","","","NA"
"-79.80","43.30","BURLINGTON PIERS (AUT)","6151061","2024-09-22 13:00","2024","09","22","13:00","","21.0","","19.2","","89","","","","5","","9","","","","100.42","","28","","","","NA"
"-79.80","43.30","BURLINGTON PIERS (AUT)","6151061","2024-09-22 14:00","2024","09","22","14:00","","21.0","","19.1","","89","","","","5","","13","","","","100.37","","28","","","","NA"
"-79.80","43.30","BURLINGTON PIERS (AUT)","6151061","2024-09-22 15:00","2024","09","22","15:00","","21.0","","19.4","","90","","","","7","","12","","","","100.32","","28","","","","NA"
"-79.80","43.30","BURLINGTON PIERS (AUT)","6151061","2024-09-22 16:00","2024","09","22","16:00","","21.0","","19.4","","91","","","","8","","13","","","","100.29","","28","","","","NA"
"-79.80","43.30","BURLINGTON PIERS (AUT)","6151061","2024-09-22 17:00","2024","09","22","17:00","","20.9","","19.4","","91","","","","6","","11","","","","100.31","","28","","","","NA"
"-79.80","43.30","BURLINGTON PIERS (AUT)","6151061","2024-09-22 18:00","2024","09","22","18:00","","20.7","","19.5","","93","","","","7","","14","","","","100.25","","28","","","","NA"
"-79.80","43.30","BURLINGTON PIERS (AUT)","6151061","2024-09-22 19:00","2024","09","22","19:00","","20.7","","19.4","","92","","","","7","","5","","","","100.30","","28","","","","NA"
"-79.80","43.30","BURLINGTON PIERS (AUT)","6151061","2024-09-22 20:00","2024","09","22","20:00","","20.7","","19.7","","94","","","","2","","6","","","","100.31","","28","","","","NA"
"-79.80","43.30","BURLINGTON PIERS (AUT)","6151061","2024-09-22 21:00","2024","09","22","21:00","","20.7","","19.8","","95","","","","3","","9","","","","100.27","","28","","","","NA"
"-79.80","43.30","BURLINGTON PIERS (AUT)","6151061","2024-09-22 22:00","2024","09","22","22:00","","20.8","","19.7","","93","","","","2","","8","","","","100.19","","28","","","","NA"
"-79.80","43.30","BURLINGTON PIERS (AUT)","6151061","2024-09-22 23:00","2024","09","22","23:00","","20.7","","20.1","","96","","","","5","","10","","","","100.19","","28","","","","NA"
"-79.80","43.30","BURLINGTON PIERS (AUT)","6151061","2024-09-23 00:00","2024","09","23","00:00","","20.7","","19.9","","95","","","","3","","16","","","","100.16","","28","","","","NA"
"-79.80","43.30","BURLINGTON PIERS (AUT)","6151061","2024-09-23 01:00","2024","09","23","01:00","","20.7","","19.8","","95","","","","2","","11","","","","100.11","","28","","","","NA"
"-79.80","43.30","BURLINGTON PIERS (AUT)","6151061","2024-09-23 02:00","2024","09","23","02:00","","20.8","","20.3","","97","","","","6","","13","","","","100.08","","29","","","","NA"
"-79.80","43.30","BURLINGTON PIERS (AUT)","6151061","2024-09-23 03:00","2024","09","23","03:00","","19.3","","17.4","","89","","","","12","","28","","","","100.06","","","","","","NA"
"-79.80","43.30","BURLINGTON PIERS (AUT)","6151061","2024-09-23 04:00","2024","09","23","04:00","","19.2","","18.1","","93","","","","18","","12","","","","100.09","","","","","","NA"
"-79.80","43.30","BURLINGTON PIERS (AUT)","6151061","2024-09-23 05:00","2024","09","23","05:00","","19.0","","18.1","","94","","","","16","","9","","","","100.12","","","","","","NA"
"-79.80","43.30","BURLINGTON PIERS (AUT)","6151061","2024-09-23 06:00","2024","09","23","06:00","","19.0","","18.2","","95","","","","7","","7","","","","100.14","","","","","","NA"
"-79.80","43.30","BURLINGTON PIERS (AUT)","6151061","2024-09-23 07:00","2024","09","23","07:00","","19.3","","18.4","","94","","","","1","","11","","","","100.15","","","","","","NA"
"-79.80","43.30","BURLINGTON PIERS (AUT)","6151061","2024-09-23 08:00","2024","09","23","08:00","","19.6","","18.1","","91","","","","10","","19","","","","100.15","","","","","","NA"
"-79.80","43.30","BURLINGTON PIERS (AUT)","6151061","2024-09-23 09:00","2024","09","23","09:00","","19.8","","18.0","","89","","","","5","","7","","","","100.19","","","","","","NA"
"-79.80","43.30","BURLINGTON PIERS (AUT)","6151061","2024-09-23 10:00","2024","09","23","10:00","","19.7","","18.2","","91","","","","5","","14","","","","100.20","","","","","","NA"
"-79.80","43.30","BURLINGTON PIERS (AUT)","6151061","2024-09-23 11:00","2024","09","23","11:00","","19.6","","18.4","","93","","","","3","","17","","","","100.23","","","","","","NA"
"-79.80","43.30","BURLINGTON PIERS (AUT)","6151061","2024-09-23 12:00","2024","09","23","12:00","","19.8","","18.0","","90","","","","4","","18","","","","100.25","","","","","","NA"
"-79.80","43.30","BURLINGTON PIERS (AUT)","6151061","2024-09-23 13:00","2024","09","23","13:00","","19.8","","17.7","","88","","","","4","","16","","","","100.29","","","","","","NA"
"-79.80","43.30","BURLINGTON PIERS (AUT)","6151061","2024-09-23 14:00","2024","09","23","14:00","","19.8","","17.2","","85","","","","3","","18","","","","100.31","","","","","","NA"
"-79.80","43.30","BURLINGTON PIERS (AUT)","6151061","2024-09-23 15:00","2024","09","23","15:00","","19.9","","17.0","","84","","","","3","","23","","","","100.32","","","","","","NA"
"-79.80","43.30","BURLINGTON PIERS (AUT)","6151061","2024-09-23 16:00","2024","09","23","16:00","","20.0","","17.2","","84","","","","3","","22","","","","100.35","","25","","","","NA"
"-79.80","43.30","BURLINGTON PIERS (AUT)","6151061","2024-09-23 17:00","2024","09","23","17:00","","20.0","","17.8","","87","","","","3","","22","","","","100.39","","26","","","","NA"
"-79.80","43.30","BURLINGTON PIERS (AUT)","6151061","2024-09-23 18:00","2024","09","23","18:00","","19.9","","17.8","","88","","","","2","","25","","","","100.40","","","","","","NA"
"-79.80","43.30","BURLINGTON PIERS (AUT)","6151061","2024-09-23 19:00","2024","09","23","19:00","","19.6","","17.3","","87","","","","1","","26","","","","100.40","","","","","","NA"
"-79.80","43.30","BURLINGTON PIERS (AUT)","6151061","2024-09-23 20:00","2024","09","23","20:00","","19.3","","17.3","","88","","","","1","","20","","","","100.41","","","","","","NA"
"-79.80","43.30","BURLINGTON PIERS (AUT)","6151061","2024-09-23 21:00","2024","09","23","21:00","","19.6","","16.8","","84","","","","3","","26","","","","100.44","","","","","","NA"
"-79.80","43.30","BURLINGTON PIERS (AUT)","6151061","2024-09-23 22:00","2024","09","23","22:00","","19.1","","17.0","","87","","","","4","","23","","","","100.41","","","","","","NA"
"-79.80","43.30","BURLINGTON PIERS (AUT)","6151061","2024-09-23 23:00","2024","09","23","23:00","","18.3","","17.3","","94","","","","1","","22","","","","100.41","","","","","","NA"
"-79.80","43.30","BURLINGTON PIERS (AUT)","6151061","2024-09-24 00:00","2024","09","24","00:00","","18.4","","17.0","","91","","","","1","","16","","","","100.41","","","","","","NA"
"-79.80","43.30","BURLINGTON PIERS (AUT)","6151061","2024-09-24 01:00","2024","09","24","01:00","","18.5","","17.1","","91","","","","1","","18","","","","100.39","","","","","","NA"
"-79.80","43.30","BURLINGTON PIERS (AUT)","6151061","2024-09-24 02:00","2024","09","24","02:00","","18.5","","17.2","","92","","","","1","","13","","","","100.39","","","","","","NA"
"-79.80","43.30","BURLINGTON PIERS (AUT)","6151061","2024-09-24 03:00","2024","09","24","03:00","","18.2","","17.1","","93","","","","33","","11","","","","100.36","","","","","","NA"
"-79.80","43.30","BURLINGTON PIERS (AUT)","6151061","2024-09-24 04:00","2024","09","24","04:00","","18.1","","16.9","","93","","","","33","","13","","","","100.37","","","","","","NA"
"-79.80","43.30","BURLINGTON PIERS (AUT)","6151061","2024-09-24 05:00","2024","09","24","05:00","","18.3","","17.0","","92","","","","34","","12","","","","100.36","","","","","","NA"
"-79.80","43.30","BURLINGTON PIERS (AUT)","6151061","2024-09-24 06:00","2024","09","24","06:00","","18.6","","17.2","","91","","","","2","","9","","","","100.37","","","","","","NA"
"-79.80","43.30","BURLINGTON PIERS (AUT)","6151061","2024-09-24 07:00","2024","09","24","07:00","","18.8","","17.6","","93","","","","1","","7","","","","100.40","","","","","","NA"
"-79.80","43.30","BURLINGTON PIERS (AUT)","6151061","2024-09-24 08:00","2024","09","24","08:00","","19.2","","17.9","","92","","","","13","","12","","","","100.40","","","","","","NA"
"-79.80","43.30","BURLINGTON PIERS (AUT)","6151061","2024-09-24 09:00","2024","09","24","09:00","","20.0","","16.9","","83","","","","14","","19","","","","100.40","","25","","","","NA"
"-79.80","43.30","BURLINGTON PIERS (AUT)","6151061","2024-09-24 10:00","2024","09","24","10:00","","20.2","","16.8","","80","","","","14","","19","","","","100.36","","25","","","","NA"
"-79.80","43.30","BURLINGTON PIERS (AUT)","6151061","2024-09-24 11:00","2024","09","24","11:00","","20.3","","16.5","","78","","","","14","","16","","","","100.37","","25","","","","NA"
"-79.80","43.30","BURLINGTON PIERS (AUT)","6151061","2024-09-24 12:00","2024","09","24","12:00","","20.1","","16.7","","81","","","","14","","21","","","","100.37","","25","","","","NA"
"-79.80","43.30","BURLINGTON PIERS (AUT)","6151061","2024-09-24 13:00","2024","09","24","13:00","","20.2","","16.4","","79","","","","14","","20","","","","100.37","","25","","","","NA"
"-79.80","43.30","BURLINGTON PIERS (AUT)","6151061","2024-09-24 14:00","2024","09","24","14:00","","19.7","","16.5","","82","","","","12","","22","","","","100.29","","","","","","NA"
"-79.80","43.30","BURLINGTON PIERS (AUT)","6151061","2024-09-24 15:00","2024","09","24","15:00","","20.6","","16.4","","77","","","","10","","19","","","","100.21","","25","","","","NA"
"-79.80","43.30","BURLINGTON PIERS (AUT)","6151061","2024-09-24 16:00","2024","09","24","16:00","","20.5","","16.4","","77","","","","13","","24","","","","100.22","","25","","","","NA"
"-79.80","43.30","BURLINGTON PIERS (AUT)","6151061","2024-09-24 17:00","2024","09","24","17:00","","20.2","","16.4","","79","","","","12","","20","","","","100.25","","25","","","","NA"
"-79.80","43.30","BURLINGTON PIERS (AUT)","6151061","2024-09-24 18:00","2024","09","24","18:00","","18.8","","16.2","","85","","","","12","","23","","","","100.25","","","","","","NA"
"-79.80","43.30","BURLINGTON PIERS (AUT)","6151061","2024-09-24 19:00","2024","09","24","19:00","","18.1","","16.9","","93","","","","10","","16","","","","100.24","","","","","","NA"
"-79.80","43.30","BURLINGTON PIERS (AUT)","6151061","2024-09-24 20:00","2024","09","24","20:00","","18.9","","16.2","","85","","","","10","","14","","","","100.25","","","","","","NA"
"-79.80","43.30","BURLINGTON PIERS (AUT)","6151061","2024-09-24 21:00","2024","09","24","21:00","","18.6","","16.3","","87","","","","10","","13","","","","100.25","","","","","","NA"
"-79.80","43.30","BURLINGTON PIERS (AUT)","6151061","2024-09-24 22:00","2024","09","24","22:00","","18.7","","16.1","","84","","","","10","","16","","","","100.24","","","","","","NA"
"-79.80","43.30","BURLINGTON PIERS (AUT)","6151061","2024-09-24 23:00","2024","09","24","23:00","","18.0","","16.4","","90","","","","10","","19","","","","100.17","","","","","","NA"
"-79.80","43.30","BURLINGTON PIERS (AUT)","6151061","2024-09-25 00:00","2024","09","25","00:00","","19.0","","16.5","","85","","","","14","","17","","","","100.14","","","","","","NA"
"-79.80","43.30","BURLINGTON PIERS (AUT)","6151061","2024-09-25 01:00","2024","09","25","01:00","","18.5","","16.7","","89","","","","12","","12","","","","100.15","","","","","","NA"
"-79.80","43.30","BURLINGTON PIERS (AUT)","6151061","2024-09-25 02:00","2024","09","25","02:00","","19.3","","16.4","","83","","","","13","","15","","","","100.12","","","","","","NA"
"-79.80","43.30","BURLINGTON PIERS (AUT)","6151061","2024-09-25 03:00","2024","09","25","03:00","","19.5","","16.6","","84","","","","15","","9","","","","100.12","","","","","","NA"
"-79.80","43.30","BURLINGTON PIERS (AUT)","6151061","2024-09-25 04:00","2024","09","25","04:00","","19.8","","16.7","","82","","","","16","","16","","","","100.10","","","","","","NA"
"-79.80","43.30","BURLINGTON PIERS (AUT)","6151061","2024-09-25 05:00","2024","09","25","05:00","","20.0","","16.9","","82","","","","17","","13","","","","100.14","","25","","","","NA"
"-79.80","43.30","BURLINGTON PIERS (AUT)","6151061","2024-09-25 06:00","2024","09","25","06:00","","20.4","","17.2","","82","","","","16","","15","","","","100.19","","26","","","","NA"
"-79.80","43.30","BURLINGTON PIERS (AUT)","6151061","2024-09-25 07:00","2024","09","25","07:00","","20.9","","17.4","","81","","","","17","","20","","","","100.24","","26","","","","NA"
"-79.80","43.30","BURLINGTON PIERS (AUT)","6151061","2024-09-25 08:00","2024","09","25","08:00","","21.3","","17.4","","79","","","","17","","19","","","","100.24","","27","","","","NA"
"-79.80","43.30","BURLINGTON PIERS (AUT)","6151061","2024-09-25 09:00","2024","09","25","09:00","","21.7","","17.6","","77","","","","17","","19","","","","100.25","","27","","","","NA"
"-79.80","43.30","BURLINGTON PIERS (AUT)","6151061","2024-09-25 10:00","2024","09","25","10:00","","22.2","","17.9","","77","","","","17","","24","","","","100.27","","28","","","","NA"
"-79.80","43.30","BURLINGTON PIERS (AUT)","6151061","2024-09-25 11:00","2024","09","25","11:00","","22.1","","17.7","","76","","","","18","","23","","","","100.30","","28","","","","NA"
"-79.80","43.30","BURLINGTON PIERS (AUT)","6151061","2024-09-25 12:00","2024","09","25","12:00","","22.0","","17.4","","75","","","","17","","32","","","","100.30","","28","","","","NA"
"-79.80","43.30","BURLINGTON PIERS (AUT)","6151061","2024-09-25 13:00","2024","09","25","13:00","","22.0","","17.5","","76","","","","17","","25","","","","100.28","","28","","","","NA"
"-79.80","43.30","BURLINGTON PIERS (AUT)","6151061","2024-09-25 14:00","2024","09","25","14:00","","22.4","","18.0","","76","","","","19","","21","","","","100.24","","28","","","","NA"
"-79.80","43.30","BURLINGTON PIERS (AUT)","6151061","2024-09-25 15:00","2024","09","25","15:00","","23.4","","18.2","","72","","","","19","","21","","","","100.24","","30","","","","NA"
"-79.80","43.30","BURLINGTON PIERS (AUT)","6151061","2024-09-25 16:00","2024","09","25","16:00","","23.3","","18.1","","73","","","","18","","22","","","","100.22","","29","","","","NA"
"-79.80","43.30","BURLINGTON PIERS (AUT)","6151061","2024-09-25 17:00","2024","09","25","17:00","","23.0","","18.4","","75","","","","19","","16","","","","100.28","","29","","","","NA"
"-79.80","43.30","BURLINGTON PIERS (AUT)","6151061","2024-09-25 18:00","2024","09","25","18:00","","22.6","","18.7","","79","","","","19","","14","","","","100.33","","29","","","","NA"
"-79.80","43.30","BURLINGTON PIERS (AUT)","6151061","2024-09-25 19:00","2024","09","25","19:00","","22.1","","18.7","","81","","","","20","","11","","","","100.35","","29","","","","NA"
"-79.80","43.30","BURLINGTON PIERS (AUT)","6151061","2024-09-25 20:00","2024","09","25","20:00","","21.5","","17.6","","78","","","","25","","6","","","","100.36","","27","","","","NA"
"-79.80","43.30","BURLINGTON PIERS (AUT)","6151061","2024-09-25 21:00","2024","09","25","21:00","","20.6","","17.3","","82","","","","23","","5","","","","100.44","","26","","","","NA"
"-79.80","43.30","BURLINGTON PIERS (AUT)","6151061","2024-09-25 22:00","2024","09","25","22:00","","19.7","","16.8","","83","","","","27","","6","","","","100.50","","","","","","NA"
"-79.80","43.30","BURLINGTON PIERS (AUT)","6151061","2024-09-25 23:00","2024","09","25","23:00","","19.5","","16.9","","85","","","","25","","6","","","","100.50","","","","","","NA"
"-79.80","43.30","BURLINGTON PIERS (AUT)","6151061","2024-09-26 00:00","2024","09","26","00:00","","19.2","","17.1","","88","","","","24","","6","","","","100.45","","","","","","NA"
"-79.80","43.30","BURLINGTON PIERS (AUT)","6151061","2024-09-26 01:00","2024","09","26","01:00","","18.8","","17.0","","89","","","","27","","5","","","","100.46","","","","","","NA"
"-79.80","43.30","BURLINGTON PIERS (AUT)","6151061","2024-09-26 02:00","2024","09","26","02:00","","18.9","","16.9","","88","","","","25","","5","","","","100.50","","","","","","NA"
"-79.80","43.30","BURLINGTON PIERS (AUT)","6151061","2024-09-26 03:00","2024","09","26","03:00","","18.8","","16.8","","88","","","","20","","8","","","","100.53","","","","","","NA"
"-79.80","43.30","BURLINGTON PIERS (AUT)","6151061","2024-09-26 04:00","2024","09","26","04:00","","18.6","","16.6","","88","","","","26","","6","","","","100.56","","","","","","NA"
"-79.80","43.30","BURLINGTON PIERS (AUT)","6151061","2024-09-26 05:00","2024","09","26","05:00","","18.6","","16.7","","89","","","","33","","6","","","","100.58","","","","","","NA"
"-79.80","43.30","BURLINGTON PIERS (AUT)","6151061","2024-09-26 06:00","2024","09","26","06:00","","18.4","","16.5","","88","","","","33","","6","","","","100.64","","","","","","NA"
"-79.80","43.30","BURLINGTON PIERS (AUT)","6151061","2024-09-26 07:00","2024","09","26","07:00","","18.3","","16.2","","88","","","","32","","9","","","","100.71","","","","","","NA"
"-79.80","43.30","BURLINGTON PIERS (AUT)","6151061","2024-09-26 08:00","2024","09","26","08:00","","18.9","","14.3","","75","","","","34","","7","","","","100.79","","","","","","NA"
"-79.80","43.30","BURLINGTON PIERS (AUT)","6151061","2024-09-26 09:00","2024","09","26","09:00","","20.0","","11.6","","58","","","","33","","12","","","","100.82","","","","","","NA"
"-79.80","43.30","BURLINGTON PIERS (AUT)","6151061","2024-09-26 10:00","2024","09","26","10:00","","20.3","","12.8","","62","","","","4","","8","","","","100.83","","","","","","NA"
"-79.80","43.30","BURLINGTON PIERS (AUT)","6151061","2024-09-26 11:00","2024","09","26","11:00","","20.0","","13.0","","64","","","","9","","9","","","","100.85","","","","","","NA"
"-79.80","43.30","BURLINGTON PIERS (AUT)","6151061","2024-09-26 12:00","2024","09","26","12:00","","20.1","","13.3","","65","","","","8","","8","","","","100.84","","","","","","NA"
"-79.80","43.30","BURLINGTON PIERS (AUT)","6151061","2024-09-26 13:00","2024","09","26","13:00","","20.2","","14.1","","68","","","","11","","14","","","","100.81","","","","","","NA"
"-79.80","43.30","BURLINGTON PIERS (AUT)","6151061","2024-09-26 14:00","2024","09","26","14:00","","20.8","","14.7","","68","","","","9","","12","","","","100.73","","25","","","","NA"
"-79.80","43.30","BURLINGTON PIERS (AUT)","6151061","2024-09-26 15:00","2024","09","26","15:00","","21.2","","14.3","","65","","","","10","","13","","","","100.73","","25","","","","NA"
"-79.80","43.30","BURLINGTON PIERS (AUT)","6151061","2024-09-26 16:00","2024","09","26","16:00","","21.5","","15.5","","69","","","","12","","12","","","","100.75","","26","","","","NA"
"-79.80","43.30","BURLINGTON PIERS (AUT)","6151061","2024-09-26 17:00","2024","09","26","17:00","","21.6","","15.9","","70","","","","10","","10","","","","100.75","","26","","","","NA"
"-79.80","43.30","BURLINGTON PIERS (AUT)","6151061","2024-09-26 18:00","2024","09","26","18:00","","21.3","","16.5","","74","","","","9","","12","","","","100.76","","26","","","","NA"
"-79.80","43.30","BURLINGTON PIERS (AUT)","6151061","2024-09-26 19:00","2024","09","26","19:00","","21.2","","16.9","","77","","","","14","","6","","","","100.79","","26","","","","NA"
"-79.80","43.30","BURLINGTON PIERS (AUT)","6151061","2024-09-26 20:00","2024","09","26","20:00","","20.4","","15.6","","74","","","","35","","8","","","","100.80","","25","","","","NA"
"-79.80","43.30","BURLINGTON PIERS (AUT)","6151061","2024-09-26 21:00","2024","09","26","21:00","","19.3","","14.4","","73","","","","34","","9","","","","100.82","","","","","","NA"
"-79.80","43.30","BURLINGTON PIERS (AUT)","6151061","2024-09-26 22:00","2024","09","26","22:00","","19.6","","13.7","","69","","","","35","","6","","","","100.84","","","","","","NA"
"-79.80","43.30","BURLINGTON PIERS (AUT)","6151061","2024-09-26 23:00","2024","09","26","23:00","","18.8","","12.4","","67","","","","33","","12","","","","100.81","","","","","","NA"
"-79.80","43.30","BURLINGTON PIERS (AUT)","6151061","2024-09-27 00:00","2024","09","27","00:00","","18.3","","12.1","","67","","","","33","","13","","","","100.80","","","","","","NA"
"-79.80","43.30","BURLINGTON PIERS (AUT)","6151061","2024-09-27 01:00","2024","09","27","01:00","","18.4","","12.6","","69","","","","34","","15","","","","100.78","","","","","","NA"
"-79.80","43.30","BURLINGTON PIERS (AUT)","6151061","2024-09-27 02:00","2024","09","27","02:00","","18.2","","12.8","","71","","","","35","","16","","","","100.77","","","","","","NA"
"-79.80","43.30","BURLINGTON PIERS (AUT)","6151061","2024-09-27 03:00","2024","09","27","03:00","","17.3","","12.5","","73","","","","33","","15","","","","100.76","","","","","","NA"
"-79.80","43.30","BURLINGTON PIERS (AUT)","6151061","2024-09-27 04:00","2024","09","27","04:00","","17.5","","12.9","","74","","","","35","","14","","","","100.74","","","","","","NA"
"-79.80","43.30","BURLINGTON PIERS (AUT)","6151061","2024-09-27 05:00","2024","09","27","05:00","","16.8","","12.8","","77","","","","34","","14","","","","100.78","","","","","","NA"
"-79.80","43.30","BURLINGTON PIERS (AUT)","6151061","2024-09-27 06:00","2024","09","27","06:00","","17.0","","13.5","","80","","","","35","","12","","","","100.83","","","","","","NA"
"-79.80","43.30","BURLINGTON PIERS (AUT)","6151061","2024-09-27 07:00","2024","09","27","07:00","","16.8","","13.3","","80","","","","36","","16","","","","100.85","","","","","","NA"
"-79.80","43.30","BURLINGTON PIERS (AUT)","6151061","2024-09-27 08:00","2024","09","27","08:00","","18.0","","14.1","","78","","","","1","","13","","","","100.86","","","","","","NA"
"-79.80","43.30","BURLINGTON PIERS (AUT)","6151061","2024-09-27 09:00","2024","09","27","09:00","","19.0","","15.4","","80","","","","3","","22","","","","100.82","","","","","","NA"
"-79.80","43.30","BURLINGTON PIERS (AUT)","6151061","2024-09-27 10:00","2024","09","27","10:00","","19.2","","15.4","","78","","","","3","","25","","","","100.74","","","","","","NA"
"-79.80","43.30","BURLINGTON PIERS (AUT)","6151061","2024-09-27 11:00","2024","09","27","11:00","","19.1","","15.5","","79","","","","5","","23","","","","100.74","","","","","","NA"
"-79.80","43.30","BURLINGTON PIERS (AUT)","6151061","2024-09-27 12:00","2024","09","27","12:00","","19.1","","16.0","","82","","","","4","","27","","","","100.67","","","","","","NA"
"-79.80","43.30","BURLINGTON PIERS (AUT)","6151061","2024-09-27 13:00","2024","09","27","13:00","","19.2","","15.8","","81","","","","3","","30","","","","100.60","","","","","","NA"
"-79.80","43.30","BURLINGTON PIERS (AUT)","6151061","2024-09-27 14:00","2024","09","27","14:00","","19.1","","15.7","","81","","","","4","","31","","","","100.54","","","","","","NA"
"-79.80","43.30","BURLINGTON PIERS (AUT)","6151061","2024-09-27 15:00","2024","09","27","15:00","","19.3","","15.7","","80","","","","4","","31","","","","100.47","","","","","","NA"
"-79.80","43.30","BURLINGTON PIERS (AUT)","6151061","2024-09-27 16:00","2024","09","27","16:00","","19.4","","16.2","","82","","","","4","","31","","","","100.40","","","","","","NA"
"-79.80","43.30","BURLINGTON PIERS (AUT)","6151061","2024-09-27 17:00","2024","09","27","17:00","","19.8","","16.3","","80","","","","4","","30","","","","100.40","","","","","","NA"
"-79.80","43.30","BURLINGTON PIERS (AUT)","6151061","2024-09-27 18:00","2024","09","27","18:00","","20.1","","15.9","","77","","","","5","","31","","","","100.38","","25","","","","NA"
"-79.80","43.30","BURLINGTON PIERS (AUT)","6151061","2024-09-27 19:00","2024","09","27","19:00","","20.4","","15.3","","72","","","","5","","31","","","","100.42","","25","","","","NA"
"-79.80","43.30","BURLINGTON PIERS (AUT)","6151061","2024-09-27 20:00","2024","09","27","20:00","","20.5","","15.0","","71","","","","6","","31","","","","100.50","","","","","","NA"
"-79.80","43.30","BURLINGTON PIERS (AUT)","6151061","2024-09-27 21:00","2024","09","27","21:00","","20.5","","16.2","","76","","","","5","","29","","","","100.50","","25","","","","NA"
"-79.80","43.30","BURLINGTON PIERS (AUT)","6151061","2024-09-27 22:00","2024","09","27","22:00","","20.4","","16.0","","76","","","","5","","23","","","","100.52","","25","","","","NA"
"-79.80","43.30","BURLINGTON PIERS (AUT)","6151061","2024-09-27 23:00","2024","09","27","23:00","","20.4","","16.1","","76","","","","4","","25","","","","100.50","","25","","","","NA"
"-79.80","43.30","BURLINGTON PIERS (AUT)","6151061","2024-09-28 00:00","2024","09","28","00:00","","20.2","","16.2","","78","","","","5","","29","","","","100.47","","25","","","","NA"
"-79.80","43.30","BURLINGTON PIERS (AUT)","6151061","2024-09-28 01:00","2024","09","28","01:00","","20.1","","16.7","","81","","","","5","","30","","","","100.43","","25","","","","NA"
"-79.80","43.30","BURLINGTON PIERS (AUT)","6151061","2024-09-28 02:00","2024","09","28","02:00","","20.1","","16.9","","82","","","","4","","26","","","","100.39","","25","","","","NA"
"-79.80","43.30","BURLINGTON PIERS (AUT)","6151061","2024-09-28 03:00","2024","09","28","03:00","","19.9","","16.6","","81","","","","4","","33","","","","100.32","","","","","","NA"
"-79.80","43.30","BURLINGTON PIERS (AUT)","6151061","2024-09-28 04:00","2024","09","28","04:00","","19.8","","16.7","","82","","","","4","","33","","","","100.30","","","","","","NA"
"-79.80","43.30","BURLINGTON PIERS (AUT)","6151061","2024-09-28 05:00","2024","09","28","05:00","","20.0","","15.9","","77","","","","4","","33","","","","100.32","","25","","","","NA"
"-79.80","43.30","BURLINGTON PIERS (AUT)","6151061","2024-09-28 06:00","2024","09","28","06:00","","19.5","","17.0","","86","","","","3","","32","","","","100.34","","","","","","NA"
"-79.80","43.30","BURLINGTON PIERS (AUT)","6151061","2024-09-28 07:00","2024","09","28","07:00","","19.5","","16.9","","85","","","","4","","33","","","","100.37","","","","","","NA"
"-79.80","43.30","BURLINGTON PIERS (AUT)","6151061","2024-09-28 08:00","2024","09","28","08:00","","19.2","","17.2","","88","","","","4","","32","","","","100.37","","","","","","NA"
"-79.80","43.30","BURLINGTON PIERS (AUT)","6151061","2024-09-28 09:00","2024","09","28","09:00","","19.0","","17.3","","89","","","","4","","33","","","","100.38","","","","","","NA"
"-79.80","43.30","BURLINGTON PIERS (AUT)","6151061","2024-09-28 10:00","2024","09","28","10:00","","18.6","","17.2","","92","","","","3","","41","","","","100.36","","","","","","NA"
"-79.80","43.30","BURLINGTON PIERS (AUT)","6151061","2024-09-28 11:00","2024","09","28","11:00","","18.3","","16.5","","89","","","","4","","39","","","","100.38","","","","","","NA"
"-79.80","43.30","BURLINGTON PIERS (AUT)","6151061","2024-09-28 12:00","2024","09","28","12:00","","18.6","","16.7","","89","","","","4","","36","","","","100.38","","","","","","NA"
"-79.80","43.30","BURLINGTON PIERS (AUT)","6151061","2024-09-28 13:00","2024","09","28","13:00","","18.8","","16.9","","89","","","","4","","33","","","","100.33","","","","","","NA"
"-79.80","43.30","BURLINGTON PIERS (AUT)","6151061","2024-09-28 14:00","2024","09","28","14:00","","18.9","","17.2","","89","","","","4","","35","","","","100.31","","","","","","NA"
"-79.80","43.30","BURLINGTON PIERS (AUT)","6151061","2024-09-28 15:00","2024","09","28","15:00","","19.2","","16.7","","86","","","","4","","36","","","","100.30","","","","","","NA"
"-79.80","43.30","BURLINGTON PIERS (AUT)","6151061","2024-09-28 16:00","2024","09","28","16:00","","19.4","","17.0","","86","","","","3","","37","","","","100.30","","","","","","NA"
"-79.80","43.30","BURLINGTON PIERS (AUT)","6151061","2024-09-28 17:00","2024","09","28","17:00","","18.7","","17.5","","92","","","","3","","32","","","","100.34","","","","","","NA"
"-79.80","43.30","BURLINGTON PIERS (AUT)","6151061","2024-09-28 18:00","2024","09","28","18:00","","18.5","","17.5","","94","","","","1","","27","","","","100.34","","","","","","NA"
"-79.80","43.30","BURLINGTON PIERS (AUT)","6151061","2024-09-28 19:00","2024","09","28","19:00","","19.1","","17.4","","90","","","","1","","28","","","","100.37","","","","","","NA"
"-79.80","43.30","BURLINGTON PIERS (AUT)","6151061","2024-09-28 20:00","2024","09","28","20:00","","20.2","","16.9","","81","","","","3","","27","","","","100.42","","25","","","","NA"
"-79.80","43.30","BURLINGTON PIERS (AUT)","6151061","2024-09-28 21:00","2024","09","28","21:00","","19.9","","16.7","","82","","","","6","","28","","","","100.45","","","","","","NA"
"-79.80","43.30","BURLINGTON PIERS (AUT)","6151061","2024-09-28 22:00","2024","09","28","22:00","","19.2","","16.7","","85","","","","6","","33","","","","100.46","","","","","","NA"
"-79.80","43.30","BURLINGTON PIERS (AUT)","6151061","2024-09-28 23:00","2024","09","28","23:00"
"-79.80","43.30","BURLINGTON PIERS (AUT)","6151061","2024-09-29 00:00","2024","09","29","00:00","","19.2","","17.1","","87","","","","6","","25","","","","100.49","","","","","","NA"
"-79.80","43.30","BURLINGTON PIERS (AUT)","6151061","2024-09-29 01:00","2024","09","29","01:00","","19.4","","17.2","","87","","","","4","","25","","","","100.48","","","","","","NA"
"-79.80","43.30","BURLINGTON PIERS (AUT)","6151061","2024-09-29 02:00","2024","09","29","02:00","","19.3","","17.6","","90","","","","3","","27","","","","100.44","","","","","","NA"
"-79.80","43.30","BURLINGTON PIERS (AUT)","6151061","2024-09-29 03:00","2024","09","29","03:00","","19.5","","17.7","","90","","","","3","","25","","","","100.44","","","","","","NA"
"-79.80","43.30","BURLINGTON PIERS (AUT)","6151061","2024-09-29 04:00","2024","09","29","04:00","","19.5","","17.9","","91","","","","4","","23","","","","100.45","","","","","","NA"
"-79.80","43.30","BURLINGTON PIERS (AUT)","6151061","2024-09-29 05:00","2024","09","29","05:00","","19.6","","17.3","","87","","","","3","","29","","","","100.48","","","","","","NA"
"-79.80","43.30","BURLINGTON PIERS (AUT)","6151061","2024-09-29 06:00","2024","09","29","06:00","","19.8","","16.2","","80","","","","4","","29","","","","100.53","","","","","","NA"
"-79.80","43.30","BURLINGTON PIERS (AUT)","6151061","2024-09-29 07:00","2024","09","29","07:00","","18.9","","16.4","","86","","","","4","","33","","","","100.59","","","","","","NA"
"-79.80","43.30","BURLINGTON PIERS (AUT)","6151061","2024-09-29 08:00","2024","09","29","08:00","","17.8","","16.6","","92","","","","35","","15","","","","100.62","","","","","","NA"
"-79.80","43.30","BURLINGTON PIERS (AUT)","6151061","2024-09-29 09:00","2024","09","29","09:00","","18.8","","16.4","","86","","","","1","","15","","","","100.64","","","","","","NA"
"-79.80","43.30","BURLINGTON PIERS (AUT)","6151061","2024-09-29 10:00","2024","09","29","10:00","","19.5","","16.5","","83","","","","5","","23","","","","100.68","","","","","","NA"
"-79.80","43.30","BURLINGTON PIERS (AUT)","6151061","2024-09-29 11:00","2024","09","29","11:00","","19.6","","16.6","","83","","","","4","","21","","","","100.68","","","","","","NA"
"-79.80","43.30","BURLINGTON PIERS (AUT)","6151061","2024-09-29 12:00","2024","09","29","12:00","","19.4","","16.9","","85","","","","6","","24","","","","100.67","","","","","","NA"
"-79.80","43.30","BURLINGTON PIERS (AUT)","6151061","2024-09-29 13:00","2024","09","29","13:00","","19.3","","17.2","","88","","","","6","","24","","","","100.68","","","","","","NA"
"-79.80","43.30","BURLINGTON PIERS (AUT)","6151061","2024-09-29 14:00","2024","09","29","14:00","","19.9","","17.6","","87","","","","5","","19","","","","100.66","","","","","","NA"
"-79.80","43.30","BURLINGTON PIERS (AUT)","6151061","2024-09-29 15:00","2024","09","29","15:00","","19.9","","17.3","","85","","","","4","","21","","","","100.63","","","","","","NA"
"-79.80","43.30","BURLINGTON PIERS (AUT)","6151061","2024-09-29 16:00","2024","09","29","16:00","","19.6","","17.1","","85","","","","5","","24","","","","100.64","","","","","","NA"
"-79.80","43.30","BURLINGTON PIERS (AUT)","6151061","2024-09-29 17:00","2024","09","29","17:00","","19.6","","17.3","","86","","","","5","","20","","","","100.66","","","","","","NA"
"-79.80","43.30","BURLINGTON PIERS (AUT)","6151061","2024-09-29 18:00","2024","09","29","18:00","","19.6","","17.2","","86","","","","5","","18","","","","100.69","","","","","","NA"
"-79.80","43.30","BURLINGTON PIERS (AUT)","6151061","2024-09-29 19:00","2024","09","29","19:00","","19.8","","16.8","","83","","","","6","","21","","","","100.74","","","","","","NA"
"-79.80","43.30","BURLINGTON PIERS (AUT)","6151061","2024-09-29 20:00","2024","09","29","20:00","","20.2","","17.1","","82","","","","7","","16","","","","100.78","","26","","","","NA"
"-79.80","43.30","BURLINGTON PIERS (AUT)","6151061","2024-09-29 21:00","2024","09","29","21:00","","20.2","","16.8","","81","","","","5","","18","","","","100.78","","25","","","","NA"
"-79.80","43.30","BURLINGTON PIERS (AUT)","6151061","2024-09-29 22:00","2024","09","29","22:00","","20.0","","17.4","","85","","","","5","","18","","","","100.77","","26","","","","NA"
"-79.80","43.30","BURLINGTON PIERS (AUT)","6151061","2024-09-29 23:00","2024","09","29","23:00","","19.9","","17.9","","88","","","","5","","22","","","","100.76","","","","","","NA"
"-79.80","43.30","BURLINGTON PIERS (AUT)","6151061","2024-09-30 00:00","2024","09","30","00:00","","19.7","","18.0","","90","","","","6","","23","","","","100.76","","","","","","NA"
"-79.80","43.30","BURLINGTON PIERS (AUT)","6151061","2024-09-30 01:00","2024","09","30","01:00","","19.6","","17.9","","90","","","","8","","24","","","","100.74","","","","","","NA"
"-79.80","43.30","BURLINGTON PIERS (AUT)","6151061","2024-09-30 02:00","2024","09","30","02:00","","19.2","","17.3","","89","","","","9","","13","","","","100.75","","","","","","NA"
"-79.80","43.30","BURLINGTON PIERS (AUT)","6151061","2024-09-30 03:00","2024","09","30","03:00","","19.3","","16.9","","86","","","","7","","14","","","","100.76","","","","","","NA"
"-79.80","43.30","BURLINGTON PIERS (AUT)","6151061","2024-09-30 04:00","2024","09","30","04:00","","19.6","","17.7","","88","","","","6","","17","","","","100.78","","","","","","NA"
"-79.80","43.30","BURLINGTON PIERS (AUT)","6151061","2024-09-30 05:00","2024","09","30","05:00","","19.5","","17.8","","90","","","","4","","21","","","","100.81","","","","","","NA"
"-79.80","43.30","BURLINGTON PIERS (AUT)","6151061","2024-09-30 06:00","2024","09","30","06:00","","19.2","","17.6","","90","","","","4","","25","","","","100.84","","","","","","NA"
"-79.80","43.30","BURLINGTON PIERS (AUT)","6151061","2024-09-30 07:00","2024","09","30","07:00","","18.9","","17.2","","90","","","","4","","24","","","","100.89","","","","","","NA"
"-79.80","43.30","BURLINGTON PIERS (AUT)","6151061","2024-09-30 08:00","2024","09","30","08:00","","18.9","","17.2","","89","","","","6","","23","","","","100.92","","","","","","NA"
"-79.80","43.30","BURLINGTON PIERS (AUT)","6151061","2024-09-30 09:00","2024","09","30","09:00","","18.9","","16.6","","87","","","","5","","24","","","","100.94","","","","","","NA"
"-79.80","43.30","BURLINGTON PIERS (AUT)","6151061","2024-09-30 10:00","2024","09","30","10:00","","18.9","","16.6","","86","","","","5","","23","","","","100.95","","","","","","NA"
"-79.80","43.30","BURLINGTON PIERS (AUT)","6151061","2024-09-30 11:00","2024","09","30","11:00","","18.7","","16.3","","86","","","","5","","26","","","","100.93","","","","","","NA"
"-79.80","43.30","BURLINGTON PIERS (AUT)","6151061","2024-09-30 12:00","2024","09","30","12:00","","18.7","","16.3","","86","","","","5","","24","","","","100.91","","","","","","NA"
"-79.80","43.30","BURLINGTON PIERS (AUT)","6151061","2024-09-30 13:00","2024","09","30","13:00","","18.6","","16.0","","85","","","","3","","23","","","","100.84","","","","","","NA"
"-79.80","43.30","BURLINGTON PIERS (AUT)","6151061","2024-09-30 14:00","2024","09","30","14:00","","18.8","","16.5","","86","","","","4","","22","","","","100.79","","","","","","NA"
"-79.80","43.30","BURLINGTON PIERS (AUT)","6151061","2024-09-30 15:00","2024","09","30","15:00","","19.0","","16.6","","86","","","","4","","24","","","","100.75","","","","","","NA"
"-79.80","43.30","BURLINGTON PIERS (AUT)","6151061","2024-09-30 16:00","2024","09","30","16:00","","19.2","","16.5","","84","","","","4","","19","","","","100.73","","","","","","NA"
"-79.80","43.30","BURLINGTON PIERS (AUT)","6151061","2024-09-30 17:00","2024","09","30","17:00","","19.1","","16.7","","86","","","","5","","18","","","","100.72","","","","","","NA"
"-79.80","43.30","BURLINGTON PIERS (AUT)","6151061","2024-09-30 18:00","2024","09","30","18:00","","19.0","","16.9","","87","","","","4","","16","","","","100.73","","","","","","NA"
"-79.80","43.30","BURLINGTON PIERS (AUT)","6151061","2024-09-30 19:00","2024","09","30","19:00","","19.0","","17.0","","88","","","","4","","14","","","","100.72","","","","","","NA"
"-79.80","43.30","BURLINGTON PIERS (AUT)","6151061","2024-09-30 20:00","2024","09","30","20:00","","19.1","","17.2","","89","","","","3","","16","","","","100.73","","","","","","NA"
"-79.80","43.30","BURLINGTON PIERS (AUT)","6151061","2024-09-30 21:00","2024","09","30","21:00","","18.9","","17.3","","90","","","","1","","14","","","","100.69","","","","","","NA"
"-79.80","43.30","BURLINGTON PIERS (AUT)","6151061","2024-09-30 22:00","2024","09","30","22:00","","19.5","","18.0","","91","","","","4","","13","","","","100.69","","","","","","NA"
"-79.80","43.30","BURLINGTON PIERS (AUT)","6151061","2024-09-30 23:00","2024","09","30","23:00","","19.5","","18.0","","91","","","","4","","16","","","","100.68","","","","","","NA"
