"Longitude (x)","Latitude (y)","Station Name","Climate ID","Date/Time (LST)","Year","Month","Day","Time (LST)","Flag","Temp (°C)","Temp Flag","Dew Point Temp (°C)","Dew Point Temp Flag","Rel Hum (%)","Rel Hum Flag","Precip. Amount (mm)","Precip. Amount Flag","Wind Dir (10s deg)","Wind Dir Flag","Wind Spd (km/h)","Wind Spd Flag","Visibility (km)","Visibility Flag","Stn Press (kPa)","Stn Press Flag","Hmdx","Hmdx Flag","Wind Chill","Wind Chill Flag","Weather"
"-79.80","43.30","BURLINGTON PIERS (AUT)","6151061","2024-03-01 00:00","2024","03","01","00:00","","-2.6","","-4.9","","84","","","","27","","3","","","","101.99","","","","-4","","NA"
"-79.80","43.30","BURLINGTON PIERS (AUT)","6151061","2024-03-01 01:00","2024","03","01","01:00","","-2.0","","-3.7","","88","","","","","","0","","","","102.02","","","","","","NA"
"-79.80","43.30","BURLINGTON PIERS (AUT)","6151061","2024-03-01 02:00","2024","03","01","02:00","","-1.9","","-3.4","","89","","","","26","","4","","","","102.01","","","","-3","","NA"
"-79.80","43.30","BURLINGTON PIERS (AUT)","6151061","2024-03-01 03:00","2024","03","01","03:00","","-1.4","","-2.8","","90","","","","20","","4","","","","101.99","","","","-3","","NA"
"-79.80","43.30","BURLINGTON PIERS (AUT)","6151061","2024-03-01 04:00","2024","03","01","04:00","","-1.1","","-2.5","","91","","","","","","0","","","","101.97","","","","","","NA"
"-79.80","43.30","BURLINGTON PIERS (AUT)","6151061","2024-03-01 05:00","2024","03","01","05:00","","-0.8","","-2.0","","92","","","","","","0","","","","101.99","","","","","","NA"
"-79.80","43.30","BURLINGTON PIERS (AUT)","6151061","2024-03-01 06:00","2024","03","01","06:00","","0.6","","-0.5","","92","","","","21","","9","","","","102.02","","","","","","NA"
"-79.80","43.30","BURLINGTON PIERS (AUT)","6151061","2024-03-01 07:00","2024","03","01","07:00","","0.5","","-1.3","","88","","","","21","","11","","","","102.03","","","","","","NA"
"-79.80","43.30","BURLINGTON PIERS (AUT)","6151061","2024-03-01 08:00","2024","03","01","08:00","","1.2","","-2.4","","77","","","","21","","11","","","","102.08","","","","","","NA"
"-79.80","43.30","BURLINGTON PIERS (AUT)","6151061","2024-03-01 09:00","2024","03","01","09:00","","2.6","","-3.7","","63","","","","21","","14","","","","102.07","","","","","","NA"
"-79.80","43.30","BURLINGTON PIERS (AUT)","6151061","2024-03-01 10:00","2024","03","01","10:00","","4.2","","-3.9","","55","","","","20","","14","","","","102.02","","","","","","NA"
"-79.80","43.30","BURLINGTON PIERS (AUT)","6151061","2024-03-01 11:00","2024","03","01","11:00","","5.5","","-2.3","","57","","","","19","","17","","","","102.01","","","","","","NA"
"-79.80","43.30","BURLINGTON PIERS (AUT)","6151061","2024-03-01 12:00","2024","03","01","12:00","","6.4","","-2.9","","51","","","","20","","17","","","","101.95","","","","","","NA"
"-79.80","43.30","BURLINGTON PIERS (AUT)","6151061","2024-03-01 13:00","2024","03","01","13:00","","7.3","","-5.5","","40","","","","19","","12","","","","101.81","","","","","","NA"
"-79.80","43.30","BURLINGTON PIERS (AUT)","6151061","2024-03-01 14:00","2024","03","01","14:00","","8.0","","-1.6","","51","","","","19","","13","","","","101.72","","","","","","NA"
"-79.80","43.30","BURLINGTON PIERS (AUT)","6151061","2024-03-01 15:00","2024","03","01","15:00","","8.8","","-2.6","","45","","","","16","","10","","","","101.63","","","","","","NA"
"-79.80","43.30","BURLINGTON PIERS (AUT)","6151061","2024-03-01 16:00","2024","03","01","16:00","","6.8","","-1.3","","56","","","","7","","15","","","","101.58","","","","","","NA"
"-79.80","43.30","BURLINGTON PIERS (AUT)","6151061","2024-03-01 17:00","2024","03","01","17:00","","4.3","","0.8","","78","","","","4","","14","","","","101.56","","","","","","NA"
"-79.80","43.30","BURLINGTON PIERS (AUT)","6151061","2024-03-01 18:00","2024","03","01","18:00","","3.9","","3.5","","98","","","","2","","14","","","","101.51","","","","","","NA"
"-79.80","43.30","BURLINGTON PIERS (AUT)","6151061","2024-03-01 19:00","2024","03","01","19:00","","3.8","","3.5","","98","","","","4","","6","","","","101.51","","","","","","NA"
"-79.80","43.30","BURLINGTON PIERS (AUT)","6151061","2024-03-01 20:00","2024","03","01","20:00","","4.1","","2.2","","87","","","","1","","11","","","","101.48","","","","","","NA"
"-79.80","43.30","BURLINGTON PIERS (AUT)","6151061","2024-03-01 21:00","2024","03","01","21:00","","3.9","","1.3","","83","","","","36","","6","","","","101.41","","","","","","NA"
"-79.80","43.30","BURLINGTON PIERS (AUT)","6151061","2024-03-01 22:00","2024","03","01","22:00","","4.0","","2.5","","90","","","","4","","4","","","","101.38","","","","","","NA"
"-79.80","43.30","BURLINGTON PIERS (AUT)","6151061","2024-03-01 23:00","2024","03","01","23:00","","3.2","","-0.4","","77","","","","","","0","","","","101.36","","","","","","NA"
"-79.80","43.30","BURLINGTON PIERS (AUT)","6151061","2024-03-02 00:00","2024","03","02","00:00","","3.3","","-0.8","","75","","","","33","","4","","","","101.33","","","","","","NA"
"-79.80","43.30","BURLINGTON PIERS (AUT)","6151061","2024-03-02 01:00","2024","03","02","01:00","","3.5","","-0.3","","76","","","","","","0","","","","101.34","","","","","","NA"
"-79.80","43.30","BURLINGTON PIERS (AUT)","6151061","2024-03-02 02:00","2024","03","02","02:00","","6.0","","-1.8","","57","","","","21","","5","","","","101.31","","","","","","NA"
"-79.80","43.30","BURLINGTON PIERS (AUT)","6151061","2024-03-02 03:00","2024","03","02","03:00","","6.7","","-1.4","","56","","","","15","","15","","","","101.28","","","","","","NA"
"-79.80","43.30","BURLINGTON PIERS (AUT)","6151061","2024-03-02 04:00","2024","03","02","04:00","","6.2","","1.1","","70","","","","16","","18","","","","101.23","","","","","","NA"
"-79.80","43.30","BURLINGTON PIERS (AUT)","6151061","2024-03-02 05:00","2024","03","02","05:00","","6.0","","1.6","","73","","","","17","","6","","","","101.22","","","","","","NA"
"-79.80","43.30","BURLINGTON PIERS (AUT)","6151061","2024-03-02 06:00","2024","03","02","06:00","","5.9","","1.7","","74","","","","19","","3","","","","101.19","","","","","","NA"
"-79.80","43.30","BURLINGTON PIERS (AUT)","6151061","2024-03-02 07:00","2024","03","02","07:00","","4.8","","2.4","","84","","","","17","","3","","","","101.21","","","","","","NA"
"-79.80","43.30","BURLINGTON PIERS (AUT)","6151061","2024-03-02 08:00","2024","03","02","08:00","","4.4","","2.9","","90","","","","10","","8","","","","101.18","","","","","","NA"
"-79.80","43.30","BURLINGTON PIERS (AUT)","6151061","2024-03-02 09:00","2024","03","02","09:00","","3.9","","2.7","","92","","","","4","","9","","","","101.19","","","","","","NA"
"-79.80","43.30","BURLINGTON PIERS (AUT)","6151061","2024-03-02 10:00","2024","03","02","10:00","","4.5","","3.0","","90","","","","1","","10","","","","101.19","","","","","","NA"
"-79.80","43.30","BURLINGTON PIERS (AUT)","6151061","2024-03-02 11:00","2024","03","02","11:00","","3.7","","3.0","","96","","","","3","","11","","","","101.16","","","","","","NA"
"-79.80","43.30","BURLINGTON PIERS (AUT)","6151061","2024-03-02 12:00","2024","03","02","12:00","","4.0","","3.8","","98","","","","2","","14","","","","101.15","","","","","","NA"
"-79.80","43.30","BURLINGTON PIERS (AUT)","6151061","2024-03-02 13:00","2024","03","02","13:00","","3.9","","3.7","","99","","","","3","","14","","","","101.12","","","","","","NA"
"-79.80","43.30","BURLINGTON PIERS (AUT)","6151061","2024-03-02 14:00","2024","03","02","14:00","","3.7","","3.5","","99","","","","3","","14","","","","101.05","","","","","","NA"
"-79.80","43.30","BURLINGTON PIERS (AUT)","6151061","2024-03-02 15:00","2024","03","02","15:00","","3.6","","3.5","","99","","","","3","","14","","","","101.05","","","","","","NA"
"-79.80","43.30","BURLINGTON PIERS (AUT)","6151061","2024-03-02 16:00","2024","03","02","16:00","","3.5","","3.4","","99","","","","3","","15","","","","101.04","","","","","","NA"
"-79.80","43.30","BURLINGTON PIERS (AUT)","6151061","2024-03-02 17:00","2024","03","02","17:00","","3.5","","3.3","","99","","","","3","","12","","","","101.07","","","","","","NA"
"-79.80","43.30","BURLINGTON PIERS (AUT)","6151061","2024-03-02 18:00","2024","03","02","18:00","","4.4","","4.2","","98","","","","3","","14","","","","101.08","","","","","","NA"
"-79.80","43.30","BURLINGTON PIERS (AUT)","6151061","2024-03-02 19:00","2024","03","02","19:00","","4.5","","4.2","","98","","","","4","","10","","","","101.13","","","","","","NA"
"-79.80","43.30","BURLINGTON PIERS (AUT)","6151061","2024-03-02 20:00","2024","03","02","20:00","","4.2","","3.8","","97","","","","5","","12","","","","101.16","","","","","","NA"
"-79.80","43.30","BURLINGTON PIERS (AUT)","6151061","2024-03-02 21:00","2024","03","02","21:00","","4.3","","3.9","","97","","","","2","","8","","","","101.19","","","","","","NA"
"-79.80","43.30","BURLINGTON PIERS (AUT)","6151061","2024-03-02 22:00","2024","03","02","22:00","","4.3","","3.9","","97","","","","4","","9","","","","101.20","","","","","","NA"
"-79.80","43.30","BURLINGTON PIERS (AUT)","6151061","2024-03-02 23:00","2024","03","02","23:00","","4.0","","3.7","","98","","","","5","","8","","","","101.21","","","","","","NA"
"-79.80","43.30","BURLINGTON PIERS (AUT)","6151061","2024-03-03 00:00","2024","03","03","00:00","","3.8","","3.5","","98","","","","10","","3","","","","101.22","","","","","","NA"
"-79.80","43.30","BURLINGTON PIERS (AUT)","6151061","2024-03-03 01:00","2024","03","03","01:00","","3.8","","3.6","","99","","","","","","0","","","","101.25","","","","","","NA"
"-79.80","43.30","BURLINGTON PIERS (AUT)","6151061","2024-03-03 02:00","2024","03","03","02:00","","3.8","","3.6","","99","","","","11","","3","","","","101.29","","","","","","NA"
"-79.80","43.30","BURLINGTON PIERS (AUT)","6151061","2024-03-03 03:00","2024","03","03","03:00","","4.0","","3.8","","99","","","","","","0","","","","101.28","","","","","","NA"
"-79.80","43.30","BURLINGTON PIERS (AUT)","6151061","2024-03-03 04:00","2024","03","03","04:00","","3.8","","3.7","","99","","","","","","0","","","","101.30","","","","","","NA"
"-79.80","43.30","BURLINGTON PIERS (AUT)","6151061","2024-03-03 05:00","2024","03","03","05:00","","3.7","","3.5","","99","","","","6","","3","","","","101.35","","","","","","NA"
"-79.80","43.30","BURLINGTON PIERS (AUT)","6151061","2024-03-03 06:00","2024","03","03","06:00","","3.6","","3.5","","99","","","","","","0","","","","101.38","","","","","","NA"
"-79.80","43.30","BURLINGTON PIERS (AUT)","6151061","2024-03-03 07:00","2024","03","03","07:00","","3.5","","3.4","","99","","","","34","","3","","","","101.43","","","","","","NA"
"-79.80","43.30","BURLINGTON PIERS (AUT)","6151061","2024-03-03 08:00","2024","03","03","08:00","","3.4","","3.3","","99","","","","8","","5","","","","101.46","","","","","","NA"
"-79.80","43.30","BURLINGTON PIERS (AUT)","6151061","2024-03-03 09:00","2024","03","03","09:00","","3.9","","3.9","","99","","","","","","0","","","","101.51","","","","","","NA"
"-79.80","43.30","BURLINGTON PIERS (AUT)","6151061","2024-03-03 10:00","2024","03","03","10:00","","3.6","","3.5","","99","","","","8","","4","","","","101.50","","","","","","NA"
"-79.80","43.30","BURLINGTON PIERS (AUT)","6151061","2024-03-03 11:00","2024","03","03","11:00","","3.7","","","M","","M","","","9","","6","","","","101.48","","","","","","NA"
"-79.80","43.30","BURLINGTON PIERS (AUT)","6151061","2024-03-03 12:00","2024","03","03","12:00","","3.8","","3.5","","98","","","","5","","10","","","","101.48","","","","","","NA"
"-79.80","43.30","BURLINGTON PIERS (AUT)","6151061","2024-03-03 13:00","2024","03","03","13:00","","3.8","","3.7","","100","","","","3","","13","","","","101.44","","","","","","NA"
"-79.80","43.30","BURLINGTON PIERS (AUT)","6151061","2024-03-03 14:00","2024","03","03","14:00","","3.8","","3.8","","100","","","","3","","14","","","","101.36","","","","","","NA"
"-79.80","43.30","BURLINGTON PIERS (AUT)","6151061","2024-03-03 15:00","2024","03","03","15:00","","4.0","","4.0","","100","","","","2","","17","","","","101.35","","","","","","NA"
"-79.80","43.30","BURLINGTON PIERS (AUT)","6151061","2024-03-03 16:00","2024","03","03","16:00","","4.1","","4.1","","100","","","","3","","21","","","","101.33","","","","","","NA"
"-79.80","43.30","BURLINGTON PIERS (AUT)","6151061","2024-03-03 17:00","2024","03","03","17:00","","3.7","","","M","","M","","","3","","12","","","","101.31","","","","","","NA"
"-79.80","43.30","BURLINGTON PIERS (AUT)","6151061","2024-03-03 18:00","2024","03","03","18:00","","3.8","","","M","","M","","","1","","13","","","","101.33","","","","","","NA"
"-79.80","43.30","BURLINGTON PIERS (AUT)","6151061","2024-03-03 19:00","2024","03","03","19:00","","4.0","","","M","","M","","","1","","11","","","","101.35","","","","","","NA"
"-79.80","43.30","BURLINGTON PIERS (AUT)","6151061","2024-03-03 20:00","2024","03","03","20:00","","4.2","","","M","","M","","","1","","14","","","","101.30","","","","","","NA"
"-79.80","43.30","BURLINGTON PIERS (AUT)","6151061","2024-03-03 21:00","2024","03","03","21:00","","4.3","","","M","","M","","","1","","16","","","","101.28","","","","","","NA"
"-79.80","43.30","BURLINGTON PIERS (AUT)","6151061","2024-03-03 22:00","2024","03","03","22:00","","4.8","","","M","","M","","","35","","9","","","","101.26","","","","","","NA"
"-79.80","43.30","BURLINGTON PIERS (AUT)","6151061","2024-03-03 23:00","2024","03","03","23:00","","4.7","","4.2","","96","","","","36","","11","","","","101.19","","","","","","NA"
"-79.80","43.30","BURLINGTON PIERS (AUT)","6151061","2024-03-04 00:00","2024","03","04","00:00","","4.6","","4.4","","98","","","","36","","16","","","","101.16","","","","","","NA"
"-79.80","43.30","BURLINGTON PIERS (AUT)","6151061","2024-03-04 01:00","2024","03","04","01:00","","4.7","","4.2","","96","","","","35","","16","","","","101.20","","","","","","NA"
"-79.80","43.30","BURLINGTON PIERS (AUT)","6151061","2024-03-04 02:00","2024","03","04","02:00","","4.2","","3.9","","98","","","","36","","11","","","","101.18","","","","","","NA"
"-79.80","43.30","BURLINGTON PIERS (AUT)","6151061","2024-03-04 03:00","2024","03","04","03:00","","4.1","","","M","","M","","","35","","13","","","","101.17","","","","","","NA"
"-79.80","43.30","BURLINGTON PIERS (AUT)","6151061","2024-03-04 04:00","2024","03","04","04:00","","4.1","","4.1","","100","","","","36","","10","","","","101.19","","","","","","NA"
"-79.80","43.30","BURLINGTON PIERS (AUT)","6151061","2024-03-04 05:00","2024","03","04","05:00","","4.1","","","M","","M","","","35","","9","","","","101.20","","","","","","NA"
"-79.80","43.30","BURLINGTON PIERS (AUT)","6151061","2024-03-04 06:00","2024","03","04","06:00","","4.1","","","M","","M","","","1","","10","","","","101.24","","","","","","NA"
"-79.80","43.30","BURLINGTON PIERS (AUT)","6151061","2024-03-04 07:00","2024","03","04","07:00","","4.0","","","M","","M","","","36","","9","","","","101.23","","","","","","NA"
"-79.80","43.30","BURLINGTON PIERS (AUT)","6151061","2024-03-04 08:00","2024","03","04","08:00","","3.4","","","M","","M","","","3","","16","","","","101.25","","","","","","NA"
"-79.80","43.30","BURLINGTON PIERS (AUT)","6151061","2024-03-04 09:00","2024","03","04","09:00","","3.5","","","M","","M","","","2","","19","","","","101.27","","","","","","NA"
"-79.80","43.30","BURLINGTON PIERS (AUT)","6151061","2024-03-04 10:00","2024","03","04","10:00","","3.9","","","M","","M","","","4","","12","","","","101.28","","","","","","NA"
"-79.80","43.30","BURLINGTON PIERS (AUT)","6151061","2024-03-04 11:00","2024","03","04","11:00","","3.7","","3.5","","99","","","","5","","13","","","","101.24","","","","","","NA"
"-79.80","43.30","BURLINGTON PIERS (AUT)","6151061","2024-03-04 12:00","2024","03","04","12:00","","3.9","","3.7","","98","","","","5","","15","","","","101.19","","","","","","NA"
"-79.80","43.30","BURLINGTON PIERS (AUT)","6151061","2024-03-04 13:00","2024","03","04","13:00","","3.9","","3.7","","99","","","","5","","14","","","","101.09","","","","","","NA"
"-79.80","43.30","BURLINGTON PIERS (AUT)","6151061","2024-03-04 14:00","2024","03","04","14:00","","4.0","","3.8","","98","","","","4","","13","","","","101.02","","","","","","NA"
"-79.80","43.30","BURLINGTON PIERS (AUT)","6151061","2024-03-04 15:00","2024","03","04","15:00","","4.2","","3.9","","98","","","","4","","15","","","","100.96","","","","","","NA"
"-79.80","43.30","BURLINGTON PIERS (AUT)","6151061","2024-03-04 16:00","2024","03","04","16:00","","4.5","","4.0","","96","","","","3","","15","","","","100.93","","","","","","NA"
"-79.80","43.30","BURLINGTON PIERS (AUT)","6151061","2024-03-04 17:00","2024","03","04","17:00","","5.2","","4.1","","93","","","","3","","17","","","","100.91","","","","","","NA"
"-79.80","43.30","BURLINGTON PIERS (AUT)","6151061","2024-03-04 18:00","2024","03","04","18:00","","5.6","","5.0","","95","","","","3","","13","","","","100.87","","","","","","NA"
"-79.80","43.30","BURLINGTON PIERS (AUT)","6151061","2024-03-04 19:00","2024","03","04","19:00","","5.9","","4.6","","91","","","","6","","9","","","","100.85","","","","","","NA"
"-79.80","43.30","BURLINGTON PIERS (AUT)","6151061","2024-03-04 20:00","2024","03","04","20:00","","5.4","","4.5","","94","","","","16","","4","","","","100.83","","","","","","NA"
"-79.80","43.30","BURLINGTON PIERS (AUT)","6151061","2024-03-04 21:00","2024","03","04","21:00","","5.7","","4.6","","93","","","","","","0","","","","100.81","","","","","","NA"
"-79.80","43.30","BURLINGTON PIERS (AUT)","6151061","2024-03-04 22:00","2024","03","04","22:00","","4.7","","4.1","","96","","","","19","","4","","","","100.82","","","","","","NA"
"-79.80","43.30","BURLINGTON PIERS (AUT)","6151061","2024-03-04 23:00","2024","03","04","23:00","","5.4","","4.9","","97","","","","25","","4","","","","100.77","","","","","","NA"
"-79.80","43.30","BURLINGTON PIERS (AUT)","6151061","2024-03-05 00:00","2024","03","05","00:00","","5.2","","4.8","","97","","","","23","","5","","","","100.71","","","","","","NA"
"-79.80","43.30","BURLINGTON PIERS (AUT)","6151061","2024-03-05 01:00","2024","03","05","01:00","","4.3","","3.8","","96","","","","34","","4","","","","100.68","","","","","","NA"
"-79.80","43.30","BURLINGTON PIERS (AUT)","6151061","2024-03-05 02:00","2024","03","05","02:00","","5.7","","5.3","","97","","","","","","0","","","","100.65","","","","","","NA"
"-79.80","43.30","BURLINGTON PIERS (AUT)","6151061","2024-03-05 03:00","2024","03","05","03:00","","4.3","","3.9","","97","","","","3","","3","","","","100.60","","","","","","NA"
"-79.80","43.30","BURLINGTON PIERS (AUT)","6151061","2024-03-05 04:00","2024","03","05","04:00","","6.4","","4.6","","88","","","","1","","6","","","","100.59","","","","","","NA"
"-79.80","43.30","BURLINGTON PIERS (AUT)","6151061","2024-03-05 05:00","2024","03","05","05:00","","8.5","","5.3","","80","","","","","","0","","","","100.61","","","","","","NA"
"-79.80","43.30","BURLINGTON PIERS (AUT)","6151061","2024-03-05 06:00","2024","03","05","06:00","","9.1","","5.4","","78","","","","9","","3","","","","100.62","","","","","","NA"
"-79.80","43.30","BURLINGTON PIERS (AUT)","6151061","2024-03-05 07:00","2024","03","05","07:00","","10.7","","5.8","","72","","","","17","","9","","","","100.61","","","","","","NA"
"-79.80","43.30","BURLINGTON PIERS (AUT)","6151061","2024-03-05 08:00","2024","03","05","08:00","","9.6","","4.6","","71","","","","6","","4","","","","100.58","","","","","","NA"
"-79.80","43.30","BURLINGTON PIERS (AUT)","6151061","2024-03-05 09:00","2024","03","05","09:00","","8.3","","5.4","","82","","","","2","","10","","","","100.58","","","","","","NA"
"-79.80","43.30","BURLINGTON PIERS (AUT)","6151061","2024-03-05 10:00","2024","03","05","10:00","","6.2","","3.8","","85","","","","4","","16","","","","100.49","","","","","","NA"
"-79.80","43.30","BURLINGTON PIERS (AUT)","6151061","2024-03-05 11:00","2024","03","05","11:00","","5.0","","3.6","","91","","","","4","","22","","","","100.43","","","","","","NA"
"-79.80","43.30","BURLINGTON PIERS (AUT)","6151061","2024-03-05 12:00","2024","03","05","12:00","","4.9","","3.7","","92","","","","4","","22","","","","100.38","","","","","","NA"
"-79.80","43.30","BURLINGTON PIERS (AUT)","6151061","2024-03-05 13:00","2024","03","05","13:00","","4.8","","3.7","","92","","","","4","","15","","","","100.34","","","","","","NA"
"-79.80","43.30","BURLINGTON PIERS (AUT)","6151061","2024-03-05 14:00","2024","03","05","14:00","","4.8","","3.8","","93","","","","10","","9","","","","100.28","","","","","","NA"
"-79.80","43.30","BURLINGTON PIERS (AUT)","6151061","2024-03-05 15:00","2024","03","05","15:00","","4.6","","3.8","","94","","","","2","","4","","","","100.22","","","","","","NA"
"-79.80","43.30","BURLINGTON PIERS (AUT)","6151061","2024-03-05 16:00","2024","03","05","16:00","","7.2","","4.9","","86","","","","36","","8","","","","100.26","","","","","","NA"
"-79.80","43.30","BURLINGTON PIERS (AUT)","6151061","2024-03-05 17:00","2024","03","05","17:00","","9.3","","5.9","","79","","","","3","","8","","","","100.27","","","","","","NA"
"-79.80","43.30","BURLINGTON PIERS (AUT)","6151061","2024-03-05 18:00","2024","03","05","18:00","","6.7","","5.4","","91","","","","35","","6","","","","100.29","","","","","","NA"
"-79.80","43.30","BURLINGTON PIERS (AUT)","6151061","2024-03-05 19:00","2024","03","05","19:00","","6.7","","5.4","","91","","","","","","0","","","","100.32","","","","","","NA"
"-79.80","43.30","BURLINGTON PIERS (AUT)","6151061","2024-03-05 20:00","2024","03","05","20:00","","6.2","","4.8","","91","","","","14","","14","","","","100.40","","","","","","NA"
"-79.80","43.30","BURLINGTON PIERS (AUT)","6151061","2024-03-05 21:00","2024","03","05","21:00","","7.1","","5.8","","91","","","","35","","7","","","","100.39","","","","","","NA"
"-79.80","43.30","BURLINGTON PIERS (AUT)","6151061","2024-03-05 22:00","2024","03","05","22:00","","9.8","","8.1","","89","","","","35","","13","","","","100.41","","","","","","NA"
"-79.80","43.30","BURLINGTON PIERS (AUT)","6151061","2024-03-05 23:00","2024","03","05","23:00","","9.5","","8.3","","92","","","","33","","12","","","","100.44","","","","","","NA"
"-79.80","43.30","BURLINGTON PIERS (AUT)","6151061","2024-03-06 00:00","2024","03","06","00:00","","9.3","","7.3","","87","","","","33","","19","","","","100.45","","","","","","NA"
"-79.80","43.30","BURLINGTON PIERS (AUT)","6151061","2024-03-06 01:00","2024","03","06","01:00","","8.8","","6.6","","86","","","","34","","20","","","","100.44","","","","","","NA"
"-79.80","43.30","BURLINGTON PIERS (AUT)","6151061","2024-03-06 02:00","2024","03","06","02:00","","8.1","","5.8","","86","","","","35","","14","","","","100.47","","","","","","NA"
"-79.80","43.30","BURLINGTON PIERS (AUT)","6151061","2024-03-06 03:00","2024","03","06","03:00","","7.5","","5.4","","86","","","","35","","12","","","","100.47","","","","","","NA"
"-79.80","43.30","BURLINGTON PIERS (AUT)","6151061","2024-03-06 04:00","2024","03","06","04:00","","7.4","","5.1","","86","","","","36","","11","","","","100.48","","","","","","NA"
"-79.80","43.30","BURLINGTON PIERS (AUT)","6151061","2024-03-06 05:00","2024","03","06","05:00","","6.9","","4.7","","86","","","","1","","12","","","","100.53","","","","","","NA"
"-79.80","43.30","BURLINGTON PIERS (AUT)","6151061","2024-03-06 06:00","2024","03","06","06:00","","5.7","","4.5","","92","","","","6","","6","","","","100.56","","","","","","NA"
"-79.80","43.30","BURLINGTON PIERS (AUT)","6151061","2024-03-06 07:00","2024","03","06","07:00","","6.1","","5.2","","93","","","","36","","9","","","","100.60","","","","","","NA"
"-79.80","43.30","BURLINGTON PIERS (AUT)","6151061","2024-03-06 08:00","2024","03","06","08:00","","5.7","","5.3","","97","","","","36","","11","","","","100.70","","","","","","NA"
"-79.80","43.30","BURLINGTON PIERS (AUT)","6151061","2024-03-06 09:00","2024","03","06","09:00","","6.0","","5.6","","97","","","","35","","14","","","","100.74","","","","","","NA"
"-79.80","43.30","BURLINGTON PIERS (AUT)","6151061","2024-03-06 10:00","2024","03","06","10:00","","6.3","","5.5","","95","","","","35","","16","","","","100.76","","","","","","NA"
"-79.80","43.30","BURLINGTON PIERS (AUT)","6151061","2024-03-06 11:00","2024","03","06","11:00","","6.4","","5.4","","93","","","","36","","12","","","","100.77","","","","","","NA"
"-79.80","43.30","BURLINGTON PIERS (AUT)","6151061","2024-03-06 12:00","2024","03","06","12:00","","4.7","","4.3","","97","","","","7","","12","","","","100.76","","","","","","NA"
"-79.80","43.30","BURLINGTON PIERS (AUT)","6151061","2024-03-06 13:00","2024","03","06","13:00","","4.9","","4.5","","97","","","","6","","17","","","","100.73","","","","","","NA"
"-79.80","43.30","BURLINGTON PIERS (AUT)","6151061","2024-03-06 14:00","2024","03","06","14:00","","4.5","","4.2","","98","","","","4","","9","","","","100.71","","","","","","NA"
"-79.80","43.30","BURLINGTON PIERS (AUT)","6151061","2024-03-06 15:00","2024","03","06","15:00","","4.3","","4.1","","99","","","","4","","8","","","","100.73","","","","","","NA"
"-79.80","43.30","BURLINGTON PIERS (AUT)","6151061","2024-03-06 16:00","2024","03","06","16:00","","4.4","","4.3","","99","","","","3","","13","","","","100.71","","","","","","NA"
"-79.80","43.30","BURLINGTON PIERS (AUT)","6151061","2024-03-06 17:00","2024","03","06","17:00","","4.4","","4.3","","99","","","","4","","13","","","","100.73","","","","","","NA"
"-79.80","43.30","BURLINGTON PIERS (AUT)","6151061","2024-03-06 18:00","2024","03","06","18:00","","6.6","","3.2","","79","","","","1","","26","","","","100.78","","","","","","NA"
"-79.80","43.30","BURLINGTON PIERS (AUT)","6151061","2024-03-06 19:00","2024","03","06","19:00","","6.0","","3.1","","81","","","","36","","25","","","","100.83","","","","","","NA"
"-79.80","43.30","BURLINGTON PIERS (AUT)","6151061","2024-03-06 20:00","2024","03","06","20:00","","5.5","","2.6","","82","","","","36","","26","","","","100.89","","","","","","NA"
"-79.80","43.30","BURLINGTON PIERS (AUT)","6151061","2024-03-06 21:00","2024","03","06","21:00","","5.0","","2.7","","85","","","","1","","29","","","","100.94","","","","","","NA"
"-79.80","43.30","BURLINGTON PIERS (AUT)","6151061","2024-03-06 22:00","2024","03","06","22:00","","3.9","","3.1","","95","","","","3","","25","","","","100.94","","","","","","NA"
"-79.80","43.30","BURLINGTON PIERS (AUT)","6151061","2024-03-06 23:00","2024","03","06","23:00","","3.6","","2.8","","95","","","","3","","29","","","","100.94","","","","","","NA"
"-79.80","43.30","BURLINGTON PIERS (AUT)","6151061","2024-03-07 00:00","2024","03","07","00:00","","3.8","","2.4","","91","","","","36","","18","","","","100.95","","","","","","NA"
"-79.80","43.30","BURLINGTON PIERS (AUT)","6151061","2024-03-07 01:00","2024","03","07","01:00","","4.5","","0.6","","76","","","","35","","15","","","","100.93","","","","","","NA"
"-79.80","43.30","BURLINGTON PIERS (AUT)","6151061","2024-03-07 02:00","2024","03","07","02:00","","4.7","","-0.4","","70","","","","36","","20","","","","100.95","","","","","","NA"
"-79.80","43.30","BURLINGTON PIERS (AUT)","6151061","2024-03-07 03:00","2024","03","07","03:00","","4.9","","-1.1","","65","","","","36","","21","","","","100.94","","","","","","NA"
"-79.80","43.30","BURLINGTON PIERS (AUT)","6151061","2024-03-07 04:00","2024","03","07","04:00","","4.9","","-1.3","","65","","","","36","","18","","","","100.97","","","","","","NA"
"-79.80","43.30","BURLINGTON PIERS (AUT)","6151061","2024-03-07 05:00","2024","03","07","05:00","","4.5","","-1.8","","64","","","","35","","21","","","","101.01","","","","","","NA"
"-79.80","43.30","BURLINGTON PIERS (AUT)","6151061","2024-03-07 06:00","2024","03","07","06:00","","4.4","","-2.5","","61","","","","36","","17","","","","101.09","","","","","","NA"
"-79.80","43.30","BURLINGTON PIERS (AUT)","6151061","2024-03-07 07:00","2024","03","07","07:00","","3.9","","-3.0","","61","","","","35","","23","","","","101.12","","","","","","NA"
"-79.80","43.30","BURLINGTON PIERS (AUT)","6151061","2024-03-07 08:00","2024","03","07","08:00","","3.4","","-3.3","","62","","","","35","","26","","","","101.20","","","","","","NA"
"-79.80","43.30","BURLINGTON PIERS (AUT)","6151061","2024-03-07 09:00","2024","03","07","09:00","","4.3","","-3.6","","57","","","","36","","23","","","","101.28","","","","","","NA"
"-79.80","43.30","BURLINGTON PIERS (AUT)","6151061","2024-03-07 10:00","2024","03","07","10:00","","4.7","","-2.5","","60","","","","3","","19","","","","101.31","","","","","","NA"
"-79.80","43.30","BURLINGTON PIERS (AUT)","6151061","2024-03-07 11:00","2024","03","07","11:00","","4.6","","-2.2","","61","","","","3","","22","","","","101.32","","","","","","NA"
"-79.80","43.30","BURLINGTON PIERS (AUT)","6151061","2024-03-07 12:00","2024","03","07","12:00","","4.5","","-2.2","","62","","","","3","","24","","","","101.31","","","","","","NA"
"-79.80","43.30","BURLINGTON PIERS (AUT)","6151061","2024-03-07 13:00","2024","03","07","13:00","","4.3","","-1.9","","64","","","","5","","22","","","","101.27","","","","","","NA"
"-79.80","43.30","BURLINGTON PIERS (AUT)","6151061","2024-03-07 14:00","2024","03","07","14:00","","4.2","","-1.4","","67","","","","8","","23","","","","101.19","","","","","","NA"
"-79.80","43.30","BURLINGTON PIERS (AUT)","6151061","2024-03-07 15:00","2024","03","07","15:00","","4.2","","0.5","","77","","","","3","","9","","","","101.22","","","","","","NA"
"-79.80","43.30","BURLINGTON PIERS (AUT)","6151061","2024-03-07 16:00","2024","03","07","16:00","","4.2","","0.3","","76","","","","2","","8","","","","101.23","","","","","","NA"
"-79.80","43.30","BURLINGTON PIERS (AUT)","6151061","2024-03-07 17:00","2024","03","07","17:00","","4.5","","-0.3","","71","","","","2","","10","","","","101.27","","","","","","NA"
"-79.80","43.30","BURLINGTON PIERS (AUT)","6151061","2024-03-07 18:00","2024","03","07","18:00","","4.9","","-0.2","","70","","","","2","","15","","","","101.27","","","","","","NA"
"-79.80","43.30","BURLINGTON PIERS (AUT)","6151061","2024-03-07 19:00","2024","03","07","19:00","","6.0","","-1.2","","60","","","","2","","18","","","","101.25","","","","","","NA"
"-79.80","43.30","BURLINGTON PIERS (AUT)","6151061","2024-03-07 20:00","2024","03","07","20:00","","5.5","","0.8","","72","","","","3","","16","","","","101.29","","","","","","NA"
"-79.80","43.30","BURLINGTON PIERS (AUT)","6151061","2024-03-07 21:00","2024","03","07","21:00","","4.5","","2.0","","84","","","","8","","12","","","","101.34","","","","","","NA"
"-79.80","43.30","BURLINGTON PIERS (AUT)","6151061","2024-03-07 22:00","2024","03","07","22:00","","4.0","","1.6","","84","","","","9","","6","","","","101.39","","","","","","NA"
"-79.80","43.30","BURLINGTON PIERS (AUT)","6151061","2024-03-07 23:00","2024","03","07","23:00","","3.9","","1.5","","84","","","","6","","12","","","","101.36","","","","","","NA"
"-79.80","43.30","BURLINGTON PIERS (AUT)","6151061","2024-03-08 00:00","2024","03","08","00:00","","3.8","","1.9","","87","","","","3","","18","","","","101.36","","","","","","NA"
"-79.80","43.30","BURLINGTON PIERS (AUT)","6151061","2024-03-08 01:00","2024","03","08","01:00","","4.0","","1.5","","84","","","","2","","17","","","","101.38","","","","","","NA"
"-79.80","43.30","BURLINGTON PIERS (AUT)","6151061","2024-03-08 02:00","2024","03","08","02:00","","4.2","","1.2","","81","","","","2","","22","","","","101.36","","","","","","NA"
"-79.80","43.30","BURLINGTON PIERS (AUT)","6151061","2024-03-08 03:00","2024","03","08","03:00","","3.7","","0.9","","82","","","","1","","14","","","","101.32","","","","","","NA"
"-79.80","43.30","BURLINGTON PIERS (AUT)","6151061","2024-03-08 04:00","2024","03","08","04:00","","3.5","","0.4","","80","","","","36","","16","","","","101.28","","","","","","NA"
"-79.80","43.30","BURLINGTON PIERS (AUT)","6151061","2024-03-08 05:00","2024","03","08","05:00","","3.7","","1.9","","88","","","","2","","19","","","","101.32","","","","","","NA"
"-79.80","43.30","BURLINGTON PIERS (AUT)","6151061","2024-03-08 06:00","2024","03","08","06:00","","3.8","","2.3","","90","","","","2","","17","","","","101.33","","","","","","NA"
"-79.80","43.30","BURLINGTON PIERS (AUT)","6151061","2024-03-08 07:00","2024","03","08","07:00","","3.6","","2.6","","93","","","","3","","15","","","","101.33","","","","","","NA"
"-79.80","43.30","BURLINGTON PIERS (AUT)","6151061","2024-03-08 08:00","2024","03","08","08:00","","3.8","","2.7","","93","","","","3","","14","","","","101.35","","","","","","NA"
"-79.80","43.30","BURLINGTON PIERS (AUT)","6151061","2024-03-08 09:00","2024","03","08","09:00","","3.7","","3.1","","95","","","","3","","18","","","","101.34","","","","","","NA"
"-79.80","43.30","BURLINGTON PIERS (AUT)","6151061","2024-03-08 10:00","2024","03","08","10:00","","3.8","","3.1","","95","","","","3","","17","","","","101.29","","","","","","NA"
"-79.80","43.30","BURLINGTON PIERS (AUT)","6151061","2024-03-08 11:00","2024","03","08","11:00","","3.8","","2.4","","91","","","","3","","24","","","","101.24","","","","","","NA"
"-79.80","43.30","BURLINGTON PIERS (AUT)","6151061","2024-03-08 12:00","2024","03","08","12:00","","3.8","","2.8","","93","","","","2","","24","","","","101.22","","","","","","NA"
"-79.80","43.30","BURLINGTON PIERS (AUT)","6151061","2024-03-08 13:00","2024","03","08","13:00","","3.7","","2.7","","93","","","","3","","25","","","","101.13","","","","","","NA"
"-79.80","43.30","BURLINGTON PIERS (AUT)","6151061","2024-03-08 14:00","2024","03","08","14:00","","3.8","","2.4","","91","","","","3","","25","","","","101.04","","","","","","NA"
"-79.80","43.30","BURLINGTON PIERS (AUT)","6151061","2024-03-08 15:00","2024","03","08","15:00","","3.8","","2.3","","90","","","","3","","23","","","","100.96","","","","","","NA"
"-79.80","43.30","BURLINGTON PIERS (AUT)","6151061","2024-03-08 16:00","2024","03","08","16:00","","3.8","","2.0","","88","","","","3","","23","","","","100.86","","","","","","NA"
"-79.80","43.30","BURLINGTON PIERS (AUT)","6151061","2024-03-08 17:00","2024","03","08","17:00","","4.3","","1.9","","84","","","","2","","22","","","","100.81","","","","","","NA"
"-79.80","43.30","BURLINGTON PIERS (AUT)","6151061","2024-03-08 18:00","2024","03","08","18:00","","5.0","","1.6","","79","","","","1","","22","","","","100.75","","","","","","NA"
"-79.80","43.30","BURLINGTON PIERS (AUT)","6151061","2024-03-08 19:00","2024","03","08","19:00","","5.3","","1.3","","75","","","","1","","17","","","","100.66","","","","","","NA"
"-79.80","43.30","BURLINGTON PIERS (AUT)","6151061","2024-03-08 20:00","2024","03","08","20:00","","5.6","","1.1","","73","","","","2","","17","","","","100.59","","","","","","NA"
"-79.80","43.30","BURLINGTON PIERS (AUT)","6151061","2024-03-08 21:00","2024","03","08","21:00","","5.5","","1.6","","76","","","","2","","15","","","","100.50","","","","","","NA"
"-79.80","43.30","BURLINGTON PIERS (AUT)","6151061","2024-03-08 22:00","2024","03","08","22:00","","5.6","","2.0","","78","","","","3","","11","","","","100.45","","","","","","NA"
"-79.80","43.30","BURLINGTON PIERS (AUT)","6151061","2024-03-08 23:00","2024","03","08","23:00","","5.6","","2.7","","82","","","","4","","11","","","","100.37","","","","","","NA"
"-79.80","43.30","BURLINGTON PIERS (AUT)","6151061","2024-03-09 00:00","2024","03","09","00:00","","5.5","","3.4","","86","","","","36","","4","","","","100.28","","","","","","NA"
"-79.80","43.30","BURLINGTON PIERS (AUT)","6151061","2024-03-09 01:00","2024","03","09","01:00","","4.9","","3.8","","92","","","","5","","7","","","","100.17","","","","","","NA"
"-79.80","43.30","BURLINGTON PIERS (AUT)","6151061","2024-03-09 02:00","2024","03","09","02:00","","4.3","","3.5","","94","","","","3","","12","","","","100.08","","","","","","NA"
"-79.80","43.30","BURLINGTON PIERS (AUT)","6151061","2024-03-09 03:00","2024","03","09","03:00","","4.4","","3.5","","94","","","","2","","8","","","","99.95","","","","","","NA"
"-79.80","43.30","BURLINGTON PIERS (AUT)","6151061","2024-03-09 04:00","2024","03","09","04:00","","5.3","","4.3","","93","","","","3","","9","","","","99.84","","","","","","NA"
"-79.80","43.30","BURLINGTON PIERS (AUT)","6151061","2024-03-09 05:00","2024","03","09","05:00","","9.4","","7.4","","88","","","","15","","34","","","","99.69","","","","","","NA"
"-79.80","43.30","BURLINGTON PIERS (AUT)","6151061","2024-03-09 06:00","2024","03","09","06:00","","9.3","","7.1","","86","","","","15","","36","","","","99.56","","","","","","NA"
"-79.80","43.30","BURLINGTON PIERS (AUT)","6151061","2024-03-09 07:00","2024","03","09","07:00","","9.3","","6.9","","84","","","","16","","34","","","","99.46","","","","","","NA"
"-79.80","43.30","BURLINGTON PIERS (AUT)","6151061","2024-03-09 08:00","2024","03","09","08:00","","9.3","","6.9","","85","","","","16","","33","","","","99.40","","","","","","NA"
"-79.80","43.30","BURLINGTON PIERS (AUT)","6151061","2024-03-09 09:00","2024","03","09","09:00","","9.1","","6.9","","86","","","","16","","32","","","","99.35","","","","","","NA"
"-79.80","43.30","BURLINGTON PIERS (AUT)","6151061","2024-03-09 10:00","2024","03","09","10:00","","10.2","","7.0","","81","","","","17","","36","","","","99.27","","","","","","NA"
"-79.80","43.30","BURLINGTON PIERS (AUT)","6151061","2024-03-09 11:00","2024","03","09","11:00","","10.4","","7.2","","81","","","","17","","41","","","","99.20","","","","","","NA"
"-79.80","43.30","BURLINGTON PIERS (AUT)","6151061","2024-03-09 12:00","2024","03","09","12:00","","10.0","","7.8","","86","","","","18","","28","","","","99.24","","","","","","NA"
"-79.80","43.30","BURLINGTON PIERS (AUT)","6151061","2024-03-09 13:00","2024","03","09","13:00","","9.9","","8.1","","88","","","","17","","28","","","","99.18","","","","","","NA"
"-79.80","43.30","BURLINGTON PIERS (AUT)","6151061","2024-03-09 14:00","2024","03","09","14:00","","8.1","","5.9","","86","","","","25","","14","","","","99.21","","","","","","NA"
"-79.80","43.30","BURLINGTON PIERS (AUT)","6151061","2024-03-09 15:00","2024","03","09","15:00","","7.6","","4.5","","81","","","","26","","14","","","","99.22","","","","","","NA"
"-79.80","43.30","BURLINGTON PIERS (AUT)","6151061","2024-03-09 16:00","2024","03","09","16:00","","7.3","","2.9","","74","","","","25","","16","","","","99.27","","","","","","NA"
"-79.80","43.30","BURLINGTON PIERS (AUT)","6151061","2024-03-09 17:00","2024","03","09","17:00","","6.8","","2.6","","75","","","","24","","12","","","","99.33","","","","","","NA"
"-79.80","43.30","BURLINGTON PIERS (AUT)","6151061","2024-03-09 18:00","2024","03","09","18:00","","6.3","","2.3","","76","","","","29","","18","","","","99.41","","","","","","NA"
"-79.80","43.30","BURLINGTON PIERS (AUT)","6151061","2024-03-09 19:00","2024","03","09","19:00","","5.7","","2.2","","78","","","","28","","9","","","","99.45","","","","","","NA"
"-79.80","43.30","BURLINGTON PIERS (AUT)","6151061","2024-03-09 20:00","2024","03","09","20:00","","5.6","","1.9","","77","","","","25","","7","","","","99.45","","","","","","NA"
"-79.80","43.30","BURLINGTON PIERS (AUT)","6151061","2024-03-09 21:00","2024","03","09","21:00","","5.3","","2.1","","80","","","","23","","4","","","","99.44","","","","","","NA"
"-79.80","43.30","BURLINGTON PIERS (AUT)","6151061","2024-03-09 22:00","2024","03","09","22:00","","5.1","","2.4","","83","","","","22","","7","","","","99.39","","","","","","NA"
"-79.80","43.30","BURLINGTON PIERS (AUT)","6151061","2024-03-09 23:00","2024","03","09","23:00","","5.0","","2.2","","82","","","","25","","6","","","","99.35","","","","","","NA"
"-79.80","43.30","BURLINGTON PIERS (AUT)","6151061","2024-03-10 00:00","2024","03","10","00:00","","5.0","","2.1","","82","","","","23","","6","","","","99.31","","","","","","NA"
"-79.80","43.30","BURLINGTON PIERS (AUT)","6151061","2024-03-10 01:00","2024","03","10","01:00","","4.1","","1.7","","85","","","","24","","10","","","","99.30","","","","","","NA"
"-79.80","43.30","BURLINGTON PIERS (AUT)","6151061","2024-03-10 02:00","2024","03","10","02:00","","4.1","","2.0","","86","","","","23","","8","","","","99.28","","","","","","NA"
"-79.80","43.30","BURLINGTON PIERS (AUT)","6151061","2024-03-10 03:00","2024","03","10","03:00","","3.8","","1.7","","86","","","","24","","11","","","","99.22","","","","","","NA"
"-79.80","43.30","BURLINGTON PIERS (AUT)","6151061","2024-03-10 04:00","2024","03","10","04:00","","3.7","","0.3","","78","","","","26","","9","","","","99.20","","","","","","NA"
"-79.80","43.30","BURLINGTON PIERS (AUT)","6151061","2024-03-10 05:00","2024","03","10","05:00","","3.3","","0.4","","81","","","","25","","14","","","","99.17","","","","","","NA"
"-79.80","43.30","BURLINGTON PIERS (AUT)","6151061","2024-03-10 06:00","2024","03","10","06:00","","3.0","","-0.3","","79","","","","25","","14","","","","99.15","","","","","","NA"
"-79.80","43.30","BURLINGTON PIERS (AUT)","6151061","2024-03-10 07:00","2024","03","10","07:00","","2.0","","-0.5","","84","","","","25","","14","","","","99.16","","","","","","NA"
"-79.80","43.30","BURLINGTON PIERS (AUT)","6151061","2024-03-10 08:00","2024","03","10","08:00","","1.8","","-0.4","","85","","","","25","","12","","","","99.19","","","","","","NA"
"-79.80","43.30","BURLINGTON PIERS (AUT)","6151061","2024-03-10 09:00","2024","03","10","09:00","","1.4","","-1.7","","80","","","","28","","18","","","","99.22","","","","","","NA"
"-79.80","43.30","BURLINGTON PIERS (AUT)","6151061","2024-03-10 10:00","2024","03","10","10:00","","0.8","","-3.9","","71","","","","29","","25","","","","99.26","","","","","","NA"
"-79.80","43.30","BURLINGTON PIERS (AUT)","6151061","2024-03-10 11:00","2024","03","10","11:00","","0.4","","-5.8","","63","","","","29","","27","","","","99.31","","","","","","NA"
"-79.80","43.30","BURLINGTON PIERS (AUT)","6151061","2024-03-10 12:00","2024","03","10","12:00","","0.5","","-6.5","","59","","","","29","","28","","","","99.36","","","","","","NA"
"-79.80","43.30","BURLINGTON PIERS (AUT)","6151061","2024-03-10 13:00","2024","03","10","13:00","","-0.3","","-6.7","","62","","","","29","","32","","","","99.38","","","","-7","","NA"
"-79.80","43.30","BURLINGTON PIERS (AUT)","6151061","2024-03-10 14:00","2024","03","10","14:00","","0.0","","-7.2","","58","","","","29","","28","","","","99.35","","","","-6","","NA"
"-79.80","43.30","BURLINGTON PIERS (AUT)","6151061","2024-03-10 15:00","2024","03","10","15:00","","0.0","","-7.2","","59","","","","29","","29","","","","99.42","","","","-6","","NA"
"-79.80","43.30","BURLINGTON PIERS (AUT)","6151061","2024-03-10 16:00","2024","03","10","16:00","","-0.4","","-6.9","","62","","","","29","","29","","","","99.51","","","","-7","","NA"
"-79.80","43.30","BURLINGTON PIERS (AUT)","6151061","2024-03-10 17:00","2024","03","10","17:00","","-0.6","","-7.3","","60","","","","30","","36","","","","99.62","","","","-8","","NA"
"-79.80","43.30","BURLINGTON PIERS (AUT)","6151061","2024-03-10 18:00","2024","03","10","18:00","","-0.2","","-5.9","","65","","","","29","","27","","","","99.72","","","","-6","","NA"
"-79.80","43.30","BURLINGTON PIERS (AUT)","6151061","2024-03-10 19:00","2024","03","10","19:00","","0.6","","-4.6","","68","","","","29","","24","","","","99.81","","","","","","NA"
"-79.80","43.30","BURLINGTON PIERS (AUT)","6151061","2024-03-10 20:00","2024","03","10","20:00","","0.9","","-4.0","","70","","","","28","","26","","","","99.88","","","","","","NA"
"-79.80","43.30","BURLINGTON PIERS (AUT)","6151061","2024-03-10 21:00","2024","03","10","21:00","","1.4","","-4.8","","63","","","","30","","29","","","","99.97","","","","","","NA"
"-79.80","43.30","BURLINGTON PIERS (AUT)","6151061","2024-03-10 22:00","2024","03","10","22:00","","1.8","","-5.1","","60","","","","29","","25","","","","100.05","","","","","","NA"
"-79.80","43.30","BURLINGTON PIERS (AUT)","6151061","2024-03-10 23:00","2024","03","10","23:00","","2.3","","-5.0","","59","","","","28","","16","","","","100.10","","","","","","NA"
"-79.80","43.30","BURLINGTON PIERS (AUT)","6151061","2024-03-11 00:00","2024","03","11","00:00","","2.3","","-6.6","","52","","","","30","","27","","","","100.16","","","","","","NA"
"-79.80","43.30","BURLINGTON PIERS (AUT)","6151061","2024-03-11 01:00","2024","03","11","01:00","","2.1","","-6.6","","52","","","","30","","26","","","","100.21","","","","","","NA"
"-79.80","43.30","BURLINGTON PIERS (AUT)","6151061","2024-03-11 02:00","2024","03","11","02:00","","1.9","","-6.4","","54","","","","29","","21","","","","100.24","","","","","","NA"
"-79.80","43.30","BURLINGTON PIERS (AUT)","6151061","2024-03-11 03:00","2024","03","11","03:00","","1.7","","-5.3","","60","","","","28","","15","","","","100.25","","","","","","NA"
"-79.80","43.30","BURLINGTON PIERS (AUT)","6151061","2024-03-11 04:00","2024","03","11","04:00","","1.6","","-6.0","","57","","","","29","","16","","","","100.35","","","","","","NA"
"-79.80","43.30","BURLINGTON PIERS (AUT)","6151061","2024-03-11 05:00","2024","03","11","05:00","","1.3","","-6.9","","54","","","","29","","15","","","","100.46","","","","","","NA"
"-79.80","43.30","BURLINGTON PIERS (AUT)","6151061","2024-03-11 06:00","2024","03","11","06:00","","1.1","","-6.9","","55","","","","28","","10","","","","100.54","","","","","","NA"
"-79.80","43.30","BURLINGTON PIERS (AUT)","6151061","2024-03-11 07:00","2024","03","11","07:00","","1.0","","-6.1","","59","","","","24","","15","","","","100.63","","","","","","NA"
"-79.80","43.30","BURLINGTON PIERS (AUT)","6151061","2024-03-11 08:00","2024","03","11","08:00","","1.5","","-5.3","","61","","","","25","","15","","","","100.70","","","","","","NA"
"-79.80","43.30","BURLINGTON PIERS (AUT)","6151061","2024-03-11 09:00","2024","03","11","09:00","","2.4","","-5.7","","55","","","","27","","17","","","","100.75","","","","","","NA"
"-79.80","43.30","BURLINGTON PIERS (AUT)","6151061","2024-03-11 10:00","2024","03","11","10:00","","3.2","","-6.9","","47","","","","28","","27","","","","100.76","","","","","","NA"
"-79.80","43.30","BURLINGTON PIERS (AUT)","6151061","2024-03-11 11:00","2024","03","11","11:00","","4.0","","-7.2","","44","","","","29","","21","","","","100.73","","","","","","NA"
"-79.80","43.30","BURLINGTON PIERS (AUT)","6151061","2024-03-11 12:00","2024","03","11","12:00","","4.8","","-4.9","","49","","","","26","","18","","","","100.70","","","","","","NA"
"-79.80","43.30","BURLINGTON PIERS (AUT)","6151061","2024-03-11 13:00","2024","03","11","13:00","","5.8","","-3.6","","51","","","","26","","16","","","","100.67","","","","","","NA"
"-79.80","43.30","BURLINGTON PIERS (AUT)","6151061","2024-03-11 14:00","2024","03","11","14:00","","6.5","","-6.9","","38","","","","25","","20","","","","100.57","","","","","","NA"
"-79.80","43.30","BURLINGTON PIERS (AUT)","6151061","2024-03-11 15:00","2024","03","11","15:00","","7.4","","-6.6","","36","","","","26","","17","","","","100.51","","","","","","NA"
"-79.80","43.30","BURLINGTON PIERS (AUT)","6151061","2024-03-11 16:00","2024","03","11","16:00","","7.4","","-2.1","","51","","","","25","","17","","","","100.50","","","","","","NA"
"-79.80","43.30","BURLINGTON PIERS (AUT)","6151061","2024-03-11 17:00","2024","03","11","17:00","","8.0","","-3.6","","44","","","","24","","18","","","","100.45","","","","","","NA"
"-79.80","43.30","BURLINGTON PIERS (AUT)","6151061","2024-03-11 18:00","2024","03","11","18:00","","8.0","","-3.5","","44","","","","24","","10","","","","100.36","","","","","","NA"
"-79.80","43.30","BURLINGTON PIERS (AUT)","6151061","2024-03-11 19:00","2024","03","11","19:00","","7.1","","-1.5","","54","","","","20","","15","","","","100.35","","","","","","NA"
"-79.80","43.30","BURLINGTON PIERS (AUT)","6151061","2024-03-11 20:00","2024","03","11","20:00","","6.5","","-1.8","","55","","","","21","","7","","","","100.34","","","","","","NA"
"-79.80","43.30","BURLINGTON PIERS (AUT)","6151061","2024-03-11 21:00","2024","03","11","21:00","","5.7","","-1.7","","59","","","","24","","6","","","","100.32","","","","","","NA"
"-79.80","43.30","BURLINGTON PIERS (AUT)","6151061","2024-03-11 22:00","2024","03","11","22:00","","5.1","","-1.1","","64","","","","23","","4","","","","100.25","","","","","","NA"
"-79.80","43.30","BURLINGTON PIERS (AUT)","6151061","2024-03-11 23:00","2024","03","11","23:00","","5.2","","-1.0","","64","","","","","","0","","","","100.17","","","","","","NA"
"-79.80","43.30","BURLINGTON PIERS (AUT)","6151061","2024-03-12 00:00","2024","03","12","00:00","","5.6","","-0.3","","66","","","","24","","7","","","","100.11","","","","","","NA"
"-79.80","43.30","BURLINGTON PIERS (AUT)","6151061","2024-03-12 01:00","2024","03","12","01:00","","5.9","","0.5","","68","","","","24","","8","","","","100.05","","","","","","NA"
"-79.80","43.30","BURLINGTON PIERS (AUT)","6151061","2024-03-12 02:00","2024","03","12","02:00","","5.7","","1.1","","72","","","","22","","3","","","","100.00","","","","","","NA"
"-79.80","43.30","BURLINGTON PIERS (AUT)","6151061","2024-03-12 03:00","2024","03","12","03:00","","5.5","","1.1","","73","","","","26","","5","","","","99.98","","","","","","NA"
"-79.80","43.30","BURLINGTON PIERS (AUT)","6151061","2024-03-12 04:00","2024","03","12","04:00","","5.1","","1.1","","75","","","","23","","15","","","","100.02","","","","","","NA"
"-79.80","43.30","BURLINGTON PIERS (AUT)","6151061","2024-03-12 05:00","2024","03","12","05:00","","5.0","","0.9","","75","","","","24","","13","","","","100.05","","","","","","NA"
"-79.80","43.30","BURLINGTON PIERS (AUT)","6151061","2024-03-12 06:00","2024","03","12","06:00","","4.6","","0.7","","76","","","","26","","10","","","","100.12","","","","","","NA"
"-79.80","43.30","BURLINGTON PIERS (AUT)","6151061","2024-03-12 07:00","2024","03","12","07:00","","4.8","","0.9","","76","","","","23","","11","","","","100.18","","","","","","NA"
"-79.80","43.30","BURLINGTON PIERS (AUT)","6151061","2024-03-12 08:00","2024","03","12","08:00","","5.2","","1.0","","74","","","","23","","11","","","","100.24","","","","","","NA"
"-79.80","43.30","BURLINGTON PIERS (AUT)","6151061","2024-03-12 09:00","2024","03","12","09:00","","6.3","","1.2","","70","","","","24","","13","","","","100.26","","","","","","NA"
"-79.80","43.30","BURLINGTON PIERS (AUT)","6151061","2024-03-12 10:00","2024","03","12","10:00","","7.8","","1.5","","65","","","","22","","10","","","","100.27","","","","","","NA"
"-79.80","43.30","BURLINGTON PIERS (AUT)","6151061","2024-03-12 11:00","2024","03","12","11:00","","9.7","","2.6","","61","","","","22","","8","","","","100.24","","","","","","NA"
"-79.80","43.30","BURLINGTON PIERS (AUT)","6151061","2024-03-12 12:00","2024","03","12","12:00","","12.0","","3.9","","58","","","","23","","11","","","","100.22","","","","","","NA"
"-79.80","43.30","BURLINGTON PIERS (AUT)","6151061","2024-03-12 13:00","2024","03","12","13:00","","13.8","","0.5","","40","","","","21","","7","","","","100.14","","","","","","NA"
"-79.80","43.30","BURLINGTON PIERS (AUT)","6151061","2024-03-12 14:00","2024","03","12","14:00","","6.6","","2.0","","72","","","","10","","14","","","","100.05","","","","","","NA"
"-79.80","43.30","BURLINGTON PIERS (AUT)","6151061","2024-03-12 15:00","2024","03","12","15:00","","6.8","","2.1","","72","","","","8","","20","","","","100.00","","","","","","NA"
"-79.80","43.30","BURLINGTON PIERS (AUT)","6151061","2024-03-12 16:00","2024","03","12","16:00","","12.9","","2.8","","50","","","","20","","8","","","","99.93","","","","","","NA"
"-79.80","43.30","BURLINGTON PIERS (AUT)","6151061","2024-03-12 17:00","2024","03","12","17:00","","15.6","","4.4","","47","","","","18","","11","","","","99.89","","","","","","NA"
"-79.80","43.30","BURLINGTON PIERS (AUT)","6151061","2024-03-12 18:00","2024","03","12","18:00","","14.1","","4.4","","52","","","","17","","12","","","","99.90","","","","","","NA"
"-79.80","43.30","BURLINGTON PIERS (AUT)","6151061","2024-03-12 19:00","2024","03","12","19:00","","13.6","","3.9","","52","","","","22","","9","","","","99.93","","","","","","NA"
"-79.80","43.30","BURLINGTON PIERS (AUT)","6151061","2024-03-12 20:00","2024","03","12","20:00","","12.4","","5.4","","62","","","","22","","10","","","","99.94","","","","","","NA"
"-79.80","43.30","BURLINGTON PIERS (AUT)","6151061","2024-03-12 21:00","2024","03","12","21:00","","10.9","","6.0","","72","","","","","","0","","","","99.92","","","","","","NA"
"-79.80","43.30","BURLINGTON PIERS (AUT)","6151061","2024-03-12 22:00","2024","03","12","22:00","","5.8","","5.0","","94","","","","3","","3","","","","99.89","","","","","","NA"
"-79.80","43.30","BURLINGTON PIERS (AUT)","6151061","2024-03-12 23:00","2024","03","12","23:00","","5.5","","5.4","","99","","","","3","","3","","","","99.88","","","","","","NA"
"-79.80","43.30","BURLINGTON PIERS (AUT)","6151061","2024-03-13 00:00","2024","03","13","00:00","","9.1","","5.7","","79","","","","","","0","","","","99.86","","","","","","NA"
"-79.80","43.30","BURLINGTON PIERS (AUT)","6151061","2024-03-13 01:00","2024","03","13","01:00","","10.8","","6.9","","76","","","","","","0","","","","99.82","","","","","","NA"
"-79.80","43.30","BURLINGTON PIERS (AUT)","6151061","2024-03-13 02:00","2024","03","13","02:00","","12.2","","4.8","","60","","","","24","","3","","","","99.82","","","","","","NA"
"-79.80","43.30","BURLINGTON PIERS (AUT)","6151061","2024-03-13 03:00","2024","03","13","03:00","","12.4","","6.6","","68","","","","24","","5","","","","99.78","","","","","","NA"
"-79.80","43.30","BURLINGTON PIERS (AUT)","6151061","2024-03-13 04:00","2024","03","13","04:00","","11.8","","6.6","","71","","","","23","","6","","","","99.78","","","","","","NA"
"-79.80","43.30","BURLINGTON PIERS (AUT)","6151061","2024-03-13 05:00","2024","03","13","05:00","","11.0","","6.8","","75","","","","23","","8","","","","99.80","","","","","","NA"
"-79.80","43.30","BURLINGTON PIERS (AUT)","6151061","2024-03-13 06:00","2024","03","13","06:00","","9.9","","6.7","","80","","","","23","","10","","","","99.84","","","","","","NA"
"-79.80","43.30","BURLINGTON PIERS (AUT)","6151061","2024-03-13 07:00","2024","03","13","07:00","","9.9","","6.5","","80","","","","24","","10","","","","99.86","","","","","","NA"
"-79.80","43.30","BURLINGTON PIERS (AUT)","6151061","2024-03-13 08:00","2024","03","13","08:00","","10.0","","6.7","","80","","","","23","","12","","","","99.90","","","","","","NA"
"-79.80","43.30","BURLINGTON PIERS (AUT)","6151061","2024-03-13 09:00","2024","03","13","09:00","","11.4","","6.4","","72","","","","23","","13","","","","99.93","","","","","","NA"
"-79.80","43.30","BURLINGTON PIERS (AUT)","6151061","2024-03-13 10:00","2024","03","13","10:00","","12.7","","7.6","","71","","","","22","","14","","","","99.98","","","","","","NA"
"-79.80","43.30","BURLINGTON PIERS (AUT)","6151061","2024-03-13 11:00","2024","03","13","11:00","","14.5","","6.3","","58","","","","22","","11","","","","100.00","","","","","","NA"
"-79.80","43.30","BURLINGTON PIERS (AUT)","6151061","2024-03-13 12:00","2024","03","13","12:00","","15.7","","5.7","","51","","","","22","","15","","","","99.98","","","","","","NA"
"-79.80","43.30","BURLINGTON PIERS (AUT)","6151061","2024-03-13 13:00","2024","03","13","13:00","","18.3","","4.1","","39","","","","23","","15","","","","99.95","","","","","","NA"
"-79.80","43.30","BURLINGTON PIERS (AUT)","6151061","2024-03-13 14:00","2024","03","13","14:00","","18.6","","4.7","","40","","","","24","","13","","","","99.95","","","","","","NA"
"-79.80","43.30","BURLINGTON PIERS (AUT)","6151061","2024-03-13 15:00","2024","03","13","15:00","","19.4","","7.6","","46","","","","28","","16","","","","99.99","","","","","","NA"
"-79.80","43.30","BURLINGTON PIERS (AUT)","6151061","2024-03-13 16:00","2024","03","13","16:00","","19.3","","6.3","","43","","","","28","","14","","","","100.05","","","","","","NA"
"-79.80","43.30","BURLINGTON PIERS (AUT)","6151061","2024-03-13 17:00","2024","03","13","17:00","","18.7","","-0.5","","27","","","","29","","17","","","","100.12","","","","","","NA"
"-79.80","43.30","BURLINGTON PIERS (AUT)","6151061","2024-03-13 18:00","2024","03","13","18:00","","17.7","","-2.0","","26","","","","29","","17","","","","100.23","","","","","","NA"
"-79.80","43.30","BURLINGTON PIERS (AUT)","6151061","2024-03-13 19:00","2024","03","13","19:00","","16.0","","-0.3","","33","","","","29","","12","","","","100.35","","","","","","NA"
"-79.80","43.30","BURLINGTON PIERS (AUT)","6151061","2024-03-13 20:00","2024","03","13","20:00","","14.5","","1.3","","41","","","","29","","12","","","","100.41","","","","","","NA"
"-79.80","43.30","BURLINGTON PIERS (AUT)","6151061","2024-03-13 21:00","2024","03","13","21:00","","13.5","","2.2","","46","","","","30","","10","","","","100.46","","","","","","NA"
"-79.80","43.30","BURLINGTON PIERS (AUT)","6151061","2024-03-13 22:00","2024","03","13","22:00","","12.5","","1.8","","48","","","","27","","6","","","","100.52","","","","","","NA"
"-79.80","43.30","BURLINGTON PIERS (AUT)","6151061","2024-03-13 23:00","2024","03","13","23:00","","10.9","","1.9","","54","","","","25","","6","","","","100.57","","","","","","NA"
"-79.80","43.30","BURLINGTON PIERS (AUT)","6151061","2024-03-14 00:00","2024","03","14","00:00","","8.4","","2.5","","67","","","","20","","3","","","","100.60","","","","","","NA"
"-79.80","43.30","BURLINGTON PIERS (AUT)","6151061","2024-03-14 01:00","2024","03","14","01:00","","8.1","","2.4","","67","","","","","","0","","","","100.63","","","","","","NA"
"-79.80","43.30","BURLINGTON PIERS (AUT)","6151061","2024-03-14 02:00","2024","03","14","02:00","","7.3","","1.9","","69","","","","24","","7","","","","100.70","","","","","","NA"
"-79.80","43.30","BURLINGTON PIERS (AUT)","6151061","2024-03-14 03:00","2024","03","14","03:00","","5.7","","1.1","","72","","","","","","0","","","","100.67","","","","","","NA"
"-79.80","43.30","BURLINGTON PIERS (AUT)","6151061","2024-03-14 04:00","2024","03","14","04:00","","5.2","","2.5","","83","","","","22","","3","","","","100.67","","","","","","NA"
"-79.80","43.30","BURLINGTON PIERS (AUT)","6151061","2024-03-14 05:00","2024","03","14","05:00","","4.7","","2.9","","88","","","","","","0","","","","100.72","","","","","","NA"
"-79.80","43.30","BURLINGTON PIERS (AUT)","6151061","2024-03-14 06:00","2024","03","14","06:00","","4.6","","2.7","","87","","","","","","0","","","","100.77","","","","","","NA"
"-79.80","43.30","BURLINGTON PIERS (AUT)","6151061","2024-03-14 07:00","2024","03","14","07:00","","4.7","","3.7","","93","","","","24","","3","","","","100.82","","","","","","NA"
"-79.80","43.30","BURLINGTON PIERS (AUT)","6151061","2024-03-14 08:00","2024","03","14","08:00","","5.4","","3.7","","89","","","","","","0","","","","100.86","","","","","","NA"
"-79.80","43.30","BURLINGTON PIERS (AUT)","6151061","2024-03-14 09:00","2024","03","14","09:00","","6.8","","1.8","","70","","","","","","0","","","","100.88","","","","","","NA"
"-79.80","43.30","BURLINGTON PIERS (AUT)","6151061","2024-03-14 10:00","2024","03","14","10:00","","5.7","","0.6","","70","","","","6","","8","","","","100.82","","","","","","NA"
"-79.80","43.30","BURLINGTON PIERS (AUT)","6151061","2024-03-14 11:00","2024","03","14","11:00","","5.7","","1.9","","76","","","","5","","13","","","","100.77","","","","","","NA"
"-79.80","43.30","BURLINGTON PIERS (AUT)","6151061","2024-03-14 12:00","2024","03","14","12:00","","5.2","","2.8","","85","","","","5","","10","","","","100.72","","","","","","NA"
"-79.80","43.30","BURLINGTON PIERS (AUT)","6151061","2024-03-14 13:00","2024","03","14","13:00","","5.4","","2.8","","83","","","","6","","19","","","","100.66","","","","","","NA"
"-79.80","43.30","BURLINGTON PIERS (AUT)","6151061","2024-03-14 14:00","2024","03","14","14:00","","4.4","","3.0","","91","","","","8","","12","","","","100.52","","","","","","NA"
"-79.80","43.30","BURLINGTON PIERS (AUT)","6151061","2024-03-14 15:00","2024","03","14","15:00","","4.6","","3.3","","91","","","","1","","6","","","","100.55","","","","","","NA"
"-79.80","43.30","BURLINGTON PIERS (AUT)","6151061","2024-03-14 16:00","2024","03","14","16:00","","4.5","","4.1","","97","","","","2","","13","","","","100.46","","","","","","NA"
"-79.80","43.30","BURLINGTON PIERS (AUT)","6151061","2024-03-14 17:00","2024","03","14","17:00","","4.7","","","M","","M","","","4","","19","","","","100.39","","","","","","NA"
"-79.80","43.30","BURLINGTON PIERS (AUT)","6151061","2024-03-14 18:00","2024","03","14","18:00","","4.2","","","M","","M","","","4","","14","","","","100.28","","","","","","NA"
"-79.80","43.30","BURLINGTON PIERS (AUT)","6151061","2024-03-14 19:00","2024","03","14","19:00","","4.4","","","M","","M","","","4","","21","","","","100.13","","","","","","NA"
"-79.80","43.30","BURLINGTON PIERS (AUT)","6151061","2024-03-14 20:00","2024","03","14","20:00","","4.7","","","M","","M","","","3","","28","","","","100.13","","","","","","NA"
"-79.80","43.30","BURLINGTON PIERS (AUT)","6151061","2024-03-14 21:00","2024","03","14","21:00","","6.1","","","M","","M","","","36","","26","","","","100.20","","","","","","NA"
"-79.80","43.30","BURLINGTON PIERS (AUT)","6151061","2024-03-14 22:00","2024","03","14","22:00","","5.8","","","M","","M","","","2","","31","","","","100.16","","","","","","NA"
"-79.80","43.30","BURLINGTON PIERS (AUT)","6151061","2024-03-14 23:00","2024","03","14","23:00","","6.3","","","M","","M","","","2","","28","","","","100.14","","","","","","NA"
"-79.80","43.30","BURLINGTON PIERS (AUT)","6151061","2024-03-15 00:00","2024","03","15","00:00","","5.6","","","M","","M","","","2","","28","","","","100.08","","","","","","NA"
"-79.80","43.30","BURLINGTON PIERS (AUT)","6151061","2024-03-15 01:00","2024","03","15","01:00","","5.9","","","M","","M","","","2","","27","","","","99.98","","","","","","NA"
"-79.80","43.30","BURLINGTON PIERS (AUT)","6151061","2024-03-15 02:00","2024","03","15","02:00","","6.6","","6.6","","100","","","","1","","27","","","","100.03","","","","","","NA"
"-79.80","43.30","BURLINGTON PIERS (AUT)","6151061","2024-03-15 03:00","2024","03","15","03:00","","6.5","","","M","","M","","","35","","17","","","","100.05","","","","","","NA"
"-79.80","43.30","BURLINGTON PIERS (AUT)","6151061","2024-03-15 04:00","2024","03","15","04:00","","6.0","","","M","","M","","","34","","26","","","","100.13","","","","","","NA"
"-79.80","43.30","BURLINGTON PIERS (AUT)","6151061","2024-03-15 05:00","2024","03","15","05:00","","5.7","","5.6","","99","","","","35","","25","","","","100.26","","","","","","NA"
"-79.80","43.30","BURLINGTON PIERS (AUT)","6151061","2024-03-15 06:00","2024","03","15","06:00","","5.8","","5.6","","99","","","","34","","15","","","","100.33","","","","","","NA"
"-79.80","43.30","BURLINGTON PIERS (AUT)","6151061","2024-03-15 07:00","2024","03","15","07:00","","6.0","","5.8","","99","","","","34","","12","","","","100.42","","","","","","NA"
"-79.80","43.30","BURLINGTON PIERS (AUT)","6151061","2024-03-15 08:00","2024","03","15","08:00","","6.2","","6.0","","99","","","","34","","7","","","","100.49","","","","","","NA"
"-79.80","43.30","BURLINGTON PIERS (AUT)","6151061","2024-03-15 09:00","2024","03","15","09:00","","6.9","","5.0","","88","","","","35","","12","","","","100.50","","","","","","NA"
"-79.80","43.30","BURLINGTON PIERS (AUT)","6151061","2024-03-15 10:00","2024","03","15","10:00","","7.3","","5.3","","87","","","","35","","13","","","","100.55","","","","","","NA"
"-79.80","43.30","BURLINGTON PIERS (AUT)","6151061","2024-03-15 11:00","2024","03","15","11:00","","8.0","","3.9","","75","","","","32","","12","","","","100.57","","","","","","NA"
"-79.80","43.30","BURLINGTON PIERS (AUT)","6151061","2024-03-15 12:00","2024","03","15","12:00","","8.3","","4.8","","79","","","","9","","5","","","","100.49","","","","","","NA"
"-79.80","43.30","BURLINGTON PIERS (AUT)","6151061","2024-03-15 13:00","2024","03","15","13:00","","8.0","","5.3","","83","","","","14","","12","","","","100.42","","","","","","NA"
"-79.80","43.30","BURLINGTON PIERS (AUT)","6151061","2024-03-15 14:00","2024","03","15","14:00","","8.2","","4.8","","79","","","","11","","15","","","","100.32","","","","","","NA"
"-79.80","43.30","BURLINGTON PIERS (AUT)","6151061","2024-03-15 15:00","2024","03","15","15:00","","6.9","","5.0","","88","","","","9","","16","","","","100.26","","","","","","NA"
"-79.80","43.30","BURLINGTON PIERS (AUT)","6151061","2024-03-15 16:00","2024","03","15","16:00","","8.2","","5.7","","84","","","","3","","3","","","","100.28","","","","","","NA"
"-79.80","43.30","BURLINGTON PIERS (AUT)","6151061","2024-03-15 17:00","2024","03","15","17:00","","9.3","","5.5","","77","","","","28","","18","","","","100.34","","","","","","NA"
"-79.80","43.30","BURLINGTON PIERS (AUT)","6151061","2024-03-15 18:00","2024","03","15","18:00","","7.2","","5.1","","87","","","","29","","23","","","","100.33","","","","","","NA"
"-79.80","43.30","BURLINGTON PIERS (AUT)","6151061","2024-03-15 19:00","2024","03","15","19:00","","5.8","","4.4","","91","","","","29","","14","","","","100.36","","","","","","NA"
"-79.80","43.30","BURLINGTON PIERS (AUT)","6151061","2024-03-15 20:00","2024","03","15","20:00","","4.8","","3.1","","89","","","","26","","11","","","","100.41","","","","","","NA"
"-79.80","43.30","BURLINGTON PIERS (AUT)","6151061","2024-03-15 21:00","2024","03","15","21:00","","3.8","","0.7","","81","","","","29","","21","","","","100.45","","","","","","NA"
"-79.80","43.30","BURLINGTON PIERS (AUT)","6151061","2024-03-15 22:00","2024","03","15","22:00","","3.4","","0.4","","81","","","","31","","18","","","","100.46","","","","","","NA"
"-79.80","43.30","BURLINGTON PIERS (AUT)","6151061","2024-03-15 23:00","2024","03","15","23:00","","2.9","","2.1","","95","","","","30","","18","","","","100.45","","","","","","NA"
"-79.80","43.30","BURLINGTON PIERS (AUT)","6151061","2024-03-16 00:00","2024","03","16","00:00","","2.5","","2.2","","98","","","","31","","15","","","","100.44","","","","","","NA"
"-79.80","43.30","BURLINGTON PIERS (AUT)","6151061","2024-03-16 01:00","2024","03","16","01:00","","2.5","","2.1","","97","","","","30","","6","","","","100.42","","","","","","NA"
"-79.80","43.30","BURLINGTON PIERS (AUT)","6151061","2024-03-16 02:00","2024","03","16","02:00","","2.4","","2.1","","97","","","","25","","6","","","","100.42","","","","","","NA"
"-79.80","43.30","BURLINGTON PIERS (AUT)","6151061","2024-03-16 03:00","2024","03","16","03:00","","2.1","","1.8","","98","","","","25","","8","","","","100.36","","","","","","NA"
"-79.80","43.30","BURLINGTON PIERS (AUT)","6151061","2024-03-16 04:00","2024","03","16","04:00","","2.0","","0.7","","91","","","","26","","8","","","","100.31","","","","","","NA"
"-79.80","43.30","BURLINGTON PIERS (AUT)","6151061","2024-03-16 05:00","2024","03","16","05:00","","1.9","","0.0","","87","","","","25","","10","","","","100.28","","","","","","NA"
"-79.80","43.30","BURLINGTON PIERS (AUT)","6151061","2024-03-16 06:00","2024","03","16","06:00","","2.3","","1.2","","92","","","","23","","11","","","","100.26","","","","","","NA"
"-79.80","43.30","BURLINGTON PIERS (AUT)","6151061","2024-03-16 07:00","2024","03","16","07:00","","2.3","","1.7","","96","","","","23","","9","","","","100.26","","","","","","NA"
"-79.80","43.30","BURLINGTON PIERS (AUT)","6151061","2024-03-16 08:00","2024","03","16","08:00","","2.6","","1.7","","94","","","","21","","12","","","","100.20","","","","","","NA"
"-79.80","43.30","BURLINGTON PIERS (AUT)","6151061","2024-03-16 09:00","2024","03","16","09:00","","3.8","","3.0","","95","","","","20","","14","","","","100.09","","","","","","NA"
"-79.80","43.30","BURLINGTON PIERS (AUT)","6151061","2024-03-16 10:00","2024","03","16","10:00","","4.6","","2.3","","85","","","","19","","18","","","","99.98","","","","","","NA"
"-79.80","43.30","BURLINGTON PIERS (AUT)","6151061","2024-03-16 11:00","2024","03","16","11:00","","5.6","","2.4","","80","","","","20","","23","","","","99.90","","","","","","NA"
"-79.80","43.30","BURLINGTON PIERS (AUT)","6151061","2024-03-16 12:00","2024","03","16","12:00","","6.4","","3.6","","82","","","","20","","21","","","","99.79","","","","","","NA"
"-79.80","43.30","BURLINGTON PIERS (AUT)","6151061","2024-03-16 13:00","2024","03","16","13:00","","8.2","","3.9","","74","","","","18","","17","","","","99.60","","","","","","NA"
"-79.80","43.30","BURLINGTON PIERS (AUT)","6151061","2024-03-16 14:00","2024","03","16","14:00","","9.3","","5.0","","75","","","","17","","24","","","","99.36","","","","","","NA"
"-79.80","43.30","BURLINGTON PIERS (AUT)","6151061","2024-03-16 15:00","2024","03","16","15:00","","9.5","","4.3","","70","","","","18","","24","","","","99.28","","","","","","NA"
"-79.80","43.30","BURLINGTON PIERS (AUT)","6151061","2024-03-16 16:00","2024","03","16","16:00","","10.4","","5.3","","71","","","","19","","20","","","","99.17","","","","","","NA"
"-79.80","43.30","BURLINGTON PIERS (AUT)","6151061","2024-03-16 17:00","2024","03","16","17:00","","10.4","","6.6","","78","","","","21","","22","","","","99.14","","","","","","NA"
"-79.80","43.30","BURLINGTON PIERS (AUT)","6151061","2024-03-16 18:00","2024","03","16","18:00","","9.5","","7.0","","84","","","","25","","10","","","","99.10","","","","","","NA"
"-79.80","43.30","BURLINGTON PIERS (AUT)","6151061","2024-03-16 19:00","2024","03","16","19:00","","9.5","","8.0","","91","","","","21","","28","","","","99.00","","","","","","NA"
"-79.80","43.30","BURLINGTON PIERS (AUT)","6151061","2024-03-16 20:00","2024","03","16","20:00","","7.5","","6.0","","90","","","","24","","24","","","","99.06","","","","","","NA"
"-79.80","43.30","BURLINGTON PIERS (AUT)","6151061","2024-03-16 21:00","2024","03","16","21:00","","7.8","","6.3","","90","","","","23","","8","","","","98.98","","","","","","NA"
"-79.80","43.30","BURLINGTON PIERS (AUT)","6151061","2024-03-16 22:00","2024","03","16","22:00","","8.7","","6.9","","88","","","","26","","14","","","","98.96","","","","","","NA"
"-79.80","43.30","BURLINGTON PIERS (AUT)","6151061","2024-03-16 23:00","2024","03","16","23:00","","8.1","","6.8","","91","","","","24","","9","","","","98.97","","","","","","NA"
"-79.80","43.30","BURLINGTON PIERS (AUT)","6151061","2024-03-17 00:00","2024","03","17","00:00","","7.0","","6.1","","94","","","","26","","6","","","","99.05","","","","","","NA"
"-79.80","43.30","BURLINGTON PIERS (AUT)","6151061","2024-03-17 01:00","2024","03","17","01:00","","6.2","","5.7","","97","","","","25","","10","","","","99.07","","","","","","NA"
"-79.80","43.30","BURLINGTON PIERS (AUT)","6151061","2024-03-17 02:00","2024","03","17","02:00","","5.7","","4.7","","93","","","","24","","9","","","","99.09","","","","","","NA"
"-79.80","43.30","BURLINGTON PIERS (AUT)","6151061","2024-03-17 03:00","2024","03","17","03:00","","5.2","","3.6","","90","","","","27","","15","","","","99.11","","","","","","NA"
"-79.80","43.30","BURLINGTON PIERS (AUT)","6151061","2024-03-17 04:00","2024","03","17","04:00","","4.5","","4.3","","99","","","","25","","9","","","","99.15","","","","","","NA"
"-79.80","43.30","BURLINGTON PIERS (AUT)","6151061","2024-03-17 05:00","2024","03","17","05:00","","4.2","","","M","","M","","","25","","10","","","","99.21","","","","","","NA"
"-79.80","43.30","BURLINGTON PIERS (AUT)","6151061","2024-03-17 06:00","2024","03","17","06:00","","3.7","","3.6","","100","","","","24","","9","","","","99.25","","","","","","NA"
"-79.80","43.30","BURLINGTON PIERS (AUT)","6151061","2024-03-17 07:00","2024","03","17","07:00","","3.4","","3.2","","98","","","","24","","10","","","","99.31","","","","","","NA"
"-79.80","43.30","BURLINGTON PIERS (AUT)","6151061","2024-03-17 08:00","2024","03","17","08:00","","3.8","","0.5","","79","","","","24","","13","","","","99.35","","","","","","NA"
"-79.80","43.30","BURLINGTON PIERS (AUT)","6151061","2024-03-17 09:00","2024","03","17","09:00","","4.4","","0.1","","74","","","","26","","17","","","","99.33","","","","","","NA"
"-79.80","43.30","BURLINGTON PIERS (AUT)","6151061","2024-03-17 10:00","2024","03","17","10:00","","4.8","","-3.8","","54","","","","26","","18","","","","99.37","","","","","","NA"
"-79.80","43.30","BURLINGTON PIERS (AUT)","6151061","2024-03-17 11:00","2024","03","17","11:00","","4.5","","-4.4","","52","","","","25","","18","","","","99.42","","","","","","NA"
"-79.80","43.30","BURLINGTON PIERS (AUT)","6151061","2024-03-17 12:00","2024","03","17","12:00","","5.6","","-1.2","","62","","","","24","","19","","","","99.39","","","","","","NA"
"-79.80","43.30","BURLINGTON PIERS (AUT)","6151061","2024-03-17 13:00","2024","03","17","13:00","","4.8","","-0.2","","70","","","","28","","25","","","","99.39","","","","","","NA"
"-79.80","43.30","BURLINGTON PIERS (AUT)","6151061","2024-03-17 14:00","2024","03","17","14:00","","5.5","","-1.2","","62","","","","26","","17","","","","99.36","","","","","","NA"
"-79.80","43.30","BURLINGTON PIERS (AUT)","6151061","2024-03-17 15:00","2024","03","17","15:00","","5.0","","-1.0","","65","","","","28","","23","","","","99.43","","","","","","NA"
"-79.80","43.30","BURLINGTON PIERS (AUT)","6151061","2024-03-17 16:00","2024","03","17","16:00","","4.9","","-1.2","","65","","","","28","","14","","","","99.52","","","","","","NA"
"-79.80","43.30","BURLINGTON PIERS (AUT)","6151061","2024-03-17 17:00","2024","03","17","17:00","","4.2","","0.5","","77","","","","26","","13","","","","99.58","","","","","","NA"
"-79.80","43.30","BURLINGTON PIERS (AUT)","6151061","2024-03-17 18:00","2024","03","17","18:00","","3.8","","0.3","","78","","","","27","","15","","","","99.66","","","","","","NA"
"-79.80","43.30","BURLINGTON PIERS (AUT)","6151061","2024-03-17 19:00","2024","03","17","19:00","","3.3","","-0.2","","78","","","","27","","10","","","","99.75","","","","","","NA"
"-79.80","43.30","BURLINGTON PIERS (AUT)","6151061","2024-03-17 20:00","2024","03","17","20:00","","2.9","","0.0","","81","","","","28","","8","","","","99.80","","","","","","NA"
"-79.80","43.30","BURLINGTON PIERS (AUT)","6151061","2024-03-17 21:00","2024","03","17","21:00","","2.6","","-0.3","","81","","","","27","","10","","","","99.82","","","","","","NA"
"-79.80","43.30","BURLINGTON PIERS (AUT)","6151061","2024-03-17 22:00","2024","03","17","22:00","","2.3","","-1.5","","76","","","","29","","21","","","","99.83","","","","","","NA"
"-79.80","43.30","BURLINGTON PIERS (AUT)","6151061","2024-03-17 23:00","2024","03","17","23:00","","1.7","","-2.1","","76","","","","26","","9","","","","99.84","","","","","","NA"
"-79.80","43.30","BURLINGTON PIERS (AUT)","6151061","2024-03-18 00:00","2024","03","18","00:00","","1.1","","-6.9","","55","","","","28","","15","","","","99.84","","","","","","NA"
"-79.80","43.30","BURLINGTON PIERS (AUT)","6151061","2024-03-18 01:00","2024","03","18","01:00","","0.8","","-7.6","","53","","","","26","","13","","","","99.87","","","","","","NA"
"-79.80","43.30","BURLINGTON PIERS (AUT)","6151061","2024-03-18 02:00","2024","03","18","02:00","","0.2","","-6.2","","62","","","","26","","14","","","","99.88","","","","","","NA"
"-79.80","43.30","BURLINGTON PIERS (AUT)","6151061","2024-03-18 03:00","2024","03","18","03:00","","-0.1","","-5.4","","67","","","","28","","12","","","","99.89","","","","-4","","NA"
"-79.80","43.30","BURLINGTON PIERS (AUT)","6151061","2024-03-18 04:00","2024","03","18","04:00","","-0.6","","-4.8","","74","","","","24","","19","","","","99.90","","","","-6","","NA"
"-79.80","43.30","BURLINGTON PIERS (AUT)","6151061","2024-03-18 05:00","2024","03","18","05:00","","-0.5","","-3.8","","78","","","","25","","13","","","","99.95","","","","-5","","NA"
"-79.80","43.30","BURLINGTON PIERS (AUT)","6151061","2024-03-18 06:00","2024","03","18","06:00","","-0.8","","-3.7","","80","","","","25","","21","","","","99.98","","","","-6","","NA"
"-79.80","43.30","BURLINGTON PIERS (AUT)","6151061","2024-03-18 07:00","2024","03","18","07:00","","-0.7","","-4.0","","78","","","","25","","18","","","","99.99","","","","-6","","NA"
"-79.80","43.30","BURLINGTON PIERS (AUT)","6151061","2024-03-18 08:00","2024","03","18","08:00","","-0.4","","-6.1","","65","","","","25","","21","","","","100.01","","","","-6","","NA"
"-79.80","43.30","BURLINGTON PIERS (AUT)","6151061","2024-03-18 09:00","2024","03","18","09:00","","-0.2","","-5.6","","67","","","","25","","18","","","","100.04","","","","-5","","NA"
"-79.80","43.30","BURLINGTON PIERS (AUT)","6151061","2024-03-18 10:00","2024","03","18","10:00","","0.3","","-3.1","","77","","","","24","","15","","","","100.02","","","","","","NA"
"-79.80","43.30","BURLINGTON PIERS (AUT)","6151061","2024-03-18 11:00","2024","03","18","11:00","","0.8","","-3.7","","72","","","","25","","20","","","","100.00","","","","","","NA"
"-79.80","43.30","BURLINGTON PIERS (AUT)","6151061","2024-03-18 12:00","2024","03","18","12:00","","1.0","","-2.5","","77","","","","25","","18","","","","100.01","","","","","","NA"
"-79.80","43.30","BURLINGTON PIERS (AUT)","6151061","2024-03-18 13:00","2024","03","18","13:00","","1.4","","-1.8","","79","","","","24","","14","","","","99.99","","","","","","NA"
"-79.80","43.30","BURLINGTON PIERS (AUT)","6151061","2024-03-18 14:00","2024","03","18","14:00","","1.9","","-1.9","","76","","","","23","","12","","","","99.94","","","","","","NA"
"-79.80","43.30","BURLINGTON PIERS (AUT)","6151061","2024-03-18 15:00","2024","03","18","15:00","","2.1","","-3.8","","65","","","","28","","18","","","","99.97","","","","","","NA"
"-79.80","43.30","BURLINGTON PIERS (AUT)","6151061","2024-03-18 16:00","2024","03","18","16:00","","1.7","","-3.4","","69","","","","28","","20","","","","100.01","","","","","","NA"
"-79.80","43.30","BURLINGTON PIERS (AUT)","6151061","2024-03-18 17:00","2024","03","18","17:00","","1.2","","-2.3","","78","","","","29","","26","","","","100.06","","","","","","NA"
"-79.80","43.30","BURLINGTON PIERS (AUT)","6151061","2024-03-18 18:00","2024","03","18","18:00","","1.1","","-2.8","","75","","","","28","","22","","","","100.11","","","","","","NA"
"-79.80","43.30","BURLINGTON PIERS (AUT)","6151061","2024-03-18 19:00","2024","03","18","19:00","","0.8","","-5.0","","65","","","","30","","22","","","","100.18","","","","","","NA"
"-79.80","43.30","BURLINGTON PIERS (AUT)","6151061","2024-03-18 20:00","2024","03","18","20:00","","0.4","","-6.9","","58","","","","28","","22","","","","100.20","","","","","","NA"
"-79.80","43.30","BURLINGTON PIERS (AUT)","6151061","2024-03-18 21:00","2024","03","18","21:00","","0.1","","-5.6","","66","","","","29","","20","","","","100.25","","","","","","NA"
"-79.80","43.30","BURLINGTON PIERS (AUT)","6151061","2024-03-18 22:00","2024","03","18","22:00","","0.0","","-6.8","","60","","","","27","","13","","","","100.25","","","","-4","","NA"
"-79.80","43.30","BURLINGTON PIERS (AUT)","6151061","2024-03-18 23:00","2024","03","18","23:00","","0.1","","-7.4","","57","","","","28","","26","","","","100.22","","","","","","NA"
"-79.80","43.30","BURLINGTON PIERS (AUT)","6151061","2024-03-19 00:00","2024","03","19","00:00","","0.1","","-6.1","","63","","","","26","","12","","","","100.19","","","","","","NA"
"-79.80","43.30","BURLINGTON PIERS (AUT)","6151061","2024-03-19 01:00","2024","03","19","01:00","","0.0","","-4.8","","70","","","","25","","11","","","","100.16","","","","-4","","NA"
"-79.80","43.30","BURLINGTON PIERS (AUT)","6151061","2024-03-19 02:00","2024","03","19","02:00","","0.0","","-3.3","","78","","","","23","","13","","","","100.14","","","","-4","","NA"
"-79.80","43.30","BURLINGTON PIERS (AUT)","6151061","2024-03-19 03:00","2024","03","19","03:00","","0.0","","-2.1","","86","","","","24","","14","","","","100.07","","","","-4","","NA"
"-79.80","43.30","BURLINGTON PIERS (AUT)","6151061","2024-03-19 04:00","2024","03","19","04:00","","-0.4","","-1.7","","91","","","","26","","11","","","","100.04","","","","-4","","NA"
"-79.80","43.30","BURLINGTON PIERS (AUT)","6151061","2024-03-19 05:00","2024","03","19","05:00","","-0.4","","-3.5","","80","","","","25","","16","","","","99.99","","","","-5","","NA"
"-79.80","43.30","BURLINGTON PIERS (AUT)","6151061","2024-03-19 06:00","2024","03","19","06:00","","-0.2","","-1.9","","88","","","","24","","11","","","","99.94","","","","-4","","NA"
"-79.80","43.30","BURLINGTON PIERS (AUT)","6151061","2024-03-19 07:00","2024","03","19","07:00","","-0.1","","-2.4","","84","","","","23","","14","","","","99.89","","","","-4","","NA"
"-79.80","43.30","BURLINGTON PIERS (AUT)","6151061","2024-03-19 08:00","2024","03","19","08:00","","0.0","","-3.3","","78","","","","21","","16","","","","99.81","","","","-5","","NA"
"-79.80","43.30","BURLINGTON PIERS (AUT)","6151061","2024-03-19 09:00","2024","03","19","09:00","","0.7","","-2.6","","79","","","","21","","18","","","","99.74","","","","","","NA"
"-79.80","43.30","BURLINGTON PIERS (AUT)","6151061","2024-03-19 10:00","2024","03","19","10:00","","0.7","","-1.4","","86","","","","21","","22","","","","99.66","","","","","","NA"
"-79.80","43.30","BURLINGTON PIERS (AUT)","6151061","2024-03-19 11:00","2024","03","19","11:00","","0.9","","-1.9","","82","","","","20","","23","","","","99.52","","","","","","NA"
"-79.80","43.30","BURLINGTON PIERS (AUT)","6151061","2024-03-19 12:00","2024","03","19","12:00","","0.6","","-0.6","","91","","","","20","","24","","","","99.40","","","","","","NA"
"-79.80","43.30","BURLINGTON PIERS (AUT)","6151061","2024-03-19 13:00","2024","03","19","13:00","","0.5","","-0.5","","93","","","","20","","23","","","","99.29","","","","","","NA"
"-79.80","43.30","BURLINGTON PIERS (AUT)","6151061","2024-03-19 14:00","2024","03","19","14:00","","0.4","","-0.6","","93","","","","20","","27","","","","99.20","","","","","","NA"
"-79.80","43.30","BURLINGTON PIERS (AUT)","6151061","2024-03-19 15:00","2024","03","19","15:00","","0.2","","-0.5","","95","","","","21","","21","","","","99.20","","","","","","NA"
"-79.80","43.30","BURLINGTON PIERS (AUT)","6151061","2024-03-19 16:00","2024","03","19","16:00","","-0.1","","-0.5","","97","","","","21","","16","","","","99.19","","","","-5","","NA"
"-79.80","43.30","BURLINGTON PIERS (AUT)","6151061","2024-03-19 17:00","2024","03","19","17:00","","1.0","","0.1","","94","","","","21","","17","","","","99.20","","","","","","NA"
"-79.80","43.30","BURLINGTON PIERS (AUT)","6151061","2024-03-19 18:00","2024","03","19","18:00","","1.6","","-0.6","","85","","","","21","","15","","","","99.21","","","","","","NA"
"-79.80","43.30","BURLINGTON PIERS (AUT)","6151061","2024-03-19 19:00","2024","03","19","19:00","","2.0","","-1.1","","80","","","","21","","14","","","","99.21","","","","","","NA"
"-79.80","43.30","BURLINGTON PIERS (AUT)","6151061","2024-03-19 20:00","2024","03","19","20:00","","2.2","","-0.7","","81","","","","22","","9","","","","99.21","","","","","","NA"
"-79.80","43.30","BURLINGTON PIERS (AUT)","6151061","2024-03-19 21:00","2024","03","19","21:00","","2.8","","-0.8","","77","","","","24","","10","","","","99.22","","","","","","NA"
"-79.80","43.30","BURLINGTON PIERS (AUT)","6151061","2024-03-19 22:00","2024","03","19","22:00","","2.9","","-0.4","","79","","","","24","","9","","","","99.20","","","","","","NA"
"-79.80","43.30","BURLINGTON PIERS (AUT)","6151061","2024-03-19 23:00","2024","03","19","23:00","","2.7","","-0.9","","77","","","","25","","12","","","","99.21","","","","","","NA"
"-79.80","43.30","BURLINGTON PIERS (AUT)","6151061","2024-03-20 00:00","2024","03","20","00:00","","3.0","","-1.5","","72","","","","25","","13","","","","99.24","","","","","","NA"
"-79.80","43.30","BURLINGTON PIERS (AUT)","6151061","2024-03-20 01:00","2024","03","20","01:00","","2.7","","-2.7","","68","","","","25","","8","","","","99.26","","","","","","NA"
"-79.80","43.30","BURLINGTON PIERS (AUT)","6151061","2024-03-20 02:00","2024","03","20","02:00","","2.3","","-2.7","","69","","","","25","","8","","","","99.28","","","","","","NA"
"-79.80","43.30","BURLINGTON PIERS (AUT)","6151061","2024-03-20 03:00","2024","03","20","03:00","","2.3","","-2.7","","69","","","","24","","8","","","","99.26","","","","","","NA"
"-79.80","43.30","BURLINGTON PIERS (AUT)","6151061","2024-03-20 04:00","2024","03","20","04:00","","2.1","","-2.8","","70","","","","19","","9","","","","99.19","","","","","","NA"
"-79.80","43.30","BURLINGTON PIERS (AUT)","6151061","2024-03-20 05:00","2024","03","20","05:00","","1.4","","-2.6","","74","","","","27","","5","","","","99.22","","","","","","NA"
"-79.80","43.30","BURLINGTON PIERS (AUT)","6151061","2024-03-20 06:00","2024","03","20","06:00","","0.2","","-2.1","","84","","","","28","","16","","","","99.30","","","","","","NA"
"-79.80","43.30","BURLINGTON PIERS (AUT)","6151061","2024-03-20 07:00","2024","03","20","07:00","","-0.5","","-3.4","","80","","","","27","","13","","","","99.35","","","","-5","","NA"
"-79.80","43.30","BURLINGTON PIERS (AUT)","6151061","2024-03-20 08:00","2024","03","20","08:00","","0.0","","-4.0","","74","","","","27","","15","","","","99.36","","","","-4","","NA"
"-79.80","43.30","BURLINGTON PIERS (AUT)","6151061","2024-03-20 09:00","2024","03","20","09:00","","-0.7","","-5.3","","71","","","","29","","26","","","","99.42","","","","-7","","NA"
"-79.80","43.30","BURLINGTON PIERS (AUT)","6151061","2024-03-20 10:00","2024","03","20","10:00","","0.2","","-7.8","","55","","","","28","","20","","","","99.46","","","","","","NA"
"-79.80","43.30","BURLINGTON PIERS (AUT)","6151061","2024-03-20 11:00","2024","03","20","11:00","","-0.2","","-9.7","","49","","","","29","","29","","","","99.53","","","","-7","","NA"
"-79.80","43.30","BURLINGTON PIERS (AUT)","6151061","2024-03-20 12:00","2024","03","20","12:00","","-0.3","","-11.5","","42","","","","28","","35","","","","99.61","","","","-7","","NA"
"-79.80","43.30","BURLINGTON PIERS (AUT)","6151061","2024-03-20 13:00","2024","03","20","13:00","","-0.3","","-11.7","","42","","","","28","","31","","","","99.72","","","","-7","","NA"
"-79.80","43.30","BURLINGTON PIERS (AUT)","6151061","2024-03-20 14:00","2024","03","20","14:00","","-0.1","","-10.5","","45","","","","27","","27","","","","99.80","","","","-6","","NA"
"-79.80","43.30","BURLINGTON PIERS (AUT)","6151061","2024-03-20 15:00","2024","03","20","15:00","","-0.6","","-10.5","","47","","","","26","","22","","","","99.92","","","","-6","","NA"
"-79.80","43.30","BURLINGTON PIERS (AUT)","6151061","2024-03-20 16:00","2024","03","20","16:00","","-1.0","","-8.2","","58","","","","27","","25","","","","100.07","","","","-7","","NA"
"-79.80","43.30","BURLINGTON PIERS (AUT)","6151061","2024-03-20 17:00","2024","03","20","17:00","","-1.2","","-8.8","","56","","","","28","","32","","","","100.18","","","","-8","","NA"
"-79.80","43.30","BURLINGTON PIERS (AUT)","6151061","2024-03-20 18:00","2024","03","20","18:00","","-2.0","","-7.9","","64","","","","27","","21","","","","100.33","","","","-8","","NA"
"-79.80","43.30","BURLINGTON PIERS (AUT)","6151061","2024-03-20 19:00","2024","03","20","19:00","","-2.0","","-6.2","","73","","","","28","","26","","","","100.45","","","","-9","","NA"
"-79.80","43.30","BURLINGTON PIERS (AUT)","6151061","2024-03-20 20:00","2024","03","20","20:00","","-2.7","","-5.3","","82","","","","28","","27","","","","100.56","","","","-10","","NA"
"-79.80","43.30","BURLINGTON PIERS (AUT)","6151061","2024-03-20 21:00","2024","03","20","21:00","","-2.9","","-4.3","","90","","","","28","","19","","","","100.67","","","","-9","","NA"
"-79.80","43.30","BURLINGTON PIERS (AUT)","6151061","2024-03-20 22:00","2024","03","20","22:00","","-3.2","","-4.6","","91","","","","28","","18","","","","100.75","","","","-9","","NA"
"-79.80","43.30","BURLINGTON PIERS (AUT)","6151061","2024-03-20 23:00","2024","03","20","23:00","","-3.5","","-4.5","","93","","","","27","","18","","","","100.81","","","","-9","","NA"
"-79.80","43.30","BURLINGTON PIERS (AUT)","6151061","2024-03-21 00:00","2024","03","21","00:00","","-3.6","","-4.7","","92","","","","28","","18","","","","100.87","","","","-9","","NA"
"-79.80","43.30","BURLINGTON PIERS (AUT)","6151061","2024-03-21 01:00","2024","03","21","01:00","","-3.8","","-4.4","","96","","","","28","","14","","","","100.93","","","","-9","","NA"
"-79.80","43.30","BURLINGTON PIERS (AUT)","6151061","2024-03-21 02:00","2024","03","21","02:00","","-4.0","","-4.4","","97","","","","28","","15","","","","101.00","","","","-9","","NA"
"-79.80","43.30","BURLINGTON PIERS (AUT)","6151061","2024-03-21 03:00","2024","03","21","03:00","","-4.1","","-5.8","","88","","","","27","","9","","","","101.05","","","","-8","","NA"
"-79.80","43.30","BURLINGTON PIERS (AUT)","6151061","2024-03-21 04:00","2024","03","21","04:00","","-4.2","","-6.4","","85","","","","28","","11","","","","101.13","","","","-9","","NA"
"-79.80","43.30","BURLINGTON PIERS (AUT)","6151061","2024-03-21 05:00","2024","03","21","05:00","","-4.6","","-8.3","","75","","","","28","","13","","","","101.19","","","","-10","","NA"
"-79.80","43.30","BURLINGTON PIERS (AUT)","6151061","2024-03-21 06:00","2024","03","21","06:00","","-4.7","","-8.2","","76","","","","29","","14","","","","101.27","","","","-10","","NA"
"-79.80","43.30","BURLINGTON PIERS (AUT)","6151061","2024-03-21 07:00","2024","03","21","07:00","","-4.8","","-6.9","","85","","","","28","","12","","","","101.36","","","","-10","","NA"
"-79.80","43.30","BURLINGTON PIERS (AUT)","6151061","2024-03-21 08:00","2024","03","21","08:00","","-4.8","","-6.4","","89","","","","28","","11","","","","101.44","","","","-9","","NA"
"-79.80","43.30","BURLINGTON PIERS (AUT)","6151061","2024-03-21 09:00","2024","03","21","09:00","","-4.4","","-6.4","","86","","","","30","","13","","","","101.49","","","","-9","","NA"
"-79.80","43.30","BURLINGTON PIERS (AUT)","6151061","2024-03-21 10:00","2024","03","21","10:00","","-4.0","","-7.3","","78","","","","30","","13","","","","101.54","","","","-9","","NA"
"-79.80","43.30","BURLINGTON PIERS (AUT)","6151061","2024-03-21 11:00","2024","03","21","11:00","","-3.6","","-7.4","","75","","","","30","","16","","","","101.56","","","","-9","","NA"
"-79.80","43.30","BURLINGTON PIERS (AUT)","6151061","2024-03-21 12:00","2024","03","21","12:00","","-2.7","","-7.9","","68","","","","26","","14","","","","101.57","","","","-8","","NA"
"-79.80","43.30","BURLINGTON PIERS (AUT)","6151061","2024-03-21 13:00","2024","03","21","13:00","","-2.0","","-10.8","","51","","","","27","","18","","","","101.57","","","","-7","","NA"
"-79.80","43.30","BURLINGTON PIERS (AUT)","6151061","2024-03-21 14:00","2024","03","21","14:00","","-1.5","","-9.4","","55","","","","27","","20","","","","101.56","","","","-7","","NA"
"-79.80","43.30","BURLINGTON PIERS (AUT)","6151061","2024-03-21 15:00","2024","03","21","15:00","","-1.8","","-9.9","","54","","","","29","","21","","","","101.58","","","","-8","","NA"
"-79.80","43.30","BURLINGTON PIERS (AUT)","6151061","2024-03-21 16:00","2024","03","21","16:00","","-2.0","","-10.7","","51","","","","30","","25","","","","101.60","","","","-8","","NA"
"-79.80","43.30","BURLINGTON PIERS (AUT)","6151061","2024-03-21 17:00","2024","03","21","17:00","","-2.0","","-10.8","","51","","","","29","","24","","","","101.64","","","","-8","","NA"
"-79.80","43.30","BURLINGTON PIERS (AUT)","6151061","2024-03-21 18:00","2024","03","21","18:00","","-2.2","","-10.7","","52","","","","30","","23","","","","101.72","","","","-8","","NA"
"-79.80","43.30","BURLINGTON PIERS (AUT)","6151061","2024-03-21 19:00","2024","03","21","19:00","","-2.5","","-9.0","","61","","","","28","","12","","","","101.82","","","","-7","","NA"
"-79.80","43.30","BURLINGTON PIERS (AUT)","6151061","2024-03-21 20:00","2024","03","21","20:00","","-3.1","","-8.7","","65","","","","32","","13","","","","101.85","","","","-8","","NA"
"-79.80","43.30","BURLINGTON PIERS (AUT)","6151061","2024-03-21 21:00","2024","03","21","21:00","","-3.4","","-7.6","","72","","","","30","","7","","","","101.90","","","","-6","","NA"
"-79.80","43.30","BURLINGTON PIERS (AUT)","6151061","2024-03-21 22:00","2024","03","21","22:00","","-3.5","","-7.9","","72","","","","32","","8","","","","101.92","","","","-7","","NA"
"-79.80","43.30","BURLINGTON PIERS (AUT)","6151061","2024-03-21 23:00","2024","03","21","23:00","","-3.6","","-11.0","","56","","","","33","","5","","","","101.94","","","","-6","","NA"
"-79.80","43.30","BURLINGTON PIERS (AUT)","6151061","2024-03-22 00:00","2024","03","22","00:00","","-3.5","","-10.7","","58","","","","34","","6","","","","101.93","","","","-6","","NA"
"-79.80","43.30","BURLINGTON PIERS (AUT)","6151061","2024-03-22 01:00","2024","03","22","01:00","","-3.8","","-7.0","","78","","","","31","","4","","","","101.97","","","","-5","","NA"
"-79.80","43.30","BURLINGTON PIERS (AUT)","6151061","2024-03-22 02:00","2024","03","22","02:00","","-4.0","","-6.5","","83","","","","25","","4","","","","101.96","","","","-6","","NA"
"-79.80","43.30","BURLINGTON PIERS (AUT)","6151061","2024-03-22 03:00","2024","03","22","03:00","","-4.5","","-7.2","","81","","","","31","","7","","","","101.91","","","","-8","","NA"
"-79.80","43.30","BURLINGTON PIERS (AUT)","6151061","2024-03-22 04:00","2024","03","22","04:00","","-4.0","","-10.0","","63","","","","33","","5","","","","101.85","","","","-6","","NA"
"-79.80","43.30","BURLINGTON PIERS (AUT)","6151061","2024-03-22 05:00","2024","03","22","05:00","","-3.9","","-9.9","","63","","","","31","","5","","","","101.85","","","","-6","","NA"
"-79.80","43.30","BURLINGTON PIERS (AUT)","6151061","2024-03-22 06:00","2024","03","22","06:00","","-3.4","","-6.8","","77","","","","36","","11","","","","101.88","","","","-8","","NA"
"-79.80","43.30","BURLINGTON PIERS (AUT)","6151061","2024-03-22 07:00","2024","03","22","07:00","","-1.9","","-5.9","","74","","","","7","","13","","","","101.87","","","","-6","","NA"
"-79.80","43.30","BURLINGTON PIERS (AUT)","6151061","2024-03-22 08:00","2024","03","22","08:00","","-2.7","","-8.3","","66","","","","11","","26","","","","101.81","","","","-10","","NA"
"-79.80","43.30","BURLINGTON PIERS (AUT)","6151061","2024-03-22 09:00","2024","03","22","09:00","","-2.8","","-8.7","","64","","","","13","","27","","","","101.84","","","","-10","","NA"
"-79.80","43.30","BURLINGTON PIERS (AUT)","6151061","2024-03-22 10:00","2024","03","22","10:00","","-4.3","","-6.4","","85","","","","13","","23","","","","101.80","","","","-11","","NA"
"-79.80","43.30","BURLINGTON PIERS (AUT)","6151061","2024-03-22 11:00","2024","03","22","11:00","","-3.8","","-7.0","","78","","","","11","","17","","","","101.79","","","","-10","","NA"
"-79.80","43.30","BURLINGTON PIERS (AUT)","6151061","2024-03-22 12:00","2024","03","22","12:00","","-3.8","","-6.8","","80","","","","10","","19","","","","101.68","","","","-10","","NA"
"-79.80","43.30","BURLINGTON PIERS (AUT)","6151061","2024-03-22 13:00","2024","03","22","13:00","","-3.2","","-6.2","","80","","","","9","","22","","","","101.57","","","","-10","","NA"
"-79.80","43.30","BURLINGTON PIERS (AUT)","6151061","2024-03-22 14:00","2024","03","22","14:00","","-3.0","","-5.8","","81","","","","6","","21","","","","101.50","","","","-9","","NA"
"-79.80","43.30","BURLINGTON PIERS (AUT)","6151061","2024-03-22 15:00","2024","03","22","15:00","","-3.5","","-5.0","","89","","","","5","","23","","","","101.45","","","","-10","","NA"
"-79.80","43.30","BURLINGTON PIERS (AUT)","6151061","2024-03-22 16:00","2024","03","22","16:00","","-3.0","","-4.3","","91","","","","6","","26","","","","101.38","","","","-10","","NA"
"-79.80","43.30","BURLINGTON PIERS (AUT)","6151061","2024-03-22 17:00","2024","03","22","17:00","","-2.5","","-4.3","","87","","","","7","","25","","","","101.31","","","","-9","","NA"
"-79.80","43.30","BURLINGTON PIERS (AUT)","6151061","2024-03-22 18:00","2024","03","22","18:00","","-1.9","","-3.9","","86","","","","6","","24","","","","101.31","","","","-8","","NA"
"-79.80","43.30","BURLINGTON PIERS (AUT)","6151061","2024-03-22 19:00","2024","03","22","19:00","","-1.5","","-2.6","","92","","","","5","","25","","","","101.23","","","","-8","","NA"
"-79.80","43.30","BURLINGTON PIERS (AUT)","6151061","2024-03-22 20:00","2024","03","22","20:00","","-0.9","","-2.5","","89","","","","6","","30","","","","101.16","","","","-8","","NA"
"-79.80","43.30","BURLINGTON PIERS (AUT)","6151061","2024-03-22 21:00","2024","03","22","21:00","","-0.6","","-4.4","","76","","","","7","","35","","","","101.13","","","","-8","","NA"
"-79.80","43.30","BURLINGTON PIERS (AUT)","6151061","2024-03-22 22:00","2024","03","22","22:00","","-0.2","","-3.0","","81","","","","7","","32","","","","101.10","","","","-7","","NA"
"-79.80","43.30","BURLINGTON PIERS (AUT)","6151061","2024-03-22 23:00","2024","03","22","23:00","","-2.1","","-2.8","","95","","","","36","","28","","","","101.05","","","","-9","","NA"
"-79.80","43.30","BURLINGTON PIERS (AUT)","6151061","2024-03-23 00:00","2024","03","23","00:00","","-0.8","","-1.4","","96","","","","4","","39","","","","101.00","","","","-8","","NA"
"-79.80","43.30","BURLINGTON PIERS (AUT)","6151061","2024-03-23 01:00","2024","03","23","01:00","","-3.2","","-4.3","","92","","","","36","","27","","","","101.01","","","","-10","","NA"
"-79.80","43.30","BURLINGTON PIERS (AUT)","6151061","2024-03-23 02:00","2024","03","23","02:00","","-3.6","","-3.6","","100","","","","36","","27","","","","100.98","","","","-11","","NA"
"-79.80","43.30","BURLINGTON PIERS (AUT)","6151061","2024-03-23 03:00","2024","03","23","03:00","","-4.0","","-4.0","","100","","","","35","","28","","","","100.94","","","","-11","","NA"
"-79.80","43.30","BURLINGTON PIERS (AUT)","6151061","2024-03-23 04:00","2024","03","23","04:00","","-4.0","","-4.1","","99","","","","35","","28","","","","100.93","","","","-11","","NA"
"-79.80","43.30","BURLINGTON PIERS (AUT)","6151061","2024-03-23 05:00","2024","03","23","05:00","","-4.9","","-5.7","","94","","","","34","","24","","","","101.01","","","","-12","","NA"
"-79.80","43.30","BURLINGTON PIERS (AUT)","6151061","2024-03-23 06:00","2024","03","23","06:00","","-4.6","","-7.3","","82","","","","34","","21","","","","101.06","","","","-11","","NA"
"-79.80","43.30","BURLINGTON PIERS (AUT)","6151061","2024-03-23 07:00","2024","03","23","07:00","","-4.9","","-7.6","","81","","","","33","","30","","","","101.08","","","","-13","","NA"
"-79.80","43.30","BURLINGTON PIERS (AUT)","6151061","2024-03-23 08:00","2024","03","23","08:00","","-4.6","","-7.3","","81","","","","33","","26","","","","101.12","","","","-12","","NA"
"-79.80","43.30","BURLINGTON PIERS (AUT)","6151061","2024-03-23 09:00","2024","03","23","09:00","","-3.7","","-6.7","","80","","","","34","","19","","","","101.19","","","","-10","","NA"
"-79.80","43.30","BURLINGTON PIERS (AUT)","6151061","2024-03-23 10:00","2024","03","23","10:00","","-2.9","","-8.2","","67","","","","35","","18","","","","101.22","","","","-9","","NA"
"-79.80","43.30","BURLINGTON PIERS (AUT)","6151061","2024-03-23 11:00","2024","03","23","11:00","","-1.6","","-8.1","","61","","","","36","","15","","","","101.20","","","","-6","","NA"
"-79.80","43.30","BURLINGTON PIERS (AUT)","6151061","2024-03-23 12:00","2024","03","23","12:00","","-0.3","","-8.1","","56","","","","35","","17","","","","101.16","","","","-5","","NA"
"-79.80","43.30","BURLINGTON PIERS (AUT)","6151061","2024-03-23 13:00","2024","03","23","13:00","","1.1","","-8.1","","50","","","","35","","10","","","","101.09","","","","","","NA"
"-79.80","43.30","BURLINGTON PIERS (AUT)","6151061","2024-03-23 14:00","2024","03","23","14:00","","0.0","","-5.3","","67","","","","11","","15","","","","101.05","","","","-4","","NA"
"-79.80","43.30","BURLINGTON PIERS (AUT)","6151061","2024-03-23 15:00","2024","03","23","15:00","","0.2","","-4.6","","70","","","","9","","22","","","","101.06","","","","","","NA"
"-79.80","43.30","BURLINGTON PIERS (AUT)","6151061","2024-03-23 16:00","2024","03","23","16:00","","1.0","","-5.0","","64","","","","12","","10","","","","101.09","","","","","","NA"
"-79.80","43.30","BURLINGTON PIERS (AUT)","6151061","2024-03-23 17:00","2024","03","23","17:00","","2.6","","-7.9","","46","","","","33","","24","","","","101.10","","","","","","NA"
"-79.80","43.30","BURLINGTON PIERS (AUT)","6151061","2024-03-23 18:00","2024","03","23","18:00","","0.8","","-4.5","","68","","","","34","","31","","","","101.18","","","","","","NA"
"-79.80","43.30","BURLINGTON PIERS (AUT)","6151061","2024-03-23 19:00","2024","03","23","19:00","","0.2","","-6.6","","60","","","","33","","28","","","","101.27","","","","","","NA"
"-79.80","43.30","BURLINGTON PIERS (AUT)","6151061","2024-03-23 20:00","2024","03","23","20:00","","-0.3","","-8.2","","55","","","","31","","17","","","","101.36","","","","-5","","NA"
"-79.80","43.30","BURLINGTON PIERS (AUT)","6151061","2024-03-23 21:00","2024","03","23","21:00","","-1.3","","-10.2","","51","","","","29","","18","","","","101.43","","","","-7","","NA"
"-79.80","43.30","BURLINGTON PIERS (AUT)","6151061","2024-03-23 22:00","2024","03","23","22:00","","-2.1","","-10.5","","52","","","","30","","17","","","","101.49","","","","-7","","NA"
"-79.80","43.30","BURLINGTON PIERS (AUT)","6151061","2024-03-23 23:00","2024","03","23","23:00","","-2.5","","-10.3","","55","","","","30","","12","","","","101.52","","","","-7","","NA"
"-79.80","43.30","BURLINGTON PIERS (AUT)","6151061","2024-03-24 00:00","2024","03","24","00:00","","-2.8","","-10.1","","57","","","","30","","10","","","","101.52","","","","-7","","NA"
"-79.80","43.30","BURLINGTON PIERS (AUT)","6151061","2024-03-24 01:00","2024","03","24","01:00","","-3.0","","-10.9","","54","","","","29","","12","","","","101.56","","","","-7","","NA"
"-79.80","43.30","BURLINGTON PIERS (AUT)","6151061","2024-03-24 02:00","2024","03","24","02:00","","-3.2","","-11.9","","51","","","","29","","12","","","","101.62","","","","-8","","NA"
"-79.80","43.30","BURLINGTON PIERS (AUT)","6151061","2024-03-24 03:00","2024","03","24","03:00","","-3.6","","-8.4","","69","","","","30","","12","","","","101.63","","","","-8","","NA"
"-79.80","43.30","BURLINGTON PIERS (AUT)","6151061","2024-03-24 04:00","2024","03","24","04:00","","-3.8","","-7.6","","75","","","","31","","13","","","","101.67","","","","-9","","NA"
"-79.80","43.30","BURLINGTON PIERS (AUT)","6151061","2024-03-24 05:00","2024","03","24","05:00","","-3.9","","-6.9","","80","","","","33","","15","","","","101.70","","","","-9","","NA"
"-79.80","43.30","BURLINGTON PIERS (AUT)","6151061","2024-03-24 06:00","2024","03","24","06:00","","-3.9","","-6.2","","84","","","","34","","11","","","","101.76","","","","-8","","NA"
"-79.80","43.30","BURLINGTON PIERS (AUT)","6151061","2024-03-24 07:00","2024","03","24","07:00","","-3.5","","-6.0","","83","","","","35","","14","","","","101.84","","","","-9","","NA"
"-79.80","43.30","BURLINGTON PIERS (AUT)","6151061","2024-03-24 08:00","2024","03","24","08:00","","-3.1","","-6.6","","77","","","","1","","12","","","","101.89","","","","-8","","NA"
"-79.80","43.30","BURLINGTON PIERS (AUT)","6151061","2024-03-24 09:00","2024","03","24","09:00","","-2.3","","-7.7","","67","","","","3","","15","","","","101.94","","","","-7","","NA"
"-79.80","43.30","BURLINGTON PIERS (AUT)","6151061","2024-03-24 10:00","2024","03","24","10:00","","-2.2","","-11.9","","47","","","","5","","17","","","","102.01","","","","-8","","NA"
"-79.80","43.30","BURLINGTON PIERS (AUT)","6151061","2024-03-24 11:00","2024","03","24","11:00","","-2.0","","-11.4","","49","","","","5","","12","","","","102.07","","","","-6","","NA"
"-79.80","43.30","BURLINGTON PIERS (AUT)","6151061","2024-03-24 12:00","2024","03","24","12:00","","-1.9","","-10.3","","53","","","","7","","12","","","","102.05","","","","-6","","NA"
"-79.80","43.30","BURLINGTON PIERS (AUT)","6151061","2024-03-24 13:00","2024","03","24","13:00","","-1.6","","-9.5","","55","","","","8","","15","","","","102.01","","","","-6","","NA"
"-79.80","43.30","BURLINGTON PIERS (AUT)","6151061","2024-03-24 14:00","2024","03","24","14:00","","-1.4","","-9.3","","55","","","","8","","17","","","","101.96","","","","-7","","NA"
"-79.80","43.30","BURLINGTON PIERS (AUT)","6151061","2024-03-24 15:00","2024","03","24","15:00","","-0.9","","-10.3","","49","","","","7","","14","","","","101.92","","","","-5","","NA"
"-79.80","43.30","BURLINGTON PIERS (AUT)","6151061","2024-03-24 16:00","2024","03","24","16:00","","-0.7","","-10.5","","47","","","","5","","17","","","","101.86","","","","-6","","NA"
"-79.80","43.30","BURLINGTON PIERS (AUT)","6151061","2024-03-24 17:00","2024","03","24","17:00","","-0.4","","-11.7","","42","","","","6","","16","","","","101.87","","","","-5","","NA"
"-79.80","43.30","BURLINGTON PIERS (AUT)","6151061","2024-03-24 18:00","2024","03","24","18:00","","-0.1","","-10.9","","44","","","","7","","18","","","","101.87","","","","-5","","NA"
"-79.80","43.30","BURLINGTON PIERS (AUT)","6151061","2024-03-24 19:00","2024","03","24","19:00","","0.4","","-8.6","","51","","","","7","","23","","","","101.83","","","","","","NA"
"-79.80","43.30","BURLINGTON PIERS (AUT)","6151061","2024-03-24 20:00","2024","03","24","20:00","","1.0","","-8.5","","49","","","","7","","31","","","","101.82","","","","","","NA"
"-79.80","43.30","BURLINGTON PIERS (AUT)","6151061","2024-03-24 21:00","2024","03","24","21:00","","1.1","","-9.4","","45","","","","7","","27","","","","101.86","","","","","","NA"
"-79.80","43.30","BURLINGTON PIERS (AUT)","6151061","2024-03-24 22:00","2024","03","24","22:00","","0.9","","-7.0","","55","","","","9","","30","","","","101.83","","","","","","NA"
"-79.80","43.30","BURLINGTON PIERS (AUT)","6151061","2024-03-24 23:00","2024","03","24","23:00","","0.8","","-8.0","","52","","","","8","","34","","","","101.81","","","","","","NA"
"-79.80","43.30","BURLINGTON PIERS (AUT)","6151061","2024-03-25 00:00","2024","03","25","00:00","","0.6","","-7.9","","53","","","","7","","28","","","","101.78","","","","","","NA"
"-79.80","43.30","BURLINGTON PIERS (AUT)","6151061","2024-03-25 01:00","2024","03","25","01:00","","0.3","","-8.0","","54","","","","7","","24","","","","101.75","","","","","","NA"
"-79.80","43.30","BURLINGTON PIERS (AUT)","6151061","2024-03-25 02:00","2024","03","25","02:00","","0.2","","-7.0","","58","","","","7","","21","","","","101.71","","","","","","NA"
"-79.80","43.30","BURLINGTON PIERS (AUT)","6151061","2024-03-25 03:00","2024","03","25","03:00","","0.4","","-6.5","","60","","","","7","","20","","","","101.59","","","","","","NA"
"-79.80","43.30","BURLINGTON PIERS (AUT)","6151061","2024-03-25 04:00","2024","03","25","04:00","","0.5","","-6.1","","61","","","","7","","19","","","","101.54","","","","","","NA"
"-79.80","43.30","BURLINGTON PIERS (AUT)","6151061","2024-03-25 05:00","2024","03","25","05:00","","0.7","","-5.3","","64","","","","6","","20","","","","101.49","","","","","","NA"
"-79.80","43.30","BURLINGTON PIERS (AUT)","6151061","2024-03-25 06:00","2024","03","25","06:00","","1.2","","-4.5","","66","","","","6","","17","","","","101.49","","","","","","NA"
"-79.80","43.30","BURLINGTON PIERS (AUT)","6151061","2024-03-25 07:00","2024","03","25","07:00","","1.5","","-3.5","","69","","","","7","","18","","","","101.48","","","","","","NA"
"-79.80","43.30","BURLINGTON PIERS (AUT)","6151061","2024-03-25 08:00","2024","03","25","08:00","","1.6","","-4.0","","66","","","","6","","16","","","","101.49","","","","","","NA"
"-79.80","43.30","BURLINGTON PIERS (AUT)","6151061","2024-03-25 09:00","2024","03","25","09:00","","1.7","","-3.4","","69","","","","6","","14","","","","101.50","","","","","","NA"
"-79.80","43.30","BURLINGTON PIERS (AUT)","6151061","2024-03-25 10:00","2024","03","25","10:00","","2.1","","-3.0","","69","","","","6","","11","","","","101.51","","","","","","NA"
"-79.80","43.30","BURLINGTON PIERS (AUT)","6151061","2024-03-25 11:00","2024","03","25","11:00","","2.5","","-2.6","","69","","","","6","","9","","","","101.47","","","","","","NA"
"-79.80","43.30","BURLINGTON PIERS (AUT)","6151061","2024-03-25 12:00","2024","03","25","12:00","","3.2","","0.9","","85","","","","4","","15","","","","101.39","","","","","","NA"
"-79.80","43.30","BURLINGTON PIERS (AUT)","6151061","2024-03-25 13:00","2024","03","25","13:00","","3.6","","0.7","","81","","","","3","","15","","","","101.32","","","","","","NA"
"-79.80","43.30","BURLINGTON PIERS (AUT)","6151061","2024-03-25 14:00","2024","03","25","14:00","","3.8","","2.0","","88","","","","3","","15","","","","101.23","","","","","","NA"
"-79.80","43.30","BURLINGTON PIERS (AUT)","6151061","2024-03-25 15:00","2024","03","25","15:00","","3.9","","2.1","","88","","","","3","","19","","","","101.14","","","","","","NA"
"-79.80","43.30","BURLINGTON PIERS (AUT)","6151061","2024-03-25 16:00","2024","03","25","16:00","","4.1","","3.0","","93","","","","3","","14","","","","101.13","","","","","","NA"
"-79.80","43.30","BURLINGTON PIERS (AUT)","6151061","2024-03-25 17:00","2024","03","25","17:00","","4.4","","2.6","","89","","","","2","","18","","","","101.12","","","","","","NA"
"-79.80","43.30","BURLINGTON PIERS (AUT)","6151061","2024-03-25 18:00","2024","03","25","18:00","","4.0","","1.8","","85","","","","2","","21","","","","101.02","","","","","","NA"
"-79.80","43.30","BURLINGTON PIERS (AUT)","6151061","2024-03-25 19:00","2024","03","25","19:00","","4.0","","4.0","","100","","","","2","","17","","","","100.95","","","","","","NA"
"-79.80","43.30","BURLINGTON PIERS (AUT)","6151061","2024-03-25 20:00","2024","03","25","20:00","","4.6","","4.2","","97","","","","1","","17","","","","100.93","","","","","","NA"
"-79.80","43.30","BURLINGTON PIERS (AUT)","6151061","2024-03-25 21:00","2024","03","25","21:00","","4.6","","3.7","","94","","","","1","","17","","","","100.83","","","","","","NA"
"-79.80","43.30","BURLINGTON PIERS (AUT)","6151061","2024-03-25 22:00","2024","03","25","22:00","","4.5","","4.5","","100","","","","1","","17","","","","100.72","","","","","","NA"
"-79.80","43.30","BURLINGTON PIERS (AUT)","6151061","2024-03-25 23:00","2024","03","25","23:00","","4.6","","3.7","","94","","","","34","","11","","","","100.73","","","","","","NA"
"-79.80","43.30","BURLINGTON PIERS (AUT)","6151061","2024-03-26 00:00","2024","03","26","00:00","","4.3","","4.1","","98","","","","35","","9","","","","100.71","","","","","","NA"
"-79.80","43.30","BURLINGTON PIERS (AUT)","6151061","2024-03-26 01:00","2024","03","26","01:00","","4.5","","4.3","","99","","","","36","","12","","","","100.66","","","","","","NA"
"-79.80","43.30","BURLINGTON PIERS (AUT)","6151061","2024-03-26 02:00","2024","03","26","02:00","","4.9","","4.0","","94","","","","1","","13","","","","100.67","","","","","","NA"
"-79.80","43.30","BURLINGTON PIERS (AUT)","6151061","2024-03-26 03:00","2024","03","26","03:00","","4.4","","4.4","","100","","","","6","","6","","","","100.62","","","","","","NA"
"-79.80","43.30","BURLINGTON PIERS (AUT)","6151061","2024-03-26 04:00","2024","03","26","04:00","","4.5","","4.5","","100","","","","5","","14","","","","100.50","","","","","","NA"
"-79.80","43.30","BURLINGTON PIERS (AUT)","6151061","2024-03-26 05:00","2024","03","26","05:00","","4.3","","","M","","M","","","5","","8","","","","100.48","","","","","","NA"
"-79.80","43.30","BURLINGTON PIERS (AUT)","6151061","2024-03-26 06:00","2024","03","26","06:00","","4.6","","4.6","","100","","","","3","","7","","","","100.48","","","","","","NA"
"-79.80","43.30","BURLINGTON PIERS (AUT)","6151061","2024-03-26 07:00","2024","03","26","07:00","","4.7","","4.7","","100","","","","3","","6","","","","100.54","","","","","","NA"
"-79.80","43.30","BURLINGTON PIERS (AUT)","6151061","2024-03-26 08:00","2024","03","26","08:00","","4.4","","","M","","M","","","36","","7","","","","100.53","","","","","","NA"
"-79.80","43.30","BURLINGTON PIERS (AUT)","6151061","2024-03-26 09:00","2024","03","26","09:00","","4.9","","3.9","","94","","","","4","","13","","","","100.49","","","","","","NA"
"-79.80","43.30","BURLINGTON PIERS (AUT)","6151061","2024-03-26 10:00","2024","03","26","10:00","","4.9","","2.6","","85","","","","33","","6","","","","100.56","","","","","","NA"
"-79.80","43.30","BURLINGTON PIERS (AUT)","6151061","2024-03-26 11:00","2024","03","26","11:00","","6.0","","2.5","","78","","","","10","","12","","","","100.48","","","","","","NA"
"-79.80","43.30","BURLINGTON PIERS (AUT)","6151061","2024-03-26 12:00","2024","03","26","12:00","","6.2","","3.8","","85","","","","8","","13","","","","100.44","","","","","","NA"
"-79.80","43.30","BURLINGTON PIERS (AUT)","6151061","2024-03-26 13:00","2024","03","26","13:00","","6.4","","3.5","","81","","","","5","","14","","","","100.33","","","","","","NA"
"-79.80","43.30","BURLINGTON PIERS (AUT)","6151061","2024-03-26 14:00","2024","03","26","14:00","","4.7","","2.7","","87","","","","6","","18","","","","100.23","","","","","","NA"
"-79.80","43.30","BURLINGTON PIERS (AUT)","6151061","2024-03-26 15:00","2024","03","26","15:00","","4.2","","3.4","","95","","","","3","","21","","","","100.16","","","","","","NA"
"-79.80","43.30","BURLINGTON PIERS (AUT)","6151061","2024-03-26 16:00","2024","03","26","16:00","","4.1","","3.1","","93","","","","2","","17","","","","100.14","","","","","","NA"
"-79.80","43.30","BURLINGTON PIERS (AUT)","6151061","2024-03-26 17:00","2024","03","26","17:00","","3.9","","3.2","","95","","","","4","","4","","","","100.13","","","","","","NA"
"-79.80","43.30","BURLINGTON PIERS (AUT)","6151061","2024-03-26 18:00","2024","03","26","18:00","","4.0","","3.4","","96","","","","36","","8","","","","100.05","","","","","","NA"
"-79.80","43.30","BURLINGTON PIERS (AUT)","6151061","2024-03-26 19:00","2024","03","26","19:00","","4.0","","","M","","M","","","1","","8","","","","99.97","","","","","","NA"
"-79.80","43.30","BURLINGTON PIERS (AUT)","6151061","2024-03-26 20:00","2024","03","26","20:00","","4.5","","","M","","M","","","6","","20","","","","99.78","","","","","","NA"
"-79.80","43.30","BURLINGTON PIERS (AUT)","6151061","2024-03-26 21:00","2024","03","26","21:00","","4.6","","","M","","M","","","36","","5","","","","99.89","","","","","","NA"
"-79.80","43.30","BURLINGTON PIERS (AUT)","6151061","2024-03-26 22:00","2024","03","26","22:00","","5.1","","","M","","M","","","36","","11","","","","99.84","","","","","","NA"
"-79.80","43.30","BURLINGTON PIERS (AUT)","6151061","2024-03-26 23:00","2024","03","26","23:00","","4.6","","","M","","M","","","2","","11","","","","99.80","","","","","","NA"
"-79.80","43.30","BURLINGTON PIERS (AUT)","6151061","2024-03-27 00:00","2024","03","27","00:00","","6.9","","","M","","M","","","36","","12","","","","99.76","","","","","","NA"
"-79.80","43.30","BURLINGTON PIERS (AUT)","6151061","2024-03-27 01:00","2024","03","27","01:00","","10.5","","8.4","","87","","","","19","","21","","","","99.80","","","","","","NA"
"-79.80","43.30","BURLINGTON PIERS (AUT)","6151061","2024-03-27 02:00","2024","03","27","02:00","","9.6","","8.6","","94","","","","20","","12","","","","99.82","","","","","","NA"
"-79.80","43.30","BURLINGTON PIERS (AUT)","6151061","2024-03-27 03:00","2024","03","27","03:00","","10.1","","7.9","","86","","","","18","","16","","","","99.85","","","","","","NA"
"-79.80","43.30","BURLINGTON PIERS (AUT)","6151061","2024-03-27 04:00","2024","03","27","04:00","","8.9","","6.2","","83","","","","20","","21","","","","99.93","","","","","","NA"
"-79.80","43.30","BURLINGTON PIERS (AUT)","6151061","2024-03-27 05:00","2024","03","27","05:00","","8.2","","5.5","","83","","","","20","","17","","","","100.02","","","","","","NA"
"-79.80","43.30","BURLINGTON PIERS (AUT)","6151061","2024-03-27 06:00","2024","03","27","06:00","","7.8","","5.4","","85","","","","21","","17","","","","100.11","","","","","","NA"
"-79.80","43.30","BURLINGTON PIERS (AUT)","6151061","2024-03-27 07:00","2024","03","27","07:00","","7.4","","3.3","","75","","","","21","","19","","","","100.19","","","","","","NA"
"-79.80","43.30","BURLINGTON PIERS (AUT)","6151061","2024-03-27 08:00","2024","03","27","08:00","","6.7","","2.8","","76","","","","22","","16","","","","100.28","","","","","","NA"
"-79.80","43.30","BURLINGTON PIERS (AUT)","6151061","2024-03-27 09:00","2024","03","27","09:00","","6.6","","2.3","","74","","","","22","","18","","","","100.36","","","","","","NA"
"-79.80","43.30","BURLINGTON PIERS (AUT)","6151061","2024-03-27 10:00","2024","03","27","10:00","","7.4","","2.9","","73","","","","22","","15","","","","100.38","","","","","","NA"
"-79.80","43.30","BURLINGTON PIERS (AUT)","6151061","2024-03-27 11:00","2024","03","27","11:00","","7.8","","2.5","","69","","","","21","","22","","","","100.46","","","","","","NA"
"-79.80","43.30","BURLINGTON PIERS (AUT)","6151061","2024-03-27 12:00","2024","03","27","12:00","","7.5","","2.9","","73","","","","21","","22","","","","100.50","","","","","","NA"
"-79.80","43.30","BURLINGTON PIERS (AUT)","6151061","2024-03-27 13:00","2024","03","27","13:00","","7.2","","2.2","","71","","","","22","","17","","","","100.48","","","","","","NA"
"-79.80","43.30","BURLINGTON PIERS (AUT)","6151061","2024-03-27 14:00","2024","03","27","14:00","","7.0","","1.1","","66","","","","21","","24","","","","100.48","","","","","","NA"
"-79.80","43.30","BURLINGTON PIERS (AUT)","6151061","2024-03-27 15:00","2024","03","27","15:00","","6.6","","1.0","","67","","","","21","","19","","","","100.65","","","","","","NA"
"-79.80","43.30","BURLINGTON PIERS (AUT)","6151061","2024-03-27 16:00","2024","03","27","16:00","","6.0","","1.0","","70","","","","24","","13","","","","100.72","","","","","","NA"
"-79.80","43.30","BURLINGTON PIERS (AUT)","6151061","2024-03-27 17:00","2024","03","27","17:00","","6.2","","0.4","","66","","","","22","","17","","","","100.76","","","","","","NA"
"-79.80","43.30","BURLINGTON PIERS (AUT)","6151061","2024-03-27 18:00","2024","03","27","18:00","","6.1","","-0.7","","62","","","","21","","15","","","","100.79","","","","","","NA"
"-79.80","43.30","BURLINGTON PIERS (AUT)","6151061","2024-03-27 19:00","2024","03","27","19:00","","5.6","","0.9","","72","","","","22","","12","","","","100.82","","","","","","NA"
"-79.80","43.30","BURLINGTON PIERS (AUT)","6151061","2024-03-27 20:00","2024","03","27","20:00","","5.2","","0.8","","73","","","","21","","15","","","","100.90","","","","","","NA"
"-79.80","43.30","BURLINGTON PIERS (AUT)","6151061","2024-03-27 21:00","2024","03","27","21:00","","4.8","","-0.4","","69","","","","24","","11","","","","100.92","","","","","","NA"
"-79.80","43.30","BURLINGTON PIERS (AUT)","6151061","2024-03-27 22:00","2024","03","27","22:00","","4.4","","0.0","","73","","","","22","","11","","","","100.95","","","","","","NA"
"-79.80","43.30","BURLINGTON PIERS (AUT)","6151061","2024-03-27 23:00","2024","03","27","23:00","","4.0","","0.8","","80","","","","25","","10","","","","100.94","","","","","","NA"
"-79.80","43.30","BURLINGTON PIERS (AUT)","6151061","2024-03-28 00:00","2024","03","28","00:00","","3.7","","-1.9","","67","","","","26","","7","","","","100.97","","","","","","NA"
"-79.80","43.30","BURLINGTON PIERS (AUT)","6151061","2024-03-28 01:00","2024","03","28","01:00","","3.7","","-3.6","","59","","","","25","","11","","","","101.04","","","","","","NA"
"-79.80","43.30","BURLINGTON PIERS (AUT)","6151061","2024-03-28 02:00","2024","03","28","02:00","","2.9","","-2.6","","67","","","","26","","13","","","","101.05","","","","","","NA"
"-79.80","43.30","BURLINGTON PIERS (AUT)","6151061","2024-03-28 03:00","2024","03","28","03:00","","2.4","","-1.8","","73","","","","25","","9","","","","101.06","","","","","","NA"
"-79.80","43.30","BURLINGTON PIERS (AUT)","6151061","2024-03-28 04:00","2024","03","28","04:00","","2.3","","-2.2","","73","","","","28","","7","","","","101.04","","","","","","NA"
"-79.80","43.30","BURLINGTON PIERS (AUT)","6151061","2024-03-28 05:00","2024","03","28","05:00","","2.2","","-2.0","","74","","","","25","","7","","","","101.06","","","","","","NA"
"-79.80","43.30","BURLINGTON PIERS (AUT)","6151061","2024-03-28 06:00","2024","03","28","06:00","","1.6","","-3.4","","69","","","","20","","5","","","","101.04","","","","","","NA"
"-79.80","43.30","BURLINGTON PIERS (AUT)","6151061","2024-03-28 07:00","2024","03","28","07:00","","1.8","","-0.9","","82","","","","25","","5","","","","101.07","","","","","","NA"
"-79.80","43.30","BURLINGTON PIERS (AUT)","6151061","2024-03-28 08:00","2024","03","28","08:00","","2.2","","-4.0","","63","","","","24","","8","","","","101.11","","","","","","NA"
"-79.80","43.30","BURLINGTON PIERS (AUT)","6151061","2024-03-28 09:00","2024","03","28","09:00","","3.1","","-4.8","","56","","","","23","","11","","","","101.08","","","","","","NA"
"-79.80","43.30","BURLINGTON PIERS (AUT)","6151061","2024-03-28 10:00","2024","03","28","10:00","","4.1","","-5.2","","51","","","","22","","11","","","","101.03","","","","","","NA"
"-79.80","43.30","BURLINGTON PIERS (AUT)","6151061","2024-03-28 11:00","2024","03","28","11:00","","5.3","","-3.3","","54","","","","23","","15","","","","100.93","","","","","","NA"
"-79.80","43.30","BURLINGTON PIERS (AUT)","6151061","2024-03-28 12:00","2024","03","28","12:00","","6.3","","-4.5","","46","","","","23","","14","","","","100.86","","","","","","NA"
"-79.80","43.30","BURLINGTON PIERS (AUT)","6151061","2024-03-28 13:00","2024","03","28","13:00","","6.8","","-4.3","","45","","","","22","","14","","","","100.81","","","","","","NA"
"-79.80","43.30","BURLINGTON PIERS (AUT)","6151061","2024-03-28 14:00","2024","03","28","14:00","","7.3","","0.7","","63","","","","23","","13","","","","100.70","","","","","","NA"
"-79.80","43.30","BURLINGTON PIERS (AUT)","6151061","2024-03-28 15:00","2024","03","28","15:00","","7.6","","2.1","","68","","","","23","","14","","","","100.63","","","","","","NA"
"-79.80","43.30","BURLINGTON PIERS (AUT)","6151061","2024-03-28 16:00","2024","03","28","16:00","","8.1","","1.3","","62","","","","23","","14","","","","100.57","","","","","","NA"
"-79.80","43.30","BURLINGTON PIERS (AUT)","6151061","2024-03-28 17:00","2024","03","28","17:00","","7.9","","2.0","","66","","","","22","","13","","","","100.53","","","","","","NA"
"-79.80","43.30","BURLINGTON PIERS (AUT)","6151061","2024-03-28 18:00","2024","03","28","18:00","","7.5","","-0.1","","59","","","","22","","12","","","","100.53","","","","","","NA"
"-79.80","43.30","BURLINGTON PIERS (AUT)","6151061","2024-03-28 19:00","2024","03","28","19:00","","6.7","","-1.8","","55","","","","21","","17","","","","100.54","","","","","","NA"
"-79.80","43.30","BURLINGTON PIERS (AUT)","6151061","2024-03-28 20:00","2024","03","28","20:00","","5.9","","-2.0","","57","","","","22","","11","","","","100.56","","","","","","NA"
"-79.80","43.30","BURLINGTON PIERS (AUT)","6151061","2024-03-28 21:00","2024","03","28","21:00","","5.3","","0.4","","71","","","","24","","7","","","","100.59","","","","","","NA"
"-79.80","43.30","BURLINGTON PIERS (AUT)","6151061","2024-03-28 22:00","2024","03","28","22:00","","4.3","","1.7","","83","","","","25","","5","","","","100.58","","","","","","NA"
"-79.80","43.30","BURLINGTON PIERS (AUT)","6151061","2024-03-28 23:00","2024","03","28","23:00","","3.7","","1.2","","84","","","","25","","9","","","","100.55","","","","","","NA"
"-79.80","43.30","BURLINGTON PIERS (AUT)","6151061","2024-03-29 00:00","2024","03","29","00:00","","3.4","","0.6","","82","","","","25","","9","","","","100.53","","","","","","NA"
"-79.80","43.30","BURLINGTON PIERS (AUT)","6151061","2024-03-29 01:00","2024","03","29","01:00","","3.0","","0.7","","85","","","","24","","9","","","","100.52","","","","","","NA"
"-79.80","43.30","BURLINGTON PIERS (AUT)","6151061","2024-03-29 02:00","2024","03","29","02:00","","2.5","","-0.9","","79","","","","24","","10","","","","100.49","","","","","","NA"
"-79.80","43.30","BURLINGTON PIERS (AUT)","6151061","2024-03-29 03:00","2024","03","29","03:00","","2.2","","-1.1","","79","","","","25","","6","","","","100.46","","","","","","NA"
"-79.80","43.30","BURLINGTON PIERS (AUT)","6151061","2024-03-29 04:00","2024","03","29","04:00","","1.4","","-2.3","","76","","","","34","","25","","","","100.49","","","","","","NA"
"-79.80","43.30","BURLINGTON PIERS (AUT)","6151061","2024-03-29 05:00","2024","03","29","05:00","","0.9","","-0.4","","91","","","","33","","20","","","","100.56","","","","","","NA"
"-79.80","43.30","BURLINGTON PIERS (AUT)","6151061","2024-03-29 06:00","2024","03","29","06:00","","0.8","","-0.2","","93","","","","30","","9","","","","100.60","","","","","","NA"
"-79.80","43.30","BURLINGTON PIERS (AUT)","6151061","2024-03-29 07:00","2024","03","29","07:00","","1.1","","-0.9","","87","","","","28","","5","","","","100.65","","","","","","NA"
"-79.80","43.30","BURLINGTON PIERS (AUT)","6151061","2024-03-29 08:00","2024","03","29","08:00","","1.5","","-0.7","","85","","","","25","","9","","","","100.66","","","","","","NA"
"-79.80","43.30","BURLINGTON PIERS (AUT)","6151061","2024-03-29 09:00","2024","03","29","09:00","","2.5","","-4.8","","58","","","","29","","15","","","","100.65","","","","","","NA"
"-79.80","43.30","BURLINGTON PIERS (AUT)","6151061","2024-03-29 10:00","2024","03","29","10:00","","2.5","","-4.2","","61","","","","28","","18","","","","100.64","","","","","","NA"
"-79.80","43.30","BURLINGTON PIERS (AUT)","6151061","2024-03-29 11:00","2024","03","29","11:00","","3.2","","-3.0","","64","","","","27","","12","","","","100.67","","","","","","NA"
"-79.80","43.30","BURLINGTON PIERS (AUT)","6151061","2024-03-29 12:00","2024","03","29","12:00","","3.9","","-5.4","","51","","","","28","","18","","","","100.63","","","","","","NA"
"-79.80","43.30","BURLINGTON PIERS (AUT)","6151061","2024-03-29 13:00","2024","03","29","13:00","","4.8","","-4.6","","51","","","","27","","16","","","","100.58","","","","","","NA"
"-79.80","43.30","BURLINGTON PIERS (AUT)","6151061","2024-03-29 14:00","2024","03","29","14:00","","5.3","","-4.0","","51","","","","28","","22","","","","100.56","","","","","","NA"
"-79.80","43.30","BURLINGTON PIERS (AUT)","6151061","2024-03-29 15:00","2024","03","29","15:00","","5.3","","-3.5","","53","","","","27","","17","","","","100.57","","","","","","NA"
"-79.80","43.30","BURLINGTON PIERS (AUT)","6151061","2024-03-29 16:00","2024","03","29","16:00","","5.5","","-4.1","","50","","","","28","","19","","","","100.52","","","","","","NA"
"-79.80","43.30","BURLINGTON PIERS (AUT)","6151061","2024-03-29 17:00","2024","03","29","17:00","","5.5","","-4.0","","50","","","","26","","14","","","","100.53","","","","","","NA"
"-79.80","43.30","BURLINGTON PIERS (AUT)","6151061","2024-03-29 18:00","2024","03","29","18:00","","5.4","","-3.8","","52","","","","29","","19","","","","100.54","","","","","","NA"
"-79.80","43.30","BURLINGTON PIERS (AUT)","6151061","2024-03-29 19:00","2024","03","29","19:00","","4.6","","-2.7","","59","","","","30","","20","","","","100.57","","","","","","NA"
"-79.80","43.30","BURLINGTON PIERS (AUT)","6151061","2024-03-29 20:00","2024","03","29","20:00","","2.8","","-3.4","","63","","","","31","","19","","","","100.65","","","","","","NA"
"-79.80","43.30","BURLINGTON PIERS (AUT)","6151061","2024-03-29 21:00","2024","03","29","21:00","","2.3","","-1.8","","74","","","","29","","7","","","","100.68","","","","","","NA"
"-79.80","43.30","BURLINGTON PIERS (AUT)","6151061","2024-03-29 22:00","2024","03","29","22:00","","2.2","","-2.9","","69","","","","24","","9","","","","100.69","","","","","","NA"
"-79.80","43.30","BURLINGTON PIERS (AUT)","6151061","2024-03-29 23:00","2024","03","29","23:00","","1.4","","-1.6","","80","","","","27","","6","","","","100.70","","","","","","NA"
"-79.80","43.30","BURLINGTON PIERS (AUT)","6151061","2024-03-30 00:00","2024","03","30","00:00","","1.2","","-0.6","","88","","","","25","","8","","","","100.69","","","","","","NA"
"-79.80","43.30","BURLINGTON PIERS (AUT)","6151061","2024-03-30 01:00","2024","03","30","01:00","","1.0","","0.6","","97","","","","25","","10","","","","100.66","","","","","","NA"
"-79.80","43.30","BURLINGTON PIERS (AUT)","6151061","2024-03-30 02:00","2024","03","30","02:00","","0.5","","0.1","","97","","","","26","","8","","","","100.63","","","","","","NA"
"-79.80","43.30","BURLINGTON PIERS (AUT)","6151061","2024-03-30 03:00","2024","03","30","03:00","","0.0","","-3.6","","77","","","","26","","7","","","","100.58","","","","-2","","NA"
"-79.80","43.30","BURLINGTON PIERS (AUT)","6151061","2024-03-30 04:00","2024","03","30","04:00","","0.1","","-3.3","","78","","","","24","","6","","","","100.56","","","","","","NA"
"-79.80","43.30","BURLINGTON PIERS (AUT)","6151061","2024-03-30 05:00","2024","03","30","05:00","","-0.2","","-3.5","","79","","","","24","","10","","","","100.58","","","","-4","","NA"
"-79.80","43.30","BURLINGTON PIERS (AUT)","6151061","2024-03-30 06:00","2024","03","30","06:00","","-0.3","","-3.1","","81","","","","25","","6","","","","100.51","","","","-2","","NA"
"-79.80","43.30","BURLINGTON PIERS (AUT)","6151061","2024-03-30 07:00","2024","03","30","07:00","","0.8","","-3.0","","75","","","","","","0","","","","100.48","","","","","","NA"
"-79.80","43.30","BURLINGTON PIERS (AUT)","6151061","2024-03-30 08:00","2024","03","30","08:00","","0.9","","-3.1","","74","","","","20","","3","","","","100.48","","","","","","NA"
"-79.80","43.30","BURLINGTON PIERS (AUT)","6151061","2024-03-30 09:00","2024","03","30","09:00","","2.4","","-3.3","","66","","","","","","0","","","","100.42","","","","","","NA"
"-79.80","43.30","BURLINGTON PIERS (AUT)","6151061","2024-03-30 10:00","2024","03","30","10:00","","2.0","","-3.8","","65","","","","5","","5","","","","100.34","","","","","","NA"
"-79.80","43.30","BURLINGTON PIERS (AUT)","6151061","2024-03-30 11:00","2024","03","30","11:00","","2.5","","-2.7","","69","","","","5","","7","","","","100.28","","","","","","NA"
"-79.80","43.30","BURLINGTON PIERS (AUT)","6151061","2024-03-30 12:00","2024","03","30","12:00","","2.5","","-1.7","","74","","","","6","","10","","","","100.20","","","","","","NA"
"-79.80","43.30","BURLINGTON PIERS (AUT)","6151061","2024-03-30 13:00","2024","03","30","13:00","","2.9","","-2.2","","69","","","","6","","11","","","","100.11","","","","","","NA"
"-79.80","43.30","BURLINGTON PIERS (AUT)","6151061","2024-03-30 14:00","2024","03","30","14:00","","3.2","","-1.0","","74","","","","7","","15","","","","99.99","","","","","","NA"
"-79.80","43.30","BURLINGTON PIERS (AUT)","6151061","2024-03-30 15:00","2024","03","30","15:00","","3.6","","-0.1","","77","","","","11","","16","","","","99.93","","","","","","NA"
"-79.80","43.30","BURLINGTON PIERS (AUT)","6151061","2024-03-30 16:00","2024","03","30","16:00","","3.7","","1.1","","84","","","","12","","9","","","","99.92","","","","","","NA"
"-79.80","43.30","BURLINGTON PIERS (AUT)","6151061","2024-03-30 17:00","2024","03","30","17:00","","3.8","","1.7","","86","","","","12","","7","","","","99.92","","","","","","NA"
"-79.80","43.30","BURLINGTON PIERS (AUT)","6151061","2024-03-30 18:00","2024","03","30","18:00","","4.1","","4.1","","100","","","","","","0","","","","99.95","","","","","","NA"
"-79.80","43.30","BURLINGTON PIERS (AUT)","6151061","2024-03-30 19:00","2024","03","30","19:00","","4.7","","3.8","","94","","","","22","","7","","","","99.96","","","","","","NA"
"-79.80","43.30","BURLINGTON PIERS (AUT)","6151061","2024-03-30 20:00","2024","03","30","20:00","","5.2","","4.8","","97","","","","23","","10","","","","99.99","","","","","","NA"
"-79.80","43.30","BURLINGTON PIERS (AUT)","6151061","2024-03-30 21:00","2024","03","30","21:00","","5.2","","5.2","","100","","","","24","","10","","","","100.03","","","","","","NA"
"-79.80","43.30","BURLINGTON PIERS (AUT)","6151061","2024-03-30 22:00","2024","03","30","22:00","","5.3","","","M","","M","","","24","","7","","","","100.02","","","","","","NA"
"-79.80","43.30","BURLINGTON PIERS (AUT)","6151061","2024-03-30 23:00","2024","03","30","23:00","","5.3","","","M","","M","","","23","","8","","","","100.03","","","","","","NA"
"-79.80","43.30","BURLINGTON PIERS (AUT)","6151061","2024-03-31 00:00","2024","03","31","00:00","","5.4","","0.6","","71","","","","34","","11","","","","100.11","","","","","","NA"
"-79.80","43.30","BURLINGTON PIERS (AUT)","6151061","2024-03-31 01:00","2024","03","31","01:00","","4.6","","1.1","","78","","","","36","","13","","","","100.17","","","","","","NA"
"-79.80","43.30","BURLINGTON PIERS (AUT)","6151061","2024-03-31 02:00","2024","03","31","02:00","","4.5","","2.0","","84","","","","34","","11","","","","100.22","","","","","","NA"
"-79.80","43.30","BURLINGTON PIERS (AUT)","6151061","2024-03-31 03:00","2024","03","31","03:00","","4.4","","2.2","","85","","","","30","","8","","","","100.29","","","","","","NA"
"-79.80","43.30","BURLINGTON PIERS (AUT)","6151061","2024-03-31 04:00","2024","03","31","04:00","","4.2","","2.2","","87","","","","30","","8","","","","100.35","","","","","","NA"
"-79.80","43.30","BURLINGTON PIERS (AUT)","6151061","2024-03-31 05:00","2024","03","31","05:00","","3.9","","1.4","","83","","","","31","","8","","","","100.41","","","","","","NA"
"-79.80","43.30","BURLINGTON PIERS (AUT)","6151061","2024-03-31 06:00","2024","03","31","06:00","","3.5","","1.7","","88","","","","34","","11","","","","100.50","","","","","","NA"
"-79.80","43.30","BURLINGTON PIERS (AUT)","6151061","2024-03-31 07:00","2024","03","31","07:00","","3.1","","0.5","","83","","","","34","","8","","","","100.61","","","","","","NA"
"-79.80","43.30","BURLINGTON PIERS (AUT)","6151061","2024-03-31 08:00","2024","03","31","08:00","","3.4","","1.7","","89","","","","33","","11","","","","100.64","","","","","","NA"
"-79.80","43.30","BURLINGTON PIERS (AUT)","6151061","2024-03-31 09:00","2024","03","31","09:00","","3.6","","1.5","","86","","","","36","","7","","","","100.65","","","","","","NA"
"-79.80","43.30","BURLINGTON PIERS (AUT)","6151061","2024-03-31 10:00","2024","03","31","10:00","","3.5","","-0.6","","74","","","","10","","7","","","","100.65","","","","","","NA"
"-79.80","43.30","BURLINGTON PIERS (AUT)","6151061","2024-03-31 11:00","2024","03","31","11:00","","3.9","","0.4","","78","","","","9","","7","","","","100.69","","","","","","NA"
"-79.80","43.30","BURLINGTON PIERS (AUT)","6151061","2024-03-31 12:00","2024","03","31","12:00","","5.3","","-0.1","","68","","","","20","","11","","","","100.64","","","","","","NA"
"-79.80","43.30","BURLINGTON PIERS (AUT)","6151061","2024-03-31 13:00","2024","03","31","13:00","","6.7","","1.0","","67","","","","20","","11","","","","100.60","","","","","","NA"
"-79.80","43.30","BURLINGTON PIERS (AUT)","6151061","2024-03-31 14:00","2024","03","31","14:00","","6.9","","3.0","","76","","","","14","","9","","","","100.57","","","","","","NA"
"-79.80","43.30","BURLINGTON PIERS (AUT)","6151061","2024-03-31 15:00","2024","03","31","15:00","","6.8","","3.6","","80","","","","13","","14","","","","100.52","","","","","","NA"
"-79.80","43.30","BURLINGTON PIERS (AUT)","6151061","2024-03-31 16:00","2024","03","31","16:00","","9.5","","5.0","","73","","","","20","","9","","","","100.47","","","","","","NA"
"-79.80","43.30","BURLINGTON PIERS (AUT)","6151061","2024-03-31 17:00","2024","03","31","17:00","","9.5","","4.9","","73","","","","21","","9","","","","100.47","","","","","","NA"
"-79.80","43.30","BURLINGTON PIERS (AUT)","6151061","2024-03-31 18:00","2024","03","31","18:00","","9.4","","4.1","","69","","","","23","","11","","","","100.46","","","","","","NA"
"-79.80","43.30","BURLINGTON PIERS (AUT)","6151061","2024-03-31 19:00","2024","03","31","19:00","","6.9","","5.0","","88","","","","18","","13","","","","100.45","","","","","","NA"
"-79.80","43.30","BURLINGTON PIERS (AUT)","6151061","2024-03-31 20:00","2024","03","31","20:00","","5.9","","4.0","","88","","","","20","","12","","","","100.52","","","","","","NA"
"-79.80","43.30","BURLINGTON PIERS (AUT)","6151061","2024-03-31 21:00","2024","03","31","21:00","","5.5","","5.0","","97","","","","24","","9","","","","100.55","","","","","","NA"
"-79.80","43.30","BURLINGTON PIERS (AUT)","6151061","2024-03-31 22:00","2024","03","31","22:00","","5.3","","5.3","","100","","","","25","","10","","","","100.57","","","","","","NA"
"-79.80","43.30","BURLINGTON PIERS (AUT)","6151061","2024-03-31 23:00","2024","03","31","23:00","","5.1","","","M","","M","","","23","","7","","","","100.55","","","","","","NA"
