"Longitude (x)","Latitude (y)","Station Name","Climate ID","Date/Time (LST)","Year","Month","Day","Time (LST)","Flag","Temp (°C)","Temp Flag","Dew Point Temp (°C)","Dew Point Temp Flag","Rel Hum (%)","Rel Hum Flag","Precip. Amount (mm)","Precip. Amount Flag","Wind Dir (10s deg)","Wind Dir Flag","Wind Spd (km/h)","Wind Spd Flag","Visibility (km)","Visibility Flag","Stn Press (kPa)","Stn Press Flag","Hmdx","Hmdx Flag","Wind Chill","Wind Chill Flag","Weather"
"-79.80","43.30","BURLINGTON PIERS (AUT)","6151061","2024-06-01 00:00","2024","06","01","00:00","","16.0","","","M","","M","","","24","","9","","","","101.37","","","","","","NA"
"-79.80","43.30","BURLINGTON PIERS (AUT)","6151061","2024-06-01 01:00","2024","06","01","01:00","","15.2","","","M","","M","","","22","","10","","","","101.38","","","","","","NA"
"-79.80","43.30","BURLINGTON PIERS (AUT)","6151061","2024-06-01 02:00","2024","06","01","02:00","","14.9","","","M","","M","","","22","","12","","","","101.35","","","","","","NA"
"-79.80","43.30","BURLINGTON PIERS (AUT)","6151061","2024-06-01 03:00","2024","06","01","03:00","","14.2","","","M","","M","","","23","","13","","","","101.35","","","","","","NA"
"-79.80","43.30","BURLINGTON PIERS (AUT)","6151061","2024-06-01 04:00","2024","06","01","04:00","","14.2","","","M","","M","","","24","","12","","","","101.33","","","","","","NA"
"-79.80","43.30","BURLINGTON PIERS (AUT)","6151061","2024-06-01 05:00","2024","06","01","05:00","","14.4","","","M","","M","","","23","","11","","","","101.36","","","","","","NA"
"-79.80","43.30","BURLINGTON PIERS (AUT)","6151061","2024-06-01 06:00","2024","06","01","06:00","","14.2","","","M","","M","","","19","","7","","","","101.34","","","","","","NA"
"-79.80","43.30","BURLINGTON PIERS (AUT)","6151061","2024-06-01 07:00","2024","06","01","07:00","","15.0","","","M","","M","","","22","","9","","","","101.35","","","","","","NA"
"-79.80","43.30","BURLINGTON PIERS (AUT)","6151061","2024-06-01 08:00","2024","06","01","08:00","","16.2","","","M","","M","","","22","","7","","","","101.37","","","","","","NA"
"-79.80","43.30","BURLINGTON PIERS (AUT)","6151061","2024-06-01 09:00","2024","06","01","09:00","","18.9","","","M","","M","","","23","","5","","","","101.34","","","","","","NA"
"-79.80","43.30","BURLINGTON PIERS (AUT)","6151061","2024-06-01 10:00","2024","06","01","10:00","","16.5","","","M","","M","","","9","","13","","","","101.31","","","","","","NA"
"-79.80","43.30","BURLINGTON PIERS (AUT)","6151061","2024-06-01 11:00","2024","06","01","11:00","","16.3","","","M","","M","","","5","","9","","","","101.28","","","","","","NA"
"-79.80","43.30","BURLINGTON PIERS (AUT)","6151061","2024-06-01 12:00","2024","06","01","12:00","","16.1","","","M","","M","","","1","","6","","","","101.24","","","","","","NA"
"-79.80","43.30","BURLINGTON PIERS (AUT)","6151061","2024-06-01 13:00","2024","06","01","13:00","","16.2","","","M","","M","","","36","","5","","","","101.18","","","","","","NA"
"-79.80","43.30","BURLINGTON PIERS (AUT)","6151061","2024-06-01 14:00","2024","06","01","14:00","","18.5","","","M","","M","","","3","","7","","","","101.09","","","","","","NA"
"-79.80","43.30","BURLINGTON PIERS (AUT)","6151061","2024-06-01 15:00","2024","06","01","15:00","","18.7","","","M","","M","","","7","","11","","","","101.03","","","","","","NA"
"-79.80","43.30","BURLINGTON PIERS (AUT)","6151061","2024-06-01 16:00","2024","06","01","16:00","","17.5","","","M","","M","","","7","","12","","","","100.95","","","","","","NA"
"-79.80","43.30","BURLINGTON PIERS (AUT)","6151061","2024-06-01 17:00","2024","06","01","17:00","","17.8","","","M","","M","","","6","","10","","","","100.91","","","","","","NA"
"-79.80","43.30","BURLINGTON PIERS (AUT)","6151061","2024-06-01 18:00","2024","06","01","18:00","","17.8","","","M","","M","","","36","","8","","","","100.88","","","","","","NA"
"-79.80","43.30","BURLINGTON PIERS (AUT)","6151061","2024-06-01 19:00","2024","06","01","19:00","","17.6","","","M","","M","","","4","","10","","","","100.87","","","","","","NA"
"-79.80","43.30","BURLINGTON PIERS (AUT)","6151061","2024-06-01 20:00","2024","06","01","20:00","","17.2","","","M","","M","","","2","","9","","","","100.85","","","","","","NA"
"-79.80","43.30","BURLINGTON PIERS (AUT)","6151061","2024-06-01 21:00","2024","06","01","21:00","","17.2","","","M","","M","","","2","","7","","","","100.85","","","","","","NA"
"-79.80","43.30","BURLINGTON PIERS (AUT)","6151061","2024-06-01 22:00","2024","06","01","22:00","","17.7","","","M","","M","","","34","","7","","","","100.82","","","","","","NA"
"-79.80","43.30","BURLINGTON PIERS (AUT)","6151061","2024-06-01 23:00","2024","06","01","23:00","","17.8","","","M","","M","","","36","","7","","","","100.75","","","","","","NA"
"-79.80","43.30","BURLINGTON PIERS (AUT)","6151061","2024-06-02 00:00","2024","06","02","00:00","","17.0","","","M","","M","","","","","0","","","","100.69","","","","","","NA"
"-79.80","43.30","BURLINGTON PIERS (AUT)","6151061","2024-06-02 01:00","2024","06","02","01:00","","16.6","","","M","","M","","","","","0","","","","100.63","","","","","","NA"
"-79.80","43.30","BURLINGTON PIERS (AUT)","6151061","2024-06-02 02:00","2024","06","02","02:00","","15.8","","","M","","M","","","12","","5","","","","100.59","","","","","","NA"
"-79.80","43.30","BURLINGTON PIERS (AUT)","6151061","2024-06-02 03:00","2024","06","02","03:00","","15.7","","","M","","M","","","8","","4","","","","100.55","","","","","","NA"
"-79.80","43.30","BURLINGTON PIERS (AUT)","6151061","2024-06-02 04:00","2024","06","02","04:00","","15.6","","","M","","M","","","3","","8","","","","100.54","","","","","","NA"
"-79.80","43.30","BURLINGTON PIERS (AUT)","6151061","2024-06-02 05:00","2024","06","02","05:00","","15.4","","","M","","M","","","1","","8","","","","100.56","","","","","","NA"
"-79.80","43.30","BURLINGTON PIERS (AUT)","6151061","2024-06-02 06:00","2024","06","02","06:00","","15.5","","","M","","M","","","32","","6","","","","100.60","","","","","","NA"
"-79.80","43.30","BURLINGTON PIERS (AUT)","6151061","2024-06-02 07:00","2024","06","02","07:00","","16.0","","","M","","M","","","33","","6","","","","100.63","","","","","","NA"
"-79.80","43.30","BURLINGTON PIERS (AUT)","6151061","2024-06-02 08:00","2024","06","02","08:00","","15.4","","","M","","M","","","2","","7","","","","100.60","","","","","","NA"
"-79.80","43.30","BURLINGTON PIERS (AUT)","6151061","2024-06-02 09:00","2024","06","02","09:00","","14.8","","","M","","M","","","12","","9","","","","100.62","","","","","","NA"
"-79.80","43.30","BURLINGTON PIERS (AUT)","6151061","2024-06-02 10:00","2024","06","02","10:00","","14.8","","","M","","M","","","9","","8","","","","100.63","","","","","","NA"
"-79.80","43.30","BURLINGTON PIERS (AUT)","6151061","2024-06-02 11:00","2024","06","02","11:00","","14.8","","","M","","M","","","5","","9","","","","100.59","","","","","","NA"
"-79.80","43.30","BURLINGTON PIERS (AUT)","6151061","2024-06-02 12:00","2024","06","02","12:00","","14.7","","","M","","M","","","8","","9","","","","100.61","","","","","","NA"
"-79.80","43.30","BURLINGTON PIERS (AUT)","6151061","2024-06-02 13:00","2024","06","02","13:00","","15.3","","","M","","M","","","4","","7","","","","100.56","","","","","","NA"
"-79.80","43.30","BURLINGTON PIERS (AUT)","6151061","2024-06-02 14:00","2024","06","02","14:00","","15.0","","","M","","M","","","1","","4","","","","100.57","","","","","","NA"
"-79.80","43.30","BURLINGTON PIERS (AUT)","6151061","2024-06-02 15:00","2024","06","02","15:00","","14.6","","","M","","M","","","2","","8","","","","100.53","","","","","","NA"
"-79.80","43.30","BURLINGTON PIERS (AUT)","6151061","2024-06-02 16:00","2024","06","02","16:00","","14.7","","","M","","M","","","4","","8","","","","100.51","","","","","","NA"
"-79.80","43.30","BURLINGTON PIERS (AUT)","6151061","2024-06-02 17:00","2024","06","02","17:00","","14.7","","","M","","M","","","3","","8","","","","100.48","","","","","","NA"
"-79.80","43.30","BURLINGTON PIERS (AUT)","6151061","2024-06-02 18:00","2024","06","02","18:00","","14.8","","","M","","M","","","36","","11","","","","100.49","","","","","","NA"
"-79.80","43.30","BURLINGTON PIERS (AUT)","6151061","2024-06-02 19:00","2024","06","02","19:00","","15.1","","","M","","M","","","3","","8","","","","100.51","","","","","","NA"
"-79.80","43.30","BURLINGTON PIERS (AUT)","6151061","2024-06-02 20:00","2024","06","02","20:00","","15.1","","","M","","M","","","3","","10","","","","100.50","","","","","","NA"
"-79.80","43.30","BURLINGTON PIERS (AUT)","6151061","2024-06-02 21:00","2024","06","02","21:00","","15.1","","","M","","M","","","3","","8","","","","100.54","","","","","","NA"
"-79.80","43.30","BURLINGTON PIERS (AUT)","6151061","2024-06-02 22:00","2024","06","02","22:00","","14.9","","","M","","M","","","4","","5","","","","100.52","","","","","","NA"
"-79.80","43.30","BURLINGTON PIERS (AUT)","6151061","2024-06-02 23:00","2024","06","02","23:00","","14.9","","","M","","M","","","7","","3","","","","100.51","","","","","","NA"
"-79.80","43.30","BURLINGTON PIERS (AUT)","6151061","2024-06-03 00:00","2024","06","03","00:00","","14.8","","","M","","M","","","6","","5","","","","100.50","","","","","","NA"
"-79.80","43.30","BURLINGTON PIERS (AUT)","6151061","2024-06-03 01:00","2024","06","03","01:00","","14.9","","","M","","M","","","6","","3","","","","100.46","","","","","","NA"
"-79.80","43.30","BURLINGTON PIERS (AUT)","6151061","2024-06-03 02:00","2024","06","03","02:00","","14.9","","","M","","M","","","6","","3","","","","100.49","","","","","","NA"
"-79.80","43.30","BURLINGTON PIERS (AUT)","6151061","2024-06-03 03:00","2024","06","03","03:00","","14.7","","","M","","M","","","8","","7","","","","100.50","","","","","","NA"
"-79.80","43.30","BURLINGTON PIERS (AUT)","6151061","2024-06-03 04:00","2024","06","03","04:00","","14.7","","","M","","M","","","6","","5","","","","100.51","","","","","","NA"
"-79.80","43.30","BURLINGTON PIERS (AUT)","6151061","2024-06-03 05:00","2024","06","03","05:00","","14.8","","","M","","M","","","1","","7","","","","100.53","","","","","","NA"
"-79.80","43.30","BURLINGTON PIERS (AUT)","6151061","2024-06-03 06:00","2024","06","03","06:00","","14.9","","","M","","M","","","3","","8","","","","100.55","","","","","","NA"
"-79.80","43.30","BURLINGTON PIERS (AUT)","6151061","2024-06-03 07:00","2024","06","03","07:00","","15.0","","","M","","M","","","2","","4","","","","100.59","","","","","","NA"
"-79.80","43.30","BURLINGTON PIERS (AUT)","6151061","2024-06-03 08:00","2024","06","03","08:00","","15.2","","","M","","M","","","1","","5","","","","100.62","","","","","","NA"
"-79.80","43.30","BURLINGTON PIERS (AUT)","6151061","2024-06-03 09:00","2024","06","03","09:00","","15.4","","","M","","M","","","5","","8","","","","100.65","","","","","","NA"
"-79.80","43.30","BURLINGTON PIERS (AUT)","6151061","2024-06-03 10:00","2024","06","03","10:00","","15.2","","","M","","M","","","7","","10","","","","100.63","","","","","","NA"
"-79.80","43.30","BURLINGTON PIERS (AUT)","6151061","2024-06-03 11:00","2024","06","03","11:00","","15.4","","","M","","M","","","6","","12","","","","100.62","","","","","","NA"
"-79.80","43.30","BURLINGTON PIERS (AUT)","6151061","2024-06-03 12:00","2024","06","03","12:00","","15.4","","","M","","M","","","5","","17","","","","100.59","","","","","","NA"
"-79.80","43.30","BURLINGTON PIERS (AUT)","6151061","2024-06-03 13:00","2024","06","03","13:00","","15.5","","","M","","M","","","5","","11","","","","100.58","","","","","","NA"
"-79.80","43.30","BURLINGTON PIERS (AUT)","6151061","2024-06-03 14:00","2024","06","03","14:00","","15.6","","","M","","M","","","6","","10","","","","100.52","","","","","","NA"
"-79.80","43.30","BURLINGTON PIERS (AUT)","6151061","2024-06-03 15:00","2024","06","03","15:00","","15.7","","","M","","M","","","7","","8","","","","100.47","","","","","","NA"
"-79.80","43.30","BURLINGTON PIERS (AUT)","6151061","2024-06-03 16:00","2024","06","03","16:00","","15.3","","","M","","M","","","5","","7","","","","100.44","","","","","","NA"
"-79.80","43.30","BURLINGTON PIERS (AUT)","6151061","2024-06-03 17:00","2024","06","03","17:00","","15.1","","","M","","M","","","3","","7","","","","100.45","","","","","","NA"
"-79.80","43.30","BURLINGTON PIERS (AUT)","6151061","2024-06-03 18:00","2024","06","03","18:00","","15.1","","","M","","M","","","2","","5","","","","100.45","","","","","","NA"
"-79.80","43.30","BURLINGTON PIERS (AUT)","6151061","2024-06-03 19:00","2024","06","03","19:00","","15.6","","","M","","M","","","2","","6","","","","100.44","","","","","","NA"
"-79.80","43.30","BURLINGTON PIERS (AUT)","6151061","2024-06-03 20:00","2024","06","03","20:00","","16.2","","","M","","M","","","36","","6","","","","100.45","","","","","","NA"
"-79.80","43.30","BURLINGTON PIERS (AUT)","6151061","2024-06-03 21:00","2024","06","03","21:00","","16.9","","","M","","M","","","36","","7","","","","100.48","","","","","","NA"
"-79.80","43.30","BURLINGTON PIERS (AUT)","6151061","2024-06-03 22:00","2024","06","03","22:00","","16.0","","","M","","M","","","11","","3","","","","100.48","","","","","","NA"
"-79.80","43.30","BURLINGTON PIERS (AUT)","6151061","2024-06-03 23:00","2024","06","03","23:00","","16.0","","","M","","M","","","13","","4","","","","100.51","","","","","","NA"
"-79.80","43.30","BURLINGTON PIERS (AUT)","6151061","2024-06-04 00:00","2024","06","04","00:00","","15.7","","","M","","M","","","13","","3","","","","100.46","","","","","","NA"
"-79.80","43.30","BURLINGTON PIERS (AUT)","6151061","2024-06-04 01:00","2024","06","04","01:00","","15.7","","","M","","M","","","","","0","","","","100.44","","","","","","NA"
"-79.80","43.30","BURLINGTON PIERS (AUT)","6151061","2024-06-04 02:00","2024","06","04","02:00","","15.7","","","M","","M","","","","","0","","","","100.42","","","","","","NA"
"-79.80","43.30","BURLINGTON PIERS (AUT)","6151061","2024-06-04 03:00","2024","06","04","03:00","","15.6","","","M","","M","","","","","0","","","","100.38","","","","","","NA"
"-79.80","43.30","BURLINGTON PIERS (AUT)","6151061","2024-06-04 04:00","2024","06","04","04:00","","15.8","","","M","","M","","","32","","4","","","","100.43","","","","","","NA"
"-79.80","43.30","BURLINGTON PIERS (AUT)","6151061","2024-06-04 05:00","2024","06","04","05:00","","15.8","","","M","","M","","","","","0","","","","100.47","","","","","","NA"
"-79.80","43.30","BURLINGTON PIERS (AUT)","6151061","2024-06-04 06:00","2024","06","04","06:00","","17.3","","","M","","M","","","","","0","","","","100.54","","","","","","NA"
"-79.80","43.30","BURLINGTON PIERS (AUT)","6151061","2024-06-04 07:00","2024","06","04","07:00","","17.8","","","M","","M","","","","","0","","","","100.59","","","","","","NA"
"-79.80","43.30","BURLINGTON PIERS (AUT)","6151061","2024-06-04 08:00","2024","06","04","08:00","","16.7","","","M","","M","","","8","","4","","","","100.63","","","","","","NA"
"-79.80","43.30","BURLINGTON PIERS (AUT)","6151061","2024-06-04 09:00","2024","06","04","09:00","","16.7","","","M","","M","","","7","","7","","","","100.58","","","","","","NA"
"-79.80","43.30","BURLINGTON PIERS (AUT)","6151061","2024-06-04 10:00","2024","06","04","10:00","","16.3","","","M","","M","","","4","","9","","","","100.55","","","","","","NA"
"-79.80","43.30","BURLINGTON PIERS (AUT)","6151061","2024-06-04 11:00","2024","06","04","11:00","","16.4","","","M","","M","","","5","","9","","","","100.54","","","","","","NA"
"-79.80","43.30","BURLINGTON PIERS (AUT)","6151061","2024-06-04 12:00","2024","06","04","12:00","","16.4","","","M","","M","","","7","","9","","","","100.52","","","","","","NA"
"-79.80","43.30","BURLINGTON PIERS (AUT)","6151061","2024-06-04 13:00","2024","06","04","13:00","","16.7","","","M","","M","","","5","","9","","","","100.46","","","","","","NA"
"-79.80","43.30","BURLINGTON PIERS (AUT)","6151061","2024-06-04 14:00","2024","06","04","14:00","","16.8","","","M","","M","","","5","","10","","","","100.43","","","","","","NA"
"-79.80","43.30","BURLINGTON PIERS (AUT)","6151061","2024-06-04 15:00","2024","06","04","15:00","","17.1","","","M","","M","","","4","","9","","","","100.40","","","","","","NA"
"-79.80","43.30","BURLINGTON PIERS (AUT)","6151061","2024-06-04 16:00","2024","06","04","16:00","","17.6","","","M","","M","","","5","","5","","","","100.35","","","","","","NA"
"-79.80","43.30","BURLINGTON PIERS (AUT)","6151061","2024-06-04 17:00","2024","06","04","17:00","","17.7","","","M","","M","","","3","","8","","","","100.30","","","","","","NA"
"-79.80","43.30","BURLINGTON PIERS (AUT)","6151061","2024-06-04 18:00","2024","06","04","18:00","","19.0","","","M","","M","","","4","","5","","","","100.26","","","","","","NA"
"-79.80","43.30","BURLINGTON PIERS (AUT)","6151061","2024-06-04 19:00","2024","06","04","19:00","","18.6","","","M","","M","","","2","","9","","","","100.24","","","","","","NA"
"-79.80","43.30","BURLINGTON PIERS (AUT)","6151061","2024-06-04 20:00","2024","06","04","20:00","","18.9","","","M","","M","","","3","","10","","","","100.21","","","","","","NA"
"-79.80","43.30","BURLINGTON PIERS (AUT)","6151061","2024-06-04 21:00","2024","06","04","21:00","","17.9","","","M","","M","","","9","","4","","","","100.21","","","","","","NA"
"-79.80","43.30","BURLINGTON PIERS (AUT)","6151061","2024-06-04 22:00","2024","06","04","22:00","","17.9","","","M","","M","","","13","","3","","","","100.18","","","","","","NA"
"-79.80","43.30","BURLINGTON PIERS (AUT)","6151061","2024-06-04 23:00","2024","06","04","23:00","","18.2","","","M","","M","","","16","","3","","","","100.17","","","","","","NA"
"-79.80","43.30","BURLINGTON PIERS (AUT)","6151061","2024-06-05 00:00","2024","06","05","00:00","","18.2","","","M","","M","","","","","0","","","","100.12","","","","","","NA"
"-79.80","43.30","BURLINGTON PIERS (AUT)","6151061","2024-06-05 01:00","2024","06","05","01:00","","18.4","","","M","","M","","","","","0","","","","100.08","","","","","","NA"
"-79.80","43.30","BURLINGTON PIERS (AUT)","6151061","2024-06-05 02:00","2024","06","05","02:00","","17.9","","","M","","M","","","","","0","","","","100.03","","","","","","NA"
"-79.80","43.30","BURLINGTON PIERS (AUT)","6151061","2024-06-05 03:00","2024","06","05","03:00","","17.9","","","M","","M","","","","","0","","","","99.98","","","","","","NA"
"-79.80","43.30","BURLINGTON PIERS (AUT)","6151061","2024-06-05 04:00","2024","06","05","04:00","","17.6","","","M","","M","","","4","","5","","","","99.95","","","","","","NA"
"-79.80","43.30","BURLINGTON PIERS (AUT)","6151061","2024-06-05 05:00","2024","06","05","05:00","","17.8","","","M","","M","","","1","","7","","","","99.94","","","","","","NA"
"-79.80","43.30","BURLINGTON PIERS (AUT)","6151061","2024-06-05 06:00","2024","06","05","06:00","","17.7","","","M","","M","","","2","","7","","","","99.94","","","","","","NA"
"-79.80","43.30","BURLINGTON PIERS (AUT)","6151061","2024-06-05 07:00","2024","06","05","07:00","","17.6","","","M","","M","","","3","","12","","","","99.92","","","","","","NA"
"-79.80","43.30","BURLINGTON PIERS (AUT)","6151061","2024-06-05 08:00","2024","06","05","08:00","","17.2","","","M","","M","","","4","","12","","","","99.90","","","","","","NA"
"-79.80","43.30","BURLINGTON PIERS (AUT)","6151061","2024-06-05 09:00","2024","06","05","09:00","","17.2","","","M","","M","","","3","","9","","","","99.90","","","","","","NA"
"-79.80","43.30","BURLINGTON PIERS (AUT)","6151061","2024-06-05 10:00","2024","06","05","10:00","","17.5","","","M","","M","","","4","","10","","","","99.86","","","","","","NA"
"-79.80","43.30","BURLINGTON PIERS (AUT)","6151061","2024-06-05 11:00","2024","06","05","11:00","","17.4","","","M","","M","","","5","","9","","","","99.86","","","","","","NA"
"-79.80","43.30","BURLINGTON PIERS (AUT)","6151061","2024-06-05 12:00","2024","06","05","12:00","","17.2","","","M","","M","","","3","","12","","","","99.80","","","","","","NA"
"-79.80","43.30","BURLINGTON PIERS (AUT)","6151061","2024-06-05 13:00","2024","06","05","13:00","","17.5","","","M","","M","","","3","","14","","","","99.73","","","","","","NA"
"-79.80","43.30","BURLINGTON PIERS (AUT)","6151061","2024-06-05 14:00","2024","06","05","14:00","","19.1","","","M","","M","","","3","","10","","","","99.64","","","","","","NA"
"-79.80","43.30","BURLINGTON PIERS (AUT)","6151061","2024-06-05 15:00","2024","06","05","15:00","","26.0","","","M","","M","","","16","","24","","","","99.50","","","","","","NA"
"-79.80","43.30","BURLINGTON PIERS (AUT)","6151061","2024-06-05 16:00","2024","06","05","16:00","","26.3","","","M","","M","","","18","","21","","","","99.42","","","","","","NA"
"-79.80","43.30","BURLINGTON PIERS (AUT)","6151061","2024-06-05 17:00","2024","06","05","17:00","","25.9","","","M","","M","","","17","","27","","","","99.40","","","","","","NA"
"-79.80","43.30","BURLINGTON PIERS (AUT)","6151061","2024-06-05 18:00","2024","06","05","18:00","","25.5","","","M","","M","","","18","","14","","","","99.35","","","","","","NA"
"-79.80","43.30","BURLINGTON PIERS (AUT)","6151061","2024-06-05 19:00","2024","06","05","19:00","","25.1","","","M","","M","","","18","","18","","","","99.36","","","","","","NA"
"-79.80","43.30","BURLINGTON PIERS (AUT)","6151061","2024-06-05 20:00","2024","06","05","20:00","","24.2","","","M","","M","","","22","","16","","","","99.41","","","","","","NA"
"-79.80","43.30","BURLINGTON PIERS (AUT)","6151061","2024-06-05 21:00","2024","06","05","21:00","","20.6","","","M","","M","","","20","","9","","","","99.39","","","","","","NA"
"-79.80","43.30","BURLINGTON PIERS (AUT)","6151061","2024-06-05 22:00","2024","06","05","22:00","","20.3","","","M","","M","","","20","","8","","","","99.33","","","","","","NA"
"-79.80","43.30","BURLINGTON PIERS (AUT)","6151061","2024-06-05 23:00","2024","06","05","23:00","","20.0","","","M","","M","","","21","","10","","","","99.31","","","","","","NA"
"-79.80","43.30","BURLINGTON PIERS (AUT)","6151061","2024-06-06 00:00","2024","06","06","00:00","","20.2","","","M","","M","","","20","","14","","","","99.26","","","","","","NA"
"-79.80","43.30","BURLINGTON PIERS (AUT)","6151061","2024-06-06 01:00","2024","06","06","01:00","","20.0","","","M","","M","","","21","","9","","","","99.21","","","","","","NA"
"-79.80","43.30","BURLINGTON PIERS (AUT)","6151061","2024-06-06 02:00","2024","06","06","02:00","","19.8","","","M","","M","","","20","","10","","","","99.13","","","","","","NA"
"-79.80","43.30","BURLINGTON PIERS (AUT)","6151061","2024-06-06 03:00","2024","06","06","03:00","","19.7","","","M","","M","","","23","","7","","","","99.08","","","","","","NA"
"-79.80","43.30","BURLINGTON PIERS (AUT)","6151061","2024-06-06 04:00","2024","06","06","04:00","","19.4","","","M","","M","","","","","0","","","","99.05","","","","","","NA"
"-79.80","43.30","BURLINGTON PIERS (AUT)","6151061","2024-06-06 05:00","2024","06","06","05:00","","19.5","","","M","","M","","","15","","3","","","","99.00","","","","","","NA"
"-79.80","43.30","BURLINGTON PIERS (AUT)","6151061","2024-06-06 06:00","2024","06","06","06:00","","19.8","","","M","","M","","","","","0","","","","99.02","","","","","","NA"
"-79.80","43.30","BURLINGTON PIERS (AUT)","6151061","2024-06-06 07:00","2024","06","06","07:00","","20.5","","","M","","M","","","23","","6","","","","99.08","","","","","","NA"
"-79.80","43.30","BURLINGTON PIERS (AUT)","6151061","2024-06-06 08:00","2024","06","06","08:00","","22.0","","","M","","M","","","27","","9","","","","99.09","","","","","","NA"
"-79.80","43.30","BURLINGTON PIERS (AUT)","6151061","2024-06-06 09:00","2024","06","06","09:00","","22.5","","","M","","M","","","28","","19","","","","99.08","","","","","","NA"
"-79.80","43.30","BURLINGTON PIERS (AUT)","6151061","2024-06-06 10:00","2024","06","06","10:00","","22.1","","","M","","M","","","28","","11","","","","99.12","","","","","","NA"
"-79.80","43.30","BURLINGTON PIERS (AUT)","6151061","2024-06-06 11:00","2024","06","06","11:00","","21.9","","","M","","M","","","28","","10","","","","99.12","","","","","","NA"
"-79.80","43.30","BURLINGTON PIERS (AUT)","6151061","2024-06-06 12:00","2024","06","06","12:00","","22.9","","","M","","M","","","22","","10","","","","99.07","","","","","","NA"
"-79.80","43.30","BURLINGTON PIERS (AUT)","6151061","2024-06-06 13:00","2024","06","06","13:00","","23.3","","","M","","M","","","20","","24","","","","99.02","","","","","","NA"
"-79.80","43.30","BURLINGTON PIERS (AUT)","6151061","2024-06-06 14:00","2024","06","06","14:00","","24.0","","","M","","M","","","22","","15","","","","98.97","","","","","","NA"
"-79.80","43.30","BURLINGTON PIERS (AUT)","6151061","2024-06-06 15:00","2024","06","06","15:00","","23.0","","","M","","M","","","23","","17","","","","99.02","","","","","","NA"
"-79.80","43.30","BURLINGTON PIERS (AUT)","6151061","2024-06-06 16:00","2024","06","06","16:00","","20.2","","","M","","M","","","23","","12","","","","99.02","","","","","","NA"
"-79.80","43.30","BURLINGTON PIERS (AUT)","6151061","2024-06-06 17:00","2024","06","06","17:00","","22.0","","","M","","M","","","23","","10","","","","99.01","","","","","","NA"
"-79.80","43.30","BURLINGTON PIERS (AUT)","6151061","2024-06-06 18:00","2024","06","06","18:00","","22.6","","","M","","M","","","21","","13","","","","99.01","","","","","","NA"
"-79.80","43.30","BURLINGTON PIERS (AUT)","6151061","2024-06-06 19:00","2024","06","06","19:00","","21.8","","","M","","M","","","22","","10","","","","99.03","","","","","","NA"
"-79.80","43.30","BURLINGTON PIERS (AUT)","6151061","2024-06-06 20:00","2024","06","06","20:00","","20.8","","","M","","M","","","25","","8","","","","99.06","","","","","","NA"
"-79.80","43.30","BURLINGTON PIERS (AUT)","6151061","2024-06-06 21:00","2024","06","06","21:00","","19.2","","","M","","M","","","28","","8","","","","99.12","","","","","","NA"
"-79.80","43.30","BURLINGTON PIERS (AUT)","6151061","2024-06-06 22:00","2024","06","06","22:00","","19.4","","","M","","M","","","23","","8","","","","99.10","","","","","","NA"
"-79.80","43.30","BURLINGTON PIERS (AUT)","6151061","2024-06-06 23:00","2024","06","06","23:00","","18.2","","","M","","M","","","24","","8","","","","99.14","","","","","","NA"
"-79.80","43.30","BURLINGTON PIERS (AUT)","6151061","2024-06-07 00:00","2024","06","07","00:00","","17.7","","","M","","M","","","25","","7","","","","99.16","","","","","","NA"
"-79.80","43.30","BURLINGTON PIERS (AUT)","6151061","2024-06-07 01:00","2024","06","07","01:00","","17.4","","","M","","M","","","24","","9","","","","99.15","","","","","","NA"
"-79.80","43.30","BURLINGTON PIERS (AUT)","6151061","2024-06-07 02:00","2024","06","07","02:00","","17.1","","","M","","M","","","25","","7","","","","99.15","","","","","","NA"
"-79.80","43.30","BURLINGTON PIERS (AUT)","6151061","2024-06-07 03:00","2024","06","07","03:00","","17.1","","","M","","M","","","24","","8","","","","99.14","","","","","","NA"
"-79.80","43.30","BURLINGTON PIERS (AUT)","6151061","2024-06-07 04:00","2024","06","07","04:00","","17.1","","","M","","M","","","23","","8","","","","99.14","","","","","","NA"
"-79.80","43.30","BURLINGTON PIERS (AUT)","6151061","2024-06-07 05:00","2024","06","07","05:00","","17.0","","","M","","M","","","24","","7","","","","99.16","","","","","","NA"
"-79.80","43.30","BURLINGTON PIERS (AUT)","6151061","2024-06-07 06:00","2024","06","07","06:00","","16.8","","","M","","M","","","24","","8","","","","99.18","","","","","","NA"
"-79.80","43.30","BURLINGTON PIERS (AUT)","6151061","2024-06-07 07:00","2024","06","07","07:00","","17.0","","","M","","M","","","23","","11","","","","99.20","","","","","","NA"
"-79.80","43.30","BURLINGTON PIERS (AUT)","6151061","2024-06-07 08:00","2024","06","07","08:00","","17.3","","","M","","M","","","25","","11","","","","99.23","","","","","","NA"
"-79.80","43.30","BURLINGTON PIERS (AUT)","6151061","2024-06-07 09:00","2024","06","07","09:00","","17.4","","","M","","M","","","25","","12","","","","99.23","","","","","","NA"
"-79.80","43.30","BURLINGTON PIERS (AUT)","6151061","2024-06-07 10:00","2024","06","07","10:00","","18.3","","","M","","M","","","24","","13","","","","99.26","","","","","","NA"
"-79.80","43.30","BURLINGTON PIERS (AUT)","6151061","2024-06-07 11:00","2024","06","07","11:00","","17.2","","","M","","M","","","23","","14","","","","99.28","","","","","","NA"
"-79.80","43.30","BURLINGTON PIERS (AUT)","6151061","2024-06-07 12:00","2024","06","07","12:00","","16.4","","","M","","M","","","25","","16","","","","99.33","","","","","","NA"
"-79.80","43.30","BURLINGTON PIERS (AUT)","6151061","2024-06-07 13:00","2024","06","07","13:00","","16.6","","","M","","M","","","28","","13","","","","99.37","","","","","","NA"
"-79.80","43.30","BURLINGTON PIERS (AUT)","6151061","2024-06-07 14:00","2024","06","07","14:00","","17.1","","","M","","M","","","27","","12","","","","99.40","","","","","","NA"
"-79.80","43.30","BURLINGTON PIERS (AUT)","6151061","2024-06-07 15:00","2024","06","07","15:00","","18.3","","","M","","M","","","29","","21","","","","99.42","","","","","","NA"
"-79.80","43.30","BURLINGTON PIERS (AUT)","6151061","2024-06-07 16:00","2024","06","07","16:00","","18.1","","","M","","M","","","28","","12","","","","99.47","","","","","","NA"
"-79.80","43.30","BURLINGTON PIERS (AUT)","6151061","2024-06-07 17:00","2024","06","07","17:00","","18.8","","","M","","M","","","27","","12","","","","99.51","","","","","","NA"
"-79.80","43.30","BURLINGTON PIERS (AUT)","6151061","2024-06-07 18:00","2024","06","07","18:00","","18.6","","","M","","M","","","26","","9","","","","99.55","","","","","","NA"
"-79.80","43.30","BURLINGTON PIERS (AUT)","6151061","2024-06-07 19:00","2024","06","07","19:00","","18.6","","","M","","M","","","27","","12","","","","99.61","","","","","","NA"
"-79.80","43.30","BURLINGTON PIERS (AUT)","6151061","2024-06-07 20:00","2024","06","07","20:00","","18.3","","","M","","M","","","26","","10","","","","99.67","","","","","","NA"
"-79.80","43.30","BURLINGTON PIERS (AUT)","6151061","2024-06-07 21:00","2024","06","07","21:00","","17.7","","","M","","M","","","26","","10","","","","99.72","","","","","","NA"
"-79.80","43.30","BURLINGTON PIERS (AUT)","6151061","2024-06-07 22:00","2024","06","07","22:00","","16.4","","","M","","M","","","27","","13","","","","99.77","","","","","","NA"
"-79.80","43.30","BURLINGTON PIERS (AUT)","6151061","2024-06-07 23:00","2024","06","07","23:00","","15.9","","","M","","M","","","27","","9","","","","99.77","","","","","","NA"
"-79.80","43.30","BURLINGTON PIERS (AUT)","6151061","2024-06-08 00:00","2024","06","08","00:00","","15.6","","","M","","M","","","26","","10","","","","99.79","","","","","","NA"
"-79.80","43.30","BURLINGTON PIERS (AUT)","6151061","2024-06-08 01:00","2024","06","08","01:00","","15.7","","","M","","M","","","25","","8","","","","99.78","","","","","","NA"
"-79.80","43.30","BURLINGTON PIERS (AUT)","6151061","2024-06-08 02:00","2024","06","08","02:00","","15.7","","","M","","M","","","24","","9","","","","99.75","","","","","","NA"
"-79.80","43.30","BURLINGTON PIERS (AUT)","6151061","2024-06-08 03:00","2024","06","08","03:00","","15.0","","","M","","M","","","24","","12","","","","99.75","","","","","","NA"
"-79.80","43.30","BURLINGTON PIERS (AUT)","6151061","2024-06-08 04:00","2024","06","08","04:00","","14.8","","","M","","M","","","24","","10","","","","99.78","","","","","","NA"
"-79.80","43.30","BURLINGTON PIERS (AUT)","6151061","2024-06-08 05:00","2024","06","08","05:00","","14.7","","","M","","M","","","25","","11","","","","99.83","","","","","","NA"
"-79.80","43.30","BURLINGTON PIERS (AUT)","6151061","2024-06-08 06:00","2024","06","08","06:00","","14.7","","","M","","M","","","25","","12","","","","99.88","","","","","","NA"
"-79.80","43.30","BURLINGTON PIERS (AUT)","6151061","2024-06-08 07:00","2024","06","08","07:00","","16.2","","","M","","M","","","25","","13","","","","99.94","","","","","","NA"
"-79.80","43.30","BURLINGTON PIERS (AUT)","6151061","2024-06-08 08:00","2024","06","08","08:00","","17.6","","","M","","M","","","24","","14","","","","99.95","","","","","","NA"
"-79.80","43.30","BURLINGTON PIERS (AUT)","6151061","2024-06-08 09:00","2024","06","08","09:00","","18.9","","","M","","M","","","27","","13","","","","99.91","","","","","","NA"
"-79.80","43.30","BURLINGTON PIERS (AUT)","6151061","2024-06-08 10:00","2024","06","08","10:00","","19.7","","","M","","M","","","27","","18","","","","99.97","","","","","","NA"
"-79.80","43.30","BURLINGTON PIERS (AUT)","6151061","2024-06-08 11:00","2024","06","08","11:00","","20.2","","","M","","M","","","27","","16","","","","100.01","","","","","","NA"
"-79.80","43.30","BURLINGTON PIERS (AUT)","6151061","2024-06-08 12:00","2024","06","08","12:00","","20.3","","","M","","M","","","27","","18","","","","99.96","","","","","","NA"
"-79.80","43.30","BURLINGTON PIERS (AUT)","6151061","2024-06-08 13:00","2024","06","08","13:00","","20.8","","","M","","M","","","28","","21","","","","99.98","","","","","","NA"
"-79.80","43.30","BURLINGTON PIERS (AUT)","6151061","2024-06-08 14:00","2024","06","08","14:00","","20.8","","","M","","M","","","29","","20","","","","100.00","","","","","","NA"
"-79.80","43.30","BURLINGTON PIERS (AUT)","6151061","2024-06-08 15:00","2024","06","08","15:00","","20.4","","","M","","M","","","29","","15","","","","100.02","","","","","","NA"
"-79.80","43.30","BURLINGTON PIERS (AUT)","6151061","2024-06-08 16:00","2024","06","08","16:00","","19.7","","","M","","M","","","29","","16","","","","100.05","","","","","","NA"
"-79.80","43.30","BURLINGTON PIERS (AUT)","6151061","2024-06-08 17:00","2024","06","08","17:00","","17.8","","","M","","M","","","29","","18","","","","100.02","","","","","","NA"
"-79.80","43.30","BURLINGTON PIERS (AUT)","6151061","2024-06-08 18:00","2024","06","08","18:00","","16.1","","","M","","M","","","32","","14","","","","99.98","","","","","","NA"
"-79.80","43.30","BURLINGTON PIERS (AUT)","6151061","2024-06-08 19:00","2024","06","08","19:00","","16.0","","","M","","M","","","27","","6","","","","100.01","","","","","","NA"
"-79.80","43.30","BURLINGTON PIERS (AUT)","6151061","2024-06-08 20:00","2024","06","08","20:00","","15.5","","","M","","M","","","26","","5","","","","99.98","","","","","","NA"
"-79.80","43.30","BURLINGTON PIERS (AUT)","6151061","2024-06-08 21:00","2024","06","08","21:00","","14.7","","","M","","M","","","26","","5","","","","99.93","","","","","","NA"
"-79.80","43.30","BURLINGTON PIERS (AUT)","6151061","2024-06-08 22:00","2024","06","08","22:00","","14.3","","","M","","M","","","25","","3","","","","99.85","","","","","","NA"
"-79.80","43.30","BURLINGTON PIERS (AUT)","6151061","2024-06-08 23:00","2024","06","08","23:00","","13.9","","","M","","M","","","19","","6","","","","99.84","","","","","","NA"
"-79.80","43.30","BURLINGTON PIERS (AUT)","6151061","2024-06-09 00:00","2024","06","09","00:00","","13.5","","","M","","M","","","16","","13","","","","99.71","","","","","","NA"
"-79.80","43.30","BURLINGTON PIERS (AUT)","6151061","2024-06-09 01:00","2024","06","09","01:00","","13.1","","","M","","M","","","16","","10","","","","99.61","","","","","","NA"
"-79.80","43.30","BURLINGTON PIERS (AUT)","6151061","2024-06-09 02:00","2024","06","09","02:00","","13.5","","","M","","M","","","25","","5","","","","99.55","","","","","","NA"
"-79.80","43.30","BURLINGTON PIERS (AUT)","6151061","2024-06-09 03:00","2024","06","09","03:00","","13.7","","","M","","M","","","24","","11","","","","99.60","","","","","","NA"
"-79.80","43.30","BURLINGTON PIERS (AUT)","6151061","2024-06-09 04:00","2024","06","09","04:00","","13.7","","","M","","M","","","25","","16","","","","99.55","","","","","","NA"
"-79.80","43.30","BURLINGTON PIERS (AUT)","6151061","2024-06-09 05:00","2024","06","09","05:00","","14.0","","","M","","M","","","25","","10","","","","99.54","","","","","","NA"
"-79.80","43.30","BURLINGTON PIERS (AUT)","6151061","2024-06-09 06:00","2024","06","09","06:00","","14.2","","","M","","M","","","26","","8","","","","99.55","","","","","","NA"
"-79.80","43.30","BURLINGTON PIERS (AUT)","6151061","2024-06-09 07:00","2024","06","09","07:00","","15.0","","","M","","M","","","24","","18","","","","99.59","","","","","","NA"
"-79.80","43.30","BURLINGTON PIERS (AUT)","6151061","2024-06-09 08:00","2024","06","09","08:00","","16.3","","","M","","M","","","26","","11","","","","99.64","","","","","","NA"
"-79.80","43.30","BURLINGTON PIERS (AUT)","6151061","2024-06-09 09:00","2024","06","09","09:00","","17.1","","","M","","M","","","24","","17","","","","99.60","","","","","","NA"
"-79.80","43.30","BURLINGTON PIERS (AUT)","6151061","2024-06-09 10:00","2024","06","09","10:00","","18.4","","","M","","M","","","25","","14","","","","99.58","","","","","","NA"
"-79.80","43.30","BURLINGTON PIERS (AUT)","6151061","2024-06-09 11:00","2024","06","09","11:00","","19.5","","","M","","M","","","26","","11","","","","99.51","","","","","","NA"
"-79.80","43.30","BURLINGTON PIERS (AUT)","6151061","2024-06-09 12:00","2024","06","09","12:00","","19.4","","","M","","M","","","26","","15","","","","99.49","","","","","","NA"
"-79.80","43.30","BURLINGTON PIERS (AUT)","6151061","2024-06-09 13:00","2024","06","09","13:00","","18.8","","","M","","M","","","26","","15","","","","99.42","","","","","","NA"
"-79.80","43.30","BURLINGTON PIERS (AUT)","6151061","2024-06-09 14:00","2024","06","09","14:00","","19.1","","","M","","M","","","30","","21","","","","99.34","","","","","","NA"
"-79.80","43.30","BURLINGTON PIERS (AUT)","6151061","2024-06-09 15:00","2024","06","09","15:00","","18.0","","","M","","M","","","30","","22","","","","99.38","","","","","","NA"
"-79.80","43.30","BURLINGTON PIERS (AUT)","6151061","2024-06-09 16:00","2024","06","09","16:00","","18.5","","","M","","M","","","30","","22","","","","99.38","","","","","","NA"
"-79.80","43.30","BURLINGTON PIERS (AUT)","6151061","2024-06-09 17:00","2024","06","09","17:00","","17.5","","","M","","M","","","30","","17","","","","99.39","","","","","","NA"
"-79.80","43.30","BURLINGTON PIERS (AUT)","6151061","2024-06-09 18:00","2024","06","09","18:00","","17.4","","","M","","M","","","30","","23","","","","99.46","","","","","","NA"
"-79.80","43.30","BURLINGTON PIERS (AUT)","6151061","2024-06-09 19:00","2024","06","09","19:00","","16.4","","","M","","M","","","29","","21","","","","99.54","","","","","","NA"
"-79.80","43.30","BURLINGTON PIERS (AUT)","6151061","2024-06-09 20:00","2024","06","09","20:00","","15.7","","","M","","M","","","27","","11","","","","99.56","","","","","","NA"
"-79.80","43.30","BURLINGTON PIERS (AUT)","6151061","2024-06-09 21:00","2024","06","09","21:00","","14.6","","","M","","M","","","29","","12","","","","99.65","","","","","","NA"
"-79.80","43.30","BURLINGTON PIERS (AUT)","6151061","2024-06-09 22:00","2024","06","09","22:00","","13.7","","","M","","M","","","27","","13","","","","99.67","","","","","","NA"
"-79.80","43.30","BURLINGTON PIERS (AUT)","6151061","2024-06-09 23:00","2024","06","09","23:00","","13.2","","","M","","M","","","28","","9","","","","99.64","","","","","","NA"
"-79.80","43.30","BURLINGTON PIERS (AUT)","6151061","2024-06-10 00:00","2024","06","10","00:00","","13.3","","","M","","M","","","27","","8","","","","99.59","","","","","","NA"
"-79.80","43.30","BURLINGTON PIERS (AUT)","6151061","2024-06-10 01:00","2024","06","10","01:00","","13.0","","","M","","M","","","25","","12","","","","99.56","","","","","","NA"
"-79.80","43.30","BURLINGTON PIERS (AUT)","6151061","2024-06-10 02:00","2024","06","10","02:00","","12.6","","","M","","M","","","25","","8","","","","99.57","","","","","","NA"
"-79.80","43.30","BURLINGTON PIERS (AUT)","6151061","2024-06-10 03:00","2024","06","10","03:00","","12.5","","","M","","M","","","23","","7","","","","99.58","","","","","","NA"
"-79.80","43.30","BURLINGTON PIERS (AUT)","6151061","2024-06-10 04:00","2024","06","10","04:00","","12.9","","","M","","M","","","26","","7","","","","99.59","","","","","","NA"
"-79.80","43.30","BURLINGTON PIERS (AUT)","6151061","2024-06-10 05:00","2024","06","10","05:00","","13.0","","","M","","M","","","27","","8","","","","99.62","","","","","","NA"
"-79.80","43.30","BURLINGTON PIERS (AUT)","6151061","2024-06-10 06:00","2024","06","10","06:00","","13.0","","","M","","M","","","27","","9","","","","99.67","","","","","","NA"
"-79.80","43.30","BURLINGTON PIERS (AUT)","6151061","2024-06-10 07:00","2024","06","10","07:00","","13.4","","","M","","M","","","28","","16","","","","99.73","","","","","","NA"
"-79.80","43.30","BURLINGTON PIERS (AUT)","6151061","2024-06-10 08:00","2024","06","10","08:00","","13.3","","","M","","M","","","28","","13","","","","99.78","","","","","","NA"
"-79.80","43.30","BURLINGTON PIERS (AUT)","6151061","2024-06-10 09:00","2024","06","10","09:00","","13.5","","","M","","M","","","27","","11","","","","99.79","","","","","","NA"
"-79.80","43.30","BURLINGTON PIERS (AUT)","6151061","2024-06-10 10:00","2024","06","10","10:00","","12.9","","","M","","M","","","29","","16","","","","99.81","","","","","","NA"
"-79.80","43.30","BURLINGTON PIERS (AUT)","6151061","2024-06-10 11:00","2024","06","10","11:00","","12.7","","","M","","M","","","30","","22","","","","99.89","","","","","","NA"
"-79.80","43.30","BURLINGTON PIERS (AUT)","6151061","2024-06-10 12:00","2024","06","10","12:00","","12.8","","","M","","M","","","31","","14","","","","99.90","","","","","","NA"
"-79.80","43.30","BURLINGTON PIERS (AUT)","6151061","2024-06-10 13:00","2024","06","10","13:00","","13.2","","","M","","M","","","31","","13","","","","99.94","","","","","","NA"
"-79.80","43.30","BURLINGTON PIERS (AUT)","6151061","2024-06-10 14:00","2024","06","10","14:00","","13.8","","","M","","M","","","14","","8","","","","99.94","","","","","","NA"
"-79.80","43.30","BURLINGTON PIERS (AUT)","6151061","2024-06-10 15:00","2024","06","10","15:00","","15.0","","","M","","M","","","31","","14","","","","99.97","","","","","","NA"
"-79.80","43.30","BURLINGTON PIERS (AUT)","6151061","2024-06-10 16:00","2024","06","10","16:00","","16.0","","","M","","M","","","29","","5","","","","99.99","","","","","","NA"
"-79.80","43.30","BURLINGTON PIERS (AUT)","6151061","2024-06-10 17:00","2024","06","10","17:00","","15.8","","","M","","M","","","10","","7","","","","99.99","","","","","","NA"
"-79.80","43.30","BURLINGTON PIERS (AUT)","6151061","2024-06-10 18:00","2024","06","10","18:00","","15.9","","","M","","M","","","8","","7","","","","100.04","","","","","","NA"
"-79.80","43.30","BURLINGTON PIERS (AUT)","6151061","2024-06-10 19:00","2024","06","10","19:00","","12.4","","","M","","M","","","3","","14","","","","100.09","","","","","","NA"
"-79.80","43.30","BURLINGTON PIERS (AUT)","6151061","2024-06-10 20:00","2024","06","10","20:00","","14.0","","","M","","M","","","36","","14","","","","100.14","","","","","","NA"
"-79.80","43.30","BURLINGTON PIERS (AUT)","6151061","2024-06-10 21:00","2024","06","10","21:00","","13.6","","","M","","M","","","36","","16","","","","100.24","","","","","","NA"
"-79.80","43.30","BURLINGTON PIERS (AUT)","6151061","2024-06-10 22:00","2024","06","10","22:00","","13.4","","","M","","M","","","35","","12","","","","100.31","","","","","","NA"
"-79.80","43.30","BURLINGTON PIERS (AUT)","6151061","2024-06-10 23:00","2024","06","10","23:00","","13.3","","","M","","M","","","34","","13","","","","100.35","","","","","","NA"
"-79.80","43.30","BURLINGTON PIERS (AUT)","6151061","2024-06-11 00:00","2024","06","11","00:00","","13.3","","","M","","M","","","33","","14","","","","100.37","","","","","","NA"
"-79.80","43.30","BURLINGTON PIERS (AUT)","6151061","2024-06-11 01:00","2024","06","11","01:00","","13.2","","","M","","M","","","33","","10","","","","100.37","","","","","","NA"
"-79.80","43.30","BURLINGTON PIERS (AUT)","6151061","2024-06-11 02:00","2024","06","11","02:00","","13.1","","","M","","M","","","32","","7","","","","100.38","","","","","","NA"
"-79.80","43.30","BURLINGTON PIERS (AUT)","6151061","2024-06-11 03:00","2024","06","11","03:00","","12.9","","","M","","M","","","33","","12","","","","100.41","","","","","","NA"
"-79.80","43.30","BURLINGTON PIERS (AUT)","6151061","2024-06-11 04:00","2024","06","11","04:00","","12.8","","","M","","M","","","36","","17","","","","100.45","","","","","","NA"
"-79.80","43.30","BURLINGTON PIERS (AUT)","6151061","2024-06-11 05:00","2024","06","11","05:00","","12.4","","","M","","M","","","35","","13","","","","100.52","","","","","","NA"
"-79.80","43.30","BURLINGTON PIERS (AUT)","6151061","2024-06-11 06:00","2024","06","11","06:00","","12.4","","","M","","M","","","34","","11","","","","100.55","","","","","","NA"
"-79.80","43.30","BURLINGTON PIERS (AUT)","6151061","2024-06-11 07:00","2024","06","11","07:00","","12.4","","","M","","M","","","35","","15","","","","100.59","","","","","","NA"
"-79.80","43.30","BURLINGTON PIERS (AUT)","6151061","2024-06-11 08:00","2024","06","11","08:00","","12.6","","","M","","M","","","1","","12","","","","100.66","","","","","","NA"
"-79.80","43.30","BURLINGTON PIERS (AUT)","6151061","2024-06-11 09:00","2024","06","11","09:00","","12.7","","","M","","M","","","7","","9","","","","100.68","","","","","","NA"
"-79.80","43.30","BURLINGTON PIERS (AUT)","6151061","2024-06-11 10:00","2024","06","11","10:00","","12.7","","","M","","M","","","8","","6","","","","100.72","","","","","","NA"
"-79.80","43.30","BURLINGTON PIERS (AUT)","6151061","2024-06-11 11:00","2024","06","11","11:00","","12.6","","","M","","M","","","10","","10","","","","100.75","","","","","","NA"
"-79.80","43.30","BURLINGTON PIERS (AUT)","6151061","2024-06-11 12:00","2024","06","11","12:00","","12.8","","","M","","M","","","11","","12","","","","100.73","","","","","","NA"
"-79.80","43.30","BURLINGTON PIERS (AUT)","6151061","2024-06-11 13:00","2024","06","11","13:00","","13.1","","","M","","M","","","10","","14","","","","100.70","","","","","","NA"
"-79.80","43.30","BURLINGTON PIERS (AUT)","6151061","2024-06-11 14:00","2024","06","11","14:00","","13.9","","","M","","M","","","10","","12","","","","100.66","","","","","","NA"
"-79.80","43.30","BURLINGTON PIERS (AUT)","6151061","2024-06-11 15:00","2024","06","11","15:00","","14.4","","","M","","M","","","8","","14","","","","100.64","","","","","","NA"
"-79.80","43.30","BURLINGTON PIERS (AUT)","6151061","2024-06-11 16:00","2024","06","11","16:00","","14.7","","","M","","M","","","10","","16","","","","100.62","","","","","","NA"
"-79.80","43.30","BURLINGTON PIERS (AUT)","6151061","2024-06-11 17:00","2024","06","11","17:00","","15.0","","","M","","M","","","9","","16","","","","100.59","","","","","","NA"
"-79.80","43.30","BURLINGTON PIERS (AUT)","6151061","2024-06-11 18:00","2024","06","11","18:00","","15.0","","","M","","M","","","9","","19","","","","100.58","","","","","","NA"
"-79.80","43.30","BURLINGTON PIERS (AUT)","6151061","2024-06-11 19:00","2024","06","11","19:00","","15.2","","","M","","M","","","11","","18","","","","100.60","","","","","","NA"
"-79.80","43.30","BURLINGTON PIERS (AUT)","6151061","2024-06-11 20:00","2024","06","11","20:00","","17.0","","","M","","M","","","16","","15","","","","100.62","","","","","","NA"
"-79.80","43.30","BURLINGTON PIERS (AUT)","6151061","2024-06-11 21:00","2024","06","11","21:00","","16.0","","","M","","M","","","20","","10","","","","100.69","","","","","","NA"
"-79.80","43.30","BURLINGTON PIERS (AUT)","6151061","2024-06-11 22:00","2024","06","11","22:00","","15.5","","","M","","M","","","22","","9","","","","100.71","","","","","","NA"
"-79.80","43.30","BURLINGTON PIERS (AUT)","6151061","2024-06-11 23:00","2024","06","11","23:00","","15.1","","","M","","M","","","20","","7","","","","100.72","","","","","","NA"
"-79.80","43.30","BURLINGTON PIERS (AUT)","6151061","2024-06-12 00:00","2024","06","12","00:00","","14.4","","","M","","M","","","26","","4","","","","100.71","","","","","","NA"
"-79.80","43.30","BURLINGTON PIERS (AUT)","6151061","2024-06-12 01:00","2024","06","12","01:00","","14.3","","","M","","M","","","23","","4","","","","100.68","","","","","","NA"
"-79.80","43.30","BURLINGTON PIERS (AUT)","6151061","2024-06-12 02:00","2024","06","12","02:00","","13.8","","","M","","M","","","25","","5","","","","100.68","","","","","","NA"
"-79.80","43.30","BURLINGTON PIERS (AUT)","6151061","2024-06-12 03:00","2024","06","12","03:00","","13.7","","","M","","M","","","25","","6","","","","100.70","","","","","","NA"
"-79.80","43.30","BURLINGTON PIERS (AUT)","6151061","2024-06-12 04:00","2024","06","12","04:00","","13.4","","","M","","M","","","24","","6","","","","100.70","","","","","","NA"
"-79.80","43.30","BURLINGTON PIERS (AUT)","6151061","2024-06-12 05:00","2024","06","12","05:00","","12.7","","","M","","M","","","16","","4","","","","100.69","","","","","","NA"
"-79.80","43.30","BURLINGTON PIERS (AUT)","6151061","2024-06-12 06:00","2024","06","12","06:00","","13.6","","","M","","M","","","26","","5","","","","100.72","","","","","","NA"
"-79.80","43.30","BURLINGTON PIERS (AUT)","6151061","2024-06-12 07:00","2024","06","12","07:00","","14.4","","","M","","M","","","22","","5","","","","100.75","","","","","","NA"
"-79.80","43.30","BURLINGTON PIERS (AUT)","6151061","2024-06-12 08:00","2024","06","12","08:00","","14.5","","","M","","M","","","7","","5","","","","100.78","","","","","","NA"
"-79.80","43.30","BURLINGTON PIERS (AUT)","6151061","2024-06-12 09:00","2024","06","12","09:00"
"-79.80","43.30","BURLINGTON PIERS (AUT)","6151061","2024-06-12 10:00","2024","06","12","10:00"
"-79.80","43.30","BURLINGTON PIERS (AUT)","6151061","2024-06-12 11:00","2024","06","12","11:00"
"-79.80","43.30","BURLINGTON PIERS (AUT)","6151061","2024-06-12 12:00","2024","06","12","12:00"
"-79.80","43.30","BURLINGTON PIERS (AUT)","6151061","2024-06-12 13:00","2024","06","12","13:00"
"-79.80","43.30","BURLINGTON PIERS (AUT)","6151061","2024-06-12 14:00","2024","06","12","14:00"
"-79.80","43.30","BURLINGTON PIERS (AUT)","6151061","2024-06-12 15:00","2024","06","12","15:00"
"-79.80","43.30","BURLINGTON PIERS (AUT)","6151061","2024-06-12 16:00","2024","06","12","16:00","","23.4","","","M","","M","","","17","","19","","","","100.50","","","","","","NA"
"-79.80","43.30","BURLINGTON PIERS (AUT)","6151061","2024-06-12 17:00","2024","06","12","17:00","","23.9","","9.5","","40","","","","18","","13","","","","100.44","","25","","","","NA"
"-79.80","43.30","BURLINGTON PIERS (AUT)","6151061","2024-06-12 18:00","2024","06","12","18:00","","23.7","","10.0","","42","","","","16","","20","","","","100.42","","25","","","","NA"
"-79.80","43.30","BURLINGTON PIERS (AUT)","6151061","2024-06-12 19:00","2024","06","12","19:00","","22.7","","11.1","","48","","","","18","","16","","","","100.41","","25","","","","NA"
"-79.80","43.30","BURLINGTON PIERS (AUT)","6151061","2024-06-12 20:00","2024","06","12","20:00","","21.3","","10.8","","51","","","","17","","15","","","","100.38","","","","","","NA"
"-79.80","43.30","BURLINGTON PIERS (AUT)","6151061","2024-06-12 21:00","2024","06","12","21:00","","19.9","","11.5","","58","","","","18","","14","","","","100.38","","","","","","NA"
"-79.80","43.30","BURLINGTON PIERS (AUT)","6151061","2024-06-12 22:00","2024","06","12","22:00","","19.6","","10.6","","56","","","","19","","7","","","","100.38","","","","","","NA"
"-79.80","43.30","BURLINGTON PIERS (AUT)","6151061","2024-06-12 23:00","2024","06","12","23:00","","20.1","","9.0","","49","","","","18","","5","","","","100.34","","","","","","NA"
"-79.80","43.30","BURLINGTON PIERS (AUT)","6151061","2024-06-13 00:00","2024","06","13","00:00","","19.3","","9.7","","54","","","","30","","5","","","","100.32","","","","","","NA"
"-79.80","43.30","BURLINGTON PIERS (AUT)","6151061","2024-06-13 01:00","2024","06","13","01:00","","18.5","","9.9","","57","","","","32","","4","","","","100.26","","","","","","NA"
"-79.80","43.30","BURLINGTON PIERS (AUT)","6151061","2024-06-13 02:00","2024","06","13","02:00","","20.7","","11.4","","55","","","","21","","5","","","","100.23","","","","","","NA"
"-79.80","43.30","BURLINGTON PIERS (AUT)","6151061","2024-06-13 03:00","2024","06","13","03:00","","21.0","","12.6","","59","","","","23","","11","","","","100.18","","","","","","NA"
"-79.80","43.30","BURLINGTON PIERS (AUT)","6151061","2024-06-13 04:00","2024","06","13","04:00","","20.5","","12.9","","62","","","","23","","12","","","","100.12","","","","","","NA"
"-79.80","43.30","BURLINGTON PIERS (AUT)","6151061","2024-06-13 05:00","2024","06","13","05:00","","20.1","","13.5","","66","","","","23","","9","","","","100.13","","","","","","NA"
"-79.80","43.30","BURLINGTON PIERS (AUT)","6151061","2024-06-13 06:00","2024","06","13","06:00","","20.6","","13.4","","63","","","","23","","15","","","","100.20","","","","","","NA"
"-79.80","43.30","BURLINGTON PIERS (AUT)","6151061","2024-06-13 07:00","2024","06","13","07:00","","20.8","","13.6","","63","","","","22","","12","","","","100.19","","","","","","NA"
"-79.80","43.30","BURLINGTON PIERS (AUT)","6151061","2024-06-13 08:00","2024","06","13","08:00","","22.1","","14.3","","61","","","","23","","12","","","","100.19","","26","","","","NA"
"-79.80","43.30","BURLINGTON PIERS (AUT)","6151061","2024-06-13 09:00","2024","06","13","09:00","","23.9","","14.2","","55","","","","21","","19","","","","100.16","","27","","","","NA"
"-79.80","43.30","BURLINGTON PIERS (AUT)","6151061","2024-06-13 10:00","2024","06","13","10:00","","25.4","","14.8","","52","","","","22","","18","","","","100.11","","29","","","","NA"
"-79.80","43.30","BURLINGTON PIERS (AUT)","6151061","2024-06-13 11:00","2024","06","13","11:00","","26.2","","15.2","","51","","","","20","","18","","","","100.05","","30","","","","NA"
"-79.80","43.30","BURLINGTON PIERS (AUT)","6151061","2024-06-13 12:00","2024","06","13","12:00","","27.3","","15.1","","47","","","","21","","22","","","","100.02","","31","","","","NA"
"-79.80","43.30","BURLINGTON PIERS (AUT)","6151061","2024-06-13 13:00","2024","06","13","13:00","","27.4","","15.5","","48","","","","21","","15","","","","100.02","","32","","","","NA"
"-79.80","43.30","BURLINGTON PIERS (AUT)","6151061","2024-06-13 14:00","2024","06","13","14:00","","27.9","","15.2","","46","","","","21","","25","","","","100.01","","32","","","","NA"
"-79.80","43.30","BURLINGTON PIERS (AUT)","6151061","2024-06-13 15:00","2024","06","13","15:00","","27.9","","14.1","","43","","","","21","","27","","","","99.95","","31","","","","NA"
"-79.80","43.30","BURLINGTON PIERS (AUT)","6151061","2024-06-13 16:00","2024","06","13","16:00","","28.3","","14.7","","44","","","","22","","25","","","","99.91","","32","","","","NA"
"-79.80","43.30","BURLINGTON PIERS (AUT)","6151061","2024-06-13 17:00","2024","06","13","17:00","","28.7","","15.4","","44","","","","21","","29","","","","99.84","","33","","","","NA"
"-79.80","43.30","BURLINGTON PIERS (AUT)","6151061","2024-06-13 18:00","2024","06","13","18:00","","28.8","","15.8","","45","","","","21","","30","","","","99.83","","33","","","","NA"
"-79.80","43.30","BURLINGTON PIERS (AUT)","6151061","2024-06-13 19:00","2024","06","13","19:00","","28.3","","15.9","","47","","","","21","","26","","","","99.76","","33","","","","NA"
"-79.80","43.30","BURLINGTON PIERS (AUT)","6151061","2024-06-13 20:00","2024","06","13","20:00","","27.9","","15.6","","47","","","","21","","26","","","","99.76","","32","","","","NA"
"-79.80","43.30","BURLINGTON PIERS (AUT)","6151061","2024-06-13 21:00","2024","06","13","21:00","","26.4","","16.3","","54","","","","24","","10","","","","99.81","","31","","","","NA"
"-79.80","43.30","BURLINGTON PIERS (AUT)","6151061","2024-06-13 22:00","2024","06","13","22:00","","27.2","","15.9","","50","","","","21","","20","","","","99.77","","32","","","","NA"
"-79.80","43.30","BURLINGTON PIERS (AUT)","6151061","2024-06-13 23:00","2024","06","13","23:00","","24.9","","16.1","","58","","","","27","","14","","","","99.88","","30","","","","NA"
"-79.80","43.30","BURLINGTON PIERS (AUT)","6151061","2024-06-14 00:00","2024","06","14","00:00","","22.1","","14.6","","62","","","","31","","19","","","","99.97","","26","","","","NA"
"-79.80","43.30","BURLINGTON PIERS (AUT)","6151061","2024-06-14 01:00","2024","06","14","01:00","","20.8","","14.3","","66","","","","27","","8","","","","100.07","","","","","","NA"
"-79.80","43.30","BURLINGTON PIERS (AUT)","6151061","2024-06-14 02:00","2024","06","14","02:00","","20.0","","14.0","","68","","","","30","","15","","","","100.09","","","","","","NA"
"-79.80","43.30","BURLINGTON PIERS (AUT)","6151061","2024-06-14 03:00","2024","06","14","03:00","","19.6","","13.8","","69","","","","28","","6","","","","100.04","","","","","","NA"
"-79.80","43.30","BURLINGTON PIERS (AUT)","6151061","2024-06-14 04:00","2024","06","14","04:00","","19.6","","13.4","","68","","","","24","","8","","","","100.10","","","","","","NA"
"-79.80","43.30","BURLINGTON PIERS (AUT)","6151061","2024-06-14 05:00","2024","06","14","05:00","","19.1","","13.3","","69","","","","25","","8","","","","100.17","","","","","","NA"
"-79.80","43.30","BURLINGTON PIERS (AUT)","6151061","2024-06-14 06:00","2024","06","14","06:00","","19.0","","13.1","","69","","","","28","","6","","","","100.25","","","","","","NA"
"-79.80","43.30","BURLINGTON PIERS (AUT)","6151061","2024-06-14 07:00","2024","06","14","07:00","","19.5","","12.7","","65","","","","28","","9","","","","100.28","","","","","","NA"
"-79.80","43.30","BURLINGTON PIERS (AUT)","6151061","2024-06-14 08:00","2024","06","14","08:00","","20.2","","12.2","","60","","","","29","","16","","","","100.33","","","","","","NA"
"-79.80","43.30","BURLINGTON PIERS (AUT)","6151061","2024-06-14 09:00","2024","06","14","09:00","","20.2","","10.8","","55","","","","29","","13","","","","100.34","","","","","","NA"
"-79.80","43.30","BURLINGTON PIERS (AUT)","6151061","2024-06-14 10:00","2024","06","14","10:00","","21.2","","9.3","","46","","","","30","","17","","","","100.36","","","","","","NA"
"-79.80","43.30","BURLINGTON PIERS (AUT)","6151061","2024-06-14 11:00","2024","06","14","11:00","","22.1","","10.0","","46","","","","31","","12","","","","100.39","","","","","","NA"
"-79.80","43.30","BURLINGTON PIERS (AUT)","6151061","2024-06-14 12:00","2024","06","14","12:00","","22.7","","10.6","","46","","","","34","","5","","","","100.40","","","","","","NA"
"-79.80","43.30","BURLINGTON PIERS (AUT)","6151061","2024-06-14 13:00","2024","06","14","13:00","","20.5","","10.7","","53","","","","11","","7","","","","100.39","","","","","","NA"
"-79.80","43.30","BURLINGTON PIERS (AUT)","6151061","2024-06-14 14:00","2024","06","14","14:00","","19.2","","13.1","","68","","","","7","","20","","","","100.38","","","","","","NA"
"-79.80","43.30","BURLINGTON PIERS (AUT)","6151061","2024-06-14 15:00","2024","06","14","15:00","","19.6","","12.8","","65","","","","8","","11","","","","100.38","","","","","","NA"
"-79.80","43.30","BURLINGTON PIERS (AUT)","6151061","2024-06-14 16:00","2024","06","14","16:00","","19.9","","12.2","","61","","","","10","","11","","","","100.42","","","","","","NA"
"-79.80","43.30","BURLINGTON PIERS (AUT)","6151061","2024-06-14 17:00","2024","06","14","17:00","","19.0","","13.9","","72","","","","2","","5","","","","100.43","","","","","","NA"
"-79.80","43.30","BURLINGTON PIERS (AUT)","6151061","2024-06-14 18:00","2024","06","14","18:00","","19.5","","13.5","","68","","","","32","","3","","","","100.48","","","","","","NA"
"-79.80","43.30","BURLINGTON PIERS (AUT)","6151061","2024-06-14 19:00","2024","06","14","19:00","","19.7","","12.8","","64","","","","30","","5","","","","100.52","","","","","","NA"
"-79.80","43.30","BURLINGTON PIERS (AUT)","6151061","2024-06-14 20:00","2024","06","14","20:00","","20.9","","7.9","","43","","","","33","","21","","","","100.55","","","","","","NA"
"-79.80","43.30","BURLINGTON PIERS (AUT)","6151061","2024-06-14 21:00","2024","06","14","21:00","","19.8","","6.9","","43","","","","34","","17","","","","100.67","","","","","","NA"
"-79.80","43.30","BURLINGTON PIERS (AUT)","6151061","2024-06-14 22:00","2024","06","14","22:00","","18.7","","6.6","","45","","","","32","","7","","","","100.74","","","","","","NA"
"-79.80","43.30","BURLINGTON PIERS (AUT)","6151061","2024-06-14 23:00","2024","06","14","23:00","","18.2","","7.9","","51","","","","27","","6","","","","100.75","","","","","","NA"
"-79.80","43.30","BURLINGTON PIERS (AUT)","6151061","2024-06-15 00:00","2024","06","15","00:00","","17.4","","9.0","","58","","","","28","","6","","","","100.75","","","","","","NA"
"-79.80","43.30","BURLINGTON PIERS (AUT)","6151061","2024-06-15 01:00","2024","06","15","01:00","","16.8","","8.6","","58","","","","31","","15","","","","100.75","","","","","","NA"
"-79.80","43.30","BURLINGTON PIERS (AUT)","6151061","2024-06-15 02:00","2024","06","15","02:00","","16.6","","9.1","","61","","","","20","","5","","","","100.87","","","","","","NA"
"-79.80","43.30","BURLINGTON PIERS (AUT)","6151061","2024-06-15 03:00","2024","06","15","03:00","","15.9","","8.6","","62","","","","29","","4","","","","100.89","","","","","","NA"
"-79.80","43.30","BURLINGTON PIERS (AUT)","6151061","2024-06-15 04:00","2024","06","15","04:00","","15.3","","8.6","","64","","","","33","","9","","","","100.94","","","","","","NA"
"-79.80","43.30","BURLINGTON PIERS (AUT)","6151061","2024-06-15 05:00","2024","06","15","05:00","","14.7","","9.8","","73","","","","36","","9","","","","101.01","","","","","","NA"
"-79.80","43.30","BURLINGTON PIERS (AUT)","6151061","2024-06-15 06:00","2024","06","15","06:00","","14.2","","10.0","","76","","","","36","","14","","","","101.01","","","","","","NA"
"-79.80","43.30","BURLINGTON PIERS (AUT)","6151061","2024-06-15 07:00","2024","06","15","07:00","","15.2","","10.2","","72","","","","34","","10","","","","101.11","","","","","","NA"
"-79.80","43.30","BURLINGTON PIERS (AUT)","6151061","2024-06-15 08:00","2024","06","15","08:00","","16.0","","9.4","","65","","","","35","","11","","","","101.20","","","","","","NA"
"-79.80","43.30","BURLINGTON PIERS (AUT)","6151061","2024-06-15 09:00","2024","06","15","09:00","","16.3","","9.5","","64","","","","7","","8","","","","101.17","","","","","","NA"
"-79.80","43.30","BURLINGTON PIERS (AUT)","6151061","2024-06-15 10:00","2024","06","15","10:00","","16.2","","9.6","","65","","","","11","","11","","","","101.26","","","","","","NA"
"-79.80","43.30","BURLINGTON PIERS (AUT)","6151061","2024-06-15 11:00","2024","06","15","11:00","","16.3","","9.3","","63","","","","9","","17","","","","101.21","","","","","","NA"
"-79.80","43.30","BURLINGTON PIERS (AUT)","6151061","2024-06-15 12:00","2024","06","15","12:00","","16.5","","9.9","","65","","","","8","","18","","","","101.21","","","","","","NA"
"-79.80","43.30","BURLINGTON PIERS (AUT)","6151061","2024-06-15 13:00","2024","06","15","13:00","","17.0","","10.7","","66","","","","10","","16","","","","101.24","","","","","","NA"
"-79.80","43.30","BURLINGTON PIERS (AUT)","6151061","2024-06-15 14:00","2024","06","15","14:00","","16.8","","11.8","","72","","","","11","","18","","","","101.20","","","","","","NA"
"-79.80","43.30","BURLINGTON PIERS (AUT)","6151061","2024-06-15 15:00","2024","06","15","15:00","","17.5","","11.3","","67","","","","9","","17","","","","101.12","","","","","","NA"
"-79.80","43.30","BURLINGTON PIERS (AUT)","6151061","2024-06-15 16:00","2024","06","15","16:00","","17.4","","12.3","","72","","","","10","","17","","","","101.13","","","","","","NA"
"-79.80","43.30","BURLINGTON PIERS (AUT)","6151061","2024-06-15 17:00","2024","06","15","17:00","","17.5","","13.1","","76","","","","12","","12","","","","101.12","","","","","","NA"
"-79.80","43.30","BURLINGTON PIERS (AUT)","6151061","2024-06-15 18:00","2024","06","15","18:00","","17.5","","13.4","","77","","","","11","","11","","","","101.14","","","","","","NA"
"-79.80","43.30","BURLINGTON PIERS (AUT)","6151061","2024-06-15 19:00","2024","06","15","19:00","","17.7","","11.9","","69","","","","13","","9","","","","101.16","","","","","","NA"
"-79.80","43.30","BURLINGTON PIERS (AUT)","6151061","2024-06-15 20:00","2024","06","15","20:00","","17.5","","12.8","","74","","","","2","","10","","","","101.12","","","","","","NA"
"-79.80","43.30","BURLINGTON PIERS (AUT)","6151061","2024-06-15 21:00","2024","06","15","21:00","","17.1","","13.7","","80","","","","10","","3","","","","101.16","","","","","","NA"
"-79.80","43.30","BURLINGTON PIERS (AUT)","6151061","2024-06-15 22:00","2024","06","15","22:00","","17.5","","11.9","","69","","","","3","","4","","","","101.17","","","","","","NA"
"-79.80","43.30","BURLINGTON PIERS (AUT)","6151061","2024-06-15 23:00","2024","06","15","23:00","","16.1","","12.2","","78","","","","13","","3","","","","101.17","","","","","","NA"
"-79.80","43.30","BURLINGTON PIERS (AUT)","6151061","2024-06-16 00:00","2024","06","16","00:00","","17.4","","9.8","","61","","","","18","","3","","","","101.17","","","","","","NA"
"-79.80","43.30","BURLINGTON PIERS (AUT)","6151061","2024-06-16 01:00","2024","06","16","01:00","","16.8","","10.7","","67","","","","36","","3","","","","101.17","","","","","","NA"
"-79.80","43.30","BURLINGTON PIERS (AUT)","6151061","2024-06-16 02:00","2024","06","16","02:00","","15.3","","9.8","","70","","","","33","","9","","","","101.21","","","","","","NA"
"-79.80","43.30","BURLINGTON PIERS (AUT)","6151061","2024-06-16 03:00","2024","06","16","03:00","","15.0","","9.6","","70","","","","36","","10","","","","101.24","","","","","","NA"
"-79.80","43.30","BURLINGTON PIERS (AUT)","6151061","2024-06-16 04:00","2024","06","16","04:00","","14.8","","9.6","","71","","","","35","","8","","","","101.24","","","","","","NA"
"-79.80","43.30","BURLINGTON PIERS (AUT)","6151061","2024-06-16 05:00","2024","06","16","05:00","","14.8","","9.4","","70","","","","35","","6","","","","101.29","","","","","","NA"
"-79.80","43.30","BURLINGTON PIERS (AUT)","6151061","2024-06-16 06:00","2024","06","16","06:00","","15.0","","10.3","","73","","","","1","","12","","","","101.34","","","","","","NA"
"-79.80","43.30","BURLINGTON PIERS (AUT)","6151061","2024-06-16 07:00","2024","06","16","07:00","","14.7","","11.4","","81","","","","2","","17","","","","101.31","","","","","","NA"
"-79.80","43.30","BURLINGTON PIERS (AUT)","6151061","2024-06-16 08:00","2024","06","16","08:00","","14.3","","12.6","","90","","","","3","","20","","","","101.29","","","","","","NA"
"-79.80","43.30","BURLINGTON PIERS (AUT)","6151061","2024-06-16 09:00","2024","06","16","09:00","","14.1","","12.5","","90","","","","3","","20","","","","101.27","","","","","","NA"
"-79.80","43.30","BURLINGTON PIERS (AUT)","6151061","2024-06-16 10:00","2024","06","16","10:00","","14.0","","12.5","","90","","","","2","","19","","","","101.25","","","","","","NA"
"-79.80","43.30","BURLINGTON PIERS (AUT)","6151061","2024-06-16 11:00","2024","06","16","11:00","","15.0","","12.7","","86","","","","3","","18","","","","101.23","","","","","","NA"
"-79.80","43.30","BURLINGTON PIERS (AUT)","6151061","2024-06-16 12:00","2024","06","16","12:00","","14.9","","13.1","","89","","","","3","","20","","","","101.16","","","","","","NA"
"-79.80","43.30","BURLINGTON PIERS (AUT)","6151061","2024-06-16 13:00","2024","06","16","13:00","","15.0","","13.6","","91","","","","4","","20","","","","101.13","","","","","","NA"
"-79.80","43.30","BURLINGTON PIERS (AUT)","6151061","2024-06-16 14:00","2024","06","16","14:00","","15.7","","14.1","","90","","","","3","","13","","","","101.09","","","","","","NA"
"-79.80","43.30","BURLINGTON PIERS (AUT)","6151061","2024-06-16 15:00","2024","06","16","15:00","","15.6","","13.8","","89","","","","3","","13","","","","101.02","","","","","","NA"
"-79.80","43.30","BURLINGTON PIERS (AUT)","6151061","2024-06-16 16:00","2024","06","16","16:00","","15.8","","13.9","","88","","","","3","","12","","","","101.00","","","","","","NA"
"-79.80","43.30","BURLINGTON PIERS (AUT)","6151061","2024-06-16 17:00","2024","06","16","17:00","","15.0","","12.6","","85","","","","2","","15","","","","100.95","","","","","","NA"
"-79.80","43.30","BURLINGTON PIERS (AUT)","6151061","2024-06-16 18:00","2024","06","16","18:00","","15.4","","12.9","","85","","","","2","","14","","","","100.86","","","","","","NA"
"-79.80","43.30","BURLINGTON PIERS (AUT)","6151061","2024-06-16 19:00","2024","06","16","19:00","","15.7","","12.9","","84","","","","2","","11","","","","100.79","","","","","","NA"
"-79.80","43.30","BURLINGTON PIERS (AUT)","6151061","2024-06-16 20:00","2024","06","16","20:00","","16.8","","13.4","","81","","","","35","","9","","","","100.74","","","","","","NA"
"-79.80","43.30","BURLINGTON PIERS (AUT)","6151061","2024-06-16 21:00","2024","06","16","21:00","","17.0","","13.0","","77","","","","36","","4","","","","100.71","","","","","","NA"
"-79.80","43.30","BURLINGTON PIERS (AUT)","6151061","2024-06-16 22:00","2024","06","16","22:00","","17.1","","12.7","","75","","","","36","","7","","","","100.65","","","","","","NA"
"-79.80","43.30","BURLINGTON PIERS (AUT)","6151061","2024-06-16 23:00","2024","06","16","23:00","","16.9","","12.5","","75","","","","34","","3","","","","100.61","","","","","","NA"
"-79.80","43.30","BURLINGTON PIERS (AUT)","6151061","2024-06-17 00:00","2024","06","17","00:00","","17.0","","12.0","","72","","","","33","","4","","","","100.63","","","","","","NA"
"-79.80","43.30","BURLINGTON PIERS (AUT)","6151061","2024-06-17 01:00","2024","06","17","01:00","","17.1","","12.8","","76","","","","","","0","","","","100.64","","","","","","NA"
"-79.80","43.30","BURLINGTON PIERS (AUT)","6151061","2024-06-17 02:00","2024","06","17","02:00","","16.6","","12.9","","79","","","","4","","7","","","","100.64","","","","","","NA"
"-79.80","43.30","BURLINGTON PIERS (AUT)","6151061","2024-06-17 03:00","2024","06","17","03:00","","16.3","","14.1","","87","","","","15","","5","","","","100.62","","","","","","NA"
"-79.80","43.30","BURLINGTON PIERS (AUT)","6151061","2024-06-17 04:00","2024","06","17","04:00","","17.1","","13.4","","79","","","","16","","5","","","","100.57","","","","","","NA"
"-79.80","43.30","BURLINGTON PIERS (AUT)","6151061","2024-06-17 05:00","2024","06","17","05:00","","16.8","","13.7","","82","","","","26","","5","","","","100.58","","","","","","NA"
"-79.80","43.30","BURLINGTON PIERS (AUT)","6151061","2024-06-17 06:00","2024","06","17","06:00","","17.1","","14.6","","85","","","","","","0","","","","100.64","","","","","","NA"
"-79.80","43.30","BURLINGTON PIERS (AUT)","6151061","2024-06-17 07:00","2024","06","17","07:00","","17.2","","15.3","","88","","","","5","","12","","","","100.74","","","","","","NA"
"-79.80","43.30","BURLINGTON PIERS (AUT)","6151061","2024-06-17 08:00","2024","06","17","08:00","","17.3","","15.8","","91","","","","7","","11","","","","100.73","","","","","","NA"
"-79.80","43.30","BURLINGTON PIERS (AUT)","6151061","2024-06-17 09:00","2024","06","17","09:00","","17.1","","15.6","","91","","","","2","","6","","","","100.73","","","","","","NA"
"-79.80","43.30","BURLINGTON PIERS (AUT)","6151061","2024-06-17 10:00","2024","06","17","10:00","","17.2","","15.6","","90","","","","8","","3","","","","100.74","","","","","","NA"
"-79.80","43.30","BURLINGTON PIERS (AUT)","6151061","2024-06-17 11:00","2024","06","17","11:00","","17.5","","16.0","","91","","","","1","","8","","","","100.71","","","","","","NA"
"-79.80","43.30","BURLINGTON PIERS (AUT)","6151061","2024-06-17 12:00","2024","06","17","12:00","","22.5","","17.1","","71","","","","15","","5","","","","100.73","","28","","","","NA"
"-79.80","43.30","BURLINGTON PIERS (AUT)","6151061","2024-06-17 13:00","2024","06","17","13:00","","24.1","","19.2","","74","","","","25","","17","","","","100.78","","31","","","","NA"
"-79.80","43.30","BURLINGTON PIERS (AUT)","6151061","2024-06-17 14:00","2024","06","17","14:00","","21.1","","20.5","","96","","","","22","","10","","","","100.78","","29","","","","NA"
"-79.80","43.30","BURLINGTON PIERS (AUT)","6151061","2024-06-17 15:00","2024","06","17","15:00","","23.2","","21.6","","91","","","","27","","4","","","","100.70","","32","","","","NA"
"-79.80","43.30","BURLINGTON PIERS (AUT)","6151061","2024-06-17 16:00","2024","06","17","16:00","","25.1","","21.5","","81","","","","","","0","","","","100.66","","34","","","","NA"
"-79.80","43.30","BURLINGTON PIERS (AUT)","6151061","2024-06-17 17:00","2024","06","17","17:00","","26.3","","21.8","","77","","","","7","","6","","","","100.57","","35","","","","NA"
"-79.80","43.30","BURLINGTON PIERS (AUT)","6151061","2024-06-17 18:00","2024","06","17","18:00","","21.4","","19.4","","88","","","","12","","7","","","","100.60","","28","","","","NA"
"-79.80","43.30","BURLINGTON PIERS (AUT)","6151061","2024-06-17 19:00","2024","06","17","19:00","","20.7","","19.2","","91","","","","8","","4","","","","100.64","","28","","","","NA"
"-79.80","43.30","BURLINGTON PIERS (AUT)","6151061","2024-06-17 20:00","2024","06","17","20:00","","21.2","","20.0","","93","","","","1","","6","","","","100.60","","29","","","","NA"
"-79.80","43.30","BURLINGTON PIERS (AUT)","6151061","2024-06-17 21:00","2024","06","17","21:00","","21.3","","19.9","","92","","","","35","","7","","","","100.69","","29","","","","NA"
"-79.80","43.30","BURLINGTON PIERS (AUT)","6151061","2024-06-17 22:00","2024","06","17","22:00","","25.6","","20.6","","74","","","","","","0","","","","100.78","","34","","","","NA"
"-79.80","43.30","BURLINGTON PIERS (AUT)","6151061","2024-06-17 23:00","2024","06","17","23:00","","25.1","","20.9","","78","","","","22","","8","","","","100.82","","33","","","","NA"
"-79.80","43.30","BURLINGTON PIERS (AUT)","6151061","2024-06-18 00:00","2024","06","18","00:00","","25.2","","20.2","","74","","","","22","","8","","","","100.83","","33","","","","NA"
"-79.80","43.30","BURLINGTON PIERS (AUT)","6151061","2024-06-18 01:00","2024","06","18","01:00","","24.7","","19.9","","75","","","","23","","7","","","","100.85","","32","","","","NA"
"-79.80","43.30","BURLINGTON PIERS (AUT)","6151061","2024-06-18 02:00","2024","06","18","02:00","","24.2","","19.4","","75","","","","24","","5","","","","100.85","","31","","","","NA"
"-79.80","43.30","BURLINGTON PIERS (AUT)","6151061","2024-06-18 03:00","2024","06","18","03:00","","23.9","","19.3","","75","","","","24","","8","","","","100.84","","31","","","","NA"
"-79.80","43.30","BURLINGTON PIERS (AUT)","6151061","2024-06-18 04:00","2024","06","18","04:00","","23.6","","19.4","","77","","","","25","","8","","","","100.86","","31","","","","NA"
"-79.80","43.30","BURLINGTON PIERS (AUT)","6151061","2024-06-18 05:00","2024","06","18","05:00","","23.5","","19.6","","79","","","","24","","6","","","","100.93","","31","","","","NA"
"-79.80","43.30","BURLINGTON PIERS (AUT)","6151061","2024-06-18 06:00","2024","06","18","06:00","","22.3","","19.1","","82","","","","13","","8","","","","101.04","","29","","","","NA"
"-79.80","43.30","BURLINGTON PIERS (AUT)","6151061","2024-06-18 07:00","2024","06","18","07:00","","21.5","","19.2","","87","","","","10","","19","","","","101.11","","28","","","","NA"
"-79.80","43.30","BURLINGTON PIERS (AUT)","6151061","2024-06-18 08:00","2024","06","18","08:00","","20.4","","18.4","","88","","","","9","","19","","","","101.19","","27","","","","NA"
"-79.80","43.30","BURLINGTON PIERS (AUT)","6151061","2024-06-18 09:00","2024","06","18","09:00","","21.2","","19.0","","87","","","","10","","23","","","","101.22","","28","","","","NA"
"-79.80","43.30","BURLINGTON PIERS (AUT)","6151061","2024-06-18 10:00","2024","06","18","10:00","","27.6","","20.9","","67","","","","16","","17","","","","101.16","","36","","","","NA"
"-79.80","43.30","BURLINGTON PIERS (AUT)","6151061","2024-06-18 11:00","2024","06","18","11:00","","28.7","","20.9","","63","","","","17","","14","","","","101.17","","37","","","","NA"
"-79.80","43.30","BURLINGTON PIERS (AUT)","6151061","2024-06-18 12:00","2024","06","18","12:00","","30.0","","21.4","","60","","","","18","","9","","","","101.16","","39","","","","NA"
"-79.80","43.30","BURLINGTON PIERS (AUT)","6151061","2024-06-18 13:00","2024","06","18","13:00","","29.7","","20.8","","59","","","","16","","15","","","","101.14","","38","","","","NA"
"-79.80","43.30","BURLINGTON PIERS (AUT)","6151061","2024-06-18 14:00","2024","06","18","14:00","","31.2","","21.6","","57","","","","19","","9","","","","101.09","","40","","","","NA"
"-79.80","43.30","BURLINGTON PIERS (AUT)","6151061","2024-06-18 15:00","2024","06","18","15:00","","31.2","","21.6","","57","","","","","","0","","","","101.08","","40","","","","NA"
"-79.80","43.30","BURLINGTON PIERS (AUT)","6151061","2024-06-18 16:00","2024","06","18","16:00","","31.6","","20.6","","52","","","","20","","13","","","","101.05","","40","","","","NA"
"-79.80","43.30","BURLINGTON PIERS (AUT)","6151061","2024-06-18 17:00","2024","06","18","17:00","","31.3","","20.7","","54","","","","20","","12","","","","101.07","","39","","","","NA"
"-79.80","43.30","BURLINGTON PIERS (AUT)","6151061","2024-06-18 18:00","2024","06","18","18:00","","28.4","","21.5","","66","","","","19","","16","","","","101.08","","37","","","","NA"
"-79.80","43.30","BURLINGTON PIERS (AUT)","6151061","2024-06-18 19:00","2024","06","18","19:00","","27.8","","19.5","","61","","","","20","","14","","","","101.08","","35","","","","NA"
"-79.80","43.30","BURLINGTON PIERS (AUT)","6151061","2024-06-18 20:00","2024","06","18","20:00","","26.9","","18.6","","60","","","","22","","8","","","","101.06","","33","","","","NA"
"-79.80","43.30","BURLINGTON PIERS (AUT)","6151061","2024-06-18 21:00","2024","06","18","21:00","","26.8","","17.8","","58","","","","18","","10","","","","101.15","","33","","","","NA"
"-79.80","43.30","BURLINGTON PIERS (AUT)","6151061","2024-06-18 22:00","2024","06","18","22:00","","23.9","","18.3","","71","","","","19","","3","","","","101.17","","30","","","","NA"
"-79.80","43.30","BURLINGTON PIERS (AUT)","6151061","2024-06-18 23:00","2024","06","18","23:00","","22.9","","18.4","","76","","","","30","","6","","","","101.19","","29","","","","NA"
"-79.80","43.30","BURLINGTON PIERS (AUT)","6151061","2024-06-19 00:00","2024","06","19","00:00","","23.7","","19.2","","76","","","","","","0","","","","101.16","","31","","","","NA"
"-79.80","43.30","BURLINGTON PIERS (AUT)","6151061","2024-06-19 01:00","2024","06","19","01:00","","22.7","","19.5","","82","","","","","","0","","","","101.20","","30","","","","NA"
"-79.80","43.30","BURLINGTON PIERS (AUT)","6151061","2024-06-19 02:00","2024","06","19","02:00","","23.1","","19.1","","78","","","","","","0","","","","101.26","","30","","","","NA"
"-79.80","43.30","BURLINGTON PIERS (AUT)","6151061","2024-06-19 03:00","2024","06","19","03:00","","22.1","","19.2","","84","","","","14","","7","","","","101.27","","29","","","","NA"
"-79.80","43.30","BURLINGTON PIERS (AUT)","6151061","2024-06-19 04:00","2024","06","19","04:00","","21.2","","18.8","","86","","","","","","0","","","","101.31","","28","","","","NA"
"-79.80","43.30","BURLINGTON PIERS (AUT)","6151061","2024-06-19 05:00","2024","06","19","05:00","","23.5","","19.6","","79","","","","","","0","","","","101.31","","31","","","","NA"
"-79.80","43.30","BURLINGTON PIERS (AUT)","6151061","2024-06-19 06:00","2024","06","19","06:00","","23.9","","19.6","","77","","","","24","","4","","","","101.38","","31","","","","NA"
"-79.80","43.30","BURLINGTON PIERS (AUT)","6151061","2024-06-19 07:00","2024","06","19","07:00","","24.4","","20.2","","78","","","","","","0","","","","101.40","","32","","","","NA"
"-79.80","43.30","BURLINGTON PIERS (AUT)","6151061","2024-06-19 08:00","2024","06","19","08:00","","25.0","","20.8","","78","","","","25","","8","","","","101.47","","33","","","","NA"
"-79.80","43.30","BURLINGTON PIERS (AUT)","6151061","2024-06-19 09:00","2024","06","19","09:00","","25.6","","21.5","","78","","","","26","","4","","","","101.51","","34","","","","NA"
"-79.80","43.30","BURLINGTON PIERS (AUT)","6151061","2024-06-19 10:00","2024","06","19","10:00","","27.4","","22.0","","72","","","","23","","3","","","","101.49","","37","","","","NA"
"-79.80","43.30","BURLINGTON PIERS (AUT)","6151061","2024-06-19 11:00","2024","06","19","11:00","","25.7","","21.0","","76","","","","1","","4","","","","101.48","","34","","","","NA"
"-79.80","43.30","BURLINGTON PIERS (AUT)","6151061","2024-06-19 12:00","2024","06","19","12:00","","29.9","","21.8","","62","","","","","","0","","","","101.47","","39","","","","NA"
"-79.80","43.30","BURLINGTON PIERS (AUT)","6151061","2024-06-19 13:00","2024","06","19","13:00","","30.0","","21.9","","62","","","","","","0","","","","101.46","","39","","","","NA"
"-79.80","43.30","BURLINGTON PIERS (AUT)","6151061","2024-06-19 14:00","2024","06","19","14:00","","31.7","","21.0","","53","","","","23","","11","","","","101.43","","40","","","","NA"
"-79.80","43.30","BURLINGTON PIERS (AUT)","6151061","2024-06-19 15:00","2024","06","19","15:00","","32.9","","20.9","","49","","","","25","","9","","","","101.38","","41","","","","NA"
"-79.80","43.30","BURLINGTON PIERS (AUT)","6151061","2024-06-19 16:00","2024","06","19","16:00","","27.2","","20.9","","68","","","","9","","4","","","","101.37","","36","","","","NA"
"-79.80","43.30","BURLINGTON PIERS (AUT)","6151061","2024-06-19 17:00","2024","06","19","17:00","","28.9","","21.2","","63","","","","7","","5","","","","101.34","","37","","","","NA"
"-79.80","43.30","BURLINGTON PIERS (AUT)","6151061","2024-06-19 18:00","2024","06","19","18:00","","28.5","","21.0","","64","","","","24","","3","","","","101.34","","37","","","","NA"
"-79.80","43.30","BURLINGTON PIERS (AUT)","6151061","2024-06-19 19:00","2024","06","19","19:00","","31.2","","21.4","","56","","","","20","","10","","","","101.38","","40","","","","NA"
"-79.80","43.30","BURLINGTON PIERS (AUT)","6151061","2024-06-19 20:00","2024","06","19","20:00","","29.6","","21.8","","63","","","","27","","6","","","","101.44","","39","","","","NA"
"-79.80","43.30","BURLINGTON PIERS (AUT)","6151061","2024-06-19 21:00","2024","06","19","21:00","","28.0","","20.0","","62","","","","30","","8","","","","101.48","","36","","","","NA"
"-79.80","43.30","BURLINGTON PIERS (AUT)","6151061","2024-06-19 22:00","2024","06","19","22:00","","26.7","","19.7","","66","","","","26","","7","","","","101.47","","34","","","","NA"
"-79.80","43.30","BURLINGTON PIERS (AUT)","6151061","2024-06-19 23:00","2024","06","19","23:00","","25.5","","20.2","","72","","","","22","","9","","","","101.44","","33","","","","NA"
"-79.80","43.30","BURLINGTON PIERS (AUT)","6151061","2024-06-20 00:00","2024","06","20","00:00","","25.6","","19.6","","69","","","","24","","6","","","","101.49","","33","","","","NA"
"-79.80","43.30","BURLINGTON PIERS (AUT)","6151061","2024-06-20 01:00","2024","06","20","01:00","","24.6","","20.5","","78","","","","21","","5","","","","101.50","","33","","","","NA"
"-79.80","43.30","BURLINGTON PIERS (AUT)","6151061","2024-06-20 02:00","2024","06","20","02:00","","22.6","","20.2","","86","","","","27","","23","","","","101.65","","30","","","","NA"
"-79.80","43.30","BURLINGTON PIERS (AUT)","6151061","2024-06-20 03:00","2024","06","20","03:00","","22.1","","20.4","","90","","","","18","","8","","","","101.69","","30","","","","NA"
"-79.80","43.30","BURLINGTON PIERS (AUT)","6151061","2024-06-20 04:00","2024","06","20","04:00","","19.3","","18.0","","92","","","","10","","9","","","","101.56","","","","","","NA"
"-79.80","43.30","BURLINGTON PIERS (AUT)","6151061","2024-06-20 05:00","2024","06","20","05:00","","21.2","","19.8","","92","","","","31","","9","","","","101.57","","29","","","","NA"
"-79.80","43.30","BURLINGTON PIERS (AUT)","6151061","2024-06-20 06:00","2024","06","20","06:00","","22.1","","20.0","","88","","","","20","","4","","","","101.59","","30","","","","NA"
"-79.80","43.30","BURLINGTON PIERS (AUT)","6151061","2024-06-20 07:00","2024","06","20","07:00","","22.4","","20.7","","90","","","","25","","8","","","","101.63","","31","","","","NA"
"-79.80","43.30","BURLINGTON PIERS (AUT)","6151061","2024-06-20 08:00","2024","06","20","08:00","","23.2","","20.5","","85","","","","24","","10","","","","101.65","","31","","","","NA"
"-79.80","43.30","BURLINGTON PIERS (AUT)","6151061","2024-06-20 09:00","2024","06","20","09:00","","25.0","","20.7","","77","","","","26","","7","","","","101.64","","33","","","","NA"
"-79.80","43.30","BURLINGTON PIERS (AUT)","6151061","2024-06-20 10:00","2024","06","20","10:00","","26.6","","20.2","","68","","","","22","","6","","","","101.67","","34","","","","NA"
"-79.80","43.30","BURLINGTON PIERS (AUT)","6151061","2024-06-20 11:00","2024","06","20","11:00","","27.7","","20.7","","65","","","","23","","10","","","","101.68","","36","","","","NA"
"-79.80","43.30","BURLINGTON PIERS (AUT)","6151061","2024-06-20 12:00","2024","06","20","12:00","","28.4","","21.4","","66","","","","21","","10","","","","101.66","","37","","","","NA"
"-79.80","43.30","BURLINGTON PIERS (AUT)","6151061","2024-06-20 13:00","2024","06","20","13:00","","29.0","","21.3","","63","","","","21","","9","","","","101.62","","38","","","","NA"
"-79.80","43.30","BURLINGTON PIERS (AUT)","6151061","2024-06-20 14:00","2024","06","20","14:00","","27.0","","20.9","","69","","","","17","","7","","","","101.55","","35","","","","NA"
"-79.80","43.30","BURLINGTON PIERS (AUT)","6151061","2024-06-20 15:00","2024","06","20","15:00","","25.6","","20.9","","75","","","","11","","10","","","","101.46","","34","","","","NA"
"-79.80","43.30","BURLINGTON PIERS (AUT)","6151061","2024-06-20 16:00","2024","06","20","16:00","","25.5","","21.0","","76","","","","9","","13","","","","101.41","","34","","","","NA"
"-79.80","43.30","BURLINGTON PIERS (AUT)","6151061","2024-06-20 17:00","2024","06","20","17:00","","23.4","","20.1","","81","","","","1","","10","","","","101.39","","31","","","","NA"
"-79.80","43.30","BURLINGTON PIERS (AUT)","6151061","2024-06-20 18:00","2024","06","20","18:00","","22.1","","20.3","","89","","","","4","","18","","","","101.44","","30","","","","NA"
"-79.80","43.30","BURLINGTON PIERS (AUT)","6151061","2024-06-20 19:00","2024","06","20","19:00","","22.5","","21.1","","92","","","","32","","12","","","","101.47","","31","","","","NA"
"-79.80","43.30","BURLINGTON PIERS (AUT)","6151061","2024-06-20 20:00","2024","06","20","20:00","","23.0","","20.3","","85","","","","29","","6","","","","101.43","","31","","","","NA"
"-79.80","43.30","BURLINGTON PIERS (AUT)","6151061","2024-06-20 21:00","2024","06","20","21:00","","21.8","","20.3","","91","","","","8","","6","","","","101.47","","30","","","","NA"
"-79.80","43.30","BURLINGTON PIERS (AUT)","6151061","2024-06-20 22:00","2024","06","20","22:00","","20.7","","20.1","","96","","","","","","0","","","","101.49","","28","","","","NA"
"-79.80","43.30","BURLINGTON PIERS (AUT)","6151061","2024-06-20 23:00","2024","06","20","23:00","","20.4","","20.1","","98","","","","14","","3","","","","101.48","","28","","","","NA"
"-79.80","43.30","BURLINGTON PIERS (AUT)","6151061","2024-06-21 00:00","2024","06","21","00:00","","20.5","","20.2","","98","","","","","","0","","","","101.45","","28","","","","NA"
"-79.80","43.30","BURLINGTON PIERS (AUT)","6151061","2024-06-21 01:00","2024","06","21","01:00","","20.5","","19.8","","96","","","","","","0","","","","101.41","","28","","","","NA"
"-79.80","43.30","BURLINGTON PIERS (AUT)","6151061","2024-06-21 02:00","2024","06","21","02:00","","20.8","","19.9","","95","","","","","","0","","","","101.38","","28","","","","NA"
"-79.80","43.30","BURLINGTON PIERS (AUT)","6151061","2024-06-21 03:00","2024","06","21","03:00","","20.6","","20.0","","96","","","","36","","6","","","","101.36","","28","","","","NA"
"-79.80","43.30","BURLINGTON PIERS (AUT)","6151061","2024-06-21 04:00","2024","06","21","04:00","","20.7","","20.3","","98","","","","","","0","","","","101.34","","29","","","","NA"
"-79.80","43.30","BURLINGTON PIERS (AUT)","6151061","2024-06-21 05:00","2024","06","21","05:00","","20.8","","20.2","","96","","","","","","0","","","","101.33","","29","","","","NA"
"-79.80","43.30","BURLINGTON PIERS (AUT)","6151061","2024-06-21 06:00","2024","06","21","06:00","","21.5","","20.2","","92","","","","","","0","","","","101.36","","29","","","","NA"
"-79.80","43.30","BURLINGTON PIERS (AUT)","6151061","2024-06-21 07:00","2024","06","21","07:00","","19.6","","19.3","","98","","","","3","","10","","","","101.41","","","","","","NA"
"-79.80","43.30","BURLINGTON PIERS (AUT)","6151061","2024-06-21 08:00","2024","06","21","08:00","","20.2","","18.9","","92","","","","4","","12","","","","101.44","","27","","","","NA"
"-79.80","43.30","BURLINGTON PIERS (AUT)","6151061","2024-06-21 09:00","2024","06","21","09:00","","19.8","","18.8","","94","","","","4","","14","","","","101.39","","","","","","NA"
"-79.80","43.30","BURLINGTON PIERS (AUT)","6151061","2024-06-21 10:00","2024","06","21","10:00","","19.6","","19.2","","98","","","","3","","18","","","","101.40","","","","","","NA"
"-79.80","43.30","BURLINGTON PIERS (AUT)","6151061","2024-06-21 11:00","2024","06","21","11:00","","19.3","","18.9","","98","","","","4","","16","","","","101.40","","","","","","NA"
"-79.80","43.30","BURLINGTON PIERS (AUT)","6151061","2024-06-21 12:00","2024","06","21","12:00","","20.1","","18.8","","93","","","","6","","12","","","","101.34","","27","","","","NA"
"-79.80","43.30","BURLINGTON PIERS (AUT)","6151061","2024-06-21 13:00","2024","06","21","13:00","","20.1","","18.4","","90","","","","6","","13","","","","101.23","","26","","","","NA"
"-79.80","43.30","BURLINGTON PIERS (AUT)","6151061","2024-06-21 14:00","2024","06","21","14:00","","19.6","","18.1","","91","","","","3","","18","","","","101.17","","","","","","NA"
"-79.80","43.30","BURLINGTON PIERS (AUT)","6151061","2024-06-21 15:00","2024","06","21","15:00","","20.2","","19.5","","95","","","","7","","21","","","","101.08","","27","","","","NA"
"-79.80","43.30","BURLINGTON PIERS (AUT)","6151061","2024-06-21 16:00","2024","06","21","16:00","","20.0","","19.1","","94","","","","7","","15","","","","101.07","","27","","","","NA"
"-79.80","43.30","BURLINGTON PIERS (AUT)","6151061","2024-06-21 17:00","2024","06","21","17:00","","19.5","","18.6","","94","","","","1","","14","","","","101.05","","","","","","NA"
"-79.80","43.30","BURLINGTON PIERS (AUT)","6151061","2024-06-21 18:00","2024","06","21","18:00","","20.7","","19.1","","91","","","","1","","10","","","","101.00","","28","","","","NA"
"-79.80","43.30","BURLINGTON PIERS (AUT)","6151061","2024-06-21 19:00","2024","06","21","19:00","","21.1","","18.6","","86","","","","4","","17","","","","101.01","","28","","","","NA"
"-79.80","43.30","BURLINGTON PIERS (AUT)","6151061","2024-06-21 20:00","2024","06","21","20:00","","20.3","","18.0","","87","","","","3","","11","","","","100.99","","26","","","","NA"
"-79.80","43.30","BURLINGTON PIERS (AUT)","6151061","2024-06-21 21:00","2024","06","21","21:00","","20.7","","17.7","","83","","","","1","","6","","","","101.01","","26","","","","NA"
"-79.80","43.30","BURLINGTON PIERS (AUT)","6151061","2024-06-21 22:00","2024","06","21","22:00","","20.6","","18.0","","85","","","","10","","4","","","","100.98","","27","","","","NA"
"-79.80","43.30","BURLINGTON PIERS (AUT)","6151061","2024-06-21 23:00","2024","06","21","23:00","","20.5","","17.9","","85","","","","10","","6","","","","100.94","","26","","","","NA"
"-79.80","43.30","BURLINGTON PIERS (AUT)","6151061","2024-06-22 00:00","2024","06","22","00:00","","20.3","","17.9","","86","","","","3","","6","","","","100.91","","26","","","","NA"
"-79.80","43.30","BURLINGTON PIERS (AUT)","6151061","2024-06-22 01:00","2024","06","22","01:00","","20.2","","17.5","","84","","","","6","","6","","","","100.87","","26","","","","NA"
"-79.80","43.30","BURLINGTON PIERS (AUT)","6151061","2024-06-22 02:00","2024","06","22","02:00","","20.4","","17.7","","85","","","","","","0","","","","100.85","","26","","","","NA"
"-79.80","43.30","BURLINGTON PIERS (AUT)","6151061","2024-06-22 03:00","2024","06","22","03:00","","20.3","","18.1","","87","","","","","","0","","","","100.84","","26","","","","NA"
"-79.80","43.30","BURLINGTON PIERS (AUT)","6151061","2024-06-22 04:00","2024","06","22","04:00","","20.1","","18.2","","89","","","","","","0","","","","100.80","","26","","","","NA"
"-79.80","43.30","BURLINGTON PIERS (AUT)","6151061","2024-06-22 05:00","2024","06","22","05:00","","20.0","","17.8","","87","","","","2","","4","","","","100.79","","26","","","","NA"
"-79.80","43.30","BURLINGTON PIERS (AUT)","6151061","2024-06-22 06:00","2024","06","22","06:00","","20.1","","17.1","","83","","","","36","","5","","","","100.82","","25","","","","NA"
"-79.80","43.30","BURLINGTON PIERS (AUT)","6151061","2024-06-22 07:00","2024","06","22","07:00","","20.5","","17.3","","82","","","","7","","4","","","","100.79","","26","","","","NA"
"-79.80","43.30","BURLINGTON PIERS (AUT)","6151061","2024-06-22 08:00","2024","06","22","08:00","","20.5","","17.3","","82","","","","7","","6","","","","100.78","","26","","","","NA"
"-79.80","43.30","BURLINGTON PIERS (AUT)","6151061","2024-06-22 09:00","2024","06","22","09:00","","20.4","","18.1","","87","","","","7","","10","","","","100.76","","26","","","","NA"
"-79.80","43.30","BURLINGTON PIERS (AUT)","6151061","2024-06-22 10:00","2024","06","22","10:00","","20.0","","18.4","","91","","","","4","","16","","","","100.72","","26","","","","NA"
"-79.80","43.30","BURLINGTON PIERS (AUT)","6151061","2024-06-22 11:00","2024","06","22","11:00","","19.6","","18.7","","94","","","","4","","19","","","","100.68","","","","","","NA"
"-79.80","43.30","BURLINGTON PIERS (AUT)","6151061","2024-06-22 12:00","2024","06","22","12:00","","19.0","","18.4","","96","","","","3","","18","","","","100.60","","","","","","NA"
"-79.80","43.30","BURLINGTON PIERS (AUT)","6151061","2024-06-22 13:00","2024","06","22","13:00","","19.0","","18.4","","96","","","","3","","19","","","","100.56","","","","","","NA"
"-79.80","43.30","BURLINGTON PIERS (AUT)","6151061","2024-06-22 14:00","2024","06","22","14:00","","18.9","","18.3","","97","","","","2","","15","","","","100.45","","","","","","NA"
"-79.80","43.30","BURLINGTON PIERS (AUT)","6151061","2024-06-22 15:00","2024","06","22","15:00","","18.9","","18.3","","96","","","","2","","12","","","","100.39","","","","","","NA"
"-79.80","43.30","BURLINGTON PIERS (AUT)","6151061","2024-06-22 16:00","2024","06","22","16:00","","19.5","","19.0","","96","","","","1","","18","","","","100.31","","","","","","NA"
"-79.80","43.30","BURLINGTON PIERS (AUT)","6151061","2024-06-22 17:00","2024","06","22","17:00","","19.4","","18.5","","95","","","","2","","24","","","","100.29","","","","","","NA"
"-79.80","43.30","BURLINGTON PIERS (AUT)","6151061","2024-06-22 18:00","2024","06","22","18:00","","19.3","","18.2","","94","","","","2","","20","","","","100.27","","","","","","NA"
"-79.80","43.30","BURLINGTON PIERS (AUT)","6151061","2024-06-22 19:00","2024","06","22","19:00","","19.4","","18.0","","92","","","","4","","14","","","","100.25","","","","","","NA"
"-79.80","43.30","BURLINGTON PIERS (AUT)","6151061","2024-06-22 20:00","2024","06","22","20:00","","18.5","","17.8","","96","","","","1","","10","","","","100.09","","","","","","NA"
"-79.80","43.30","BURLINGTON PIERS (AUT)","6151061","2024-06-22 21:00","2024","06","22","21:00","","18.7","","18.1","","96","","","","2","","10","","","","100.03","","","","","","NA"
"-79.80","43.30","BURLINGTON PIERS (AUT)","6151061","2024-06-22 22:00","2024","06","22","22:00","","19.5","","18.7","","95","","","","34","","10","","","","99.96","","","","","","NA"
"-79.80","43.30","BURLINGTON PIERS (AUT)","6151061","2024-06-22 23:00","2024","06","22","23:00","","20.2","","19.2","","94","","","","31","","9","","","","99.91","","27","","","","NA"
"-79.80","43.30","BURLINGTON PIERS (AUT)","6151061","2024-06-23 00:00","2024","06","23","00:00","","20.1","","19.0","","93","","","","16","","8","","","","99.79","","27","","","","NA"
"-79.80","43.30","BURLINGTON PIERS (AUT)","6151061","2024-06-23 01:00","2024","06","23","01:00","","20.0","","18.9","","93","","","","12","","4","","","","99.64","","27","","","","NA"
"-79.80","43.30","BURLINGTON PIERS (AUT)","6151061","2024-06-23 02:00","2024","06","23","02:00","","19.0","","18.4","","96","","","","2","","5","","","","99.54","","","","","","NA"
"-79.80","43.30","BURLINGTON PIERS (AUT)","6151061","2024-06-23 03:00","2024","06","23","03:00","","19.4","","18.6","","95","","","","1","","3","","","","99.45","","","","","","NA"
"-79.80","43.30","BURLINGTON PIERS (AUT)","6151061","2024-06-23 04:00","2024","06","23","04:00","","21.3","","19.8","","91","","","","","","0","","","","99.31","","29","","","","NA"
"-79.80","43.30","BURLINGTON PIERS (AUT)","6151061","2024-06-23 05:00","2024","06","23","05:00","","26.1","","19.8","","68","","","","22","","17","","","","99.24","","34","","","","NA"
"-79.80","43.30","BURLINGTON PIERS (AUT)","6151061","2024-06-23 06:00","2024","06","23","06:00","","26.1","","19.7","","68","","","","19","","18","","","","99.16","","33","","","","NA"
"-79.80","43.30","BURLINGTON PIERS (AUT)","6151061","2024-06-23 07:00","2024","06","23","07:00","","27.0","","19.6","","64","","","","21","","20","","","","99.09","","34","","","","NA"
"-79.80","43.30","BURLINGTON PIERS (AUT)","6151061","2024-06-23 08:00","2024","06","23","08:00","","24.7","","20.8","","79","","","","23","","14","","","","99.16","","33","","","","NA"
"-79.80","43.30","BURLINGTON PIERS (AUT)","6151061","2024-06-23 09:00","2024","06","23","09:00","","24.7","","20.6","","78","","","","22","","14","","","","99.13","","33","","","","NA"
"-79.80","43.30","BURLINGTON PIERS (AUT)","6151061","2024-06-23 10:00","2024","06","23","10:00","","25.3","","19.5","","70","","","","21","","23","","","","99.10","","32","","","","NA"
"-79.80","43.30","BURLINGTON PIERS (AUT)","6151061","2024-06-23 11:00","2024","06","23","11:00","","25.4","","19.4","","69","","","","21","","25","","","","99.06","","32","","","","NA"
"-79.80","43.30","BURLINGTON PIERS (AUT)","6151061","2024-06-23 12:00","2024","06","23","12:00","","24.7","","20.0","","75","","","","22","","20","","","","99.08","","32","","","","NA"
"-79.80","43.30","BURLINGTON PIERS (AUT)","6151061","2024-06-23 13:00","2024","06","23","13:00","","25.1","","19.7","","72","","","","22","","21","","","","99.03","","32","","","","NA"
"-79.80","43.30","BURLINGTON PIERS (AUT)","6151061","2024-06-23 14:00","2024","06","23","14:00","","25.3","","20.2","","73","","","","23","","17","","","","99.00","","33","","","","NA"
"-79.80","43.30","BURLINGTON PIERS (AUT)","6151061","2024-06-23 15:00","2024","06","23","15:00","","25.4","","17.0","","60","","","","26","","19","","","","99.07","","31","","","","NA"
"-79.80","43.30","BURLINGTON PIERS (AUT)","6151061","2024-06-23 16:00","2024","06","23","16:00","","23.9","","16.3","","63","","","","28","","27","","","","99.12","","29","","","","NA"
"-79.80","43.30","BURLINGTON PIERS (AUT)","6151061","2024-06-23 17:00","2024","06","23","17:00","","23.8","","15.5","","60","","","","28","","26","","","","99.15","","28","","","","NA"
"-79.80","43.30","BURLINGTON PIERS (AUT)","6151061","2024-06-23 18:00","2024","06","23","18:00","","22.6","","15.0","","62","","","","29","","29","","","","99.26","","27","","","","NA"
"-79.80","43.30","BURLINGTON PIERS (AUT)","6151061","2024-06-23 19:00","2024","06","23","19:00","","21.8","","13.7","","60","","","","28","","27","","","","99.32","","25","","","","NA"
"-79.80","43.30","BURLINGTON PIERS (AUT)","6151061","2024-06-23 20:00","2024","06","23","20:00","","21.2","","14.3","","65","","","","28","","17","","","","99.39","","25","","","","NA"
"-79.80","43.30","BURLINGTON PIERS (AUT)","6151061","2024-06-23 21:00","2024","06","23","21:00","","20.6","","13.7","","65","","","","29","","20","","","","99.45","","","","","","NA"
"-79.80","43.30","BURLINGTON PIERS (AUT)","6151061","2024-06-23 22:00","2024","06","23","22:00","","19.9","","14.0","","69","","","","27","","11","","","","99.50","","","","","","NA"
"-79.80","43.30","BURLINGTON PIERS (AUT)","6151061","2024-06-23 23:00","2024","06","23","23:00","","19.8","","13.1","","66","","","","29","","17","","","","99.56","","","","","","NA"
"-79.80","43.30","BURLINGTON PIERS (AUT)","6151061","2024-06-24 00:00","2024","06","24","00:00","","19.5","","12.7","","65","","","","29","","15","","","","99.63","","","","","","NA"
"-79.80","43.30","BURLINGTON PIERS (AUT)","6151061","2024-06-24 01:00","2024","06","24","01:00","","18.8","","12.7","","68","","","","29","","12","","","","99.70","","","","","","NA"
"-79.80","43.30","BURLINGTON PIERS (AUT)","6151061","2024-06-24 02:00","2024","06","24","02:00","","18.2","","12.5","","69","","","","29","","14","","","","99.76","","","","","","NA"
"-79.80","43.30","BURLINGTON PIERS (AUT)","6151061","2024-06-24 03:00","2024","06","24","03:00","","17.9","","12.4","","70","","","","26","","7","","","","99.80","","","","","","NA"
"-79.80","43.30","BURLINGTON PIERS (AUT)","6151061","2024-06-24 04:00","2024","06","24","04:00","","18.0","","13.0","","73","","","","25","","8","","","","99.87","","","","","","NA"
"-79.80","43.30","BURLINGTON PIERS (AUT)","6151061","2024-06-24 05:00","2024","06","24","05:00","","18.1","","13.0","","72","","","","26","","7","","","","99.97","","","","","","NA"
"-79.80","43.30","BURLINGTON PIERS (AUT)","6151061","2024-06-24 06:00","2024","06","24","06:00","","18.5","","13.2","","71","","","","27","","8","","","","100.07","","","","","","NA"
"-79.80","43.30","BURLINGTON PIERS (AUT)","6151061","2024-06-24 07:00","2024","06","24","07:00","","19.0","","14.0","","73","","","","25","","9","","","","100.15","","","","","","NA"
"-79.80","43.30","BURLINGTON PIERS (AUT)","6151061","2024-06-24 08:00","2024","06","24","08:00","","20.5","","14.2","","67","","","","25","","7","","","","100.21","","","","","","NA"
"-79.80","43.30","BURLINGTON PIERS (AUT)","6151061","2024-06-24 09:00","2024","06","24","09:00","","21.7","","14.3","","63","","","","23","","7","","","","100.24","","25","","","","NA"
"-79.80","43.30","BURLINGTON PIERS (AUT)","6151061","2024-06-24 10:00","2024","06","24","10:00","","24.3","","11.8","","46","","","","32","","17","","","","100.29","","26","","","","NA"
"-79.80","43.30","BURLINGTON PIERS (AUT)","6151061","2024-06-24 11:00","2024","06","24","11:00","","25.6","","10.0","","37","","","","33","","16","","","","100.30","","27","","","","NA"
"-79.80","43.30","BURLINGTON PIERS (AUT)","6151061","2024-06-24 12:00","2024","06","24","12:00","","26.0","","9.6","","36","","","","33","","19","","","","100.33","","27","","","","NA"
"-79.80","43.30","BURLINGTON PIERS (AUT)","6151061","2024-06-24 13:00","2024","06","24","13:00","","26.1","","9.3","","35","","","","34","","16","","","","100.34","","27","","","","NA"
"-79.80","43.30","BURLINGTON PIERS (AUT)","6151061","2024-06-24 14:00","2024","06","24","14:00","","26.4","","7.9","","31","","","","35","","20","","","","100.32","","27","","","","NA"
"-79.80","43.30","BURLINGTON PIERS (AUT)","6151061","2024-06-24 15:00","2024","06","24","15:00","","27.2","","6.7","","27","","","","1","","21","","","","100.34","","27","","","","NA"
"-79.80","43.30","BURLINGTON PIERS (AUT)","6151061","2024-06-24 16:00","2024","06","24","16:00","","27.6","","7.1","","27","","","","34","","13","","","","100.32","","28","","","","NA"
"-79.80","43.30","BURLINGTON PIERS (AUT)","6151061","2024-06-24 17:00","2024","06","24","17:00","","25.7","","8.5","","34","","","","14","","9","","","","100.34","","26","","","","NA"
"-79.80","43.30","BURLINGTON PIERS (AUT)","6151061","2024-06-24 18:00","2024","06","24","18:00","","25.7","","9.5","","36","","","","7","","4","","","","100.33","","27","","","","NA"
"-79.80","43.30","BURLINGTON PIERS (AUT)","6151061","2024-06-24 19:00","2024","06","24","19:00","","26.6","","12.3","","41","","","","30","","15","","","","100.33","","29","","","","NA"
"-79.80","43.30","BURLINGTON PIERS (AUT)","6151061","2024-06-24 20:00","2024","06","24","20:00","","26.0","","12.7","","44","","","","32","","11","","","","100.35","","29","","","","NA"
"-79.80","43.30","BURLINGTON PIERS (AUT)","6151061","2024-06-24 21:00","2024","06","24","21:00","","24.3","","14.2","","53","","","","25","","5","","","","100.36","","28","","","","NA"
"-79.80","43.30","BURLINGTON PIERS (AUT)","6151061","2024-06-24 22:00","2024","06","24","22:00","","23.1","","14.3","","58","","","","24","","7","","","","100.40","","27","","","","NA"
"-79.80","43.30","BURLINGTON PIERS (AUT)","6151061","2024-06-24 23:00","2024","06","24","23:00","","22.0","","15.0","","64","","","","23","","8","","","","100.38","","26","","","","NA"
"-79.80","43.30","BURLINGTON PIERS (AUT)","6151061","2024-06-25 00:00","2024","06","25","00:00","","21.5","","13.9","","62","","","","25","","5","","","","100.37","","25","","","","NA"
"-79.80","43.30","BURLINGTON PIERS (AUT)","6151061","2024-06-25 01:00","2024","06","25","01:00","","21.2","","14.4","","65","","","","24","","6","","","","100.44","","25","","","","NA"
"-79.80","43.30","BURLINGTON PIERS (AUT)","6151061","2024-06-25 02:00","2024","06","25","02:00","","19.6","","14.6","","73","","","","25","","8","","","","100.44","","","","","","NA"
"-79.80","43.30","BURLINGTON PIERS (AUT)","6151061","2024-06-25 03:00","2024","06","25","03:00","","19.4","","14.6","","74","","","","","","0","","","","100.34","","","","","","NA"
"-79.80","43.30","BURLINGTON PIERS (AUT)","6151061","2024-06-25 04:00","2024","06","25","04:00","","19.0","","14.8","","76","","","","22","","4","","","","100.23","","","","","","NA"
"-79.80","43.30","BURLINGTON PIERS (AUT)","6151061","2024-06-25 05:00","2024","06","25","05:00","","19.3","","14.6","","74","","","","25","","6","","","","100.26","","","","","","NA"
"-79.80","43.30","BURLINGTON PIERS (AUT)","6151061","2024-06-25 06:00","2024","06","25","06:00","","20.2","","14.0","","67","","","","21","","9","","","","100.24","","","","","","NA"
"-79.80","43.30","BURLINGTON PIERS (AUT)","6151061","2024-06-25 07:00","2024","06","25","07:00","","20.8","","14.5","","67","","","","20","","11","","","","100.30","","","","","","NA"
"-79.80","43.30","BURLINGTON PIERS (AUT)","6151061","2024-06-25 08:00","2024","06","25","08:00","","21.3","","14.8","","67","","","","22","","6","","","","100.28","","25","","","","NA"
"-79.80","43.30","BURLINGTON PIERS (AUT)","6151061","2024-06-25 09:00","2024","06","25","09:00","","22.4","","14.5","","61","","","","21","","14","","","","100.22","","26","","","","NA"
"-79.80","43.30","BURLINGTON PIERS (AUT)","6151061","2024-06-25 10:00","2024","06","25","10:00","","22.7","","14.0","","58","","","","19","","24","","","","100.11","","26","","","","NA"
"-79.80","43.30","BURLINGTON PIERS (AUT)","6151061","2024-06-25 11:00","2024","06","25","11:00","","23.0","","14.6","","59","","","","19","","27","","","","99.97","","27","","","","NA"
"-79.80","43.30","BURLINGTON PIERS (AUT)","6151061","2024-06-25 12:00","2024","06","25","12:00","","24.1","","15.3","","58","","","","18","","19","","","","99.75","","28","","","","NA"
"-79.80","43.30","BURLINGTON PIERS (AUT)","6151061","2024-06-25 13:00","2024","06","25","13:00","","24.6","","16.0","","59","","","","21","","26","","","","99.79","","29","","","","NA"
"-79.80","43.30","BURLINGTON PIERS (AUT)","6151061","2024-06-25 14:00","2024","06","25","14:00","","25.3","","16.4","","58","","","","20","","27","","","","99.76","","30","","","","NA"
"-79.80","43.30","BURLINGTON PIERS (AUT)","6151061","2024-06-25 15:00","2024","06","25","15:00","","25.3","","17.0","","60","","","","20","","25","","","","99.74","","31","","","","NA"
"-79.80","43.30","BURLINGTON PIERS (AUT)","6151061","2024-06-25 16:00","2024","06","25","16:00","","24.8","","16.9","","62","","","","21","","30","","","","99.70","","30","","","","NA"
"-79.80","43.30","BURLINGTON PIERS (AUT)","6151061","2024-06-25 17:00","2024","06","25","17:00","","25.2","","17.2","","61","","","","23","","17","","","","99.70","","31","","","","NA"
"-79.80","43.30","BURLINGTON PIERS (AUT)","6151061","2024-06-25 18:00","2024","06","25","18:00","","25.6","","16.7","","58","","","","22","","20","","","","99.67","","31","","","","NA"
"-79.80","43.30","BURLINGTON PIERS (AUT)","6151061","2024-06-25 19:00","2024","06","25","19:00","","24.9","","17.4","","63","","","","22","","20","","","","99.68","","30","","","","NA"
"-79.80","43.30","BURLINGTON PIERS (AUT)","6151061","2024-06-25 20:00","2024","06","25","20:00","","24.1","","17.8","","68","","","","22","","19","","","","99.67","","30","","","","NA"
"-79.80","43.30","BURLINGTON PIERS (AUT)","6151061","2024-06-25 21:00","2024","06","25","21:00","","24.0","","18.5","","71","","","","22","","11","","","","99.71","","30","","","","NA"
"-79.80","43.30","BURLINGTON PIERS (AUT)","6151061","2024-06-25 22:00","2024","06","25","22:00","","24.3","","18.7","","71","","","","24","","12","","","","99.69","","31","","","","NA"
"-79.80","43.30","BURLINGTON PIERS (AUT)","6151061","2024-06-25 23:00","2024","06","25","23:00","","24.3","","19.1","","73","","","","22","","12","","","","99.65","","31","","","","NA"
"-79.80","43.30","BURLINGTON PIERS (AUT)","6151061","2024-06-26 00:00","2024","06","26","00:00","","23.5","","19.2","","76","","","","24","","9","","","","99.66","","30","","","","NA"
"-79.80","43.30","BURLINGTON PIERS (AUT)","6151061","2024-06-26 01:00","2024","06","26","01:00","","23.5","","19.2","","77","","","","25","","18","","","","99.72","","30","","","","NA"
"-79.80","43.30","BURLINGTON PIERS (AUT)","6151061","2024-06-26 02:00","2024","06","26","02:00","","23.0","","19.5","","81","","","","24","","11","","","","99.74","","30","","","","NA"
"-79.80","43.30","BURLINGTON PIERS (AUT)","6151061","2024-06-26 03:00","2024","06","26","03:00","","22.4","","19.6","","84","","","","24","","9","","","","99.77","","30","","","","NA"
"-79.80","43.30","BURLINGTON PIERS (AUT)","6151061","2024-06-26 04:00","2024","06","26","04:00","","22.0","","19.6","","86","","","","25","","8","","","","99.81","","29","","","","NA"
"-79.80","43.30","BURLINGTON PIERS (AUT)","6151061","2024-06-26 05:00","2024","06","26","05:00","","21.5","","19.6","","88","","","","24","","7","","","","99.77","","29","","","","NA"
"-79.80","43.30","BURLINGTON PIERS (AUT)","6151061","2024-06-26 06:00","2024","06","26","06:00","","21.6","","19.1","","86","","","","25","","6","","","","99.81","","28","","","","NA"
"-79.80","43.30","BURLINGTON PIERS (AUT)","6151061","2024-06-26 07:00","2024","06","26","07:00","","22.1","","19.1","","83","","","","25","","11","","","","99.82","","29","","","","NA"
"-79.80","43.30","BURLINGTON PIERS (AUT)","6151061","2024-06-26 08:00","2024","06","26","08:00","","23.7","","17.3","","67","","","","25","","10","","","","99.85","","29","","","","NA"
"-79.80","43.30","BURLINGTON PIERS (AUT)","6151061","2024-06-26 09:00","2024","06","26","09:00","","25.3","","16.0","","56","","","","25","","9","","","","99.84","","30","","","","NA"
"-79.80","43.30","BURLINGTON PIERS (AUT)","6151061","2024-06-26 10:00","2024","06","26","10:00","","26.8","","14.3","","46","","","","24","","6","","","","99.83","","30","","","","NA"
"-79.80","43.30","BURLINGTON PIERS (AUT)","6151061","2024-06-26 11:00","2024","06","26","11:00","","27.2","","12.6","","40","","","","22","","6","","","","99.83","","30","","","","NA"
"-79.80","43.30","BURLINGTON PIERS (AUT)","6151061","2024-06-26 12:00","2024","06","26","12:00","","27.6","","12.3","","39","","","","","","0","","","","99.81","","30","","","","NA"
"-79.80","43.30","BURLINGTON PIERS (AUT)","6151061","2024-06-26 13:00","2024","06","26","13:00","","26.5","","14.4","","47","","","","6","","3","","","","99.69","","30","","","","NA"
"-79.80","43.30","BURLINGTON PIERS (AUT)","6151061","2024-06-26 14:00","2024","06","26","14:00","","25.2","","12.9","","46","","","","","","0","","","","99.63","","28","","","","NA"
"-79.80","43.30","BURLINGTON PIERS (AUT)","6151061","2024-06-26 15:00","2024","06","26","15:00","","23.4","","16.4","","65","","","","25","","15","","","","99.83","","28","","","","NA"
"-79.80","43.30","BURLINGTON PIERS (AUT)","6151061","2024-06-26 16:00","2024","06","26","16:00","","19.3","","16.5","","83","","","","23","","14","","","","99.93","","","","","","NA"
"-79.80","43.30","BURLINGTON PIERS (AUT)","6151061","2024-06-26 17:00","2024","06","26","17:00","","19.2","","15.8","","80","","","","20","","8","","","","99.67","","","","","","NA"
"-79.80","43.30","BURLINGTON PIERS (AUT)","6151061","2024-06-26 18:00","2024","06","26","18:00","","19.3","","15.7","","80","","","","25","","8","","","","99.70","","","","","","NA"
"-79.80","43.30","BURLINGTON PIERS (AUT)","6151061","2024-06-26 19:00","2024","06","26","19:00","","19.2","","15.6","","80","","","","21","","7","","","","99.70","","","","","","NA"
"-79.80","43.30","BURLINGTON PIERS (AUT)","6151061","2024-06-26 20:00","2024","06","26","20:00","","19.1","","16.6","","85","","","","24","","10","","","","99.74","","","","","","NA"
"-79.80","43.30","BURLINGTON PIERS (AUT)","6151061","2024-06-26 21:00","2024","06","26","21:00","","18.9","","16.9","","88","","","","22","","10","","","","99.80","","","","","","NA"
"-79.80","43.30","BURLINGTON PIERS (AUT)","6151061","2024-06-26 22:00","2024","06","26","22:00","","19.2","","16.8","","86","","","","21","","12","","","","99.82","","","","","","NA"
"-79.80","43.30","BURLINGTON PIERS (AUT)","6151061","2024-06-26 23:00","2024","06","26","23:00","","18.4","","16.6","","89","","","","26","","8","","","","99.85","","","","","","NA"
"-79.80","43.30","BURLINGTON PIERS (AUT)","6151061","2024-06-27 00:00","2024","06","27","00:00","","18.3","","15.1","","82","","","","29","","9","","","","99.88","","","","","","NA"
"-79.80","43.30","BURLINGTON PIERS (AUT)","6151061","2024-06-27 01:00","2024","06","27","01:00","","17.3","","13.3","","77","","","","33","","12","","","","99.88","","","","","","NA"
"-79.80","43.30","BURLINGTON PIERS (AUT)","6151061","2024-06-27 02:00","2024","06","27","02:00","","16.6","","13.1","","80","","","","29","","9","","","","99.91","","","","","","NA"
"-79.80","43.30","BURLINGTON PIERS (AUT)","6151061","2024-06-27 03:00","2024","06","27","03:00","","16.3","","13.1","","81","","","","27","","6","","","","99.97","","","","","","NA"
"-79.80","43.30","BURLINGTON PIERS (AUT)","6151061","2024-06-27 04:00","2024","06","27","04:00","","15.8","","12.7","","82","","","","29","","10","","","","100.05","","","","","","NA"
"-79.80","43.30","BURLINGTON PIERS (AUT)","6151061","2024-06-27 05:00","2024","06","27","05:00","","15.6","","12.3","","81","","","","28","","7","","","","100.12","","","","","","NA"
"-79.80","43.30","BURLINGTON PIERS (AUT)","6151061","2024-06-27 06:00","2024","06","27","06:00","","15.6","","12.1","","79","","","","28","","9","","","","100.18","","","","","","NA"
"-79.80","43.30","BURLINGTON PIERS (AUT)","6151061","2024-06-27 07:00","2024","06","27","07:00","","15.8","","10.2","","69","","","","32","","15","","","","100.25","","","","","","NA"
"-79.80","43.30","BURLINGTON PIERS (AUT)","6151061","2024-06-27 08:00","2024","06","27","08:00","","16.6","","9.3","","62","","","","35","","8","","","","100.31","","","","","","NA"
"-79.80","43.30","BURLINGTON PIERS (AUT)","6151061","2024-06-27 09:00","2024","06","27","09:00","","17.4","","10.1","","62","","","","31","","13","","","","100.37","","","","","","NA"
"-79.80","43.30","BURLINGTON PIERS (AUT)","6151061","2024-06-27 10:00","2024","06","27","10:00","","17.8","","8.7","","55","","","","33","","18","","","","100.37","","","","","","NA"
"-79.80","43.30","BURLINGTON PIERS (AUT)","6151061","2024-06-27 11:00","2024","06","27","11:00","","19.0","","8.9","","52","","","","33","","16","","","","100.41","","","","","","NA"
"-79.80","43.30","BURLINGTON PIERS (AUT)","6151061","2024-06-27 12:00","2024","06","27","12:00","","20.0","","9.8","","52","","","","3","","6","","","","100.42","","","","","","NA"
"-79.80","43.30","BURLINGTON PIERS (AUT)","6151061","2024-06-27 13:00","2024","06","27","13:00","","18.3","","10.5","","60","","","","9","","14","","","","100.40","","","","","","NA"
"-79.80","43.30","BURLINGTON PIERS (AUT)","6151061","2024-06-27 14:00","2024","06","27","14:00","","17.5","","12.3","","72","","","","11","","13","","","","100.42","","","","","","NA"
"-79.80","43.30","BURLINGTON PIERS (AUT)","6151061","2024-06-27 15:00","2024","06","27","15:00","","17.4","","12.0","","70","","","","9","","18","","","","100.44","","","","","","NA"
"-79.80","43.30","BURLINGTON PIERS (AUT)","6151061","2024-06-27 16:00","2024","06","27","16:00","","17.0","","13.3","","78","","","","11","","16","","","","100.48","","","","","","NA"
"-79.80","43.30","BURLINGTON PIERS (AUT)","6151061","2024-06-27 17:00","2024","06","27","17:00","","17.6","","12.8","","73","","","","9","","13","","","","100.50","","","","","","NA"
"-79.80","43.30","BURLINGTON PIERS (AUT)","6151061","2024-06-27 18:00","2024","06","27","18:00","","17.7","","13.7","","77","","","","10","","12","","","","100.52","","","","","","NA"
"-79.80","43.30","BURLINGTON PIERS (AUT)","6151061","2024-06-27 19:00","2024","06","27","19:00","","18.0","","13.4","","75","","","","8","","12","","","","100.57","","","","","","NA"
"-79.80","43.30","BURLINGTON PIERS (AUT)","6151061","2024-06-27 20:00","2024","06","27","20:00","","17.3","","14.5","","84","","","","3","","9","","","","100.62","","","","","","NA"
"-79.80","43.30","BURLINGTON PIERS (AUT)","6151061","2024-06-27 21:00","2024","06","27","21:00","","18.3","","6.2","","45","","","","1","","14","","","","100.70","","","","","","NA"
"-79.80","43.30","BURLINGTON PIERS (AUT)","6151061","2024-06-27 22:00","2024","06","27","22:00","","17.7","","6.4","","47","","","","35","","8","","","","100.76","","","","","","NA"
"-79.80","43.30","BURLINGTON PIERS (AUT)","6151061","2024-06-27 23:00","2024","06","27","23:00","","16.8","","5.3","","47","","","","33","","10","","","","100.77","","","","","","NA"
"-79.80","43.30","BURLINGTON PIERS (AUT)","6151061","2024-06-28 00:00","2024","06","28","00:00","","16.3","","6.1","","51","","","","","","0","","","","100.82","","","","","","NA"
"-79.80","43.30","BURLINGTON PIERS (AUT)","6151061","2024-06-28 01:00","2024","06","28","01:00","","15.7","","7.5","","58","","","","35","","4","","","","100.85","","","","","","NA"
"-79.80","43.30","BURLINGTON PIERS (AUT)","6151061","2024-06-28 02:00","2024","06","28","02:00","","15.6","","7.6","","59","","","","31","","3","","","","100.85","","","","","","NA"
"-79.80","43.30","BURLINGTON PIERS (AUT)","6151061","2024-06-28 03:00","2024","06","28","03:00","","15.0","","6.9","","58","","","","34","","5","","","","100.88","","","","","","NA"
"-79.80","43.30","BURLINGTON PIERS (AUT)","6151061","2024-06-28 04:00","2024","06","28","04:00","","14.9","","8.5","","65","","","","34","","6","","","","100.89","","","","","","NA"
"-79.80","43.30","BURLINGTON PIERS (AUT)","6151061","2024-06-28 05:00","2024","06","28","05:00","","14.5","","6.6","","59","","","","34","","8","","","","100.95","","","","","","NA"
"-79.80","43.30","BURLINGTON PIERS (AUT)","6151061","2024-06-28 06:00","2024","06","28","06:00","","14.8","","7.5","","61","","","","34","","9","","","","100.94","","","","","","NA"
"-79.80","43.30","BURLINGTON PIERS (AUT)","6151061","2024-06-28 07:00","2024","06","28","07:00","","15.8","","7.4","","58","","","","2","","8","","","","101.03","","","","","","NA"
"-79.80","43.30","BURLINGTON PIERS (AUT)","6151061","2024-06-28 08:00","2024","06","28","08:00","","15.7","","9.8","","68","","","","3","","12","","","","101.01","","","","","","NA"
"-79.80","43.30","BURLINGTON PIERS (AUT)","6151061","2024-06-28 09:00","2024","06","28","09:00","","15.4","","11.5","","77","","","","3","","15","","","","100.98","","","","","","NA"
"-79.80","43.30","BURLINGTON PIERS (AUT)","6151061","2024-06-28 10:00","2024","06","28","10:00","","15.6","","12.8","","83","","","","3","","16","","","","100.96","","","","","","NA"
"-79.80","43.30","BURLINGTON PIERS (AUT)","6151061","2024-06-28 11:00","2024","06","28","11:00","","15.7","","13.5","","86","","","","3","","11","","","","100.98","","","","","","NA"
"-79.80","43.30","BURLINGTON PIERS (AUT)","6151061","2024-06-28 12:00","2024","06","28","12:00","","15.8","","14.4","","92","","","","3","","11","","","","100.92","","","","","","NA"
"-79.80","43.30","BURLINGTON PIERS (AUT)","6151061","2024-06-28 13:00","2024","06","28","13:00","","16.4","","14.9","","91","","","","2","","12","","","","100.85","","","","","","NA"
"-79.80","43.30","BURLINGTON PIERS (AUT)","6151061","2024-06-28 14:00","2024","06","28","14:00","","16.6","","14.9","","89","","","","3","","18","","","","100.77","","","","","","NA"
"-79.80","43.30","BURLINGTON PIERS (AUT)","6151061","2024-06-28 15:00","2024","06","28","15:00","","16.8","","15.1","","90","","","","2","","12","","","","100.76","","","","","","NA"
"-79.80","43.30","BURLINGTON PIERS (AUT)","6151061","2024-06-28 16:00","2024","06","28","16:00","","17.1","","15.0","","88","","","","3","","14","","","","100.72","","","","","","NA"
"-79.80","43.30","BURLINGTON PIERS (AUT)","6151061","2024-06-28 17:00","2024","06","28","17:00","","17.0","","15.0","","88","","","","2","","14","","","","100.66","","","","","","NA"
"-79.80","43.30","BURLINGTON PIERS (AUT)","6151061","2024-06-28 18:00","2024","06","28","18:00","","17.0","","14.7","","86","","","","1","","14","","","","100.66","","","","","","NA"
"-79.80","43.30","BURLINGTON PIERS (AUT)","6151061","2024-06-28 19:00","2024","06","28","19:00","","16.9","","14.4","","85","","","","2","","12","","","","100.62","","","","","","NA"
"-79.80","43.30","BURLINGTON PIERS (AUT)","6151061","2024-06-28 20:00","2024","06","28","20:00","","17.3","","14.6","","84","","","","1","","15","","","","100.57","","","","","","NA"
"-79.80","43.30","BURLINGTON PIERS (AUT)","6151061","2024-06-28 21:00","2024","06","28","21:00","","17.7","","14.7","","83","","","","2","","13","","","","100.56","","","","","","NA"
"-79.80","43.30","BURLINGTON PIERS (AUT)","6151061","2024-06-28 22:00","2024","06","28","22:00","","17.5","","15.0","","86","","","","1","","10","","","","100.46","","","","","","NA"
"-79.80","43.30","BURLINGTON PIERS (AUT)","6151061","2024-06-28 23:00","2024","06","28","23:00","","17.8","","14.9","","83","","","","4","","6","","","","100.47","","","","","","NA"
"-79.80","43.30","BURLINGTON PIERS (AUT)","6151061","2024-06-29 00:00","2024","06","29","00:00","","17.3","","15.3","","88","","","","2","","4","","","","100.41","","","","","","NA"
"-79.80","43.30","BURLINGTON PIERS (AUT)","6151061","2024-06-29 01:00","2024","06","29","01:00","","17.7","","15.4","","86","","","","","","0","","","","100.40","","","","","","NA"
"-79.80","43.30","BURLINGTON PIERS (AUT)","6151061","2024-06-29 02:00","2024","06","29","02:00","","18.0","","15.6","","86","","","","34","","6","","","","100.36","","","","","","NA"
"-79.80","43.30","BURLINGTON PIERS (AUT)","6151061","2024-06-29 03:00","2024","06","29","03:00","","17.6","","15.8","","89","","","","4","","7","","","","100.27","","","","","","NA"
"-79.80","43.30","BURLINGTON PIERS (AUT)","6151061","2024-06-29 04:00","2024","06","29","04:00","","17.3","","15.9","","92","","","","2","","15","","","","100.20","","","","","","NA"
"-79.80","43.30","BURLINGTON PIERS (AUT)","6151061","2024-06-29 05:00","2024","06","29","05:00","","17.2","","16.3","","95","","","","3","","7","","","","100.16","","","","","","NA"
"-79.80","43.30","BURLINGTON PIERS (AUT)","6151061","2024-06-29 06:00","2024","06","29","06:00","","17.5","","17.1","","97","","","","1","","9","","","","100.12","","","","","","NA"
"-79.80","43.30","BURLINGTON PIERS (AUT)","6151061","2024-06-29 07:00","2024","06","29","07:00","","17.4","","17.0","","98","","","","5","","11","","","","100.05","","","","","","NA"
"-79.80","43.30","BURLINGTON PIERS (AUT)","6151061","2024-06-29 08:00","2024","06","29","08:00","","18.7","","18.5","","99","","","","36","","7","","","","100.01","","","","","","NA"
"-79.80","43.30","BURLINGTON PIERS (AUT)","6151061","2024-06-29 09:00","2024","06","29","09:00","","21.4","","20.7","","96","","","","18","","6","","","","99.97","","30","","","","NA"
"-79.80","43.30","BURLINGTON PIERS (AUT)","6151061","2024-06-29 10:00","2024","06","29","10:00","","22.5","","21.1","","92","","","","21","","11","","","","100.04","","31","","","","NA"
"-79.80","43.30","BURLINGTON PIERS (AUT)","6151061","2024-06-29 11:00","2024","06","29","11:00","","22.8","","20.7","","88","","","","19","","17","","","","100.05","","31","","","","NA"
"-79.80","43.30","BURLINGTON PIERS (AUT)","6151061","2024-06-29 12:00","2024","06","29","12:00","","23.3","","21.3","","89","","","","22","","12","","","","100.03","","32","","","","NA"
"-79.80","43.30","BURLINGTON PIERS (AUT)","6151061","2024-06-29 13:00","2024","06","29","13:00","","24.6","","21.4","","83","","","","21","","21","","","","99.99","","33","","","","NA"
"-79.80","43.30","BURLINGTON PIERS (AUT)","6151061","2024-06-29 14:00","2024","06","29","14:00","","25.1","","21.7","","82","","","","22","","13","","","","100.00","","34","","","","NA"
"-79.80","43.30","BURLINGTON PIERS (AUT)","6151061","2024-06-29 15:00","2024","06","29","15:00","","25.3","","21.6","","80","","","","22","","14","","","","100.02","","34","","","","NA"
"-79.80","43.30","BURLINGTON PIERS (AUT)","6151061","2024-06-29 16:00","2024","06","29","16:00","","24.9","","22.1","","84","","","","23","","10","","","","100.00","","34","","","","NA"
"-79.80","43.30","BURLINGTON PIERS (AUT)","6151061","2024-06-29 17:00","2024","06","29","17:00","","26.0","","22.1","","79","","","","21","","20","","","","100.00","","35","","","","NA"
"-79.80","43.30","BURLINGTON PIERS (AUT)","6151061","2024-06-29 18:00","2024","06","29","18:00","","25.8","","22.2","","80","","","","21","","14","","","","100.04","","35","","","","NA"
"-79.80","43.30","BURLINGTON PIERS (AUT)","6151061","2024-06-29 19:00","2024","06","29","19:00","","25.7","","22.2","","81","","","","23","","10","","","","100.08","","35","","","","NA"
"-79.80","43.30","BURLINGTON PIERS (AUT)","6151061","2024-06-29 20:00","2024","06","29","20:00","","25.6","","22.2","","81","","","","21","","13","","","","100.09","","35","","","","NA"
"-79.80","43.30","BURLINGTON PIERS (AUT)","6151061","2024-06-29 21:00","2024","06","29","21:00","","24.6","","22.2","","86","","","","23","","11","","","","100.14","","34","","","","NA"
"-79.80","43.30","BURLINGTON PIERS (AUT)","6151061","2024-06-29 22:00","2024","06","29","22:00","","23.8","","21.5","","87","","","","25","","9","","","","100.11","","33","","","","NA"
"-79.80","43.30","BURLINGTON PIERS (AUT)","6151061","2024-06-29 23:00","2024","06","29","23:00","","23.3","","20.1","","82","","","","25","","11","","","","100.10","","31","","","","NA"
"-79.80","43.30","BURLINGTON PIERS (AUT)","6151061","2024-06-30 00:00","2024","06","30","00:00","","22.4","","19.4","","83","","","","25","","8","","","","100.12","","29","","","","NA"
"-79.80","43.30","BURLINGTON PIERS (AUT)","6151061","2024-06-30 01:00","2024","06","30","01:00","","22.2","","19.5","","85","","","","26","","7","","","","100.09","","29","","","","NA"
"-79.80","43.30","BURLINGTON PIERS (AUT)","6151061","2024-06-30 02:00","2024","06","30","02:00","","22.7","","20.0","","85","","","","24","","11","","","","100.15","","30","","","","NA"
"-79.80","43.30","BURLINGTON PIERS (AUT)","6151061","2024-06-30 03:00","2024","06","30","03:00","","22.0","","19.6","","86","","","","27","","6","","","","100.17","","29","","","","NA"
"-79.80","43.30","BURLINGTON PIERS (AUT)","6151061","2024-06-30 04:00","2024","06","30","04:00","","21.5","","18.5","","83","","","","26","","6","","","","100.23","","28","","","","NA"
"-79.80","43.30","BURLINGTON PIERS (AUT)","6151061","2024-06-30 05:00","2024","06","30","05:00","","20.8","","16.7","","77","","","","26","","10","","","","100.35","","26","","","","NA"
"-79.80","43.30","BURLINGTON PIERS (AUT)","6151061","2024-06-30 06:00","2024","06","30","06:00","","18.7","","14.3","","76","","","","27","","14","","","","100.49","","","","","","NA"
"-79.80","43.30","BURLINGTON PIERS (AUT)","6151061","2024-06-30 07:00","2024","06","30","07:00","","18.4","","13.8","","74","","","","26","","12","","","","100.53","","","","","","NA"
"-79.80","43.30","BURLINGTON PIERS (AUT)","6151061","2024-06-30 08:00","2024","06","30","08:00","","18.3","","12.9","","71","","","","28","","17","","","","100.59","","","","","","NA"
"-79.80","43.30","BURLINGTON PIERS (AUT)","6151061","2024-06-30 09:00","2024","06","30","09:00","","17.4","","12.2","","72","","","","27","","19","","","","100.66","","","","","","NA"
"-79.80","43.30","BURLINGTON PIERS (AUT)","6151061","2024-06-30 10:00","2024","06","30","10:00","","16.8","","10.2","","65","","","","27","","19","","","","100.72","","","","","","NA"
"-79.80","43.30","BURLINGTON PIERS (AUT)","6151061","2024-06-30 11:00","2024","06","30","11:00","","16.8","","9.4","","61","","","","29","","24","","","","100.75","","","","","","NA"
"-79.80","43.30","BURLINGTON PIERS (AUT)","6151061","2024-06-30 12:00","2024","06","30","12:00","","17.9","","10.1","","60","","","","29","","23","","","","100.75","","","","","","NA"
"-79.80","43.30","BURLINGTON PIERS (AUT)","6151061","2024-06-30 13:00","2024","06","30","13:00","","18.8","","11.1","","61","","","","29","","19","","","","100.77","","","","","","NA"
"-79.80","43.30","BURLINGTON PIERS (AUT)","6151061","2024-06-30 14:00","2024","06","30","14:00","","18.9","","11.2","","61","","","","28","","23","","","","100.81","","","","","","NA"
"-79.80","43.30","BURLINGTON PIERS (AUT)","6151061","2024-06-30 15:00","2024","06","30","15:00","","18.1","","11.1","","64","","","","29","","23","","","","100.88","","","","","","NA"
"-79.80","43.30","BURLINGTON PIERS (AUT)","6151061","2024-06-30 16:00","2024","06","30","16:00","","17.9","","11.4","","66","","","","30","","21","","","","100.93","","","","","","NA"
"-79.80","43.30","BURLINGTON PIERS (AUT)","6151061","2024-06-30 17:00","2024","06","30","17:00","","16.9","","10.6","","66","","","","31","","25","","","","100.98","","","","","","NA"
"-79.80","43.30","BURLINGTON PIERS (AUT)","6151061","2024-06-30 18:00","2024","06","30","18:00","","16.4","","10.6","","68","","","","30","","23","","","","101.01","","","","","","NA"
"-79.80","43.30","BURLINGTON PIERS (AUT)","6151061","2024-06-30 19:00","2024","06","30","19:00","","16.5","","10.4","","67","","","","30","","19","","","","101.05","","","","","","NA"
"-79.80","43.30","BURLINGTON PIERS (AUT)","6151061","2024-06-30 20:00","2024","06","30","20:00","","16.5","","10.2","","66","","","","30","","11","","","","101.11","","","","","","NA"
"-79.80","43.30","BURLINGTON PIERS (AUT)","6151061","2024-06-30 21:00","2024","06","30","21:00","","16.0","","10.6","","70","","","","29","","16","","","","101.17","","","","","","NA"
"-79.80","43.30","BURLINGTON PIERS (AUT)","6151061","2024-06-30 22:00","2024","06","30","22:00","","15.5","","10.5","","72","","","","29","","15","","","","101.22","","","","","","NA"
"-79.80","43.30","BURLINGTON PIERS (AUT)","6151061","2024-06-30 23:00","2024","06","30","23:00","","15.4","","10.1","","71","","","","31","","16","","","","101.27","","","","","","NA"
