"Longitude (x)","Latitude (y)","Station Name","Climate ID","Date/Time (LST)","Year","Month","Day","Time (LST)","Flag","Temp (°C)","Temp Flag","Dew Point Temp (°C)","Dew Point Temp Flag","Rel Hum (%)","Rel Hum Flag","Precip. Amount (mm)","Precip. Amount Flag","Wind Dir (10s deg)","Wind Dir Flag","Wind Spd (km/h)","Wind Spd Flag","Visibility (km)","Visibility Flag","Stn Press (kPa)","Stn Press Flag","Hmdx","Hmdx Flag","Wind Chill","Wind Chill Flag","Weather"
"-79.80","43.30","BURLINGTON PIERS (AUT)","6151061","2024-12-01 00:00","2024","12","01","00:00","","-2.0","","-5.7","","76","","","","22","","20","","","","100.49","","","","-8","","NA"
"-79.80","43.30","BURLINGTON PIERS (AUT)","6151061","2024-12-01 01:00","2024","12","01","01:00","","-1.9","","-5.2","","78","","","","24","","18","","","","100.47","","","","-7","","NA"
"-79.80","43.30","BURLINGTON PIERS (AUT)","6151061","2024-12-01 02:00","2024","12","01","02:00","","-2.1","","-6.3","","73","","","","23","","17","","","","100.46","","","","-7","","NA"
"-79.80","43.30","BURLINGTON PIERS (AUT)","6151061","2024-12-01 03:00","2024","12","01","03:00","","-2.0","","-5.4","","77","","","","23","","25","","","","100.48","","","","-8","","NA"
"-79.80","43.30","BURLINGTON PIERS (AUT)","6151061","2024-12-01 04:00","2024","12","01","04:00","","-2.2","","-6.6","","72","","","","24","","17","","","","100.46","","","","-8","","NA"
"-79.80","43.30","BURLINGTON PIERS (AUT)","6151061","2024-12-01 05:00","2024","12","01","05:00","","-2.3","","-5.9","","76","","","","24","","20","","","","100.48","","","","-8","","NA"
"-79.80","43.30","BURLINGTON PIERS (AUT)","6151061","2024-12-01 06:00","2024","12","01","06:00","","-2.0","","-5.3","","78","","","","23","","16","","","","100.51","","","","-7","","NA"
"-79.80","43.30","BURLINGTON PIERS (AUT)","6151061","2024-12-01 07:00","2024","12","01","07:00","","-3.0","","-6.6","","76","","","","22","","17","","","","100.53","","","","-9","","NA"
"-79.80","43.30","BURLINGTON PIERS (AUT)","6151061","2024-12-01 08:00","2024","12","01","08:00","","-3.1","","-6.1","","80","","","","21","","19","","","","100.54","","","","-9","","NA"
"-79.80","43.30","BURLINGTON PIERS (AUT)","6151061","2024-12-01 09:00","2024","12","01","09:00","","-2.4","","-5.5","","79","","","","23","","18","","","","100.55","","","","-8","","NA"
"-79.80","43.30","BURLINGTON PIERS (AUT)","6151061","2024-12-01 10:00","2024","12","01","10:00","","-1.1","","-4.9","","75","","","","22","","17","","","","100.56","","","","-6","","NA"
"-79.80","43.30","BURLINGTON PIERS (AUT)","6151061","2024-12-01 11:00","2024","12","01","11:00","","-0.4","","-5.4","","69","","","","25","","17","","","","100.57","","","","-5","","NA"
"-79.80","43.30","BURLINGTON PIERS (AUT)","6151061","2024-12-01 12:00","2024","12","01","12:00","","0.7","","-6.0","","61","","","","24","","19","","","","100.54","","","","","","NA"
"-79.80","43.30","BURLINGTON PIERS (AUT)","6151061","2024-12-01 13:00","2024","12","01","13:00","","0.7","","-5.5","","63","","","","24","","18","","","","100.55","","","","","","NA"
"-79.80","43.30","BURLINGTON PIERS (AUT)","6151061","2024-12-01 14:00","2024","12","01","14:00","","0.7","","-6.4","","59","","","","24","","21","","","","100.56","","","","","","NA"
"-79.80","43.30","BURLINGTON PIERS (AUT)","6151061","2024-12-01 15:00","2024","12","01","15:00","","0.8","","-5.7","","62","","","","24","","16","","","","100.60","","","","","","NA"
"-79.80","43.30","BURLINGTON PIERS (AUT)","6151061","2024-12-01 16:00","2024","12","01","16:00","","0.9","","-4.9","","65","","","","24","","15","","","","100.64","","","","","","NA"
"-79.80","43.30","BURLINGTON PIERS (AUT)","6151061","2024-12-01 17:00","2024","12","01","17:00","","0.7","","-4.8","","67","","","","25","","16","","","","100.67","","","","","","NA"
"-79.80","43.30","BURLINGTON PIERS (AUT)","6151061","2024-12-01 18:00","2024","12","01","18:00","","0.4","","-5.0","","67","","","","25","","16","","","","100.73","","","","","","NA"
"-79.80","43.30","BURLINGTON PIERS (AUT)","6151061","2024-12-01 19:00","2024","12","01","19:00","","-0.2","","-5.1","","69","","","","25","","15","","","","100.79","","","","-5","","NA"
"-79.80","43.30","BURLINGTON PIERS (AUT)","6151061","2024-12-01 20:00","2024","12","01","20:00","","-0.6","","-4.4","","76","","","","25","","17","","","","100.81","","","","-6","","NA"
"-79.80","43.30","BURLINGTON PIERS (AUT)","6151061","2024-12-01 21:00","2024","12","01","21:00","","-0.7","","-2.7","","86","","","","24","","16","","","","100.83","","","","-5","","NA"
"-79.80","43.30","BURLINGTON PIERS (AUT)","6151061","2024-12-01 22:00","2024","12","01","22:00","","-1.0","","-3.3","","84","","","","24","","13","","","","100.83","","","","-5","","NA"
"-79.80","43.30","BURLINGTON PIERS (AUT)","6151061","2024-12-01 23:00","2024","12","01","23:00","","-0.8","","-3.3","","83","","","","25","","15","","","","100.84","","","","-5","","NA"
"-79.80","43.30","BURLINGTON PIERS (AUT)","6151061","2024-12-02 00:00","2024","12","02","00:00","","-1.1","","-3.7","","82","","","","25","","13","","","","100.87","","","","-5","","NA"
"-79.80","43.30","BURLINGTON PIERS (AUT)","6151061","2024-12-02 01:00","2024","12","02","01:00","","-1.1","","-3.7","","82","","","","25","","14","","","","100.88","","","","-6","","NA"
"-79.80","43.30","BURLINGTON PIERS (AUT)","6151061","2024-12-02 02:00","2024","12","02","02:00","","-1.4","","-3.9","","83","","","","25","","14","","","","100.91","","","","-6","","NA"
"-79.80","43.30","BURLINGTON PIERS (AUT)","6151061","2024-12-02 03:00","2024","12","02","03:00","","-2.2","","-3.9","","88","","","","25","","10","","","","100.99","","","","-6","","NA"
"-79.80","43.30","BURLINGTON PIERS (AUT)","6151061","2024-12-02 04:00","2024","12","02","04:00","","-2.0","","-3.9","","87","","","","26","","10","","","","100.99","","","","-6","","NA"
"-79.80","43.30","BURLINGTON PIERS (AUT)","6151061","2024-12-02 05:00","2024","12","02","05:00","","-2.2","","-4.2","","87","","","","25","","13","","","","101.04","","","","-7","","NA"
"-79.80","43.30","BURLINGTON PIERS (AUT)","6151061","2024-12-02 06:00","2024","12","02","06:00","","-3.0","","-4.5","","89","","","","25","","11","","","","101.08","","","","-7","","NA"
"-79.80","43.30","BURLINGTON PIERS (AUT)","6151061","2024-12-02 07:00","2024","12","02","07:00","","-3.4","","-4.7","","91","","","","26","","10","","","","101.12","","","","-7","","NA"
"-79.80","43.30","BURLINGTON PIERS (AUT)","6151061","2024-12-02 08:00","2024","12","02","08:00","","-2.8","","-4.3","","90","","","","25","","15","","","","101.17","","","","-8","","NA"
"-79.80","43.30","BURLINGTON PIERS (AUT)","6151061","2024-12-02 09:00","2024","12","02","09:00","","-2.0","","-4.2","","85","","","","25","","14","","","","101.20","","","","-7","","NA"
"-79.80","43.30","BURLINGTON PIERS (AUT)","6151061","2024-12-02 10:00","2024","12","02","10:00","","-0.7","","-3.8","","80","","","","24","","12","","","","101.23","","","","-5","","NA"
"-79.80","43.30","BURLINGTON PIERS (AUT)","6151061","2024-12-02 11:00","2024","12","02","11:00","","1.0","","-3.3","","73","","","","25","","12","","","","101.24","","","","","","NA"
"-79.80","43.30","BURLINGTON PIERS (AUT)","6151061","2024-12-02 12:00","2024","12","02","12:00","","2.3","","-3.0","","68","","","","24","","11","","","","101.20","","","","","","NA"
"-79.80","43.30","BURLINGTON PIERS (AUT)","6151061","2024-12-02 13:00","2024","12","02","13:00","","2.2","","-4.2","","63","","","","28","","13","","","","101.19","","","","","","NA"
"-79.80","43.30","BURLINGTON PIERS (AUT)","6151061","2024-12-02 14:00","2024","12","02","14:00","","2.5","","-3.9","","63","","","","28","","11","","","","101.19","","","","","","NA"
"-79.80","43.30","BURLINGTON PIERS (AUT)","6151061","2024-12-02 15:00","2024","12","02","15:00","","2.4","","-4.4","","61","","","","26","","10","","","","101.19","","","","","","NA"
"-79.80","43.30","BURLINGTON PIERS (AUT)","6151061","2024-12-02 16:00","2024","12","02","16:00","","2.9","","-3.8","","61","","","","28","","8","","","","101.23","","","","","","NA"
"-79.80","43.30","BURLINGTON PIERS (AUT)","6151061","2024-12-02 17:00","2024","12","02","17:00","","1.9","","-3.4","","68","","","","30","","14","","","","101.28","","","","","","NA"
"-79.80","43.30","BURLINGTON PIERS (AUT)","6151061","2024-12-02 18:00","2024","12","02","18:00","","1.3","","-3.0","","73","","","","26","","6","","","","101.33","","","","","","NA"
"-79.80","43.30","BURLINGTON PIERS (AUT)","6151061","2024-12-02 19:00","2024","12","02","19:00","","1.2","","-2.4","","77","","","","24","","11","","","","101.33","","","","","","NA"
"-79.80","43.30","BURLINGTON PIERS (AUT)","6151061","2024-12-02 20:00","2024","12","02","20:00","","0.7","","-2.5","","79","","","","25","","12","","","","101.36","","","","","","NA"
"-79.80","43.30","BURLINGTON PIERS (AUT)","6151061","2024-12-02 21:00","2024","12","02","21:00","","0.4","","-2.5","","81","","","","25","","12","","","","101.35","","","","","","NA"
"-79.80","43.30","BURLINGTON PIERS (AUT)","6151061","2024-12-02 22:00","2024","12","02","22:00","","-0.1","","-2.7","","83","","","","25","","12","","","","101.38","","","","-4","","NA"
"-79.80","43.30","BURLINGTON PIERS (AUT)","6151061","2024-12-02 23:00","2024","12","02","23:00","","-1.0","","-3.2","","85","","","","25","","12","","","","101.39","","","","-5","","NA"
"-79.80","43.30","BURLINGTON PIERS (AUT)","6151061","2024-12-03 00:00","2024","12","03","00:00","","-1.5","","-3.2","","88","","","","27","","11","","","","101.40","","","","-5","","NA"
"-79.80","43.30","BURLINGTON PIERS (AUT)","6151061","2024-12-03 01:00","2024","12","03","01:00","","-1.3","","-3.1","","88","","","","25","","13","","","","101.39","","","","-6","","NA"
"-79.80","43.30","BURLINGTON PIERS (AUT)","6151061","2024-12-03 02:00","2024","12","03","02:00","","-1.5","","-3.1","","89","","","","28","","15","","","","101.43","","","","-6","","NA"
"-79.80","43.30","BURLINGTON PIERS (AUT)","6151061","2024-12-03 03:00","2024","12","03","03:00","","-0.7","","-2.8","","86","","","","27","","9","","","","101.45","","","","-4","","NA"
"-79.80","43.30","BURLINGTON PIERS (AUT)","6151061","2024-12-03 04:00","2024","12","03","04:00","","-0.7","","-3.0","","85","","","","29","","11","","","","101.47","","","","-4","","NA"
"-79.80","43.30","BURLINGTON PIERS (AUT)","6151061","2024-12-03 05:00","2024","12","03","05:00","","-0.6","","-3.1","","83","","","","29","","12","","","","101.52","","","","-5","","NA"
"-79.80","43.30","BURLINGTON PIERS (AUT)","6151061","2024-12-03 06:00","2024","12","03","06:00","","-0.9","","-4.3","","78","","","","30","","11","","","","101.57","","","","-5","","NA"
"-79.80","43.30","BURLINGTON PIERS (AUT)","6151061","2024-12-03 07:00","2024","12","03","07:00","","-1.1","","-4.0","","81","","","","29","","10","","","","101.62","","","","-5","","NA"
"-79.80","43.30","BURLINGTON PIERS (AUT)","6151061","2024-12-03 08:00","2024","12","03","08:00","","-1.7","","-4.9","","79","","","","30","","8","","","","101.68","","","","-5","","NA"
"-79.80","43.30","BURLINGTON PIERS (AUT)","6151061","2024-12-03 09:00","2024","12","03","09:00","","-1.1","","-5.4","","72","","","","31","","11","","","","101.74","","","","-5","","NA"
"-79.80","43.30","BURLINGTON PIERS (AUT)","6151061","2024-12-03 10:00","2024","12","03","10:00","","0.2","","-5.4","","66","","","","26","","4","","","","101.77","","","","","","NA"
"-79.80","43.30","BURLINGTON PIERS (AUT)","6151061","2024-12-03 11:00","2024","12","03","11:00","","0.7","","-4.8","","66","","","","25","","5","","","","101.77","","","","","","NA"
"-79.80","43.30","BURLINGTON PIERS (AUT)","6151061","2024-12-03 12:00","2024","12","03","12:00","","1.5","","-5.3","","61","","","","23","","9","","","","101.69","","","","","","NA"
"-79.80","43.30","BURLINGTON PIERS (AUT)","6151061","2024-12-03 13:00","2024","12","03","13:00","","2.0","","-7.4","","50","","","","31","","14","","","","101.63","","","","","","NA"
"-79.80","43.30","BURLINGTON PIERS (AUT)","6151061","2024-12-03 14:00","2024","12","03","14:00","","2.2","","-7.6","","48","","","","24","","10","","","","101.62","","","","","","NA"
"-79.80","43.30","BURLINGTON PIERS (AUT)","6151061","2024-12-03 15:00","2024","12","03","15:00","","2.2","","-4.9","","59","","","","25","","11","","","","101.60","","","","","","NA"
"-79.80","43.30","BURLINGTON PIERS (AUT)","6151061","2024-12-03 16:00","2024","12","03","16:00","","1.4","","-5.9","","58","","","","27","","11","","","","101.63","","","","","","NA"
"-79.80","43.30","BURLINGTON PIERS (AUT)","6151061","2024-12-03 17:00","2024","12","03","17:00","","0.8","","-4.2","","69","","","","26","","9","","","","101.60","","","","","","NA"
"-79.80","43.30","BURLINGTON PIERS (AUT)","6151061","2024-12-03 18:00","2024","12","03","18:00","","0.9","","-2.7","","77","","","","25","","10","","","","101.56","","","","","","NA"
"-79.80","43.30","BURLINGTON PIERS (AUT)","6151061","2024-12-03 19:00","2024","12","03","19:00","","0.8","","-2.9","","76","","","","21","","10","","","","101.52","","","","","","NA"
"-79.80","43.30","BURLINGTON PIERS (AUT)","6151061","2024-12-03 20:00","2024","12","03","20:00","","1.1","","-3.8","","70","","","","23","","11","","","","101.46","","","","","","NA"
"-79.80","43.30","BURLINGTON PIERS (AUT)","6151061","2024-12-03 21:00","2024","12","03","21:00","","0.8","","-4.1","","70","","","","22","","14","","","","101.39","","","","","","NA"
"-79.80","43.30","BURLINGTON PIERS (AUT)","6151061","2024-12-03 22:00","2024","12","03","22:00","","0.7","","-3.6","","73","","","","22","","14","","","","101.35","","","","","","NA"
"-79.80","43.30","BURLINGTON PIERS (AUT)","6151061","2024-12-03 23:00","2024","12","03","23:00","","1.0","","-3.0","","74","","","","23","","14","","","","101.29","","","","","","NA"
"-79.80","43.30","BURLINGTON PIERS (AUT)","6151061","2024-12-04 00:00","2024","12","04","00:00","","0.8","","-3.9","","71","","","","25","","14","","","","101.23","","","","","","NA"
"-79.80","43.30","BURLINGTON PIERS (AUT)","6151061","2024-12-04 01:00","2024","12","04","01:00","","0.5","","-4.2","","71","","","","25","","12","","","","101.15","","","","","","NA"
"-79.80","43.30","BURLINGTON PIERS (AUT)","6151061","2024-12-04 02:00","2024","12","04","02:00","","0.7","","-4.5","","69","","","","25","","12","","","","101.07","","","","","","NA"
"-79.80","43.30","BURLINGTON PIERS (AUT)","6151061","2024-12-04 03:00","2024","12","04","03:00","","0.7","","-4.5","","68","","","","21","","18","","","","101.02","","","","","","NA"
"-79.80","43.30","BURLINGTON PIERS (AUT)","6151061","2024-12-04 04:00","2024","12","04","04:00","","0.4","","-3.9","","73","","","","20","","18","","","","100.89","","","","","","NA"
"-79.80","43.30","BURLINGTON PIERS (AUT)","6151061","2024-12-04 05:00","2024","12","04","05:00","","1.4","","-4.5","","65","","","","20","","26","","","","100.78","","","","","","NA"
"-79.80","43.30","BURLINGTON PIERS (AUT)","6151061","2024-12-04 06:00","2024","12","04","06:00","","0.7","","-2.7","","78","","","","20","","21","","","","100.69","","","","","","NA"
"-79.80","43.30","BURLINGTON PIERS (AUT)","6151061","2024-12-04 07:00","2024","12","04","07:00","","0.3","","-2.0","","85","","","","20","","17","","","","100.58","","","","","","NA"
"-79.80","43.30","BURLINGTON PIERS (AUT)","6151061","2024-12-04 08:00","2024","12","04","08:00","","0.2","","-2.7","","81","","","","19","","27","","","","100.39","","","","","","NA"
"-79.80","43.30","BURLINGTON PIERS (AUT)","6151061","2024-12-04 09:00","2024","12","04","09:00","","-0.3","","-3.5","","79","","","","18","","32","","","","100.26","","","","-7","","NA"
"-79.80","43.30","BURLINGTON PIERS (AUT)","6151061","2024-12-04 10:00","2024","12","04","10:00","","0.3","","-5.2","","66","","","","19","","28","","","","100.13","","","","","","NA"
"-79.80","43.30","BURLINGTON PIERS (AUT)","6151061","2024-12-04 11:00","2024","12","04","11:00","","0.3","","-5.3","","66","","","","19","","25","","","","99.97","","","","","","NA"
"-79.80","43.30","BURLINGTON PIERS (AUT)","6151061","2024-12-04 12:00","2024","12","04","12:00","","0.4","","-5.2","","66","","","","19","","33","","","","99.75","","","","","","NA"
"-79.80","43.30","BURLINGTON PIERS (AUT)","6151061","2024-12-04 13:00","2024","12","04","13:00","","0.4","","-4.8","","68","","","","20","","30","","","","99.60","","","","","","NA"
"-79.80","43.30","BURLINGTON PIERS (AUT)","6151061","2024-12-04 14:00","2024","12","04","14:00","","0.6","","-4.1","","71","","","","19","","27","","","","99.42","","","","","","NA"
"-79.80","43.30","BURLINGTON PIERS (AUT)","6151061","2024-12-04 15:00","2024","12","04","15:00","","0.8","","-4.0","","70","","","","19","","29","","","","99.28","","","","","","NA"
"-79.80","43.30","BURLINGTON PIERS (AUT)","6151061","2024-12-04 16:00","2024","12","04","16:00","","1.0","","-3.1","","74","","","","19","","32","","","","99.20","","","","","","NA"
"-79.80","43.30","BURLINGTON PIERS (AUT)","6151061","2024-12-04 17:00","2024","12","04","17:00","","1.6","","-2.2","","76","","","","19","","27","","","","99.08","","","","","","NA"
"-79.80","43.30","BURLINGTON PIERS (AUT)","6151061","2024-12-04 18:00","2024","12","04","18:00","","1.0","","-0.5","","90","","","","19","","17","","","","99.02","","","","","","NA"
"-79.80","43.30","BURLINGTON PIERS (AUT)","6151061","2024-12-04 19:00","2024","12","04","19:00","","0.7","","-0.1","","95","","","","20","","16","","","","98.98","","","","","","NA"
"-79.80","43.30","BURLINGTON PIERS (AUT)","6151061","2024-12-04 20:00","2024","12","04","20:00","","1.3","","0.1","","91","","","","19","","16","","","","98.85","","","","","","NA"
"-79.80","43.30","BURLINGTON PIERS (AUT)","6151061","2024-12-04 21:00","2024","12","04","21:00","","1.9","","0.4","","90","","","","19","","14","","","","98.76","","","","","","NA"
"-79.80","43.30","BURLINGTON PIERS (AUT)","6151061","2024-12-04 22:00","2024","12","04","22:00","","2.5","","-0.1","","83","","","","21","","15","","","","98.70","","","","","","NA"
"-79.80","43.30","BURLINGTON PIERS (AUT)","6151061","2024-12-04 23:00","2024","12","04","23:00","","2.8","","-0.5","","79","","","","23","","15","","","","98.73","","","","","","NA"
"-79.80","43.30","BURLINGTON PIERS (AUT)","6151061","2024-12-05 00:00","2024","12","05","00:00","","2.3","","-2.1","","73","","","","22","","13","","","","98.68","","","","","","NA"
"-79.80","43.30","BURLINGTON PIERS (AUT)","6151061","2024-12-05 01:00","2024","12","05","01:00","","1.7","","-2.1","","76","","","","25","","17","","","","98.68","","","","","","NA"
"-79.80","43.30","BURLINGTON PIERS (AUT)","6151061","2024-12-05 02:00","2024","12","05","02:00","","1.4","","-1.5","","81","","","","25","","5","","","","98.58","","","","","","NA"
"-79.80","43.30","BURLINGTON PIERS (AUT)","6151061","2024-12-05 03:00","2024","12","05","03:00","","1.6","","-1.4","","80","","","","19","","6","","","","98.57","","","","","","NA"
"-79.80","43.30","BURLINGTON PIERS (AUT)","6151061","2024-12-05 04:00","2024","12","05","04:00","","1.5","","-1.1","","83","","","","19","","11","","","","98.58","","","","","","NA"
"-79.80","43.30","BURLINGTON PIERS (AUT)","6151061","2024-12-05 05:00","2024","12","05","05:00","","1.4","","-2.1","","78","","","","25","","14","","","","98.63","","","","","","NA"
"-79.80","43.30","BURLINGTON PIERS (AUT)","6151061","2024-12-05 06:00","2024","12","05","06:00","","-1.3","","-2.1","","94","","","","26","","17","","","","98.82","","","","-6","","NA"
"-79.80","43.30","BURLINGTON PIERS (AUT)","6151061","2024-12-05 07:00","2024","12","05","07:00","","-0.6","","-1.5","","93","","","","28","","10","","","","98.97","","","","-4","","NA"
"-79.80","43.30","BURLINGTON PIERS (AUT)","6151061","2024-12-05 08:00","2024","12","05","08:00","","0.0","","-6.9","","60","","","","29","","16","","","","99.17","","","","-5","","NA"
"-79.80","43.30","BURLINGTON PIERS (AUT)","6151061","2024-12-05 09:00","2024","12","05","09:00","","0.1","","-4.5","","71","","","","27","","12","","","","99.31","","","","","","NA"
"-79.80","43.30","BURLINGTON PIERS (AUT)","6151061","2024-12-05 10:00","2024","12","05","10:00","","0.7","","-5.4","","64","","","","28","","18","","","","99.46","","","","","","NA"
"-79.80","43.30","BURLINGTON PIERS (AUT)","6151061","2024-12-05 11:00","2024","12","05","11:00","","1.5","","-5.5","","60","","","","26","","14","","","","99.56","","","","","","NA"
"-79.80","43.30","BURLINGTON PIERS (AUT)","6151061","2024-12-05 12:00","2024","12","05","12:00","","0.5","","-4.4","","70","","","","26","","20","","","","99.67","","","","","","NA"
"-79.80","43.30","BURLINGTON PIERS (AUT)","6151061","2024-12-05 13:00","2024","12","05","13:00","","-0.2","","-4.2","","74","","","","25","","25","","","","99.73","","","","-6","","NA"
"-79.80","43.30","BURLINGTON PIERS (AUT)","6151061","2024-12-05 14:00","2024","12","05","14:00","","0.2","","-7.2","","57","","","","29","","35","","","","99.88","","","","","","NA"
"-79.80","43.30","BURLINGTON PIERS (AUT)","6151061","2024-12-05 15:00","2024","12","05","15:00","","-0.4","","-7.0","","61","","","","29","","28","","","","100.04","","","","-7","","NA"
"-79.80","43.30","BURLINGTON PIERS (AUT)","6151061","2024-12-05 16:00","2024","12","05","16:00","","-0.8","","-7.6","","60","","","","29","","34","","","","100.21","","","","-8","","NA"
"-79.80","43.30","BURLINGTON PIERS (AUT)","6151061","2024-12-05 17:00","2024","12","05","17:00","","-1.6","","-8.1","","61","","","","29","","25","","","","100.40","","","","-8","","NA"
"-79.80","43.30","BURLINGTON PIERS (AUT)","6151061","2024-12-05 18:00","2024","12","05","18:00","","-2.1","","-8.1","","63","","","","28","","21","","","","100.52","","","","-8","","NA"
"-79.80","43.30","BURLINGTON PIERS (AUT)","6151061","2024-12-05 19:00","2024","12","05","19:00","","-2.5","","-7.8","","67","","","","29","","24","","","","100.66","","","","-9","","NA"
"-79.80","43.30","BURLINGTON PIERS (AUT)","6151061","2024-12-05 20:00","2024","12","05","20:00","","-2.6","","-7.7","","68","","","","29","","24","","","","100.77","","","","-9","","NA"
"-79.80","43.30","BURLINGTON PIERS (AUT)","6151061","2024-12-05 21:00","2024","12","05","21:00","","-2.8","","-8.1","","67","","","","29","","19","","","","100.86","","","","-9","","NA"
"-79.80","43.30","BURLINGTON PIERS (AUT)","6151061","2024-12-05 22:00","2024","12","05","22:00","","-3.1","","-9.0","","64","","","","29","","16","","","","100.95","","","","-8","","NA"
"-79.80","43.30","BURLINGTON PIERS (AUT)","6151061","2024-12-05 23:00","2024","12","05","23:00","","-3.3","","-10.1","","59","","","","28","","15","","","","101.01","","","","-8","","NA"
"-79.80","43.30","BURLINGTON PIERS (AUT)","6151061","2024-12-06 00:00","2024","12","06","00:00","","-3.6","","-10.5","","59","","","","29","","19","","","","101.06","","","","-10","","NA"
"-79.80","43.30","BURLINGTON PIERS (AUT)","6151061","2024-12-06 01:00","2024","12","06","01:00","","-4.2","","-10.2","","63","","","","29","","13","","","","101.09","","","","-9","","NA"
"-79.80","43.30","BURLINGTON PIERS (AUT)","6151061","2024-12-06 02:00","2024","12","06","02:00","","-4.5","","-10.9","","61","","","","30","","20","","","","101.14","","","","-11","","NA"
"-79.80","43.30","BURLINGTON PIERS (AUT)","6151061","2024-12-06 03:00","2024","12","06","03:00","","-4.9","","-11.5","","60","","","","30","","16","","","","101.21","","","","-11","","NA"
"-79.80","43.30","BURLINGTON PIERS (AUT)","6151061","2024-12-06 04:00","2024","12","06","04:00","","-5.7","","-10.6","","68","","","","28","","12","","","","101.25","","","","-11","","NA"
"-79.80","43.30","BURLINGTON PIERS (AUT)","6151061","2024-12-06 05:00","2024","12","06","05:00","","-6.4","","-10.4","","73","","","","27","","14","","","","101.28","","","","-12","","NA"
"-79.80","43.30","BURLINGTON PIERS (AUT)","6151061","2024-12-06 06:00","2024","12","06","06:00","","-6.2","","-10.7","","70","","","","28","","13","","","","101.31","","","","-12","","NA"
"-79.80","43.30","BURLINGTON PIERS (AUT)","6151061","2024-12-06 07:00","2024","12","06","07:00","","-6.0","","-10.4","","71","","","","25","","13","","","","101.36","","","","-11","","NA"
"-79.80","43.30","BURLINGTON PIERS (AUT)","6151061","2024-12-06 08:00","2024","12","06","08:00","","-6.7","","-9.4","","81","","","","25","","15","","","","101.38","","","","-13","","NA"
"-79.80","43.30","BURLINGTON PIERS (AUT)","6151061","2024-12-06 09:00","2024","12","06","09:00","","-4.7","","-7.0","","84","","","","25","","12","","","","101.37","","","","-9","","NA"
"-79.80","43.30","BURLINGTON PIERS (AUT)","6151061","2024-12-06 10:00","2024","12","06","10:00","","-3.9","","-6.8","","80","","","","25","","13","","","","101.35","","","","-9","","NA"
"-79.80","43.30","BURLINGTON PIERS (AUT)","6151061","2024-12-06 11:00","2024","12","06","11:00","","-2.7","","-5.7","","80","","","","23","","13","","","","101.29","","","","-7","","NA"
"-79.80","43.30","BURLINGTON PIERS (AUT)","6151061","2024-12-06 12:00","2024","12","06","12:00","","-1.0","","-6.7","","65","","","","25","","17","","","","101.18","","","","-6","","NA"
"-79.80","43.30","BURLINGTON PIERS (AUT)","6151061","2024-12-06 13:00","2024","12","06","13:00","","-1.3","","-9.1","","55","","","","25","","22","","","","101.12","","","","-7","","NA"
"-79.80","43.30","BURLINGTON PIERS (AUT)","6151061","2024-12-06 14:00","2024","12","06","14:00","","-1.3","","-9.0","","56","","","","25","","18","","","","101.05","","","","-7","","NA"
"-79.80","43.30","BURLINGTON PIERS (AUT)","6151061","2024-12-06 15:00","2024","12","06","15:00","","-1.5","","-7.7","","62","","","","25","","22","","","","101.03","","","","-7","","NA"
"-79.80","43.30","BURLINGTON PIERS (AUT)","6151061","2024-12-06 16:00","2024","12","06","16:00","","-1.3","","-7.2","","64","","","","24","","14","","","","101.01","","","","-6","","NA"
"-79.80","43.30","BURLINGTON PIERS (AUT)","6151061","2024-12-06 17:00","2024","12","06","17:00","","-1.1","","-7.8","","60","","","","24","","16","","","","101.00","","","","-6","","NA"
"-79.80","43.30","BURLINGTON PIERS (AUT)","6151061","2024-12-06 18:00","2024","12","06","18:00","","-0.9","","-6.1","","68","","","","21","","15","","","","100.99","","","","-6","","NA"
"-79.80","43.30","BURLINGTON PIERS (AUT)","6151061","2024-12-06 19:00","2024","12","06","19:00","","-0.6","","-6.2","","66","","","","22","","14","","","","100.93","","","","-5","","NA"
"-79.80","43.30","BURLINGTON PIERS (AUT)","6151061","2024-12-06 20:00","2024","12","06","20:00","","-0.6","","-6.4","","65","","","","23","","13","","","","100.95","","","","-5","","NA"
"-79.80","43.30","BURLINGTON PIERS (AUT)","6151061","2024-12-06 21:00","2024","12","06","21:00","","-0.4","","-6.0","","66","","","","24","","15","","","","100.90","","","","-5","","NA"
"-79.80","43.30","BURLINGTON PIERS (AUT)","6151061","2024-12-06 22:00","2024","12","06","22:00","","-1.0","","-6.8","","65","","","","25","","18","","","","100.88","","","","-6","","NA"
"-79.80","43.30","BURLINGTON PIERS (AUT)","6151061","2024-12-06 23:00","2024","12","06","23:00","","-1.1","","-7.2","","63","","","","25","","14","","","","100.87","","","","-6","","NA"
"-79.80","43.30","BURLINGTON PIERS (AUT)","6151061","2024-12-07 00:00","2024","12","07","00:00","","-0.9","","-6.4","","66","","","","23","","16","","","","100.88","","","","-6","","NA"
"-79.80","43.30","BURLINGTON PIERS (AUT)","6151061","2024-12-07 01:00","2024","12","07","01:00","","-1.5","","-6.1","","71","","","","24","","17","","","","100.83","","","","-7","","NA"
"-79.80","43.30","BURLINGTON PIERS (AUT)","6151061","2024-12-07 02:00","2024","12","07","02:00","","-1.1","","-6.8","","65","","","","24","","15","","","","100.83","","","","-6","","NA"
"-79.80","43.30","BURLINGTON PIERS (AUT)","6151061","2024-12-07 03:00","2024","12","07","03:00","","-1.1","","-6.3","","67","","","","25","","15","","","","100.87","","","","-6","","NA"
"-79.80","43.30","BURLINGTON PIERS (AUT)","6151061","2024-12-07 04:00","2024","12","07","04:00","","-1.3","","-5.6","","72","","","","25","","15","","","","100.88","","","","-6","","NA"
"-79.80","43.30","BURLINGTON PIERS (AUT)","6151061","2024-12-07 05:00","2024","12","07","05:00","","-1.1","","-4.7","","77","","","","25","","13","","","","100.89","","","","-5","","NA"
"-79.80","43.30","BURLINGTON PIERS (AUT)","6151061","2024-12-07 06:00","2024","12","07","06:00","","-0.8","","-4.4","","76","","","","25","","15","","","","100.91","","","","-5","","NA"
"-79.80","43.30","BURLINGTON PIERS (AUT)","6151061","2024-12-07 07:00","2024","12","07","07:00","","-0.5","","-3.5","","80","","","","25","","13","","","","100.92","","","","-5","","NA"
"-79.80","43.30","BURLINGTON PIERS (AUT)","6151061","2024-12-07 08:00","2024","12","07","08:00","","-0.8","","-4.5","","75","","","","21","","17","","","","100.93","","","","-6","","NA"
"-79.80","43.30","BURLINGTON PIERS (AUT)","6151061","2024-12-07 09:00","2024","12","07","09:00","","-0.3","","-4.2","","75","","","","22","","14","","","","100.95","","","","-5","","NA"
"-79.80","43.30","BURLINGTON PIERS (AUT)","6151061","2024-12-07 10:00","2024","12","07","10:00","","-0.5","","-4.6","","74","","","","21","","18","","","","100.94","","","","-6","","NA"
"-79.80","43.30","BURLINGTON PIERS (AUT)","6151061","2024-12-07 11:00","2024","12","07","11:00","","-0.4","","-5.0","","71","","","","20","","18","","","","100.83","","","","-5","","NA"
"-79.80","43.30","BURLINGTON PIERS (AUT)","6151061","2024-12-07 12:00","2024","12","07","12:00","","0.5","","-5.0","","67","","","","23","","15","","","","100.69","","","","","","NA"
"-79.80","43.30","BURLINGTON PIERS (AUT)","6151061","2024-12-07 13:00","2024","12","07","13:00","","0.2","","-2.9","","80","","","","22","","13","","","","100.53","","","","","","NA"
"-79.80","43.30","BURLINGTON PIERS (AUT)","6151061","2024-12-07 14:00","2024","12","07","14:00","","0.1","","-2.0","","86","","","","21","","16","","","","100.40","","","","","","NA"
"-79.80","43.30","BURLINGTON PIERS (AUT)","6151061","2024-12-07 15:00","2024","12","07","15:00","","0.8","","-1.0","","88","","","","20","","12","","","","100.25","","","","","","NA"
"-79.80","43.30","BURLINGTON PIERS (AUT)","6151061","2024-12-07 16:00","2024","12","07","16:00","","1.3","","-1.2","","83","","","","20","","24","","","","100.12","","","","","","NA"
"-79.80","43.30","BURLINGTON PIERS (AUT)","6151061","2024-12-07 17:00","2024","12","07","17:00","","1.5","","-1.8","","79","","","","20","","22","","","","100.00","","","","","","NA"
"-79.80","43.30","BURLINGTON PIERS (AUT)","6151061","2024-12-07 18:00","2024","12","07","18:00","","3.1","","-3.3","","63","","","","20","","24","","","","99.85","","","","","","NA"
"-79.80","43.30","BURLINGTON PIERS (AUT)","6151061","2024-12-07 19:00","2024","12","07","19:00","","3.7","","-2.9","","62","","","","20","","24","","","","99.76","","","","","","NA"
"-79.80","43.30","BURLINGTON PIERS (AUT)","6151061","2024-12-07 20:00","2024","12","07","20:00","","3.9","","-2.9","","61","","","","20","","25","","","","99.66","","","","","","NA"
"-79.80","43.30","BURLINGTON PIERS (AUT)","6151061","2024-12-07 21:00","2024","12","07","21:00","","4.1","","-2.0","","65","","","","21","","25","","","","99.52","","","","","","NA"
"-79.80","43.30","BURLINGTON PIERS (AUT)","6151061","2024-12-07 22:00","2024","12","07","22:00","","4.9","","-1.4","","64","","","","21","","24","","","","99.41","","","","","","NA"
"-79.80","43.30","BURLINGTON PIERS (AUT)","6151061","2024-12-07 23:00","2024","12","07","23:00","","5.6","","-1.4","","61","","","","21","","23","","","","99.24","","","","","","NA"
"-79.80","43.30","BURLINGTON PIERS (AUT)","6151061","2024-12-08 00:00","2024","12","08","00:00","","6.1","","-1.3","","59","","","","21","","24","","","","99.17","","","","","","NA"
"-79.80","43.30","BURLINGTON PIERS (AUT)","6151061","2024-12-08 01:00","2024","12","08","01:00","","6.4","","-1.4","","58","","","","21","","26","","","","99.06","","","","","","NA"
"-79.80","43.30","BURLINGTON PIERS (AUT)","6151061","2024-12-08 02:00","2024","12","08","02:00","","6.4","","-1.0","","59","","","","22","","23","","","","99.03","","","","","","NA"
"-79.80","43.30","BURLINGTON PIERS (AUT)","6151061","2024-12-08 03:00","2024","12","08","03:00","","6.2","","-1.2","","59","","","","23","","18","","","","99.06","","","","","","NA"
"-79.80","43.30","BURLINGTON PIERS (AUT)","6151061","2024-12-08 04:00","2024","12","08","04:00","","5.9","","-1.1","","61","","","","22","","17","","","","99.13","","","","","","NA"
"-79.80","43.30","BURLINGTON PIERS (AUT)","6151061","2024-12-08 05:00","2024","12","08","05:00","","5.7","","-0.7","","63","","","","22","","17","","","","99.21","","","","","","NA"
"-79.80","43.30","BURLINGTON PIERS (AUT)","6151061","2024-12-08 06:00","2024","12","08","06:00","","5.5","","-0.5","","65","","","","23","","12","","","","99.29","","","","","","NA"
"-79.80","43.30","BURLINGTON PIERS (AUT)","6151061","2024-12-08 07:00","2024","12","08","07:00","","5.2","","-0.8","","65","","","","24","","13","","","","99.40","","","","","","NA"
"-79.80","43.30","BURLINGTON PIERS (AUT)","6151061","2024-12-08 08:00","2024","12","08","08:00","","5.3","","0.1","","69","","","","23","","14","","","","99.52","","","","","","NA"
"-79.80","43.30","BURLINGTON PIERS (AUT)","6151061","2024-12-08 09:00","2024","12","08","09:00","","5.7","","0.2","","68","","","","24","","11","","","","99.63","","","","","","NA"
"-79.80","43.30","BURLINGTON PIERS (AUT)","6151061","2024-12-08 10:00","2024","12","08","10:00","","5.9","","0.6","","69","","","","24","","10","","","","99.76","","","","","","NA"
"-79.80","43.30","BURLINGTON PIERS (AUT)","6151061","2024-12-08 11:00","2024","12","08","11:00","","6.1","","0.9","","69","","","","25","","10","","","","99.82","","","","","","NA"
"-79.80","43.30","BURLINGTON PIERS (AUT)","6151061","2024-12-08 12:00","2024","12","08","12:00","","6.3","","1.0","","69","","","","25","","16","","","","99.89","","","","","","NA"
"-79.80","43.30","BURLINGTON PIERS (AUT)","6151061","2024-12-08 13:00","2024","12","08","13:00","","6.4","","1.0","","68","","","","27","","14","","","","99.91","","","","","","NA"
"-79.80","43.30","BURLINGTON PIERS (AUT)","6151061","2024-12-08 14:00","2024","12","08","14:00","","6.8","","0.8","","66","","","","24","","10","","","","100.00","","","","","","NA"
"-79.80","43.30","BURLINGTON PIERS (AUT)","6151061","2024-12-08 15:00","2024","12","08","15:00","","6.7","","0.9","","67","","","","24","","11","","","","100.09","","","","","","NA"
"-79.80","43.30","BURLINGTON PIERS (AUT)","6151061","2024-12-08 16:00","2024","12","08","16:00","","6.4","","1.1","","69","","","","24","","11","","","","100.19","","","","","","NA"
"-79.80","43.30","BURLINGTON PIERS (AUT)","6151061","2024-12-08 17:00","2024","12","08","17:00","","6.3","","1.6","","72","","","","23","","7","","","","100.25","","","","","","NA"
"-79.80","43.30","BURLINGTON PIERS (AUT)","6151061","2024-12-08 18:00","2024","12","08","18:00","","6.0","","1.3","","72","","","","21","","8","","","","100.31","","","","","","NA"
"-79.80","43.30","BURLINGTON PIERS (AUT)","6151061","2024-12-08 19:00","2024","12","08","19:00","","5.9","","1.9","","76","","","","23","","5","","","","100.41","","","","","","NA"
"-79.80","43.30","BURLINGTON PIERS (AUT)","6151061","2024-12-08 20:00","2024","12","08","20:00","","5.6","","1.8","","76","","","","","","0","","","","100.40","","","","","","NA"
"-79.80","43.30","BURLINGTON PIERS (AUT)","6151061","2024-12-08 21:00","2024","12","08","21:00","","5.4","","2.2","","80","","","","","","0","","","","100.41","","","","","","NA"
"-79.80","43.30","BURLINGTON PIERS (AUT)","6151061","2024-12-08 22:00","2024","12","08","22:00","","5.3","","1.6","","77","","","","1","","12","","","","100.41","","","","","","NA"
"-79.80","43.30","BURLINGTON PIERS (AUT)","6151061","2024-12-08 23:00","2024","12","08","23:00","","5.4","","2.6","","82","","","","4","","19","","","","100.37","","","","","","NA"
"-79.80","43.30","BURLINGTON PIERS (AUT)","6151061","2024-12-09 00:00","2024","12","09","00:00","","5.6","","2.8","","83","","","","8","","23","","","","100.35","","","","","","NA"
"-79.80","43.30","BURLINGTON PIERS (AUT)","6151061","2024-12-09 01:00","2024","12","09","01:00","","5.6","","2.7","","82","","","","8","","22","","","","100.31","","","","","","NA"
"-79.80","43.30","BURLINGTON PIERS (AUT)","6151061","2024-12-09 02:00","2024","12","09","02:00","","5.5","","2.5","","81","","","","7","","25","","","","100.25","","","","","","NA"
"-79.80","43.30","BURLINGTON PIERS (AUT)","6151061","2024-12-09 03:00","2024","12","09","03:00","","5.5","","2.7","","82","","","","8","","24","","","","100.25","","","","","","NA"
"-79.80","43.30","BURLINGTON PIERS (AUT)","6151061","2024-12-09 04:00","2024","12","09","04:00","","5.2","","2.4","","82","","","","6","","25","","","","100.15","","","","","","NA"
"-79.80","43.30","BURLINGTON PIERS (AUT)","6151061","2024-12-09 05:00","2024","12","09","05:00","","5.2","","1.9","","79","","","","5","","29","","","","100.09","","","","","","NA"
"-79.80","43.30","BURLINGTON PIERS (AUT)","6151061","2024-12-09 06:00","2024","12","09","06:00","","5.1","","2.2","","81","","","","5","","35","","","","100.02","","","","","","NA"
"-79.80","43.30","BURLINGTON PIERS (AUT)","6151061","2024-12-09 07:00","2024","12","09","07:00","","5.0","","2.4","","83","","","","6","","36","","","","100.02","","","","","","NA"
"-79.80","43.30","BURLINGTON PIERS (AUT)","6151061","2024-12-09 08:00","2024","12","09","08:00","","4.9","","2.9","","87","","","","7","","38","","","","100.00","","","","","","NA"
"-79.80","43.30","BURLINGTON PIERS (AUT)","6151061","2024-12-09 09:00","2024","12","09","09:00","","4.6","","3.2","","90","","","","8","","38","","","","99.92","","","","","","NA"
"-79.80","43.30","BURLINGTON PIERS (AUT)","6151061","2024-12-09 10:00","2024","12","09","10:00","","4.7","","3.4","","91","","","","8","","32","","","","99.89","","","","","","NA"
"-79.80","43.30","BURLINGTON PIERS (AUT)","6151061","2024-12-09 11:00","2024","12","09","11:00","","4.7","","3.8","","94","","","","6","","32","","","","99.85","","","","","","NA"
"-79.80","43.30","BURLINGTON PIERS (AUT)","6151061","2024-12-09 12:00","2024","12","09","12:00","","4.3","","3.5","","95","","","","3","","33","","","","99.73","","","","","","NA"
"-79.80","43.30","BURLINGTON PIERS (AUT)","6151061","2024-12-09 13:00","2024","12","09","13:00","","4.0","","3.1","","94","","","","2","","39","","","","99.64","","","","","","NA"
"-79.80","43.30","BURLINGTON PIERS (AUT)","6151061","2024-12-09 14:00","2024","12","09","14:00","","3.8","","2.9","","93","","","","2","","38","","","","99.64","","","","","","NA"
"-79.80","43.30","BURLINGTON PIERS (AUT)","6151061","2024-12-09 15:00","2024","12","09","15:00","","3.7","","3.0","","95","","","","2","","27","","","","99.71","","","","","","NA"
"-79.80","43.30","BURLINGTON PIERS (AUT)","6151061","2024-12-09 16:00","2024","12","09","16:00","","3.5","","2.8","","95","","","","36","","23","","","","99.78","","","","","","NA"
"-79.80","43.30","BURLINGTON PIERS (AUT)","6151061","2024-12-09 17:00","2024","12","09","17:00","","3.6","","3.0","","96","","","","36","","18","","","","99.83","","","","","","NA"
"-79.80","43.30","BURLINGTON PIERS (AUT)","6151061","2024-12-09 18:00","2024","12","09","18:00","","3.6","","3.0","","96","","","","33","","11","","","","99.91","","","","","","NA"
"-79.80","43.30","BURLINGTON PIERS (AUT)","6151061","2024-12-09 19:00","2024","12","09","19:00","","3.8","","3.2","","96","","","","32","","6","","","","99.99","","","","","","NA"
"-79.80","43.30","BURLINGTON PIERS (AUT)","6151061","2024-12-09 20:00","2024","12","09","20:00","","3.7","","3.1","","96","","","","28","","3","","","","100.05","","","","","","NA"
"-79.80","43.30","BURLINGTON PIERS (AUT)","6151061","2024-12-09 21:00","2024","12","09","21:00","","3.8","","3.1","","95","","","","28","","5","","","","100.11","","","","","","NA"
"-79.80","43.30","BURLINGTON PIERS (AUT)","6151061","2024-12-09 22:00","2024","12","09","22:00","","4.0","","3.1","","94","","","","","","0","","","","100.10","","","","","","NA"
"-79.80","43.30","BURLINGTON PIERS (AUT)","6151061","2024-12-09 23:00","2024","12","09","23:00","","4.3","","3.4","","94","","","","31","","3","","","","100.11","","","","","","NA"
"-79.80","43.30","BURLINGTON PIERS (AUT)","6151061","2024-12-10 00:00","2024","12","10","00:00","","4.3","","3.7","","96","","","","18","","3","","","","100.15","","","","","","NA"
"-79.80","43.30","BURLINGTON PIERS (AUT)","6151061","2024-12-10 01:00","2024","12","10","01:00","","4.1","","3.7","","97","","","","29","","6","","","","100.17","","","","","","NA"
"-79.80","43.30","BURLINGTON PIERS (AUT)","6151061","2024-12-10 02:00","2024","12","10","02:00","","4.9","","4.5","","97","","","","","","0","","","","100.20","","","","","","NA"
"-79.80","43.30","BURLINGTON PIERS (AUT)","6151061","2024-12-10 03:00","2024","12","10","03:00","","4.9","","4.4","","97","","","","6","","6","","","","100.26","","","","","","NA"
"-79.80","43.30","BURLINGTON PIERS (AUT)","6151061","2024-12-10 04:00","2024","12","10","04:00","","4.0","","3.6","","97","","","","","","0","","","","100.27","","","","","","NA"
"-79.80","43.30","BURLINGTON PIERS (AUT)","6151061","2024-12-10 05:00","2024","12","10","05:00","","4.9","","4.5","","97","","","","","","0","","","","100.31","","","","","","NA"
"-79.80","43.30","BURLINGTON PIERS (AUT)","6151061","2024-12-10 06:00","2024","12","10","06:00","","5.2","","4.8","","97","","","","","","0","","","","100.30","","","","","","NA"
"-79.80","43.30","BURLINGTON PIERS (AUT)","6151061","2024-12-10 07:00","2024","12","10","07:00","","5.5","","5.0","","96","","","","21","","3","","","","100.34","","","","","","NA"
"-79.80","43.30","BURLINGTON PIERS (AUT)","6151061","2024-12-10 08:00","2024","12","10","08:00","","5.6","","5.0","","96","","","","","","0","","","","100.35","","","","","","NA"
"-79.80","43.30","BURLINGTON PIERS (AUT)","6151061","2024-12-10 09:00","2024","12","10","09:00","","5.7","","4.9","","94","","","","","","0","","","","100.29","","","","","","NA"
"-79.80","43.30","BURLINGTON PIERS (AUT)","6151061","2024-12-10 10:00","2024","12","10","10:00","","5.7","","5.0","","95","","","","","","0","","","","100.33","","","","","","NA"
"-79.80","43.30","BURLINGTON PIERS (AUT)","6151061","2024-12-10 11:00","2024","12","10","11:00","","6.5","","5.0","","90","","","","34","","3","","","","100.31","","","","","","NA"
"-79.80","43.30","BURLINGTON PIERS (AUT)","6151061","2024-12-10 12:00","2024","12","10","12:00","","7.5","","5.8","","89","","","","29","","7","","","","100.20","","","","","","NA"
"-79.80","43.30","BURLINGTON PIERS (AUT)","6151061","2024-12-10 13:00","2024","12","10","13:00","","8.6","","6.1","","84","","","","30","","5","","","","100.13","","","","","","NA"
"-79.80","43.30","BURLINGTON PIERS (AUT)","6151061","2024-12-10 14:00","2024","12","10","14:00","","7.6","","5.7","","88","","","","5","","10","","","","99.98","","","","","","NA"
"-79.80","43.30","BURLINGTON PIERS (AUT)","6151061","2024-12-10 15:00","2024","12","10","15:00","","6.6","","5.9","","96","","","","10","","10","","","","100.01","","","","","","NA"
"-79.80","43.30","BURLINGTON PIERS (AUT)","6151061","2024-12-10 16:00","2024","12","10","16:00","","6.4","","5.8","","96","","","","7","","5","","","","99.99","","","","","","NA"
"-79.80","43.30","BURLINGTON PIERS (AUT)","6151061","2024-12-10 17:00","2024","12","10","17:00","","6.4","","5.7","","96","","","","11","","13","","","","99.92","","","","","","NA"
"-79.80","43.30","BURLINGTON PIERS (AUT)","6151061","2024-12-10 18:00","2024","12","10","18:00","","6.4","","5.8","","96","","","","6","","3","","","","99.89","","","","","","NA"
"-79.80","43.30","BURLINGTON PIERS (AUT)","6151061","2024-12-10 19:00","2024","12","10","19:00","","6.4","","5.9","","96","","","","3","","7","","","","99.89","","","","","","NA"
"-79.80","43.30","BURLINGTON PIERS (AUT)","6151061","2024-12-10 20:00","2024","12","10","20:00","","6.5","","6.0","","96","","","","36","","10","","","","99.89","","","","","","NA"
"-79.80","43.30","BURLINGTON PIERS (AUT)","6151061","2024-12-10 21:00","2024","12","10","21:00","","6.5","","5.9","","96","","","","4","","9","","","","99.86","","","","","","NA"
"-79.80","43.30","BURLINGTON PIERS (AUT)","6151061","2024-12-10 22:00","2024","12","10","22:00","","6.4","","5.7","","95","","","","3","","8","","","","99.86","","","","","","NA"
"-79.80","43.30","BURLINGTON PIERS (AUT)","6151061","2024-12-10 23:00","2024","12","10","23:00","","6.4","","5.7","","96","","","","36","","3","","","","99.84","","","","","","NA"
"-79.80","43.30","BURLINGTON PIERS (AUT)","6151061","2024-12-11 00:00","2024","12","11","00:00","","6.4","","5.7","","95","","","","12","","6","","","","99.82","","","","","","NA"
"-79.80","43.30","BURLINGTON PIERS (AUT)","6151061","2024-12-11 01:00","2024","12","11","01:00","","6.3","","5.6","","95","","","","","","0","","","","99.77","","","","","","NA"
"-79.80","43.30","BURLINGTON PIERS (AUT)","6151061","2024-12-11 02:00","2024","12","11","02:00","","6.3","","5.7","","96","","","","","","0","","","","99.75","","","","","","NA"
"-79.80","43.30","BURLINGTON PIERS (AUT)","6151061","2024-12-11 03:00","2024","12","11","03:00","","6.2","","5.5","","95","","","","","","0","","","","99.76","","","","","","NA"
"-79.80","43.30","BURLINGTON PIERS (AUT)","6151061","2024-12-11 04:00","2024","12","11","04:00","","6.1","","5.3","","95","","","","23","","3","","","","99.73","","","","","","NA"
"-79.80","43.30","BURLINGTON PIERS (AUT)","6151061","2024-12-11 05:00","2024","12","11","05:00","","6.0","","5.3","","95","","","","25","","6","","","","99.68","","","","","","NA"
"-79.80","43.30","BURLINGTON PIERS (AUT)","6151061","2024-12-11 06:00","2024","12","11","06:00","","5.6","","4.3","","91","","","","25","","4","","","","99.67","","","","","","NA"
"-79.80","43.30","BURLINGTON PIERS (AUT)","6151061","2024-12-11 07:00","2024","12","11","07:00","","5.2","","3.6","","89","","","","27","","5","","","","99.68","","","","","","NA"
"-79.80","43.30","BURLINGTON PIERS (AUT)","6151061","2024-12-11 08:00","2024","12","11","08:00","","4.8","","2.8","","87","","","","24","","6","","","","99.62","","","","","","NA"
"-79.80","43.30","BURLINGTON PIERS (AUT)","6151061","2024-12-11 09:00","2024","12","11","09:00","","4.5","","2.1","","84","","","","24","","9","","","","99.65","","","","","","NA"
"-79.80","43.30","BURLINGTON PIERS (AUT)","6151061","2024-12-11 10:00","2024","12","11","10:00","","4.4","","1.8","","83","","","","23","","10","","","","99.71","","","","","","NA"
"-79.80","43.30","BURLINGTON PIERS (AUT)","6151061","2024-12-11 11:00","2024","12","11","11:00","","4.2","","1.7","","84","","","","23","","10","","","","99.56","","","","","","NA"
"-79.80","43.30","BURLINGTON PIERS (AUT)","6151061","2024-12-11 12:00","2024","12","11","12:00","","3.7","","1.0","","82","","","","24","","12","","","","99.51","","","","","","NA"
"-79.80","43.30","BURLINGTON PIERS (AUT)","6151061","2024-12-11 13:00","2024","12","11","13:00","","3.2","","0.8","","84","","","","24","","12","","","","99.42","","","","","","NA"
"-79.80","43.30","BURLINGTON PIERS (AUT)","6151061","2024-12-11 14:00","2024","12","11","14:00","","3.6","","-1.6","","69","","","","25","","19","","","","99.40","","","","","","NA"
"-79.80","43.30","BURLINGTON PIERS (AUT)","6151061","2024-12-11 15:00","2024","12","11","15:00","","3.3","","-1.9","","69","","","","24","","16","","","","99.47","","","","","","NA"
"-79.80","43.30","BURLINGTON PIERS (AUT)","6151061","2024-12-11 16:00","2024","12","11","16:00","","2.8","","-2.1","","70","","","","25","","23","","","","99.47","","","","","","NA"
"-79.80","43.30","BURLINGTON PIERS (AUT)","6151061","2024-12-11 17:00","2024","12","11","17:00","","2.2","","-1.1","","79","","","","24","","20","","","","99.55","","","","","","NA"
"-79.80","43.30","BURLINGTON PIERS (AUT)","6151061","2024-12-11 18:00","2024","12","11","18:00","","1.8","","-1.6","","78","","","","25","","24","","","","99.62","","","","","","NA"
"-79.80","43.30","BURLINGTON PIERS (AUT)","6151061","2024-12-11 19:00","2024","12","11","19:00","","1.6","","-3.1","","71","","","","25","","19","","","","99.68","","","","","","NA"
"-79.80","43.30","BURLINGTON PIERS (AUT)","6151061","2024-12-11 20:00","2024","12","11","20:00","","1.9","","-2.9","","70","","","","25","","17","","","","99.71","","","","","","NA"
"-79.80","43.30","BURLINGTON PIERS (AUT)","6151061","2024-12-11 21:00","2024","12","11","21:00","","1.7","","-4.3","","64","","","","25","","16","","","","99.69","","","","","","NA"
"-79.80","43.30","BURLINGTON PIERS (AUT)","6151061","2024-12-11 22:00","2024","12","11","22:00","","1.9","","-4.1","","65","","","","23","","18","","","","99.69","","","","","","NA"
"-79.80","43.30","BURLINGTON PIERS (AUT)","6151061","2024-12-11 23:00","2024","12","11","23:00","","1.3","","-5.3","","61","","","","22","","19","","","","99.68","","","","","","NA"
"-79.80","43.30","BURLINGTON PIERS (AUT)","6151061","2024-12-12 00:00","2024","12","12","00:00","","1.3","","-4.1","","67","","","","23","","15","","","","99.65","","","","","","NA"
"-79.80","43.30","BURLINGTON PIERS (AUT)","6151061","2024-12-12 01:00","2024","12","12","01:00","","0.5","","-5.4","","65","","","","25","","18","","","","99.65","","","","","","NA"
"-79.80","43.30","BURLINGTON PIERS (AUT)","6151061","2024-12-12 02:00","2024","12","12","02:00","","0.3","","-5.4","","66","","","","24","","18","","","","99.68","","","","","","NA"
"-79.80","43.30","BURLINGTON PIERS (AUT)","6151061","2024-12-12 03:00","2024","12","12","03:00","","-0.9","","-5.1","","73","","","","25","","19","","","","99.80","","","","-6","","NA"
"-79.80","43.30","BURLINGTON PIERS (AUT)","6151061","2024-12-12 04:00","2024","12","12","04:00","","-1.2","","-6.9","","65","","","","25","","21","","","","99.89","","","","-7","","NA"
"-79.80","43.30","BURLINGTON PIERS (AUT)","6151061","2024-12-12 05:00","2024","12","12","05:00","","-2.5","","-9.7","","58","","","","25","","26","","","","100.08","","","","-9","","NA"
"-79.80","43.30","BURLINGTON PIERS (AUT)","6151061","2024-12-12 06:00","2024","12","12","06:00","","-3.7","","-14.0","","45","","","","25","","28","","","","100.22","","","","-11","","NA"
"-79.80","43.30","BURLINGTON PIERS (AUT)","6151061","2024-12-12 07:00","2024","12","12","07:00","","-4.5","","-14.0","","48","","","","25","","28","","","","100.34","","","","-12","","NA"
"-79.80","43.30","BURLINGTON PIERS (AUT)","6151061","2024-12-12 08:00","2024","12","12","08:00","","-4.9","","-13.7","","50","","","","25","","24","","","","100.53","","","","-12","","NA"
"-79.80","43.30","BURLINGTON PIERS (AUT)","6151061","2024-12-12 09:00","2024","12","12","09:00","","-5.8","","-15.9","","45","","","","25","","30","","","","100.72","","","","-14","","NA"
"-79.80","43.30","BURLINGTON PIERS (AUT)","6151061","2024-12-12 10:00","2024","12","12","10:00","","-5.8","","-13.4","","55","","","","25","","28","","","","100.87","","","","-14","","NA"
"-79.80","43.30","BURLINGTON PIERS (AUT)","6151061","2024-12-12 11:00","2024","12","12","11:00","","-6.6","","-15.2","","50","","","","25","","27","","","","100.97","","","","-15","","NA"
"-79.80","43.30","BURLINGTON PIERS (AUT)","6151061","2024-12-12 12:00","2024","12","12","12:00","","-6.2","","-14.8","","51","","","","25","","25","","","","101.05","","","","-14","","NA"
"-79.80","43.30","BURLINGTON PIERS (AUT)","6151061","2024-12-12 13:00","2024","12","12","13:00","","-5.3","","-12.7","","56","","","","24","","28","","","","101.11","","","","-13","","NA"
"-79.80","43.30","BURLINGTON PIERS (AUT)","6151061","2024-12-12 14:00","2024","12","12","14:00","","-4.3","","-10.6","","61","","","","24","","24","","","","101.23","","","","-11","","NA"
"-79.80","43.30","BURLINGTON PIERS (AUT)","6151061","2024-12-12 15:00","2024","12","12","15:00","","-4.2","","-11.5","","57","","","","24","","21","","","","101.34","","","","-11","","NA"
"-79.80","43.30","BURLINGTON PIERS (AUT)","6151061","2024-12-12 16:00","2024","12","12","16:00","","-4.0","","-10.8","","59","","","","23","","25","","","","101.45","","","","-11","","NA"
"-79.80","43.30","BURLINGTON PIERS (AUT)","6151061","2024-12-12 17:00","2024","12","12","17:00","","-4.1","","-9.4","","67","","","","23","","23","","","","101.57","","","","-11","","NA"
"-79.80","43.30","BURLINGTON PIERS (AUT)","6151061","2024-12-12 18:00","2024","12","12","18:00","","-4.4","","-10.4","","63","","","","23","","21","","","","101.67","","","","-11","","NA"
"-79.80","43.30","BURLINGTON PIERS (AUT)","6151061","2024-12-12 19:00","2024","12","12","19:00","","-4.6","","-10.5","","63","","","","23","","19","","","","101.70","","","","-11","","NA"
"-79.80","43.30","BURLINGTON PIERS (AUT)","6151061","2024-12-12 20:00","2024","12","12","20:00","","-5.4","","-11.9","","61","","","","25","","21","","","","101.76","","","","-12","","NA"
"-79.80","43.30","BURLINGTON PIERS (AUT)","6151061","2024-12-12 21:00","2024","12","12","21:00","","-5.8","","-12.5","","59","","","","25","","17","","","","101.83","","","","-12","","NA"
"-79.80","43.30","BURLINGTON PIERS (AUT)","6151061","2024-12-12 22:00","2024","12","12","22:00","","-5.9","","-12.3","","60","","","","25","","17","","","","101.91","","","","-12","","NA"
"-79.80","43.30","BURLINGTON PIERS (AUT)","6151061","2024-12-12 23:00","2024","12","12","23:00","","-6.5","","-13.2","","59","","","","25","","18","","","","101.97","","","","-13","","NA"
"-79.80","43.30","BURLINGTON PIERS (AUT)","6151061","2024-12-13 00:00","2024","12","13","00:00","","-6.0","","-11.0","","67","","","","23","","18","","","","102.02","","","","-12","","NA"
"-79.80","43.30","BURLINGTON PIERS (AUT)","6151061","2024-12-13 01:00","2024","12","13","01:00","","-6.2","","-11.5","","66","","","","23","","16","","","","102.09","","","","-12","","NA"
"-79.80","43.30","BURLINGTON PIERS (AUT)","6151061","2024-12-13 02:00","2024","12","13","02:00","","-6.7","","-13.2","","60","","","","24","","15","","","","102.18","","","","-13","","NA"
"-79.80","43.30","BURLINGTON PIERS (AUT)","6151061","2024-12-13 03:00","2024","12","13","03:00","","-6.6","","-13.2","","59","","","","24","","14","","","","102.30","","","","-12","","NA"
"-79.80","43.30","BURLINGTON PIERS (AUT)","6151061","2024-12-13 04:00","2024","12","13","04:00","","-6.9","","-14.0","","57","","","","25","","18","","","","102.34","","","","-14","","NA"
"-79.80","43.30","BURLINGTON PIERS (AUT)","6151061","2024-12-13 05:00","2024","12","13","05:00","","-7.1","","-13.5","","60","","","","25","","15","","","","102.43","","","","-13","","NA"
"-79.80","43.30","BURLINGTON PIERS (AUT)","6151061","2024-12-13 06:00","2024","12","13","06:00","","-7.0","","-12.4","","65","","","","25","","15","","","","102.52","","","","-13","","NA"
"-79.80","43.30","BURLINGTON PIERS (AUT)","6151061","2024-12-13 07:00","2024","12","13","07:00","","-6.6","","-11.3","","69","","","","23","","13","","","","102.63","","","","-12","","NA"
"-79.80","43.30","BURLINGTON PIERS (AUT)","6151061","2024-12-13 08:00","2024","12","13","08:00","","-6.4","","-10.6","","72","","","","24","","12","","","","102.72","","","","-12","","NA"
"-79.80","43.30","BURLINGTON PIERS (AUT)","6151061","2024-12-13 09:00","2024","12","13","09:00","","-5.5","","-10.7","","67","","","","23","","15","","","","102.78","","","","-11","","NA"
"-79.80","43.30","BURLINGTON PIERS (AUT)","6151061","2024-12-13 10:00","2024","12","13","10:00","","-4.8","","-12.2","","56","","","","26","","12","","","","102.91","","","","-10","","NA"
"-79.80","43.30","BURLINGTON PIERS (AUT)","6151061","2024-12-13 11:00","2024","12","13","11:00","","-5.0","","-13.3","","52","","","","25","","17","","","","102.97","","","","-11","","NA"
"-79.80","43.30","BURLINGTON PIERS (AUT)","6151061","2024-12-13 12:00","2024","12","13","12:00","","-4.1","","-12.0","","54","","","","26","","13","","","","102.96","","","","-9","","NA"
"-79.80","43.30","BURLINGTON PIERS (AUT)","6151061","2024-12-13 13:00","2024","12","13","13:00","","-3.7","","-12.3","","51","","","","24","","13","","","","102.95","","","","-9","","NA"
"-79.80","43.30","BURLINGTON PIERS (AUT)","6151061","2024-12-13 14:00","2024","12","13","14:00"
"-79.80","43.30","BURLINGTON PIERS (AUT)","6151061","2024-12-13 15:00","2024","12","13","15:00","","-3.6","","-12.7","","49","","","","25","","14","","","","103.01","","","","-9","","NA"
"-79.80","43.30","BURLINGTON PIERS (AUT)","6151061","2024-12-13 16:00","2024","12","13","16:00","","-3.6","","-12.3","","51","","","","25","","11","","","","103.09","","","","-8","","NA"
"-79.80","43.30","BURLINGTON PIERS (AUT)","6151061","2024-12-13 17:00","2024","12","13","17:00","","-3.9","","-12.3","","52","","","","26","","9","","","","103.16","","","","-8","","NA"
"-79.80","43.30","BURLINGTON PIERS (AUT)","6151061","2024-12-13 18:00","2024","12","13","18:00","","-4.2","","-11.3","","58","","","","26","","8","","","","103.21","","","","-8","","NA"
"-79.80","43.30","BURLINGTON PIERS (AUT)","6151061","2024-12-13 19:00","2024","12","13","19:00","","-5.0","","-11.9","","58","","","","28","","12","","","","103.29","","","","-10","","NA"
"-79.80","43.30","BURLINGTON PIERS (AUT)","6151061","2024-12-13 20:00","2024","12","13","20:00","","-5.6","","-11.6","","63","","","","27","","8","","","","103.34","","","","-9","","NA"
"-79.80","43.30","BURLINGTON PIERS (AUT)","6151061","2024-12-13 21:00","2024","12","13","21:00","","-5.9","","-11.4","","65","","","","26","","7","","","","103.40","","","","-9","","NA"
"-79.80","43.30","BURLINGTON PIERS (AUT)","6151061","2024-12-13 22:00","2024","12","13","22:00","","-6.2","","-11.5","","66","","","","26","","7","","","","103.43","","","","-10","","NA"
"-79.80","43.30","BURLINGTON PIERS (AUT)","6151061","2024-12-13 23:00","2024","12","13","23:00","","-6.3","","-12.2","","63","","","","28","","7","","","","103.47","","","","-10","","NA"
"-79.80","43.30","BURLINGTON PIERS (AUT)","6151061","2024-12-14 00:00","2024","12","14","00:00","","-6.3","","-11.6","","66","","","","25","","8","","","","103.50","","","","-10","","NA"
"-79.80","43.30","BURLINGTON PIERS (AUT)","6151061","2024-12-14 01:00","2024","12","14","01:00","","-6.6","","-11.0","","71","","","","28","","5","","","","103.49","","","","-9","","NA"
"-79.80","43.30","BURLINGTON PIERS (AUT)","6151061","2024-12-14 02:00","2024","12","14","02:00","","-7.0","","-11.4","","71","","","","28","","5","","","","103.54","","","","-10","","NA"
"-79.80","43.30","BURLINGTON PIERS (AUT)","6151061","2024-12-14 03:00","2024","12","14","03:00","","-6.3","","-9.3","","79","","","","27","","4","","","","103.59","","","","-8","","NA"
"-79.80","43.30","BURLINGTON PIERS (AUT)","6151061","2024-12-14 04:00","2024","12","14","04:00","","-7.2","","-9.9","","81","","","","29","","4","","","","103.62","","","","-9","","NA"
"-79.80","43.30","BURLINGTON PIERS (AUT)","6151061","2024-12-14 05:00","2024","12","14","05:00","","-6.7","","-11.4","","70","","","","27","","4","","","","103.65","","","","-9","","NA"
"-79.80","43.30","BURLINGTON PIERS (AUT)","6151061","2024-12-14 06:00","2024","12","14","06:00","","-6.8","","-11.5","","69","","","","29","","5","","","","103.66","","","","-9","","NA"
"-79.80","43.30","BURLINGTON PIERS (AUT)","6151061","2024-12-14 07:00","2024","12","14","07:00","","-6.8","","-10.6","","75","","","","28","","5","","","","103.69","","","","-9","","NA"
"-79.80","43.30","BURLINGTON PIERS (AUT)","6151061","2024-12-14 08:00","2024","12","14","08:00","","-5.5","","-9.2","","75","","","","34","","12","","","","103.68","","","","-10","","NA"
"-79.80","43.30","BURLINGTON PIERS (AUT)","6151061","2024-12-14 09:00","2024","12","14","09:00","","-4.8","","-9.8","","68","","","","28","","3","","","","103.74","","","","-6","","NA"
"-79.80","43.30","BURLINGTON PIERS (AUT)","6151061","2024-12-14 10:00","2024","12","14","10:00","","-2.7","","-11.0","","53","","","","10","","18","","","","103.68","","","","-8","","NA"
"-79.80","43.30","BURLINGTON PIERS (AUT)","6151061","2024-12-14 11:00","2024","12","14","11:00","","-1.4","","-8.6","","58","","","","10","","26","","","","103.64","","","","-8","","NA"
"-79.80","43.30","BURLINGTON PIERS (AUT)","6151061","2024-12-14 12:00","2024","12","14","12:00","","-1.1","","-9.1","","55","","","","8","","31","","","","103.50","","","","-8","","NA"
"-79.80","43.30","BURLINGTON PIERS (AUT)","6151061","2024-12-14 13:00","2024","12","14","13:00","","-0.8","","-10.0","","50","","","","8","","29","","","","103.44","","","","-7","","NA"
"-79.80","43.30","BURLINGTON PIERS (AUT)","6151061","2024-12-14 14:00","2024","12","14","14:00","","-0.1","","-9.3","","50","","","","8","","26","","","","103.41","","","","-6","","NA"
"-79.80","43.30","BURLINGTON PIERS (AUT)","6151061","2024-12-14 15:00","2024","12","14","15:00","","0.3","","-8.6","","51","","","","7","","25","","","","103.33","","","","","","NA"
"-79.80","43.30","BURLINGTON PIERS (AUT)","6151061","2024-12-14 16:00","2024","12","14","16:00","","1.0","","-7.4","","53","","","","7","","29","","","","103.32","","","","","","NA"
"-79.80","43.30","BURLINGTON PIERS (AUT)","6151061","2024-12-14 17:00","2024","12","14","17:00","","0.8","","-8.8","","49","","","","7","","31","","","","103.29","","","","","","NA"
"-79.80","43.30","BURLINGTON PIERS (AUT)","6151061","2024-12-14 18:00","2024","12","14","18:00","","0.7","","-8.6","","50","","","","8","","34","","","","103.26","","","","","","NA"
"-79.80","43.30","BURLINGTON PIERS (AUT)","6151061","2024-12-14 19:00","2024","12","14","19:00","","0.8","","-7.8","","53","","","","9","","37","","","","103.27","","","","","","NA"
"-79.80","43.30","BURLINGTON PIERS (AUT)","6151061","2024-12-14 20:00","2024","12","14","20:00","","0.6","","-7.1","","56","","","","9","","35","","","","103.24","","","","","","NA"
"-79.80","43.30","BURLINGTON PIERS (AUT)","6151061","2024-12-14 21:00","2024","12","14","21:00","","0.4","","-6.6","","59","","","","8","","37","","","","103.12","","","","","","NA"
"-79.80","43.30","BURLINGTON PIERS (AUT)","6151061","2024-12-14 22:00","2024","12","14","22:00","","0.1","","-6.8","","60","","","","9","","34","","","","103.05","","","","","","NA"
"-79.80","43.30","BURLINGTON PIERS (AUT)","6151061","2024-12-14 23:00","2024","12","14","23:00","","0.1","","-6.1","","63","","","","9","","34","","","","102.98","","","","","","NA"
"-79.80","43.30","BURLINGTON PIERS (AUT)","6151061","2024-12-15 00:00","2024","12","15","00:00","","-0.3","","-6.6","","62","","","","9","","30","","","","102.94","","","","-7","","NA"
"-79.80","43.30","BURLINGTON PIERS (AUT)","6151061","2024-12-15 01:00","2024","12","15","01:00","","-0.5","","-7.2","","61","","","","9","","27","","","","102.84","","","","-7","","NA"
"-79.80","43.30","BURLINGTON PIERS (AUT)","6151061","2024-12-15 02:00","2024","12","15","02:00","","-0.7","","-7.2","","62","","","","9","","23","","","","102.78","","","","-7","","NA"
"-79.80","43.30","BURLINGTON PIERS (AUT)","6151061","2024-12-15 03:00","2024","12","15","03:00","","-0.8","","-6.8","","64","","","","9","","21","","","","102.73","","","","-6","","NA"
"-79.80","43.30","BURLINGTON PIERS (AUT)","6151061","2024-12-15 04:00","2024","12","15","04:00","","-0.8","","-7.1","","62","","","","10","","16","","","","102.69","","","","-6","","NA"
"-79.80","43.30","BURLINGTON PIERS (AUT)","6151061","2024-12-15 05:00","2024","12","15","05:00","","-0.6","","-6.6","","64","","","","8","","16","","","","102.59","","","","-5","","NA"
"-79.80","43.30","BURLINGTON PIERS (AUT)","6151061","2024-12-15 06:00","2024","12","15","06:00","","-0.6","","-6.2","","66","","","","9","","14","","","","102.55","","","","-5","","NA"
"-79.80","43.30","BURLINGTON PIERS (AUT)","6151061","2024-12-15 07:00","2024","12","15","07:00","","-0.3","","-5.4","","68","","","","8","","16","","","","102.47","","","","-5","","NA"
"-79.80","43.30","BURLINGTON PIERS (AUT)","6151061","2024-12-15 08:00","2024","12","15","08:00","","0.0","","-3.9","","75","","","","10","","15","","","","102.46","","","","-4","","NA"
"-79.80","43.30","BURLINGTON PIERS (AUT)","6151061","2024-12-15 09:00","2024","12","15","09:00","","-0.1","","-4.8","","71","","","","10","","16","","","","102.42","","","","-5","","NA"
"-79.80","43.30","BURLINGTON PIERS (AUT)","6151061","2024-12-15 10:00","2024","12","15","10:00","","0.6","","-3.9","","72","","","","10","","16","","","","102.39","","","","","","NA"
"-79.80","43.30","BURLINGTON PIERS (AUT)","6151061","2024-12-15 11:00","2024","12","15","11:00","","1.3","","-3.4","","71","","","","10","","17","","","","102.33","","","","","","NA"
"-79.80","43.30","BURLINGTON PIERS (AUT)","6151061","2024-12-15 12:00","2024","12","15","12:00","","1.9","","-2.8","","71","","","","9","","21","","","","102.18","","","","","","NA"
"-79.80","43.30","BURLINGTON PIERS (AUT)","6151061","2024-12-15 13:00","2024","12","15","13:00","","2.4","","-2.8","","68","","","","9","","21","","","","102.08","","","","","","NA"
"-79.80","43.30","BURLINGTON PIERS (AUT)","6151061","2024-12-15 14:00","2024","12","15","14:00","","2.3","","-2.4","","71","","","","8","","20","","","","102.04","","","","","","NA"
"-79.80","43.30","BURLINGTON PIERS (AUT)","6151061","2024-12-15 15:00","2024","12","15","15:00","","1.9","","-0.9","","82","","","","8","","22","","","","102.01","","","","","","NA"
"-79.80","43.30","BURLINGTON PIERS (AUT)","6151061","2024-12-15 16:00","2024","12","15","16:00","","2.1","","-1.2","","79","","","","8","","20","","","","102.00","","","","","","NA"
"-79.80","43.30","BURLINGTON PIERS (AUT)","6151061","2024-12-15 17:00","2024","12","15","17:00","","2.5","","-0.3","","82","","","","7","","19","","","","101.96","","","","","","NA"
"-79.80","43.30","BURLINGTON PIERS (AUT)","6151061","2024-12-15 18:00","2024","12","15","18:00","","3.0","","0.1","","81","","","","8","","16","","","","101.91","","","","","","NA"
"-79.80","43.30","BURLINGTON PIERS (AUT)","6151061","2024-12-15 19:00","2024","12","15","19:00","","3.1","","0.9","","85","","","","10","","16","","","","101.87","","","","","","NA"
"-79.80","43.30","BURLINGTON PIERS (AUT)","6151061","2024-12-15 20:00","2024","12","15","20:00","","3.1","","1.3","","88","","","","9","","11","","","","101.82","","","","","","NA"
"-79.80","43.30","BURLINGTON PIERS (AUT)","6151061","2024-12-15 21:00","2024","12","15","21:00","","3.4","","1.6","","88","","","","9","","7","","","","101.78","","","","","","NA"
"-79.80","43.30","BURLINGTON PIERS (AUT)","6151061","2024-12-15 22:00","2024","12","15","22:00","","3.6","","1.8","","88","","","","10","","4","","","","101.75","","","","","","NA"
"-79.80","43.30","BURLINGTON PIERS (AUT)","6151061","2024-12-15 23:00","2024","12","15","23:00","","3.8","","2.0","","88","","","","","","0","","","","101.71","","","","","","NA"
"-79.80","43.30","BURLINGTON PIERS (AUT)","6151061","2024-12-16 00:00","2024","12","16","00:00","","4.2","","2.2","","87","","","","8","","5","","","","101.68","","","","","","NA"
"-79.80","43.30","BURLINGTON PIERS (AUT)","6151061","2024-12-16 01:00","2024","12","16","01:00","","4.6","","2.5","","87","","","","12","","7","","","","101.64","","","","","","NA"
"-79.80","43.30","BURLINGTON PIERS (AUT)","6151061","2024-12-16 02:00","2024","12","16","02:00","","4.4","","2.9","","90","","","","13","","8","","","","101.63","","","","","","NA"
"-79.80","43.30","BURLINGTON PIERS (AUT)","6151061","2024-12-16 03:00","2024","12","16","03:00","","4.8","","3.0","","88","","","","11","","8","","","","101.62","","","","","","NA"
"-79.80","43.30","BURLINGTON PIERS (AUT)","6151061","2024-12-16 04:00","2024","12","16","04:00","","4.7","","2.9","","88","","","","12","","7","","","","101.54","","","","","","NA"
"-79.80","43.30","BURLINGTON PIERS (AUT)","6151061","2024-12-16 05:00","2024","12","16","05:00","","4.9","","3.0","","88","","","","14","","11","","","","101.51","","","","","","NA"
"-79.80","43.30","BURLINGTON PIERS (AUT)","6151061","2024-12-16 06:00","2024","12","16","06:00","","5.0","","3.2","","88","","","","13","","7","","","","101.47","","","","","","NA"
"-79.80","43.30","BURLINGTON PIERS (AUT)","6151061","2024-12-16 07:00","2024","12","16","07:00","","5.1","","3.3","","88","","","","","","0","","","","101.43","","","","","","NA"
"-79.80","43.30","BURLINGTON PIERS (AUT)","6151061","2024-12-16 08:00","2024","12","16","08:00","","5.5","","3.0","","84","","","","14","","10","","","","101.37","","","","","","NA"
"-79.80","43.30","BURLINGTON PIERS (AUT)","6151061","2024-12-16 09:00","2024","12","16","09:00","","5.6","","3.2","","84","","","","15","","7","","","","101.33","","","","","","NA"
"-79.80","43.30","BURLINGTON PIERS (AUT)","6151061","2024-12-16 10:00","2024","12","16","10:00","","5.8","","3.4","","84","","","","17","","17","","","","101.30","","","","","","NA"
"-79.80","43.30","BURLINGTON PIERS (AUT)","6151061","2024-12-16 11:00","2024","12","16","11:00","","6.2","","3.3","","82","","","","15","","23","","","","101.22","","","","","","NA"
"-79.80","43.30","BURLINGTON PIERS (AUT)","6151061","2024-12-16 12:00","2024","12","16","12:00","","6.6","","3.7","","82","","","","14","","16","","","","101.09","","","","","","NA"
"-79.80","43.30","BURLINGTON PIERS (AUT)","6151061","2024-12-16 13:00","2024","12","16","13:00","","6.6","","4.1","","84","","","","9","","11","","","","100.90","","","","","","NA"
"-79.80","43.30","BURLINGTON PIERS (AUT)","6151061","2024-12-16 14:00","2024","12","16","14:00","","8.3","","4.1","","75","","","","15","","22","","","","100.71","","","","","","NA"
"-79.80","43.30","BURLINGTON PIERS (AUT)","6151061","2024-12-16 15:00","2024","12","16","15:00","","7.7","","4.1","","78","","","","14","","18","","","","100.56","","","","","","NA"
"-79.80","43.30","BURLINGTON PIERS (AUT)","6151061","2024-12-16 16:00","2024","12","16","16:00","","7.6","","4.0","","78","","","","14","","16","","","","100.48","","","","","","NA"
"-79.80","43.30","BURLINGTON PIERS (AUT)","6151061","2024-12-16 17:00","2024","12","16","17:00","","7.2","","4.6","","84","","","","11","","9","","","","100.34","","","","","","NA"
"-79.80","43.30","BURLINGTON PIERS (AUT)","6151061","2024-12-16 18:00","2024","12","16","18:00","","7.1","","5.2","","88","","","","11","","7","","","","100.21","","","","","","NA"
"-79.80","43.30","BURLINGTON PIERS (AUT)","6151061","2024-12-16 19:00","2024","12","16","19:00","","7.8","","6.0","","88","","","","14","","9","","","","100.11","","","","","","NA"
"-79.80","43.30","BURLINGTON PIERS (AUT)","6151061","2024-12-16 20:00","2024","12","16","20:00","","9.1","","6.8","","86","","","","19","","12","","","","99.99","","","","","","NA"
"-79.80","43.30","BURLINGTON PIERS (AUT)","6151061","2024-12-16 21:00","2024","12","16","21:00","","9.5","","7.8","","89","","","","21","","16","","","","99.86","","","","","","NA"
"-79.80","43.30","BURLINGTON PIERS (AUT)","6151061","2024-12-16 22:00","2024","12","16","22:00","","10.0","","8.4","","90","","","","22","","17","","","","99.80","","","","","","NA"
"-79.80","43.30","BURLINGTON PIERS (AUT)","6151061","2024-12-16 23:00","2024","12","16","23:00","","10.5","","9.1","","91","","","","23","","10","","","","99.79","","","","","","NA"
"-79.80","43.30","BURLINGTON PIERS (AUT)","6151061","2024-12-17 00:00","2024","12","17","00:00","","10.7","","8.7","","87","","","","24","","12","","","","99.83","","","","","","NA"
"-79.80","43.30","BURLINGTON PIERS (AUT)","6151061","2024-12-17 01:00","2024","12","17","01:00","","10.2","","8.1","","87","","","","23","","19","","","","99.91","","","","","","NA"
"-79.80","43.30","BURLINGTON PIERS (AUT)","6151061","2024-12-17 02:00","2024","12","17","02:00","","9.7","","4.8","","71","","","","26","","18","","","","100.02","","","","","","NA"
"-79.80","43.30","BURLINGTON PIERS (AUT)","6151061","2024-12-17 03:00","2024","12","17","03:00","","8.8","","3.4","","69","","","","25","","28","","","","100.23","","","","","","NA"
"-79.80","43.30","BURLINGTON PIERS (AUT)","6151061","2024-12-17 04:00","2024","12","17","04:00","","7.9","","3.2","","72","","","","25","","21","","","","100.31","","","","","","NA"
"-79.80","43.30","BURLINGTON PIERS (AUT)","6151061","2024-12-17 05:00","2024","12","17","05:00","","7.2","","2.9","","74","","","","24","","13","","","","100.34","","","","","","NA"
"-79.80","43.30","BURLINGTON PIERS (AUT)","6151061","2024-12-17 06:00","2024","12","17","06:00","","7.2","","2.1","","70","","","","25","","23","","","","100.42","","","","","","NA"
"-79.80","43.30","BURLINGTON PIERS (AUT)","6151061","2024-12-17 07:00","2024","12","17","07:00","","6.3","","1.4","","71","","","","23","","19","","","","100.52","","","","","","NA"
"-79.80","43.30","BURLINGTON PIERS (AUT)","6151061","2024-12-17 08:00","2024","12","17","08:00","","6.2","","1.3","","71","","","","22","","18","","","","100.57","","","","","","NA"
"-79.80","43.30","BURLINGTON PIERS (AUT)","6151061","2024-12-17 09:00","2024","12","17","09:00","","6.1","","1.5","","72","","","","22","","18","","","","100.66","","","","","","NA"
"-79.80","43.30","BURLINGTON PIERS (AUT)","6151061","2024-12-17 10:00","2024","12","17","10:00","","6.1","","1.8","","74","","","","21","","14","","","","100.82","","","","","","NA"
"-79.80","43.30","BURLINGTON PIERS (AUT)","6151061","2024-12-17 11:00","2024","12","17","11:00","","6.3","","1.7","","72","","","","22","","16","","","","100.87","","","","","","NA"
"-79.80","43.30","BURLINGTON PIERS (AUT)","6151061","2024-12-17 12:00","2024","12","17","12:00","","6.3","","1.8","","73","","","","22","","13","","","","100.89","","","","","","NA"
"-79.80","43.30","BURLINGTON PIERS (AUT)","6151061","2024-12-17 13:00","2024","12","17","13:00","","6.4","","1.6","","71","","","","25","","11","","","","100.93","","","","","","NA"
"-79.80","43.30","BURLINGTON PIERS (AUT)","6151061","2024-12-17 14:00","2024","12","17","14:00","","6.1","","-0.3","","64","","","","25","","16","","","","100.98","","","","","","NA"
"-79.80","43.30","BURLINGTON PIERS (AUT)","6151061","2024-12-17 15:00","2024","12","17","15:00","","5.9","","-0.3","","64","","","","26","","10","","","","101.06","","","","","","NA"
"-79.80","43.30","BURLINGTON PIERS (AUT)","6151061","2024-12-17 16:00","2024","12","17","16:00","","5.8","","-1.1","","61","","","","26","","15","","","","101.21","","","","","","NA"
"-79.80","43.30","BURLINGTON PIERS (AUT)","6151061","2024-12-17 17:00","2024","12","17","17:00","","5.2","","-1.1","","64","","","","26","","10","","","","101.28","","","","","","NA"
"-79.80","43.30","BURLINGTON PIERS (AUT)","6151061","2024-12-17 18:00","2024","12","17","18:00","","5.0","","-1.1","","64","","","","25","","14","","","","101.35","","","","","","NA"
"-79.80","43.30","BURLINGTON PIERS (AUT)","6151061","2024-12-17 19:00","2024","12","17","19:00","","4.8","","-0.7","","67","","","","25","","12","","","","101.44","","","","","","NA"
"-79.80","43.30","BURLINGTON PIERS (AUT)","6151061","2024-12-17 20:00","2024","12","17","20:00","","4.5","","-1.3","","66","","","","25","","10","","","","101.42","","","","","","NA"
"-79.80","43.30","BURLINGTON PIERS (AUT)","6151061","2024-12-17 21:00","2024","12","17","21:00","","4.4","","-2.1","","63","","","","26","","8","","","","101.44","","","","","","NA"
"-79.80","43.30","BURLINGTON PIERS (AUT)","6151061","2024-12-17 22:00","2024","12","17","22:00","","4.3","","-1.0","","68","","","","23","","6","","","","101.45","","","","","","NA"
"-79.80","43.30","BURLINGTON PIERS (AUT)","6151061","2024-12-17 23:00","2024","12","17","23:00","","4.3","","-0.4","","71","","","","24","","4","","","","101.49","","","","","","NA"
"-79.80","43.30","BURLINGTON PIERS (AUT)","6151061","2024-12-18 00:00","2024","12","18","00:00","","4.0","","-0.9","","70","","","","25","","3","","","","101.47","","","","","","NA"
"-79.80","43.30","BURLINGTON PIERS (AUT)","6151061","2024-12-18 01:00","2024","12","18","01:00","","4.0","","-0.5","","72","","","","22","","5","","","","101.43","","","","","","NA"
"-79.80","43.30","BURLINGTON PIERS (AUT)","6151061","2024-12-18 02:00","2024","12","18","02:00","","4.1","","-0.2","","74","","","","23","","4","","","","101.42","","","","","","NA"
"-79.80","43.30","BURLINGTON PIERS (AUT)","6151061","2024-12-18 03:00","2024","12","18","03:00","","3.7","","-0.3","","75","","","","26","","3","","","","101.43","","","","","","NA"
"-79.80","43.30","BURLINGTON PIERS (AUT)","6151061","2024-12-18 04:00","2024","12","18","04:00","","3.8","","-0.1","","76","","","","25","","4","","","","101.38","","","","","","NA"
"-79.80","43.30","BURLINGTON PIERS (AUT)","6151061","2024-12-18 05:00","2024","12","18","05:00","","3.4","","-0.3","","76","","","","27","","4","","","","101.30","","","","","","NA"
"-79.80","43.30","BURLINGTON PIERS (AUT)","6151061","2024-12-18 06:00","2024","12","18","06:00","","3.6","","-0.2","","76","","","","23","","5","","","","101.28","","","","","","NA"
"-79.80","43.30","BURLINGTON PIERS (AUT)","6151061","2024-12-18 07:00","2024","12","18","07:00","","3.6","","-0.3","","76","","","","26","","5","","","","101.25","","","","","","NA"
"-79.80","43.30","BURLINGTON PIERS (AUT)","6151061","2024-12-18 08:00","2024","12","18","08:00","","3.5","","0.0","","78","","","","25","","4","","","","101.23","","","","","","NA"
"-79.80","43.30","BURLINGTON PIERS (AUT)","6151061","2024-12-18 09:00","2024","12","18","09:00","","3.8","","-0.4","","74","","","","26","","5","","","","101.23","","","","","","NA"
"-79.80","43.30","BURLINGTON PIERS (AUT)","6151061","2024-12-18 10:00","2024","12","18","10:00","","3.7","","0.0","","77","","","","24","","3","","","","101.15","","","","","","NA"
"-79.80","43.30","BURLINGTON PIERS (AUT)","6151061","2024-12-18 11:00","2024","12","18","11:00","","3.6","","-0.2","","76","","","","22","","5","","","","101.06","","","","","","NA"
"-79.80","43.30","BURLINGTON PIERS (AUT)","6151061","2024-12-18 12:00","2024","12","18","12:00","","3.7","","-0.3","","75","","","","24","","7","","","","100.98","","","","","","NA"
"-79.80","43.30","BURLINGTON PIERS (AUT)","6151061","2024-12-18 13:00","2024","12","18","13:00","","3.7","","0.1","","77","","","","22","","6","","","","100.88","","","","","","NA"
"-79.80","43.30","BURLINGTON PIERS (AUT)","6151061","2024-12-18 14:00","2024","12","18","14:00","","3.8","","0.0","","76","","","","23","","7","","","","100.81","","","","","","NA"
"-79.80","43.30","BURLINGTON PIERS (AUT)","6151061","2024-12-18 15:00","2024","12","18","15:00","","2.7","","0.3","","84","","","","29","","12","","","","100.82","","","","","","NA"
"-79.80","43.30","BURLINGTON PIERS (AUT)","6151061","2024-12-18 16:00","2024","12","18","16:00","","2.7","","0.6","","86","","","","26","","6","","","","100.83","","","","","","NA"
"-79.80","43.30","BURLINGTON PIERS (AUT)","6151061","2024-12-18 17:00","2024","12","18","17:00","","2.8","","0.2","","82","","","","26","","8","","","","100.88","","","","","","NA"
"-79.80","43.30","BURLINGTON PIERS (AUT)","6151061","2024-12-18 18:00","2024","12","18","18:00","","2.8","","-0.1","","81","","","","25","","12","","","","100.93","","","","","","NA"
"-79.80","43.30","BURLINGTON PIERS (AUT)","6151061","2024-12-18 19:00","2024","12","18","19:00","","2.7","","0.0","","82","","","","25","","9","","","","100.95","","","","","","NA"
"-79.80","43.30","BURLINGTON PIERS (AUT)","6151061","2024-12-18 20:00","2024","12","18","20:00","","2.8","","0.0","","82","","","","25","","12","","","","100.98","","","","","","NA"
"-79.80","43.30","BURLINGTON PIERS (AUT)","6151061","2024-12-18 21:00","2024","12","18","21:00","","2.9","","-0.6","","78","","","","26","","10","","","","101.03","","","","","","NA"
"-79.80","43.30","BURLINGTON PIERS (AUT)","6151061","2024-12-18 22:00","2024","12","18","22:00","","2.7","","-1.7","","73","","","","27","","11","","","","101.11","","","","","","NA"
"-79.80","43.30","BURLINGTON PIERS (AUT)","6151061","2024-12-18 23:00","2024","12","18","23:00","","2.4","","-1.9","","73","","","","27","","9","","","","101.14","","","","","","NA"
"-79.80","43.30","BURLINGTON PIERS (AUT)","6151061","2024-12-19 00:00","2024","12","19","00:00","","2.1","","-3.1","","68","","","","29","","13","","","","101.20","","","","","","NA"
"-79.80","43.30","BURLINGTON PIERS (AUT)","6151061","2024-12-19 01:00","2024","12","19","01:00","","2.2","","-3.6","","66","","","","27","","10","","","","101.26","","","","","","NA"
"-79.80","43.30","BURLINGTON PIERS (AUT)","6151061","2024-12-19 02:00","2024","12","19","02:00","","1.7","","-3.6","","68","","","","30","","16","","","","101.37","","","","","","NA"
"-79.80","43.30","BURLINGTON PIERS (AUT)","6151061","2024-12-19 03:00","2024","12","19","03:00","","1.0","","-5.6","","61","","","","31","","15","","","","101.47","","","","","","NA"
"-79.80","43.30","BURLINGTON PIERS (AUT)","6151061","2024-12-19 04:00","2024","12","19","04:00","","0.6","","-6.3","","60","","","","30","","19","","","","101.53","","","","","","NA"
"-79.80","43.30","BURLINGTON PIERS (AUT)","6151061","2024-12-19 05:00","2024","12","19","05:00","","0.2","","-6.2","","62","","","","29","","19","","","","101.60","","","","","","NA"
"-79.80","43.30","BURLINGTON PIERS (AUT)","6151061","2024-12-19 06:00","2024","12","19","06:00","","0.1","","-7.6","","56","","","","29","","15","","","","101.67","","","","","","NA"
"-79.80","43.30","BURLINGTON PIERS (AUT)","6151061","2024-12-19 07:00","2024","12","19","07:00","","-0.4","","-9.3","","51","","","","30","","20","","","","101.71","","","","-6","","NA"
"-79.80","43.30","BURLINGTON PIERS (AUT)","6151061","2024-12-19 08:00","2024","12","19","08:00","","-0.5","","-9.0","","53","","","","27","","9","","","","101.77","","","","-4","","NA"
"-79.80","43.30","BURLINGTON PIERS (AUT)","6151061","2024-12-19 09:00","2024","12","19","09:00","","-0.6","","-9.0","","53","","","","26","","10","","","","101.80","","","","-4","","NA"
"-79.80","43.30","BURLINGTON PIERS (AUT)","6151061","2024-12-19 10:00","2024","12","19","10:00","","-0.6","","-8.4","","56","","","","28","","10","","","","101.83","","","","-4","","NA"
"-79.80","43.30","BURLINGTON PIERS (AUT)","6151061","2024-12-19 11:00","2024","12","19","11:00","","-0.5","","-8.5","","55","","","","31","","17","","","","101.88","","","","-5","","NA"
"-79.80","43.30","BURLINGTON PIERS (AUT)","6151061","2024-12-19 12:00","2024","12","19","12:00","","-0.2","","-9.2","","51","","","","31","","14","","","","101.80","","","","-4","","NA"
"-79.80","43.30","BURLINGTON PIERS (AUT)","6151061","2024-12-19 13:00","2024","12","19","13:00","","0.0","","-9.5","","49","","","","30","","8","","","","101.73","","","","-3","","NA"
"-79.80","43.30","BURLINGTON PIERS (AUT)","6151061","2024-12-19 14:00","2024","12","19","14:00","","0.0","","-9.9","","47","","","","21","","7","","","","101.69","","","","-2","","NA"
"-79.80","43.30","BURLINGTON PIERS (AUT)","6151061","2024-12-19 15:00","2024","12","19","15:00","","0.0","","-9.5","","49","","","","20","","6","","","","101.73","","","","-2","","NA"
"-79.80","43.30","BURLINGTON PIERS (AUT)","6151061","2024-12-19 16:00","2024","12","19","16:00","","0.0","","-9.6","","48","","","","26","","5","","","","101.72","","","","-2","","NA"
"-79.80","43.30","BURLINGTON PIERS (AUT)","6151061","2024-12-19 17:00","2024","12","19","17:00","","-0.1","","-9.1","","51","","","","28","","7","","","","101.70","","","","-3","","NA"
"-79.80","43.30","BURLINGTON PIERS (AUT)","6151061","2024-12-19 18:00","2024","12","19","18:00","","-0.1","","-8.9","","52","","","","31","","6","","","","101.66","","","","-2","","NA"
"-79.80","43.30","BURLINGTON PIERS (AUT)","6151061","2024-12-19 19:00","2024","12","19","19:00","","0.1","","-7.0","","59","","","","5","","15","","","","101.62","","","","","","NA"
"-79.80","43.30","BURLINGTON PIERS (AUT)","6151061","2024-12-19 20:00","2024","12","19","20:00","","0.3","","-6.8","","59","","","","9","","19","","","","101.58","","","","","","NA"
"-79.80","43.30","BURLINGTON PIERS (AUT)","6151061","2024-12-19 21:00","2024","12","19","21:00","","-0.1","","-7.6","","57","","","","12","","19","","","","101.57","","","","-5","","NA"
"-79.80","43.30","BURLINGTON PIERS (AUT)","6151061","2024-12-19 22:00","2024","12","19","22:00","","-0.2","","-7.2","","59","","","","13","","20","","","","101.53","","","","-5","","NA"
"-79.80","43.30","BURLINGTON PIERS (AUT)","6151061","2024-12-19 23:00","2024","12","19","23:00","","-0.9","","-5.6","","70","","","","13","","13","","","","101.50","","","","-5","","NA"
"-79.80","43.30","BURLINGTON PIERS (AUT)","6151061","2024-12-20 00:00","2024","12","20","00:00","","-1.1","","-4.3","","78","","","","9","","10","","","","101.43","","","","-5","","NA"
"-79.80","43.30","BURLINGTON PIERS (AUT)","6151061","2024-12-20 01:00","2024","12","20","01:00","","-1.0","","-3.1","","86","","","","9","","17","","","","101.34","","","","-6","","NA"
"-79.80","43.30","BURLINGTON PIERS (AUT)","6151061","2024-12-20 02:00","2024","12","20","02:00","","-0.6","","-2.6","","86","","","","9","","18","","","","101.26","","","","-6","","NA"
"-79.80","43.30","BURLINGTON PIERS (AUT)","6151061","2024-12-20 03:00","2024","12","20","03:00","","-0.5","","-2.7","","85","","","","8","","20","","","","101.20","","","","-6","","NA"
"-79.80","43.30","BURLINGTON PIERS (AUT)","6151061","2024-12-20 04:00","2024","12","20","04:00","","-0.6","","-2.5","","87","","","","8","","23","","","","101.11","","","","-6","","NA"
"-79.80","43.30","BURLINGTON PIERS (AUT)","6151061","2024-12-20 05:00","2024","12","20","05:00","","-0.6","","-2.5","","87","","","","8","","24","","","","101.06","","","","-7","","NA"
"-79.80","43.30","BURLINGTON PIERS (AUT)","6151061","2024-12-20 06:00","2024","12","20","06:00","","-0.2","","-2.4","","85","","","","8","","28","","","","100.99","","","","-7","","NA"
"-79.80","43.30","BURLINGTON PIERS (AUT)","6151061","2024-12-20 07:00","2024","12","20","07:00","","-0.1","","-2.2","","85","","","","8","","24","","","","100.97","","","","-6","","NA"
"-79.80","43.30","BURLINGTON PIERS (AUT)","6151061","2024-12-20 08:00","2024","12","20","08:00","","-0.1","","-1.3","","92","","","","5","","30","","","","100.93","","","","-7","","NA"
"-79.80","43.30","BURLINGTON PIERS (AUT)","6151061","2024-12-20 09:00","2024","12","20","09:00","","-0.1","","-1.5","","90","","","","3","","43","","","","100.92","","","","-8","","NA"
"-79.80","43.30","BURLINGTON PIERS (AUT)","6151061","2024-12-20 10:00","2024","12","20","10:00","","-1.4","","-2.8","","91","","","","1","","37","","","","100.94","","","","-9","","NA"
"-79.80","43.30","BURLINGTON PIERS (AUT)","6151061","2024-12-20 11:00","2024","12","20","11:00","","-2.3","","-3.7","","90","","","","36","","27","","","","100.90","","","","-9","","NA"
"-79.80","43.30","BURLINGTON PIERS (AUT)","6151061","2024-12-20 12:00","2024","12","20","12:00","","-2.4","","-4.4","","86","","","","36","","28","","","","100.84","","","","-9","","NA"
"-79.80","43.30","BURLINGTON PIERS (AUT)","6151061","2024-12-20 13:00","2024","12","20","13:00","","-2.1","","-4.7","","83","","","","36","","27","","","","100.80","","","","-9","","NA"
"-79.80","43.30","BURLINGTON PIERS (AUT)","6151061","2024-12-20 14:00","2024","12","20","14:00","","-2.3","","-5.0","","82","","","","35","","25","","","","100.81","","","","-9","","NA"
"-79.80","43.30","BURLINGTON PIERS (AUT)","6151061","2024-12-20 15:00","2024","12","20","15:00","","-2.5","","-5.7","","78","","","","34","","25","","","","100.83","","","","-9","","NA"
"-79.80","43.30","BURLINGTON PIERS (AUT)","6151061","2024-12-20 16:00","2024","12","20","16:00","","-2.0","","-5.4","","78","","","","35","","25","","","","100.91","","","","-8","","NA"
"-79.80","43.30","BURLINGTON PIERS (AUT)","6151061","2024-12-20 17:00","2024","12","20","17:00","","-2.5","","-5.9","","78","","","","35","","28","","","","100.97","","","","-10","","NA"
"-79.80","43.30","BURLINGTON PIERS (AUT)","6151061","2024-12-20 18:00","2024","12","20","18:00","","-2.8","","-5.8","","80","","","","35","","22","","","","101.04","","","","-9","","NA"
"-79.80","43.30","BURLINGTON PIERS (AUT)","6151061","2024-12-20 19:00","2024","12","20","19:00","","-3.2","","-5.5","","84","","","","34","","22","","","","101.13","","","","-10","","NA"
"-79.80","43.30","BURLINGTON PIERS (AUT)","6151061","2024-12-20 20:00","2024","12","20","20:00","","-3.4","","-6.1","","81","","","","34","","26","","","","101.17","","","","-10","","NA"
"-79.80","43.30","BURLINGTON PIERS (AUT)","6151061","2024-12-20 21:00","2024","12","20","21:00","","-3.6","","-6.6","","80","","","","34","","23","","","","101.17","","","","-10","","NA"
"-79.80","43.30","BURLINGTON PIERS (AUT)","6151061","2024-12-20 22:00","2024","12","20","22:00","","-3.9","","-8.0","","73","","","","33","","21","","","","101.21","","","","-10","","NA"
"-79.80","43.30","BURLINGTON PIERS (AUT)","6151061","2024-12-20 23:00","2024","12","20","23:00","","-4.0","","-8.3","","72","","","","33","","15","","","","101.26","","","","-9","","NA"
"-79.80","43.30","BURLINGTON PIERS (AUT)","6151061","2024-12-21 00:00","2024","12","21","00:00","","-4.3","","-8.3","","73","","","","32","","15","","","","101.24","","","","-10","","NA"
"-79.80","43.30","BURLINGTON PIERS (AUT)","6151061","2024-12-21 01:00","2024","12","21","01:00","","-4.8","","-8.2","","77","","","","32","","15","","","","101.26","","","","-10","","NA"
"-79.80","43.30","BURLINGTON PIERS (AUT)","6151061","2024-12-21 02:00","2024","12","21","02:00","","-5.0","","-9.4","","71","","","","33","","17","","","","101.28","","","","-11","","NA"
"-79.80","43.30","BURLINGTON PIERS (AUT)","6151061","2024-12-21 03:00","2024","12","21","03:00","","-5.5","","-9.8","","72","","","","33","","22","","","","101.35","","","","-13","","NA"
"-79.80","43.30","BURLINGTON PIERS (AUT)","6151061","2024-12-21 04:00","2024","12","21","04:00","","-6.4","","-10.0","","75","","","","33","","20","","","","101.39","","","","-13","","NA"
"-79.80","43.30","BURLINGTON PIERS (AUT)","6151061","2024-12-21 05:00","2024","12","21","05:00","","-7.2","","-11.1","","73","","","","32","","16","","","","101.44","","","","-14","","NA"
"-79.80","43.30","BURLINGTON PIERS (AUT)","6151061","2024-12-21 06:00","2024","12","21","06:00","","-7.7","","-11.3","","75","","","","31","","10","","","","101.52","","","","-13","","NA"
"-79.80","43.30","BURLINGTON PIERS (AUT)","6151061","2024-12-21 07:00","2024","12","21","07:00","","-7.5","","-11.4","","74","","","","35","","10","","","","101.61","","","","-12","","NA"
"-79.80","43.30","BURLINGTON PIERS (AUT)","6151061","2024-12-21 08:00","2024","12","21","08:00","","-8.7","","-12.3","","75","","","","33","","11","","","","101.70","","","","-14","","NA"
"-79.80","43.30","BURLINGTON PIERS (AUT)","6151061","2024-12-21 09:00","2024","12","21","09:00","","-9.4","","-13.2","","74","","","","35","","18","","","","101.78","","","","-17","","NA"
"-79.80","43.30","BURLINGTON PIERS (AUT)","6151061","2024-12-21 10:00","2024","12","21","10:00","","-8.9","","-13.2","","71","","","","33","","11","","","","101.87","","","","-14","","NA"
"-79.80","43.30","BURLINGTON PIERS (AUT)","6151061","2024-12-21 11:00","2024","12","21","11:00","","-7.5","","-12.1","","69","","","","8","","4","","","","101.83","","","","-10","","NA"
"-79.80","43.30","BURLINGTON PIERS (AUT)","6151061","2024-12-21 12:00","2024","12","21","12:00","","-7.3","","-12.0","","69","","","","8","","8","","","","101.76","","","","-11","","NA"
"-79.80","43.30","BURLINGTON PIERS (AUT)","6151061","2024-12-21 13:00","2024","12","21","13:00","","-6.5","","-14.4","","53","","","","31","","13","","","","101.73","","","","-12","","NA"
"-79.80","43.30","BURLINGTON PIERS (AUT)","6151061","2024-12-21 14:00","2024","12","21","14:00","","-5.9","","-14.7","","50","","","","32","","21","","","","101.70","","","","-13","","NA"
"-79.80","43.30","BURLINGTON PIERS (AUT)","6151061","2024-12-21 15:00","2024","12","21","15:00","","-6.0","","-15.3","","48","","","","31","","18","","","","101.77","","","","-12","","NA"
"-79.80","43.30","BURLINGTON PIERS (AUT)","6151061","2024-12-21 16:00","2024","12","21","16:00","","-6.8","","-16.3","","47","","","","29","","20","","","","101.84","","","","-14","","NA"
"-79.80","43.30","BURLINGTON PIERS (AUT)","6151061","2024-12-21 17:00","2024","12","21","17:00","","-7.5","","-15.5","","53","","","","30","","19","","","","101.90","","","","-15","","NA"
"-79.80","43.30","BURLINGTON PIERS (AUT)","6151061","2024-12-21 18:00","2024","12","21","18:00","","-8.8","","-15.7","","58","","","","32","","23","","","","101.94","","","","-17","","NA"
"-79.80","43.30","BURLINGTON PIERS (AUT)","6151061","2024-12-21 19:00","2024","12","21","19:00","","-9.5","","-15.5","","62","","","","32","","18","","","","102.01","","","","-17","","NA"
"-79.80","43.30","BURLINGTON PIERS (AUT)","6151061","2024-12-21 20:00","2024","12","21","20:00","","-10.2","","-16.2","","61","","","","29","","12","","","","102.07","","","","-16","","NA"
"-79.80","43.30","BURLINGTON PIERS (AUT)","6151061","2024-12-21 21:00","2024","12","21","21:00","","-10.1","","-15.3","","65","","","","28","","9","","","","102.08","","","","-15","","NA"
"-79.80","43.30","BURLINGTON PIERS (AUT)","6151061","2024-12-21 22:00","2024","12","21","22:00","","-10.4","","-15.3","","67","","","","28","","10","","","","102.12","","","","-16","","NA"
"-79.80","43.30","BURLINGTON PIERS (AUT)","6151061","2024-12-21 23:00","2024","12","21","23:00","","-11.1","","-15.4","","70","","","","29","","14","","","","102.17","","","","-18","","NA"
"-79.80","43.30","BURLINGTON PIERS (AUT)","6151061","2024-12-22 00:00","2024","12","22","00:00","","-11.8","","-16.4","","69","","","","35","","27","","","","102.20","","","","-21","","NA"
"-79.80","43.30","BURLINGTON PIERS (AUT)","6151061","2024-12-22 01:00","2024","12","22","01:00","","-13.1","","-17.2","","71","","","","34","","33","","","","102.23","","","","-24","","NA"
"-79.80","43.30","BURLINGTON PIERS (AUT)","6151061","2024-12-22 02:00","2024","12","22","02:00","","-13.7","","-18.1","","69","","","","34","","27","","","","102.32","","","","-24","","NA"
"-79.80","43.30","BURLINGTON PIERS (AUT)","6151061","2024-12-22 03:00","2024","12","22","03:00","","-14.4","","-18.2","","73","","","","35","","26","","","","102.41","","","","-25","","NA"
"-79.80","43.30","BURLINGTON PIERS (AUT)","6151061","2024-12-22 04:00","2024","12","22","04:00","","-15.4","","-20.0","","68","","","","33","","19","","","","102.44","","","","-24","","NA"
"-79.80","43.30","BURLINGTON PIERS (AUT)","6151061","2024-12-22 05:00","2024","12","22","05:00","","-15.2","","-19.0","","73","","","","32","","18","","","","102.48","","","","-24","","NA"
"-79.80","43.30","BURLINGTON PIERS (AUT)","6151061","2024-12-22 06:00","2024","12","22","06:00","","-15.5","","-19.4","","72","","","","33","","20","","","","102.55","","","","-25","","NA"
"-79.80","43.30","BURLINGTON PIERS (AUT)","6151061","2024-12-22 07:00","2024","12","22","07:00","","-15.3","","-18.7","","75","","","","35","","18","","","","102.59","","","","-24","","NA"
"-79.80","43.30","BURLINGTON PIERS (AUT)","6151061","2024-12-22 08:00","2024","12","22","08:00","","-15.3","","-18.2","","79","","","","33","","17","","","","102.62","","","","-24","","NA"
"-79.80","43.30","BURLINGTON PIERS (AUT)","6151061","2024-12-22 09:00","2024","12","22","09:00","","-14.9","","-17.9","","78","","","","33","","18","","","","102.65","","","","-24","","NA"
"-79.80","43.30","BURLINGTON PIERS (AUT)","6151061","2024-12-22 10:00","2024","12","22","10:00","","-13.8","","-17.0","","77","","","","33","","20","","","","102.71","","","","-23","","NA"
"-79.80","43.30","BURLINGTON PIERS (AUT)","6151061","2024-12-22 11:00","2024","12","22","11:00","","-12.7","","-16.2","","75","","","","32","","16","","","","102.72","","","","-20","","NA"
"-79.80","43.30","BURLINGTON PIERS (AUT)","6151061","2024-12-22 12:00","2024","12","22","12:00","","-11.7","","-15.6","","73","","","","33","","8","","","","102.65","","","","-16","","NA"
"-79.80","43.30","BURLINGTON PIERS (AUT)","6151061","2024-12-22 13:00","2024","12","22","13:00","","-10.1","","-14.7","","69","","","","33","","6","","","","102.56","","","","-14","","NA"
"-79.80","43.30","BURLINGTON PIERS (AUT)","6151061","2024-12-22 14:00","2024","12","22","14:00","","-9.1","","-13.3","","72","","","","33","","6","","","","102.52","","","","-12","","NA"
"-79.80","43.30","BURLINGTON PIERS (AUT)","6151061","2024-12-22 15:00","2024","12","22","15:00","","-8.7","","-13.3","","69","","","","31","","6","","","","102.49","","","","-12","","NA"
"-79.80","43.30","BURLINGTON PIERS (AUT)","6151061","2024-12-22 16:00","2024","12","22","16:00","","-9.0","","-12.4","","76","","","","16","","16","","","","102.51","","","","-16","","NA"
"-79.80","43.30","BURLINGTON PIERS (AUT)","6151061","2024-12-22 17:00","2024","12","22","17:00","","-8.9","","-13.5","","70","","","","17","","10","","","","102.52","","","","-14","","NA"
"-79.80","43.30","BURLINGTON PIERS (AUT)","6151061","2024-12-22 18:00","2024","12","22","18:00","","-9.2","","-13.9","","69","","","","18","","13","","","","102.55","","","","-15","","NA"
"-79.80","43.30","BURLINGTON PIERS (AUT)","6151061","2024-12-22 19:00","2024","12","22","19:00","","-9.2","","-13.8","","69","","","","17","","11","","","","102.56","","","","-15","","NA"
"-79.80","43.30","BURLINGTON PIERS (AUT)","6151061","2024-12-22 20:00","2024","12","22","20:00","","-9.6","","-14.5","","67","","","","17","","13","","","","102.53","","","","-16","","NA"
"-79.80","43.30","BURLINGTON PIERS (AUT)","6151061","2024-12-22 21:00","2024","12","22","21:00","","-9.2","","-14.6","","65","","","","16","","12","","","","102.49","","","","-15","","NA"
"-79.80","43.30","BURLINGTON PIERS (AUT)","6151061","2024-12-22 22:00","2024","12","22","22:00","","-8.5","","-13.4","","68","","","","14","","5","","","","102.46","","","","-11","","NA"
"-79.80","43.30","BURLINGTON PIERS (AUT)","6151061","2024-12-22 23:00","2024","12","22","23:00","","-8.3","","-13.5","","66","","","","18","","6","","","","102.46","","","","-12","","NA"
"-79.80","43.30","BURLINGTON PIERS (AUT)","6151061","2024-12-23 00:00","2024","12","23","00:00","","-6.9","","-10.5","","75","","","","12","","9","","","","102.37","","","","-11","","NA"
"-79.80","43.30","BURLINGTON PIERS (AUT)","6151061","2024-12-23 01:00","2024","12","23","01:00","","-6.8","","-10.2","","77","","","","18","","7","","","","102.34","","","","-10","","NA"
"-79.80","43.30","BURLINGTON PIERS (AUT)","6151061","2024-12-23 02:00","2024","12","23","02:00","","-5.8","","-8.8","","79","","","","12","","16","","","","102.20","","","","-12","","NA"
"-79.80","43.30","BURLINGTON PIERS (AUT)","6151061","2024-12-23 03:00","2024","12","23","03:00","","-5.8","","-9.1","","77","","","","17","","7","","","","102.24","","","","-9","","NA"
"-79.80","43.30","BURLINGTON PIERS (AUT)","6151061","2024-12-23 04:00","2024","12","23","04:00","","-5.8","","-9.6","","74","","","","","","0","","","","102.20","","","","","","NA"
"-79.80","43.30","BURLINGTON PIERS (AUT)","6151061","2024-12-23 05:00","2024","12","23","05:00","","-4.9","","-7.9","","80","","","","7","","4","","","","102.11","","","","-7","","NA"
"-79.80","43.30","BURLINGTON PIERS (AUT)","6151061","2024-12-23 06:00","2024","12","23","06:00","","-4.7","","-7.8","","79","","","","18","","7","","","","102.11","","","","-8","","NA"
"-79.80","43.30","BURLINGTON PIERS (AUT)","6151061","2024-12-23 07:00","2024","12","23","07:00","","-4.3","","-7.8","","77","","","","23","","3","","","","102.07","","","","-6","","NA"
"-79.80","43.30","BURLINGTON PIERS (AUT)","6151061","2024-12-23 08:00","2024","12","23","08:00","","-4.4","","-7.4","","80","","","","28","","4","","","","102.03","","","","-6","","NA"
"-79.80","43.30","BURLINGTON PIERS (AUT)","6151061","2024-12-23 09:00","2024","12","23","09:00","","-3.2","","-7.2","","74","","","","19","","5","","","","102.01","","","","-5","","NA"
"-79.80","43.30","BURLINGTON PIERS (AUT)","6151061","2024-12-23 10:00","2024","12","23","10:00","","-2.2","","-6.2","","74","","","","","","0","","","","101.95","","","","","","NA"
"-79.80","43.30","BURLINGTON PIERS (AUT)","6151061","2024-12-23 11:00","2024","12","23","11:00","","-1.3","","-6.0","","70","","","","15","","12","","","","101.86","","","","-5","","NA"
"-79.80","43.30","BURLINGTON PIERS (AUT)","6151061","2024-12-23 12:00","2024","12","23","12:00","","-1.7","","-5.1","","78","","","","16","","20","","","","101.72","","","","-7","","NA"
"-79.80","43.30","BURLINGTON PIERS (AUT)","6151061","2024-12-23 13:00","2024","12","23","13:00","","-0.5","","-6.3","","65","","","","16","","19","","","","101.49","","","","-6","","NA"
"-79.80","43.30","BURLINGTON PIERS (AUT)","6151061","2024-12-23 14:00","2024","12","23","14:00","","0.1","","-6.8","","60","","","","16","","17","","","","101.36","","","","","","NA"
"-79.80","43.30","BURLINGTON PIERS (AUT)","6151061","2024-12-23 15:00","2024","12","23","15:00","","1.1","","-7.2","","54","","","","21","","11","","","","101.29","","","","","","NA"
"-79.80","43.30","BURLINGTON PIERS (AUT)","6151061","2024-12-23 16:00","2024","12","23","16:00","","1.6","","-6.9","","53","","","","17","","9","","","","101.26","","","","","","NA"
"-79.80","43.30","BURLINGTON PIERS (AUT)","6151061","2024-12-23 17:00","2024","12","23","17:00","","0.7","","-3.0","","76","","","","","","0","","","","101.17","","","","","","NA"
"-79.80","43.30","BURLINGTON PIERS (AUT)","6151061","2024-12-23 18:00","2024","12","23","18:00","","0.9","","-1.6","","83","","","","20","","12","","","","101.14","","","","","","NA"
"-79.80","43.30","BURLINGTON PIERS (AUT)","6151061","2024-12-23 19:00","2024","12","23","19:00","","0.8","","-0.6","","90","","","","20","","9","","","","101.11","","","","","","NA"
"-79.80","43.30","BURLINGTON PIERS (AUT)","6151061","2024-12-23 20:00","2024","12","23","20:00","","1.3","","-0.3","","89","","","","20","","12","","","","101.08","","","","","","NA"
"-79.80","43.30","BURLINGTON PIERS (AUT)","6151061","2024-12-23 21:00","2024","12","23","21:00","","1.9","","-0.1","","87","","","","20","","16","","","","101.02","","","","","","NA"
"-79.80","43.30","BURLINGTON PIERS (AUT)","6151061","2024-12-23 22:00","2024","12","23","22:00","","1.9","","0.1","","87","","","","21","","15","","","","101.02","","","","","","NA"
"-79.80","43.30","BURLINGTON PIERS (AUT)","6151061","2024-12-23 23:00","2024","12","23","23:00","","1.7","","0.2","","90","","","","21","","11","","","","101.00","","","","","","NA"
"-79.80","43.30","BURLINGTON PIERS (AUT)","6151061","2024-12-24 00:00","2024","12","24","00:00","","1.6","","0.4","","92","","","","25","","5","","","","101.00","","","","","","NA"
"-79.80","43.30","BURLINGTON PIERS (AUT)","6151061","2024-12-24 01:00","2024","12","24","01:00","","1.9","","0.5","","91","","","","24","","6","","","","101.00","","","","","","NA"
"-79.80","43.30","BURLINGTON PIERS (AUT)","6151061","2024-12-24 02:00","2024","12","24","02:00","","2.1","","0.5","","89","","","","24","","6","","","","101.03","","","","","","NA"
"-79.80","43.30","BURLINGTON PIERS (AUT)","6151061","2024-12-24 03:00","2024","12","24","03:00","","2.1","","0.4","","88","","","","24","","7","","","","101.10","","","","","","NA"
"-79.80","43.30","BURLINGTON PIERS (AUT)","6151061","2024-12-24 04:00","2024","12","24","04:00","","1.9","","0.3","","89","","","","25","","7","","","","101.14","","","","","","NA"
"-79.80","43.30","BURLINGTON PIERS (AUT)","6151061","2024-12-24 05:00","2024","12","24","05:00","","1.9","","0.3","","90","","","","24","","6","","","","101.19","","","","","","NA"
"-79.80","43.30","BURLINGTON PIERS (AUT)","6151061","2024-12-24 06:00","2024","12","24","06:00","","2.0","","0.3","","88","","","","25","","10","","","","101.27","","","","","","NA"
"-79.80","43.30","BURLINGTON PIERS (AUT)","6151061","2024-12-24 07:00","2024","12","24","07:00","","1.9","","0.0","","87","","","","25","","9","","","","101.35","","","","","","NA"
"-79.80","43.30","BURLINGTON PIERS (AUT)","6151061","2024-12-24 08:00","2024","12","24","08:00","","1.8","","-0.4","","86","","","","26","","7","","","","101.41","","","","","","NA"
"-79.80","43.30","BURLINGTON PIERS (AUT)","6151061","2024-12-24 09:00","2024","12","24","09:00","","1.8","","-0.3","","86","","","","28","","7","","","","101.50","","","","","","NA"
"-79.80","43.30","BURLINGTON PIERS (AUT)","6151061","2024-12-24 10:00","2024","12","24","10:00","","2.1","","-0.2","","85","","","","27","","7","","","","101.56","","","","","","NA"
"-79.80","43.30","BURLINGTON PIERS (AUT)","6151061","2024-12-24 11:00","2024","12","24","11:00","","2.6","","-0.1","","82","","","","27","","6","","","","101.58","","","","","","NA"
"-79.80","43.30","BURLINGTON PIERS (AUT)","6151061","2024-12-24 12:00","2024","12","24","12:00","","2.9","","-0.6","","78","","","","33","","11","","","","101.56","","","","","","NA"
"-79.80","43.30","BURLINGTON PIERS (AUT)","6151061","2024-12-24 13:00","2024","12","24","13:00","","2.1","","-1.7","","76","","","","36","","17","","","","101.54","","","","","","NA"
"-79.80","43.30","BURLINGTON PIERS (AUT)","6151061","2024-12-24 14:00","2024","12","24","14:00","","1.4","","-2.6","","74","","","","1","","16","","","","101.59","","","","","","NA"
"-79.80","43.30","BURLINGTON PIERS (AUT)","6151061","2024-12-24 15:00","2024","12","24","15:00","","1.1","","-2.8","","75","","","","2","","19","","","","101.65","","","","","","NA"
"-79.80","43.30","BURLINGTON PIERS (AUT)","6151061","2024-12-24 16:00","2024","12","24","16:00","","1.0","","-3.2","","74","","","","1","","11","","","","101.74","","","","","","NA"
"-79.80","43.30","BURLINGTON PIERS (AUT)","6151061","2024-12-24 17:00","2024","12","24","17:00","","1.0","","-3.2","","73","","","","1","","6","","","","101.79","","","","","","NA"
"-79.80","43.30","BURLINGTON PIERS (AUT)","6151061","2024-12-24 18:00","2024","12","24","18:00","","1.0","","-3.3","","73","","","","3","","7","","","","101.81","","","","","","NA"
"-79.80","43.30","BURLINGTON PIERS (AUT)","6151061","2024-12-24 19:00","2024","12","24","19:00","","0.7","","-3.2","","75","","","","1","","16","","","","101.83","","","","","","NA"
"-79.80","43.30","BURLINGTON PIERS (AUT)","6151061","2024-12-24 20:00","2024","12","24","20:00","","0.4","","-3.6","","74","","","","1","","14","","","","101.87","","","","","","NA"
"-79.80","43.30","BURLINGTON PIERS (AUT)","6151061","2024-12-24 21:00","2024","12","24","21:00","","0.1","","-3.9","","74","","","","1","","10","","","","101.89","","","","","","NA"
"-79.80","43.30","BURLINGTON PIERS (AUT)","6151061","2024-12-24 22:00","2024","12","24","22:00","","0.1","","-3.7","","75","","","","34","","7","","","","101.92","","","","","","NA"
"-79.80","43.30","BURLINGTON PIERS (AUT)","6151061","2024-12-24 23:00","2024","12","24","23:00","","0.3","","-5.0","","68","","","","33","","11","","","","101.91","","","","","","NA"
"-79.80","43.30","BURLINGTON PIERS (AUT)","6151061","2024-12-25 00:00","2024","12","25","00:00","","0.1","","-6.0","","64","","","","36","","10","","","","101.89","","","","","","NA"
"-79.80","43.30","BURLINGTON PIERS (AUT)","6151061","2024-12-25 01:00","2024","12","25","01:00","","0.1","","-5.7","","65","","","","35","","7","","","","101.89","","","","","","NA"
"-79.80","43.30","BURLINGTON PIERS (AUT)","6151061","2024-12-25 02:00","2024","12","25","02:00","","-0.1","","-5.3","","68","","","","28","","5","","","","101.93","","","","-2","","NA"
"-79.80","43.30","BURLINGTON PIERS (AUT)","6151061","2024-12-25 03:00","2024","12","25","03:00","","-0.1","","-5.7","","66","","","","32","","5","","","","101.95","","","","-2","","NA"
"-79.80","43.30","BURLINGTON PIERS (AUT)","6151061","2024-12-25 04:00","2024","12","25","04:00","","-0.3","","-5.4","","68","","","","36","","9","","","","101.94","","","","-3","","NA"
"-79.80","43.30","BURLINGTON PIERS (AUT)","6151061","2024-12-25 05:00","2024","12","25","05:00","","-0.1","","-4.6","","72","","","","35","","11","","","","101.94","","","","-4","","NA"
"-79.80","43.30","BURLINGTON PIERS (AUT)","6151061","2024-12-25 06:00","2024","12","25","06:00","","-0.3","","-5.3","","69","","","","34","","13","","","","101.98","","","","-4","","NA"
"-79.80","43.30","BURLINGTON PIERS (AUT)","6151061","2024-12-25 07:00","2024","12","25","07:00","","-0.7","","-5.6","","69","","","","33","","12","","","","102.03","","","","-5","","NA"
"-79.80","43.30","BURLINGTON PIERS (AUT)","6151061","2024-12-25 08:00","2024","12","25","08:00","","-0.8","","-5.4","","71","","","","32","","13","","","","102.06","","","","-5","","NA"
"-79.80","43.30","BURLINGTON PIERS (AUT)","6151061","2024-12-25 09:00","2024","12","25","09:00","","-1.1","","-6.6","","66","","","","33","","15","","","","102.13","","","","-6","","NA"
"-79.80","43.30","BURLINGTON PIERS (AUT)","6151061","2024-12-25 10:00","2024","12","25","10:00","","-1.1","","-6.4","","67","","","","35","","17","","","","102.16","","","","-6","","NA"
"-79.80","43.30","BURLINGTON PIERS (AUT)","6151061","2024-12-25 11:00","2024","12","25","11:00","","-1.0","","-6.4","","67","","","","35","","15","","","","102.16","","","","-6","","NA"
"-79.80","43.30","BURLINGTON PIERS (AUT)","6151061","2024-12-25 12:00","2024","12","25","12:00","","-0.9","","-6.2","","67","","","","35","","12","","","","102.07","","","","-5","","NA"
"-79.80","43.30","BURLINGTON PIERS (AUT)","6151061","2024-12-25 13:00","2024","12","25","13:00","","-0.3","","-5.6","","67","","","","36","","9","","","","102.01","","","","-3","","NA"
"-79.80","43.30","BURLINGTON PIERS (AUT)","6151061","2024-12-25 14:00","2024","12","25","14:00","","-0.1","","-5.5","","67","","","","1","","5","","","","101.97","","","","-2","","NA"
"-79.80","43.30","BURLINGTON PIERS (AUT)","6151061","2024-12-25 15:00","2024","12","25","15:00","","-0.1","","-5.4","","67","","","","3","","12","","","","101.97","","","","-4","","NA"
"-79.80","43.30","BURLINGTON PIERS (AUT)","6151061","2024-12-25 16:00","2024","12","25","16:00","","0.2","","-4.9","","68","","","","1","","13","","","","101.98","","","","","","NA"
"-79.80","43.30","BURLINGTON PIERS (AUT)","6151061","2024-12-25 17:00","2024","12","25","17:00","","0.2","","-4.8","","69","","","","36","","12","","","","102.01","","","","","","NA"
"-79.80","43.30","BURLINGTON PIERS (AUT)","6151061","2024-12-25 18:00","2024","12","25","18:00","","0.1","","-2.2","","84","","","","36","","16","","","","102.01","","","","","","NA"
"-79.80","43.30","BURLINGTON PIERS (AUT)","6151061","2024-12-25 19:00","2024","12","25","19:00","","1.0","","-3.3","","73","","","","6","","13","","","","102.00","","","","","","NA"
"-79.80","43.30","BURLINGTON PIERS (AUT)","6151061","2024-12-25 20:00","2024","12","25","20:00","","1.3","","-2.1","","78","","","","6","","19","","","","102.01","","","","","","NA"
"-79.80","43.30","BURLINGTON PIERS (AUT)","6151061","2024-12-25 21:00","2024","12","25","21:00","","0.8","","-3.0","","76","","","","11","","16","","","","102.01","","","","","","NA"
"-79.80","43.30","BURLINGTON PIERS (AUT)","6151061","2024-12-25 22:00","2024","12","25","22:00","","0.6","","-3.3","","75","","","","11","","13","","","","102.01","","","","","","NA"
"-79.80","43.30","BURLINGTON PIERS (AUT)","6151061","2024-12-25 23:00","2024","12","25","23:00","","0.4","","-3.9","","73","","","","12","","15","","","","102.00","","","","","","NA"
"-79.80","43.30","BURLINGTON PIERS (AUT)","6151061","2024-12-26 00:00","2024","12","26","00:00","","0.5","","-3.4","","75","","","","12","","9","","","","101.99","","","","","","NA"
"-79.80","43.30","BURLINGTON PIERS (AUT)","6151061","2024-12-26 01:00","2024","12","26","01:00","","0.2","","-3.3","","77","","","","12","","13","","","","101.99","","","","","","NA"
"-79.80","43.30","BURLINGTON PIERS (AUT)","6151061","2024-12-26 02:00","2024","12","26","02:00","","0.1","","-4.1","","73","","","","11","","14","","","","101.99","","","","","","NA"
"-79.80","43.30","BURLINGTON PIERS (AUT)","6151061","2024-12-26 03:00","2024","12","26","03:00","","0.3","","-3.6","","75","","","","13","","15","","","","102.05","","","","","","NA"
"-79.80","43.30","BURLINGTON PIERS (AUT)","6151061","2024-12-26 04:00","2024","12","26","04:00","","0.1","","-3.9","","74","","","","12","","12","","","","102.06","","","","","","NA"
"-79.80","43.30","BURLINGTON PIERS (AUT)","6151061","2024-12-26 05:00","2024","12","26","05:00","","0.2","","-3.7","","75","","","","13","","11","","","","102.09","","","","","","NA"
"-79.80","43.30","BURLINGTON PIERS (AUT)","6151061","2024-12-26 06:00","2024","12","26","06:00","","0.5","","-3.3","","75","","","","10","","19","","","","102.10","","","","","","NA"
"-79.80","43.30","BURLINGTON PIERS (AUT)","6151061","2024-12-26 07:00","2024","12","26","07:00","","0.7","","-3.1","","76","","","","11","","17","","","","102.14","","","","","","NA"
"-79.80","43.30","BURLINGTON PIERS (AUT)","6151061","2024-12-26 08:00","2024","12","26","08:00","","-0.1","","-3.2","","80","","","","12","","13","","","","102.16","","","","-4","","NA"
"-79.80","43.30","BURLINGTON PIERS (AUT)","6151061","2024-12-26 09:00","2024","12","26","09:00","","0.2","","-3.5","","76","","","","11","","12","","","","102.18","","","","","","NA"
"-79.80","43.30","BURLINGTON PIERS (AUT)","6151061","2024-12-26 10:00","2024","12","26","10:00","","0.4","","-3.5","","75","","","","10","","13","","","","102.16","","","","","","NA"
"-79.80","43.30","BURLINGTON PIERS (AUT)","6151061","2024-12-26 11:00","2024","12","26","11:00","","0.5","","-4.1","","71","","","","11","","16","","","","102.13","","","","","","NA"
"-79.80","43.30","BURLINGTON PIERS (AUT)","6151061","2024-12-26 12:00","2024","12","26","12:00","","0.5","","-4.0","","72","","","","11","","14","","","","102.06","","","","","","NA"
"-79.80","43.30","BURLINGTON PIERS (AUT)","6151061","2024-12-26 13:00","2024","12","26","13:00","","0.8","","-3.8","","71","","","","9","","11","","","","102.01","","","","","","NA"
"-79.80","43.30","BURLINGTON PIERS (AUT)","6151061","2024-12-26 14:00","2024","12","26","14:00","","0.9","","-3.8","","71","","","","11","","12","","","","101.96","","","","","","NA"
"-79.80","43.30","BURLINGTON PIERS (AUT)","6151061","2024-12-26 15:00","2024","12","26","15:00","","0.8","","-4.3","","68","","","","8","","15","","","","101.96","","","","","","NA"
"-79.80","43.30","BURLINGTON PIERS (AUT)","6151061","2024-12-26 16:00","2024","12","26","16:00","","1.2","","-3.5","","71","","","","10","","13","","","","101.97","","","","","","NA"
"-79.80","43.30","BURLINGTON PIERS (AUT)","6151061","2024-12-26 17:00","2024","12","26","17:00","","1.3","","-4.1","","67","","","","9","","12","","","","101.96","","","","","","NA"
"-79.80","43.30","BURLINGTON PIERS (AUT)","6151061","2024-12-26 18:00","2024","12","26","18:00","","1.4","","-3.9","","68","","","","11","","13","","","","102.00","","","","","","NA"
"-79.80","43.30","BURLINGTON PIERS (AUT)","6151061","2024-12-26 19:00","2024","12","26","19:00","","1.5","","-4.1","","66","","","","10","","9","","","","101.98","","","","","","NA"
"-79.80","43.30","BURLINGTON PIERS (AUT)","6151061","2024-12-26 20:00","2024","12","26","20:00","","1.8","","-3.5","","68","","","","6","","13","","","","101.97","","","","","","NA"
"-79.80","43.30","BURLINGTON PIERS (AUT)","6151061","2024-12-26 21:00","2024","12","26","21:00","","2.1","","-2.7","","71","","","","7","","16","","","","101.97","","","","","","NA"
"-79.80","43.30","BURLINGTON PIERS (AUT)","6151061","2024-12-26 22:00","2024","12","26","22:00","","2.0","","-3.0","","69","","","","7","","18","","","","101.93","","","","","","NA"
"-79.80","43.30","BURLINGTON PIERS (AUT)","6151061","2024-12-26 23:00","2024","12","26","23:00","","2.2","","-2.1","","74","","","","7","","24","","","","101.88","","","","","","NA"
"-79.80","43.30","BURLINGTON PIERS (AUT)","6151061","2024-12-27 00:00","2024","12","27","00:00","","2.0","","-2.1","","75","","","","8","","22","","","","101.88","","","","","","NA"
"-79.80","43.30","BURLINGTON PIERS (AUT)","6151061","2024-12-27 01:00","2024","12","27","01:00","","2.1","","-1.8","","76","","","","8","","26","","","","101.82","","","","","","NA"
"-79.80","43.30","BURLINGTON PIERS (AUT)","6151061","2024-12-27 02:00","2024","12","27","02:00","","2.1","","-1.8","","75","","","","8","","25","","","","101.84","","","","","","NA"
"-79.80","43.30","BURLINGTON PIERS (AUT)","6151061","2024-12-27 03:00","2024","12","27","03:00","","2.5","","-1.8","","73","","","","7","","21","","","","101.87","","","","","","NA"
"-79.80","43.30","BURLINGTON PIERS (AUT)","6151061","2024-12-27 04:00","2024","12","27","04:00","","2.5","","-1.6","","75","","","","6","","22","","","","101.85","","","","","","NA"
"-79.80","43.30","BURLINGTON PIERS (AUT)","6151061","2024-12-27 05:00","2024","12","27","05:00","","2.3","","-1.6","","76","","","","5","","27","","","","101.82","","","","","","NA"
"-79.80","43.30","BURLINGTON PIERS (AUT)","6151061","2024-12-27 06:00","2024","12","27","06:00","","2.3","","-1.0","","79","","","","8","","26","","","","101.76","","","","","","NA"
"-79.80","43.30","BURLINGTON PIERS (AUT)","6151061","2024-12-27 07:00","2024","12","27","07:00","","2.7","","-0.5","","80","","","","6","","23","","","","101.76","","","","","","NA"
"-79.80","43.30","BURLINGTON PIERS (AUT)","6151061","2024-12-27 08:00","2024","12","27","08:00","","2.7","","-0.6","","79","","","","5","","24","","","","101.77","","","","","","NA"
"-79.80","43.30","BURLINGTON PIERS (AUT)","6151061","2024-12-27 09:00","2024","12","27","09:00","","2.9","","-0.6","","78","","","","6","","27","","","","101.76","","","","","","NA"
"-79.80","43.30","BURLINGTON PIERS (AUT)","6151061","2024-12-27 10:00","2024","12","27","10:00","","2.8","","-0.5","","79","","","","5","","31","","","","101.67","","","","","","NA"
"-79.80","43.30","BURLINGTON PIERS (AUT)","6151061","2024-12-27 11:00","2024","12","27","11:00","","2.8","","-0.6","","78","","","","4","","31","","","","101.58","","","","","","NA"
"-79.80","43.30","BURLINGTON PIERS (AUT)","6151061","2024-12-27 12:00","2024","12","27","12:00","","2.7","","-0.2","","81","","","","5","","31","","","","101.48","","","","","","NA"
"-79.80","43.30","BURLINGTON PIERS (AUT)","6151061","2024-12-27 13:00","2024","12","27","13:00","","2.9","","0.1","","81","","","","4","","30","","","","101.37","","","","","","NA"
"-79.80","43.30","BURLINGTON PIERS (AUT)","6151061","2024-12-27 14:00","2024","12","27","14:00","","3.0","","0.5","","84","","","","4","","31","","","","101.27","","","","","","NA"
"-79.80","43.30","BURLINGTON PIERS (AUT)","6151061","2024-12-27 15:00","2024","12","27","15:00","","3.0","","0.9","","86","","","","5","","30","","","","101.22","","","","","","NA"
"-79.80","43.30","BURLINGTON PIERS (AUT)","6151061","2024-12-27 16:00","2024","12","27","16:00","","3.3","","1.2","","86","","","","4","","30","","","","101.21","","","","","","NA"
"-79.80","43.30","BURLINGTON PIERS (AUT)","6151061","2024-12-27 17:00","2024","12","27","17:00","","3.4","","1.5","","87","","","","4","","29","","","","101.19","","","","","","NA"
"-79.80","43.30","BURLINGTON PIERS (AUT)","6151061","2024-12-27 18:00","2024","12","27","18:00","","3.5","","1.3","","85","","","","5","","27","","","","101.14","","","","","","NA"
"-79.80","43.30","BURLINGTON PIERS (AUT)","6151061","2024-12-27 19:00","2024","12","27","19:00","","3.8","","1.1","","83","","","","4","","23","","","","101.12","","","","","","NA"
"-79.80","43.30","BURLINGTON PIERS (AUT)","6151061","2024-12-27 20:00","2024","12","27","20:00","","3.9","","0.7","","79","","","","5","","21","","","","101.10","","","","","","NA"
"-79.80","43.30","BURLINGTON PIERS (AUT)","6151061","2024-12-27 21:00","2024","12","27","21:00","","4.0","","0.8","","80","","","","5","","20","","","","101.02","","","","","","NA"
"-79.80","43.30","BURLINGTON PIERS (AUT)","6151061","2024-12-27 22:00","2024","12","27","22:00","","3.9","","1.0","","81","","","","7","","16","","","","100.97","","","","","","NA"
"-79.80","43.30","BURLINGTON PIERS (AUT)","6151061","2024-12-27 23:00","2024","12","27","23:00","","3.7","","1.0","","83","","","","6","","14","","","","100.90","","","","","","NA"
"-79.80","43.30","BURLINGTON PIERS (AUT)","6151061","2024-12-28 00:00","2024","12","28","00:00","","3.6","","1.1","","84","","","","7","","13","","","","100.83","","","","","","NA"
"-79.80","43.30","BURLINGTON PIERS (AUT)","6151061","2024-12-28 01:00","2024","12","28","01:00","","3.9","","1.9","","87","","","","6","","10","","","","100.81","","","","","","NA"
"-79.80","43.30","BURLINGTON PIERS (AUT)","6151061","2024-12-28 02:00","2024","12","28","02:00","","3.9","","2.6","","91","","","","6","","14","","","","100.75","","","","","","NA"
"-79.80","43.30","BURLINGTON PIERS (AUT)","6151061","2024-12-28 03:00","2024","12","28","03:00","","4.2","","2.9","","91","","","","6","","12","","","","100.73","","","","","","NA"
"-79.80","43.30","BURLINGTON PIERS (AUT)","6151061","2024-12-28 04:00","2024","12","28","04:00","","4.5","","3.1","","91","","","","6","","10","","","","100.67","","","","","","NA"
"-79.80","43.30","BURLINGTON PIERS (AUT)","6151061","2024-12-28 05:00","2024","12","28","05:00","","3.3","","2.4","","94","","","","10","","3","","","","100.63","","","","","","NA"
"-79.80","43.30","BURLINGTON PIERS (AUT)","6151061","2024-12-28 06:00","2024","12","28","06:00","","3.6","","2.5","","93","","","","","","0","","","","100.64","","","","","","NA"
"-79.80","43.30","BURLINGTON PIERS (AUT)","6151061","2024-12-28 07:00","2024","12","28","07:00","","4.6","","3.5","","93","","","","5","","7","","","","100.64","","","","","","NA"
"-79.80","43.30","BURLINGTON PIERS (AUT)","6151061","2024-12-28 08:00","2024","12","28","08:00","","4.4","","3.8","","96","","","","4","","9","","","","100.65","","","","","","NA"
"-79.80","43.30","BURLINGTON PIERS (AUT)","6151061","2024-12-28 09:00","2024","12","28","09:00","","4.3","","3.8","","96","","","","36","","10","","","","100.69","","","","","","NA"
"-79.80","43.30","BURLINGTON PIERS (AUT)","6151061","2024-12-28 10:00","2024","12","28","10:00","","4.6","","4.1","","96","","","","1","","7","","","","100.72","","","","","","NA"
"-79.80","43.30","BURLINGTON PIERS (AUT)","6151061","2024-12-28 11:00","2024","12","28","11:00","","4.9","","4.3","","96","","","","1","","9","","","","100.70","","","","","","NA"
"-79.80","43.30","BURLINGTON PIERS (AUT)","6151061","2024-12-28 12:00","2024","12","28","12:00","","5.0","","4.2","","95","","","","3","","9","","","","100.65","","","","","","NA"
"-79.80","43.30","BURLINGTON PIERS (AUT)","6151061","2024-12-28 13:00","2024","12","28","13:00","","5.4","","4.7","","95","","","","4","","13","","","","100.60","","","","","","NA"
"-79.80","43.30","BURLINGTON PIERS (AUT)","6151061","2024-12-28 14:00","2024","12","28","14:00","","5.0","","4.3","","95","","","","3","","11","","","","100.56","","","","","","NA"
"-79.80","43.30","BURLINGTON PIERS (AUT)","6151061","2024-12-28 15:00","2024","12","28","15:00","","6.8","","5.6","","92","","","","3","","8","","","","100.57","","","","","","NA"
"-79.80","43.30","BURLINGTON PIERS (AUT)","6151061","2024-12-28 16:00","2024","12","28","16:00","","13.3","","8.5","","73","","","","22","","17","","","","100.59","","","","","","NA"
"-79.80","43.30","BURLINGTON PIERS (AUT)","6151061","2024-12-28 17:00","2024","12","28","17:00","","12.7","","8.4","","75","","","","21","","17","","","","100.62","","","","","","NA"
"-79.80","43.30","BURLINGTON PIERS (AUT)","6151061","2024-12-28 18:00","2024","12","28","18:00","","11.3","","7.5","","78","","","","22","","14","","","","100.66","","","","","","NA"
"-79.80","43.30","BURLINGTON PIERS (AUT)","6151061","2024-12-28 19:00","2024","12","28","19:00","","11.2","","7.7","","79","","","","20","","15","","","","100.74","","","","","","NA"
"-79.80","43.30","BURLINGTON PIERS (AUT)","6151061","2024-12-28 20:00","2024","12","28","20:00","","9.9","","7.2","","84","","","","23","","5","","","","100.76","","","","","","NA"
"-79.80","43.30","BURLINGTON PIERS (AUT)","6151061","2024-12-28 21:00","2024","12","28","21:00","","9.2","","7.2","","87","","","","","","0","","","","100.77","","","","","","NA"
"-79.80","43.30","BURLINGTON PIERS (AUT)","6151061","2024-12-28 22:00","2024","12","28","22:00","","8.5","","6.8","","89","","","","28","","4","","","","100.76","","","","","","NA"
"-79.80","43.30","BURLINGTON PIERS (AUT)","6151061","2024-12-28 23:00","2024","12","28","23:00","","8.4","","6.7","","89","","","","25","","4","","","","100.82","","","","","","NA"
"-79.80","43.30","BURLINGTON PIERS (AUT)","6151061","2024-12-29 00:00","2024","12","29","00:00","","8.2","","6.5","","89","","","","23","","6","","","","100.81","","","","","","NA"
"-79.80","43.30","BURLINGTON PIERS (AUT)","6151061","2024-12-29 01:00","2024","12","29","01:00","","7.0","","5.8","","92","","","","27","","4","","","","100.76","","","","","","NA"
"-79.80","43.30","BURLINGTON PIERS (AUT)","6151061","2024-12-29 02:00","2024","12","29","02:00","","7.0","","5.5","","90","","","","26","","4","","","","100.74","","","","","","NA"
"-79.80","43.30","BURLINGTON PIERS (AUT)","6151061","2024-12-29 03:00","2024","12","29","03:00","","6.6","","5.4","","92","","","","23","","5","","","","100.77","","","","","","NA"
"-79.80","43.30","BURLINGTON PIERS (AUT)","6151061","2024-12-29 04:00","2024","12","29","04:00","","6.2","","5.4","","94","","","","","","0","","","","100.68","","","","","","NA"
"-79.80","43.30","BURLINGTON PIERS (AUT)","6151061","2024-12-29 05:00","2024","12","29","05:00","","4.8","","4.2","","96","","","","3","","5","","","","100.63","","","","","","NA"
"-79.80","43.30","BURLINGTON PIERS (AUT)","6151061","2024-12-29 06:00","2024","12","29","06:00","","5.4","","4.8","","96","","","","36","","10","","","","100.51","","","","","","NA"
"-79.80","43.30","BURLINGTON PIERS (AUT)","6151061","2024-12-29 07:00","2024","12","29","07:00","","4.8","","4.2","","96","","","","3","","18","","","","100.46","","","","","","NA"
"-79.80","43.30","BURLINGTON PIERS (AUT)","6151061","2024-12-29 08:00","2024","12","29","08:00","","4.3","","3.8","","97","","","","3","","24","","","","100.30","","","","","","NA"
"-79.80","43.30","BURLINGTON PIERS (AUT)","6151061","2024-12-29 09:00","2024","12","29","09:00","","4.9","","4.4","","97","","","","2","","19","","","","100.24","","","","","","NA"
"-79.80","43.30","BURLINGTON PIERS (AUT)","6151061","2024-12-29 10:00","2024","12","29","10:00","","5.8","","5.2","","96","","","","35","","16","","","","100.16","","","","","","NA"
"-79.80","43.30","BURLINGTON PIERS (AUT)","6151061","2024-12-29 11:00","2024","12","29","11:00","","5.4","","4.8","","95","","","","4","","32","","","","99.87","","","","","","NA"
"-79.80","43.30","BURLINGTON PIERS (AUT)","6151061","2024-12-29 12:00","2024","12","29","12:00","","4.5","","3.9","","96","","","","3","","30","","","","99.61","","","","","","NA"
"-79.80","43.30","BURLINGTON PIERS (AUT)","6151061","2024-12-29 13:00","2024","12","29","13:00","","4.5","","3.9","","96","","","","2","","22","","","","99.43","","","","","","NA"
"-79.80","43.30","BURLINGTON PIERS (AUT)","6151061","2024-12-29 14:00","2024","12","29","14:00","","4.3","","3.8","","97","","","","2","","23","","","","99.24","","","","","","NA"
"-79.80","43.30","BURLINGTON PIERS (AUT)","6151061","2024-12-29 15:00","2024","12","29","15:00","","4.6","","4.1","","97","","","","2","","23","","","","99.11","","","","","","NA"
"-79.80","43.30","BURLINGTON PIERS (AUT)","6151061","2024-12-29 16:00","2024","12","29","16:00","","4.5","","4.1","","97","","","","2","","20","","","","98.98","","","","","","NA"
"-79.80","43.30","BURLINGTON PIERS (AUT)","6151061","2024-12-29 17:00","2024","12","29","17:00","","4.5","","4.0","","97","","","","3","","21","","","","98.80","","","","","","NA"
"-79.80","43.30","BURLINGTON PIERS (AUT)","6151061","2024-12-29 18:00","2024","12","29","18:00","","5.9","","5.4","","97","","","","33","","8","","","","98.69","","","","","","NA"
"-79.80","43.30","BURLINGTON PIERS (AUT)","6151061","2024-12-29 19:00","2024","12","29","19:00","","6.1","","5.6","","97","","","","35","","3","","","","98.64","","","","","","NA"
"-79.80","43.30","BURLINGTON PIERS (AUT)","6151061","2024-12-29 20:00","2024","12","29","20:00","","6.0","","5.5","","97","","","","8","","3","","","","98.52","","","","","","NA"
"-79.80","43.30","BURLINGTON PIERS (AUT)","6151061","2024-12-29 21:00","2024","12","29","21:00","","5.5","","5.0","","97","","","","","","0","","","","98.37","","","","","","NA"
"-79.80","43.30","BURLINGTON PIERS (AUT)","6151061","2024-12-29 22:00","2024","12","29","22:00","","5.3","","4.8","","97","","","","5","","11","","","","98.33","","","","","","NA"
"-79.80","43.30","BURLINGTON PIERS (AUT)","6151061","2024-12-29 23:00","2024","12","29","23:00","","6.4","","5.9","","97","","","","3","","6","","","","98.28","","","","","","NA"
"-79.80","43.30","BURLINGTON PIERS (AUT)","6151061","2024-12-30 00:00","2024","12","30","00:00","","11.1","","6.9","","75","","","","19","","30","","","","98.30","","","","","","NA"
"-79.80","43.30","BURLINGTON PIERS (AUT)","6151061","2024-12-30 01:00","2024","12","30","01:00","","9.8","","4.6","","70","","","","19","","29","","","","98.36","","","","","","NA"
"-79.80","43.30","BURLINGTON PIERS (AUT)","6151061","2024-12-30 02:00","2024","12","30","02:00","","8.0","","3.8","","75","","","","20","","35","","","","98.37","","","","","","NA"
"-79.80","43.30","BURLINGTON PIERS (AUT)","6151061","2024-12-30 03:00","2024","12","30","03:00","","7.4","","2.7","","72","","","","19","","31","","","","98.39","","","","","","NA"
"-79.80","43.30","BURLINGTON PIERS (AUT)","6151061","2024-12-30 04:00","2024","12","30","04:00","","5.6","","1.9","","77","","","","19","","40","","","","98.33","","","","","","NA"
"-79.80","43.30","BURLINGTON PIERS (AUT)","6151061","2024-12-30 05:00","2024","12","30","05:00","","4.4","","1.3","","80","","","","19","","37","","","","98.23","","","","","","NA"
"-79.80","43.30","BURLINGTON PIERS (AUT)","6151061","2024-12-30 06:00","2024","12","30","06:00","","3.9","","1.2","","83","","","","20","","36","","","","98.30","","","","","","NA"
"-79.80","43.30","BURLINGTON PIERS (AUT)","6151061","2024-12-30 07:00","2024","12","30","07:00","","2.9","","0.7","","85","","","","21","","31","","","","98.50","","","","","","NA"
"-79.80","43.30","BURLINGTON PIERS (AUT)","6151061","2024-12-30 08:00","2024","12","30","08:00","","3.1","","0.9","","85","","","","21","","26","","","","98.64","","","","","","NA"
"-79.80","43.30","BURLINGTON PIERS (AUT)","6151061","2024-12-30 09:00","2024","12","30","09:00","","3.6","","1.0","","83","","","","22","","22","","","","98.75","","","","","","NA"
"-79.80","43.30","BURLINGTON PIERS (AUT)","6151061","2024-12-30 10:00","2024","12","30","10:00","","3.9","","1.4","","83","","","","22","","21","","","","98.85","","","","","","NA"
"-79.80","43.30","BURLINGTON PIERS (AUT)","6151061","2024-12-30 11:00","2024","12","30","11:00","","4.9","","1.6","","79","","","","23","","31","","","","98.93","","","","","","NA"
"-79.80","43.30","BURLINGTON PIERS (AUT)","6151061","2024-12-30 12:00","2024","12","30","12:00","","5.5","","1.2","","74","","","","24","","22","","","","98.92","","","","","","NA"
"-79.80","43.30","BURLINGTON PIERS (AUT)","6151061","2024-12-30 13:00","2024","12","30","13:00","","5.8","","1.3","","73","","","","25","","25","","","","98.95","","","","","","NA"
"-79.80","43.30","BURLINGTON PIERS (AUT)","6151061","2024-12-30 14:00","2024","12","30","14:00","","6.1","","0.8","","69","","","","25","","26","","","","99.02","","","","","","NA"
"-79.80","43.30","BURLINGTON PIERS (AUT)","6151061","2024-12-30 15:00","2024","12","30","15:00","","5.9","","0.9","","70","","","","25","","26","","","","99.15","","","","","","NA"
"-79.80","43.30","BURLINGTON PIERS (AUT)","6151061","2024-12-30 16:00","2024","12","30","16:00","","5.9","","1.3","","72","","","","25","","23","","","","99.29","","","","","","NA"
"-79.80","43.30","BURLINGTON PIERS (AUT)","6151061","2024-12-30 17:00","2024","12","30","17:00","","5.6","","1.3","","74","","","","25","","19","","","","99.43","","","","","","NA"
"-79.80","43.30","BURLINGTON PIERS (AUT)","6151061","2024-12-30 18:00","2024","12","30","18:00","","5.6","","0.5","","70","","","","25","","16","","","","99.55","","","","","","NA"
"-79.80","43.30","BURLINGTON PIERS (AUT)","6151061","2024-12-30 19:00","2024","12","30","19:00","","5.5","","0.6","","71","","","","25","","12","","","","99.65","","","","","","NA"
"-79.80","43.30","BURLINGTON PIERS (AUT)","6151061","2024-12-30 20:00","2024","12","30","20:00","","5.5","","0.3","","69","","","","24","","9","","","","99.74","","","","","","NA"
"-79.80","43.30","BURLINGTON PIERS (AUT)","6151061","2024-12-30 21:00","2024","12","30","21:00","","5.0","","0.4","","73","","","","24","","7","","","","99.81","","","","","","NA"
"-79.80","43.30","BURLINGTON PIERS (AUT)","6151061","2024-12-30 22:00","2024","12","30","22:00","","4.7","","1.1","","78","","","","23","","7","","","","99.85","","","","","","NA"
"-79.80","43.30","BURLINGTON PIERS (AUT)","6151061","2024-12-30 23:00","2024","12","30","23:00","","4.2","","1.1","","80","","","","23","","7","","","","99.89","","","","","","NA"
"-79.80","43.30","BURLINGTON PIERS (AUT)","6151061","2024-12-31 00:00","2024","12","31","00:00","","3.5","","1.1","","84","","","","23","","3","","","","99.91","","","","","","NA"
"-79.80","43.30","BURLINGTON PIERS (AUT)","6151061","2024-12-31 01:00","2024","12","31","01:00","","2.5","","0.6","","87","","","","24","","5","","","","99.94","","","","","","NA"
"-79.80","43.30","BURLINGTON PIERS (AUT)","6151061","2024-12-31 02:00","2024","12","31","02:00","","2.0","","0.3","","88","","","","24","","4","","","","99.94","","","","","","NA"
"-79.80","43.30","BURLINGTON PIERS (AUT)","6151061","2024-12-31 03:00","2024","12","31","03:00","","2.1","","0.7","","90","","","","23","","5","","","","100.05","","","","","","NA"
"-79.80","43.30","BURLINGTON PIERS (AUT)","6151061","2024-12-31 04:00","2024","12","31","04:00","","1.5","","0.3","","92","","","","23","","6","","","","100.03","","","","","","NA"
"-79.80","43.30","BURLINGTON PIERS (AUT)","6151061","2024-12-31 05:00","2024","12","31","05:00","","1.9","","0.7","","92","","","","24","","5","","","","100.01","","","","","","NA"
"-79.80","43.30","BURLINGTON PIERS (AUT)","6151061","2024-12-31 06:00","2024","12","31","06:00","","1.5","","0.3","","92","","","","","","0","","","","100.00","","","","","","NA"
"-79.80","43.30","BURLINGTON PIERS (AUT)","6151061","2024-12-31 07:00","2024","12","31","07:00","","1.5","","0.2","","91","","","","","","0","","","","99.98","","","","","","NA"
"-79.80","43.30","BURLINGTON PIERS (AUT)","6151061","2024-12-31 08:00","2024","12","31","08:00","","1.5","","0.4","","92","","","","1","","6","","","","99.94","","","","","","NA"
"-79.80","43.30","BURLINGTON PIERS (AUT)","6151061","2024-12-31 09:00","2024","12","31","09:00","","1.6","","0.2","","90","","","","35","","11","","","","99.86","","","","","","NA"
"-79.80","43.30","BURLINGTON PIERS (AUT)","6151061","2024-12-31 10:00","2024","12","31","10:00","","2.3","","0.9","","91","","","","1","","17","","","","99.79","","","","","","NA"
"-79.80","43.30","BURLINGTON PIERS (AUT)","6151061","2024-12-31 11:00","2024","12","31","11:00","","3.2","","2.0","","92","","","","3","","22","","","","99.73","","","","","","NA"
"-79.80","43.30","BURLINGTON PIERS (AUT)","6151061","2024-12-31 12:00","2024","12","31","12:00","","3.5","","2.1","","91","","","","4","","25","","","","99.62","","","","","","NA"
"-79.80","43.30","BURLINGTON PIERS (AUT)","6151061","2024-12-31 13:00","2024","12","31","13:00","","3.2","","1.7","","90","","","","3","","29","","","","99.51","","","","","","NA"
"-79.80","43.30","BURLINGTON PIERS (AUT)","6151061","2024-12-31 14:00","2024","12","31","14:00","","3.2","","1.6","","89","","","","2","","37","","","","99.33","","","","","","NA"
"-79.80","43.30","BURLINGTON PIERS (AUT)","6151061","2024-12-31 15:00","2024","12","31","15:00","","3.5","","1.8","","89","","","","2","","36","","","","99.34","","","","","","NA"
"-79.80","43.30","BURLINGTON PIERS (AUT)","6151061","2024-12-31 16:00","2024","12","31","16:00","","3.6","","1.4","","86","","","","2","","41","","","","99.29","","","","","","NA"
"-79.80","43.30","BURLINGTON PIERS (AUT)","6151061","2024-12-31 17:00","2024","12","31","17:00","","3.9","","1.9","","86","","","","3","","40","","","","99.30","","","","","","NA"
"-79.80","43.30","BURLINGTON PIERS (AUT)","6151061","2024-12-31 18:00","2024","12","31","18:00","","4.2","","2.2","","87","","","","3","","39","","","","99.25","","","","","","NA"
"-79.80","43.30","BURLINGTON PIERS (AUT)","6151061","2024-12-31 19:00","2024","12","31","19:00","","4.2","","2.4","","88","","","","2","","36","","","","99.20","","","","","","NA"
"-79.80","43.30","BURLINGTON PIERS (AUT)","6151061","2024-12-31 20:00","2024","12","31","20:00","","4.0","","2.7","","91","","","","2","","36","","","","99.13","","","","","","NA"
"-79.80","43.30","BURLINGTON PIERS (AUT)","6151061","2024-12-31 21:00","2024","12","31","21:00","","4.0","","3.2","","95","","","","1","","31","","","","99.11","","","","","","NA"
"-79.80","43.30","BURLINGTON PIERS (AUT)","6151061","2024-12-31 22:00","2024","12","31","22:00","","4.0","","3.0","","93","","","","2","","32","","","","99.07","","","","","","NA"
"-79.80","43.30","BURLINGTON PIERS (AUT)","6151061","2024-12-31 23:00","2024","12","31","23:00","","3.8","","2.8","","93","","","","36","","27","","","","99.03","","","","","","NA"
