"Longitude (x)","Latitude (y)","Station Name","Climate ID","Date/Time (LST)","Year","Month","Day","Time (LST)","Flag","Temp (°C)","Temp Flag","Dew Point Temp (°C)","Dew Point Temp Flag","Rel Hum (%)","Rel Hum Flag","Precip. Amount (mm)","Precip. Amount Flag","Wind Dir (10s deg)","Wind Dir Flag","Wind Spd (km/h)","Wind Spd Flag","Visibility (km)","Visibility Flag","Stn Press (kPa)","Stn Press Flag","Hmdx","Hmdx Flag","Wind Chill","Wind Chill Flag","Weather"
"-79.80","43.30","BURLINGTON PIERS (AUT)","6151061","2024-08-01 00:00","2024","08","01","00:00","","25.4","","22.0","","82","","","","26","","7","","","","100.44","","35","","","","NA"
"-79.80","43.30","BURLINGTON PIERS (AUT)","6151061","2024-08-01 01:00","2024","08","01","01:00","","24.5","","21.4","","83","","","","26","","6","","","","100.47","","33","","","","NA"
"-79.80","43.30","BURLINGTON PIERS (AUT)","6151061","2024-08-01 02:00","2024","08","01","02:00","","24.5","","19.5","","74","","","","","","0","","","","100.43","","32","","","","NA"
"-79.80","43.30","BURLINGTON PIERS (AUT)","6151061","2024-08-01 03:00","2024","08","01","03:00","","24.5","","19.3","","73","","","","","","0","","","","100.40","","32","","","","NA"
"-79.80","43.30","BURLINGTON PIERS (AUT)","6151061","2024-08-01 04:00","2024","08","01","04:00","","24.0","","20.4","","80","","","","","","0","","","","100.41","","32","","","","NA"
"-79.80","43.30","BURLINGTON PIERS (AUT)","6151061","2024-08-01 05:00","2024","08","01","05:00","","23.4","","21.0","","86","","","","22","","5","","","","100.49","","32","","","","NA"
"-79.80","43.30","BURLINGTON PIERS (AUT)","6151061","2024-08-01 06:00","2024","08","01","06:00","","23.1","","19.9","","82","","","","34","","3","","","","100.51","","31","","","","NA"
"-79.80","43.30","BURLINGTON PIERS (AUT)","6151061","2024-08-01 07:00","2024","08","01","07:00","","23.8","","19.9","","79","","","","30","","4","","","","100.55","","31","","","","NA"
"-79.80","43.30","BURLINGTON PIERS (AUT)","6151061","2024-08-01 08:00","2024","08","01","08:00","","24.2","","20.9","","82","","","","2","","7","","","","100.59","","33","","","","NA"
"-79.80","43.30","BURLINGTON PIERS (AUT)","6151061","2024-08-01 09:00","2024","08","01","09:00","","24.5","","21.0","","81","","","","6","","9","","","","100.62","","33","","","","NA"
"-79.80","43.30","BURLINGTON PIERS (AUT)","6151061","2024-08-01 10:00","2024","08","01","10:00","","24.4","","21.4","","83","","","","3","","14","","","","100.64","","33","","","","NA"
"-79.80","43.30","BURLINGTON PIERS (AUT)","6151061","2024-08-01 11:00","2024","08","01","11:00","","24.7","","21.4","","82","","","","6","","12","","","","100.65","","33","","","","NA"
"-79.80","43.30","BURLINGTON PIERS (AUT)","6151061","2024-08-01 12:00","2024","08","01","12:00","","24.7","","21.6","","83","","","","5","","12","","","","100.60","","34","","","","NA"
"-79.80","43.30","BURLINGTON PIERS (AUT)","6151061","2024-08-01 13:00","2024","08","01","13:00","","24.9","","21.6","","82","","","","6","","10","","","","100.54","","34","","","","NA"
"-79.80","43.30","BURLINGTON PIERS (AUT)","6151061","2024-08-01 14:00","2024","08","01","14:00","","25.3","","21.7","","80","","","","7","","11","","","","100.50","","34","","","","NA"
"-79.80","43.30","BURLINGTON PIERS (AUT)","6151061","2024-08-01 15:00","2024","08","01","15:00","","25.4","","23.0","","86","","","","10","","19","","","","100.51","","36","","","","NA"
"-79.80","43.30","BURLINGTON PIERS (AUT)","6151061","2024-08-01 16:00","2024","08","01","16:00","","26.9","","20.9","","70","","","","11","","9","","","","100.42","","35","","","","NA"
"-79.80","43.30","BURLINGTON PIERS (AUT)","6151061","2024-08-01 17:00","2024","08","01","17:00","","25.8","","22.2","","80","","","","4","","10","","","","100.39","","35","","","","NA"
"-79.80","43.30","BURLINGTON PIERS (AUT)","6151061","2024-08-01 18:00","2024","08","01","18:00","","25.7","","22.9","","85","","","","6","","9","","","","100.38","","36","","","","NA"
"-79.80","43.30","BURLINGTON PIERS (AUT)","6151061","2024-08-01 19:00","2024","08","01","19:00","","25.3","","23.5","","90","","","","3","","10","","","","100.35","","36","","","","NA"
"-79.80","43.30","BURLINGTON PIERS (AUT)","6151061","2024-08-01 20:00","2024","08","01","20:00","","25.5","","22.7","","85","","","","2","","5","","","","100.37","","35","","","","NA"
"-79.80","43.30","BURLINGTON PIERS (AUT)","6151061","2024-08-01 21:00","2024","08","01","21:00","","25.4","","22.9","","86","","","","2","","6","","","","100.39","","36","","","","NA"
"-79.80","43.30","BURLINGTON PIERS (AUT)","6151061","2024-08-01 22:00","2024","08","01","22:00","","25.3","","22.8","","86","","","","2","","7","","","","100.41","","35","","","","NA"
"-79.80","43.30","BURLINGTON PIERS (AUT)","6151061","2024-08-01 23:00","2024","08","01","23:00","","25.4","","22.7","","85","","","","12","","10","","","","100.38","","35","","","","NA"
"-79.80","43.30","BURLINGTON PIERS (AUT)","6151061","2024-08-02 00:00","2024","08","02","00:00","","25.4","","22.9","","86","","","","","","0","","","","100.35","","36","","","","NA"
"-79.80","43.30","BURLINGTON PIERS (AUT)","6151061","2024-08-02 01:00","2024","08","02","01:00","","25.1","","23.2","","89","","","","15","","3","","","","100.33","","36","","","","NA"
"-79.80","43.30","BURLINGTON PIERS (AUT)","6151061","2024-08-02 02:00","2024","08","02","02:00","","24.7","","23.0","","90","","","","34","","8","","","","100.26","","35","","","","NA"
"-79.80","43.30","BURLINGTON PIERS (AUT)","6151061","2024-08-02 03:00","2024","08","02","03:00","","24.6","","22.0","","86","","","","","","0","","","","100.24","","34","","","","NA"
"-79.80","43.30","BURLINGTON PIERS (AUT)","6151061","2024-08-02 04:00","2024","08","02","04:00","","24.4","","22.3","","88","","","","","","0","","","","100.26","","34","","","","NA"
"-79.80","43.30","BURLINGTON PIERS (AUT)","6151061","2024-08-02 05:00","2024","08","02","05:00","","24.4","","21.8","","85","","","","27","","4","","","","100.23","","34","","","","NA"
"-79.80","43.30","BURLINGTON PIERS (AUT)","6151061","2024-08-02 06:00","2024","08","02","06:00","","24.6","","22.1","","86","","","","15","","7","","","","100.25","","34","","","","NA"
"-79.80","43.30","BURLINGTON PIERS (AUT)","6151061","2024-08-02 07:00","2024","08","02","07:00","","24.8","","22.0","","84","","","","23","","4","","","","100.24","","34","","","","NA"
"-79.80","43.30","BURLINGTON PIERS (AUT)","6151061","2024-08-02 08:00","2024","08","02","08:00","","24.4","","22.1","","87","","","","26","","5","","","","100.27","","34","","","","NA"
"-79.80","43.30","BURLINGTON PIERS (AUT)","6151061","2024-08-02 09:00","2024","08","02","09:00","","24.5","","22.5","","89","","","","19","","7","","","","100.29","","34","","","","NA"
"-79.80","43.30","BURLINGTON PIERS (AUT)","6151061","2024-08-02 10:00","2024","08","02","10:00","","24.7","","22.1","","85","","","","15","","11","","","","100.34","","34","","","","NA"
"-79.80","43.30","BURLINGTON PIERS (AUT)","6151061","2024-08-02 11:00","2024","08","02","11:00","","24.5","","21.5","","83","","","","19","","6","","","","100.34","","33","","","","NA"
"-79.80","43.30","BURLINGTON PIERS (AUT)","6151061","2024-08-02 12:00","2024","08","02","12:00","","25.0","","20.8","","78","","","","4","","4","","","","100.32","","33","","","","NA"
"-79.80","43.30","BURLINGTON PIERS (AUT)","6151061","2024-08-02 13:00","2024","08","02","13:00","","24.9","","20.2","","75","","","","12","","10","","","","100.28","","33","","","","NA"
"-79.80","43.30","BURLINGTON PIERS (AUT)","6151061","2024-08-02 14:00","2024","08","02","14:00","","24.7","","21.3","","81","","","","10","","13","","","","100.26","","33","","","","NA"
"-79.80","43.30","BURLINGTON PIERS (AUT)","6151061","2024-08-02 15:00","2024","08","02","15:00","","25.9","","19.6","","68","","","","17","","7","","","","100.24","","33","","","","NA"
"-79.80","43.30","BURLINGTON PIERS (AUT)","6151061","2024-08-02 16:00","2024","08","02","16:00","","26.3","","18.3","","61","","","","20","","11","","","","100.15","","33","","","","NA"
"-79.80","43.30","BURLINGTON PIERS (AUT)","6151061","2024-08-02 17:00","2024","08","02","17:00","","25.9","","20.2","","71","","","","16","","9","","","","100.13","","34","","","","NA"
"-79.80","43.30","BURLINGTON PIERS (AUT)","6151061","2024-08-02 18:00","2024","08","02","18:00","","24.8","","20.5","","77","","","","12","","15","","","","100.12","","33","","","","NA"
"-79.80","43.30","BURLINGTON PIERS (AUT)","6151061","2024-08-02 19:00","2024","08","02","19:00","","26.2","","20.4","","70","","","","","","0","","","","100.13","","34","","","","NA"
"-79.80","43.30","BURLINGTON PIERS (AUT)","6151061","2024-08-02 20:00","2024","08","02","20:00","","25.4","","20.6","","75","","","","","","0","","","","100.18","","33","","","","NA"
"-79.80","43.30","BURLINGTON PIERS (AUT)","6151061","2024-08-02 21:00","2024","08","02","21:00","","25.7","","20.0","","71","","","","17","","6","","","","100.22","","33","","","","NA"
"-79.80","43.30","BURLINGTON PIERS (AUT)","6151061","2024-08-02 22:00","2024","08","02","22:00","","25.4","","19.2","","68","","","","19","","6","","","","100.24","","32","","","","NA"
"-79.80","43.30","BURLINGTON PIERS (AUT)","6151061","2024-08-02 23:00","2024","08","02","23:00","","24.4","","20.3","","78","","","","25","","7","","","","100.20","","32","","","","NA"
"-79.80","43.30","BURLINGTON PIERS (AUT)","6151061","2024-08-03 00:00","2024","08","03","00:00","","24.2","","20.0","","77","","","","26","","6","","","","100.19","","32","","","","NA"
"-79.80","43.30","BURLINGTON PIERS (AUT)","6151061","2024-08-03 01:00","2024","08","03","01:00","","24.3","","19.8","","76","","","","26","","6","","","","100.15","","32","","","","NA"
"-79.80","43.30","BURLINGTON PIERS (AUT)","6151061","2024-08-03 02:00","2024","08","03","02:00","","24.1","","19.3","","75","","","","26","","4","","","","100.12","","31","","","","NA"
"-79.80","43.30","BURLINGTON PIERS (AUT)","6151061","2024-08-03 03:00","2024","08","03","03:00","","23.8","","19.4","","76","","","","27","","5","","","","100.09","","31","","","","NA"
"-79.80","43.30","BURLINGTON PIERS (AUT)","6151061","2024-08-03 04:00","2024","08","03","04:00","","24.0","","19.1","","74","","","","25","","5","","","","100.08","","31","","","","NA"
"-79.80","43.30","BURLINGTON PIERS (AUT)","6151061","2024-08-03 05:00","2024","08","03","05:00","","23.5","","19.7","","79","","","","20","","7","","","","100.12","","31","","","","NA"
"-79.80","43.30","BURLINGTON PIERS (AUT)","6151061","2024-08-03 06:00","2024","08","03","06:00","","23.4","","19.7","","80","","","","25","","5","","","","100.16","","31","","","","NA"
"-79.80","43.30","BURLINGTON PIERS (AUT)","6151061","2024-08-03 07:00","2024","08","03","07:00","","23.6","","20.1","","81","","","","21","","6","","","","100.20","","31","","","","NA"
"-79.80","43.30","BURLINGTON PIERS (AUT)","6151061","2024-08-03 08:00","2024","08","03","08:00","","23.9","","20.4","","80","","","","24","","6","","","","100.20","","32","","","","NA"
"-79.80","43.30","BURLINGTON PIERS (AUT)","6151061","2024-08-03 09:00","2024","08","03","09:00","","24.5","","20.5","","78","","","","22","","7","","","","100.18","","32","","","","NA"
"-79.80","43.30","BURLINGTON PIERS (AUT)","6151061","2024-08-03 10:00","2024","08","03","10:00","","25.3","","20.5","","75","","","","23","","7","","","","100.21","","33","","","","NA"
"-79.80","43.30","BURLINGTON PIERS (AUT)","6151061","2024-08-03 11:00","2024","08","03","11:00","","25.5","","20.7","","75","","","","23","","8","","","","100.21","","34","","","","NA"
"-79.80","43.30","BURLINGTON PIERS (AUT)","6151061","2024-08-03 12:00","2024","08","03","12:00","","25.4","","19.6","","71","","","","21","","12","","","","100.21","","33","","","","NA"
"-79.80","43.30","BURLINGTON PIERS (AUT)","6151061","2024-08-03 13:00","2024","08","03","13:00","","25.4","","19.4","","69","","","","23","","9","","","","100.20","","32","","","","NA"
"-79.80","43.30","BURLINGTON PIERS (AUT)","6151061","2024-08-03 14:00","2024","08","03","14:00","","25.3","","20.0","","72","","","","23","","7","","","","100.19","","33","","","","NA"
"-79.80","43.30","BURLINGTON PIERS (AUT)","6151061","2024-08-03 15:00","2024","08","03","15:00","","26.6","","18.8","","62","","","","23","","12","","","","100.15","","33","","","","NA"
"-79.80","43.30","BURLINGTON PIERS (AUT)","6151061","2024-08-03 16:00","2024","08","03","16:00","","27.6","","20.3","","65","","","","23","","10","","","","100.11","","35","","","","NA"
"-79.80","43.30","BURLINGTON PIERS (AUT)","6151061","2024-08-03 17:00","2024","08","03","17:00","","28.1","","21.0","","65","","","","23","","9","","","","100.07","","37","","","","NA"
"-79.80","43.30","BURLINGTON PIERS (AUT)","6151061","2024-08-03 18:00","2024","08","03","18:00","","28.1","","21.7","","68","","","","25","","9","","","","100.07","","37","","","","NA"
"-79.80","43.30","BURLINGTON PIERS (AUT)","6151061","2024-08-03 19:00","2024","08","03","19:00","","28.4","","16.7","","49","","","","29","","12","","","","100.08","","33","","","","NA"
"-79.80","43.30","BURLINGTON PIERS (AUT)","6151061","2024-08-03 20:00","2024","08","03","20:00","","26.8","","18.6","","61","","","","24","","5","","","","100.12","","33","","","","NA"
"-79.80","43.30","BURLINGTON PIERS (AUT)","6151061","2024-08-03 21:00","2024","08","03","21:00","","25.6","","18.2","","64","","","","25","","8","","","","100.21","","32","","","","NA"
"-79.80","43.30","BURLINGTON PIERS (AUT)","6151061","2024-08-03 22:00","2024","08","03","22:00","","24.7","","18.0","","67","","","","25","","8","","","","100.22","","31","","","","NA"
"-79.80","43.30","BURLINGTON PIERS (AUT)","6151061","2024-08-03 23:00","2024","08","03","23:00","","24.1","","18.4","","70","","","","25","","6","","","","100.22","","30","","","","NA"
"-79.80","43.30","BURLINGTON PIERS (AUT)","6151061","2024-08-04 00:00","2024","08","04","00:00","","23.5","","17.8","","70","","","","25","","7","","","","100.23","","29","","","","NA"
"-79.80","43.30","BURLINGTON PIERS (AUT)","6151061","2024-08-04 01:00","2024","08","04","01:00","","22.9","","18.5","","76","","","","24","","7","","","","100.24","","29","","","","NA"
"-79.80","43.30","BURLINGTON PIERS (AUT)","6151061","2024-08-04 02:00","2024","08","04","02:00","","22.1","","18.1","","78","","","","25","","11","","","","100.23","","28","","","","NA"
"-79.80","43.30","BURLINGTON PIERS (AUT)","6151061","2024-08-04 03:00","2024","08","04","03:00","","21.6","","17.9","","80","","","","24","","10","","","","100.28","","28","","","","NA"
"-79.80","43.30","BURLINGTON PIERS (AUT)","6151061","2024-08-04 04:00","2024","08","04","04:00","","21.7","","18.2","","81","","","","23","","7","","","","100.27","","28","","","","NA"
"-79.80","43.30","BURLINGTON PIERS (AUT)","6151061","2024-08-04 05:00","2024","08","04","05:00","","21.3","","17.8","","80","","","","24","","9","","","","100.30","","27","","","","NA"
"-79.80","43.30","BURLINGTON PIERS (AUT)","6151061","2024-08-04 06:00","2024","08","04","06:00","","21.3","","17.5","","79","","","","23","","10","","","","100.35","","27","","","","NA"
"-79.80","43.30","BURLINGTON PIERS (AUT)","6151061","2024-08-04 07:00","2024","08","04","07:00","","21.6","","17.1","","76","","","","23","","10","","","","100.37","","27","","","","NA"
"-79.80","43.30","BURLINGTON PIERS (AUT)","6151061","2024-08-04 08:00","2024","08","04","08:00","","23.2","","18.0","","73","","","","23","","9","","","","100.43","","29","","","","NA"
"-79.80","43.30","BURLINGTON PIERS (AUT)","6151061","2024-08-04 09:00","2024","08","04","09:00","","24.7","","17.0","","62","","","","23","","11","","","","100.44","","30","","","","NA"
"-79.80","43.30","BURLINGTON PIERS (AUT)","6151061","2024-08-04 10:00","2024","08","04","10:00","","27.4","","15.8","","49","","","","26","","7","","","","100.49","","32","","","","NA"
"-79.80","43.30","BURLINGTON PIERS (AUT)","6151061","2024-08-04 11:00","2024","08","04","11:00","","28.2","","14.9","","44","","","","27","","7","","","","100.52","","32","","","","NA"
"-79.80","43.30","BURLINGTON PIERS (AUT)","6151061","2024-08-04 12:00","2024","08","04","12:00","","28.2","","13.4","","40","","","","32","","15","","","","100.56","","31","","","","NA"
"-79.80","43.30","BURLINGTON PIERS (AUT)","6151061","2024-08-04 13:00","2024","08","04","13:00","","27.7","","14.4","","44","","","","31","","14","","","","100.57","","31","","","","NA"
"-79.80","43.30","BURLINGTON PIERS (AUT)","6151061","2024-08-04 14:00","2024","08","04","14:00","","27.8","","13.7","","42","","","","29","","12","","","","100.58","","31","","","","NA"
"-79.80","43.30","BURLINGTON PIERS (AUT)","6151061","2024-08-04 15:00","2024","08","04","15:00","","27.6","","16.5","","51","","","","24","","10","","","","100.59","","33","","","","NA"
"-79.80","43.30","BURLINGTON PIERS (AUT)","6151061","2024-08-04 16:00","2024","08","04","16:00","","27.8","","14.8","","45","","","","28","","9","","","","100.57","","32","","","","NA"
"-79.80","43.30","BURLINGTON PIERS (AUT)","6151061","2024-08-04 17:00","2024","08","04","17:00","","28.2","","16.8","","50","","","","23","","10","","","","100.57","","33","","","","NA"
"-79.80","43.30","BURLINGTON PIERS (AUT)","6151061","2024-08-04 18:00","2024","08","04","18:00","","28.4","","15.2","","45","","","","26","","7","","","","100.57","","32","","","","NA"
"-79.80","43.30","BURLINGTON PIERS (AUT)","6151061","2024-08-04 19:00","2024","08","04","19:00","","27.6","","17.9","","55","","","","27","","5","","","","100.59","","34","","","","NA"
"-79.80","43.30","BURLINGTON PIERS (AUT)","6151061","2024-08-04 20:00","2024","08","04","20:00","","26.4","","19.4","","65","","","","28","","5","","","","100.62","","33","","","","NA"
"-79.80","43.30","BURLINGTON PIERS (AUT)","6151061","2024-08-04 21:00","2024","08","04","21:00","","25.6","","17.3","","60","","","","25","","7","","","","100.67","","31","","","","NA"
"-79.80","43.30","BURLINGTON PIERS (AUT)","6151061","2024-08-04 22:00","2024","08","04","22:00","","24.6","","17.7","","66","","","","25","","6","","","","100.69","","30","","","","NA"
"-79.80","43.30","BURLINGTON PIERS (AUT)","6151061","2024-08-04 23:00","2024","08","04","23:00","","23.9","","18.5","","72","","","","25","","9","","","","100.70","","30","","","","NA"
"-79.80","43.30","BURLINGTON PIERS (AUT)","6151061","2024-08-05 00:00","2024","08","05","00:00","","23.4","","18.8","","76","","","","24","","8","","","","100.70","","30","","","","NA"
"-79.80","43.30","BURLINGTON PIERS (AUT)","6151061","2024-08-05 01:00","2024","08","05","01:00","","23.1","","17.3","","70","","","","26","","6","","","","100.70","","29","","","","NA"
"-79.80","43.30","BURLINGTON PIERS (AUT)","6151061","2024-08-05 02:00","2024","08","05","02:00","","23.3","","17.2","","68","","","","","","0","","","","100.65","","29","","","","NA"
"-79.80","43.30","BURLINGTON PIERS (AUT)","6151061","2024-08-05 03:00","2024","08","05","03:00","","23.2","","18.3","","74","","","","23","","3","","","","100.61","","29","","","","NA"
"-79.80","43.30","BURLINGTON PIERS (AUT)","6151061","2024-08-05 04:00","2024","08","05","04:00","","22.4","","18.5","","78","","","","26","","3","","","","100.56","","29","","","","NA"
"-79.80","43.30","BURLINGTON PIERS (AUT)","6151061","2024-08-05 05:00","2024","08","05","05:00","","22.7","","19.7","","83","","","","23","","4","","","","100.52","","30","","","","NA"
"-79.80","43.30","BURLINGTON PIERS (AUT)","6151061","2024-08-05 06:00","2024","08","05","06:00","","22.1","","19.6","","85","","","","","","0","","","","100.55","","29","","","","NA"
"-79.80","43.30","BURLINGTON PIERS (AUT)","6151061","2024-08-05 07:00","2024","08","05","07:00","","23.2","","19.7","","81","","","","36","","8","","","","100.59","","31","","","","NA"
"-79.80","43.30","BURLINGTON PIERS (AUT)","6151061","2024-08-05 08:00","2024","08","05","08:00","","22.4","","18.2","","77","","","","3","","20","","","","100.65","","29","","","","NA"
"-79.80","43.30","BURLINGTON PIERS (AUT)","6151061","2024-08-05 09:00","2024","08","05","09:00","","21.2","","18.6","","85","","","","3","","19","","","","100.64","","28","","","","NA"
"-79.80","43.30","BURLINGTON PIERS (AUT)","6151061","2024-08-05 10:00","2024","08","05","10:00","","21.1","","18.6","","86","","","","2","","17","","","","100.62","","28","","","","NA"
"-79.80","43.30","BURLINGTON PIERS (AUT)","6151061","2024-08-05 11:00","2024","08","05","11:00","","21.6","","19.2","","86","","","","3","","14","","","","100.65","","29","","","","NA"
"-79.80","43.30","BURLINGTON PIERS (AUT)","6151061","2024-08-05 12:00","2024","08","05","12:00","","22.1","","19.3","","84","","","","7","","11","","","","100.61","","29","","","","NA"
"-79.80","43.30","BURLINGTON PIERS (AUT)","6151061","2024-08-05 13:00","2024","08","05","13:00","","22.5","","19.9","","85","","","","8","","13","","","","100.53","","30","","","","NA"
"-79.80","43.30","BURLINGTON PIERS (AUT)","6151061","2024-08-05 14:00","2024","08","05","14:00","","22.8","","20.3","","85","","","","7","","14","","","","100.50","","31","","","","NA"
"-79.80","43.30","BURLINGTON PIERS (AUT)","6151061","2024-08-05 15:00","2024","08","05","15:00","","23.3","","20.5","","84","","","","6","","9","","","","100.43","","31","","","","NA"
"-79.80","43.30","BURLINGTON PIERS (AUT)","6151061","2024-08-05 16:00","2024","08","05","16:00","","24.1","","19.4","","75","","","","22","","12","","","","100.42","","31","","","","NA"
"-79.80","43.30","BURLINGTON PIERS (AUT)","6151061","2024-08-05 17:00","2024","08","05","17:00","","24.9","","18.9","","69","","","","24","","13","","","","100.38","","32","","","","NA"
"-79.80","43.30","BURLINGTON PIERS (AUT)","6151061","2024-08-05 18:00","2024","08","05","18:00","","24.5","","19.6","","74","","","","24","","13","","","","100.41","","32","","","","NA"
"-79.80","43.30","BURLINGTON PIERS (AUT)","6151061","2024-08-05 19:00","2024","08","05","19:00","","24.6","","20.4","","77","","","","32","","11","","","","100.48","","33","","","","NA"
"-79.80","43.30","BURLINGTON PIERS (AUT)","6151061","2024-08-05 20:00","2024","08","05","20:00","","22.7","","21.3","","92","","","","1","","18","","","","100.51","","31","","","","NA"
"-79.80","43.30","BURLINGTON PIERS (AUT)","6151061","2024-08-05 21:00","2024","08","05","21:00","","23.3","","20.2","","83","","","","1","","14","","","","100.58","","31","","","","NA"
"-79.80","43.30","BURLINGTON PIERS (AUT)","6151061","2024-08-05 22:00","2024","08","05","22:00","","23.0","","18.5","","76","","","","31","","8","","","","100.62","","29","","","","NA"
"-79.80","43.30","BURLINGTON PIERS (AUT)","6151061","2024-08-05 23:00","2024","08","05","23:00","","22.8","","19.1","","79","","","","35","","19","","","","100.61","","30","","","","NA"
"-79.80","43.30","BURLINGTON PIERS (AUT)","6151061","2024-08-06 00:00","2024","08","06","00:00","","22.4","","18.5","","79","","","","1","","14","","","","100.62","","29","","","","NA"
"-79.80","43.30","BURLINGTON PIERS (AUT)","6151061","2024-08-06 01:00","2024","08","06","01:00","","22.1","","18.0","","78","","","","1","","15","","","","100.53","","28","","","","NA"
"-79.80","43.30","BURLINGTON PIERS (AUT)","6151061","2024-08-06 02:00","2024","08","06","02:00","","21.8","","17.6","","77","","","","35","","13","","","","100.57","","28","","","","NA"
"-79.80","43.30","BURLINGTON PIERS (AUT)","6151061","2024-08-06 03:00","2024","08","06","03:00","","21.5","","17.7","","79","","","","31","","8","","","","100.62","","27","","","","NA"
"-79.80","43.30","BURLINGTON PIERS (AUT)","6151061","2024-08-06 04:00","2024","08","06","04:00","","21.0","","17.0","","78","","","","36","","14","","","","100.59","","26","","","","NA"
"-79.80","43.30","BURLINGTON PIERS (AUT)","6151061","2024-08-06 05:00","2024","08","06","05:00","","20.4","","16.9","","80","","","","1","","19","","","","100.61","","26","","","","NA"
"-79.80","43.30","BURLINGTON PIERS (AUT)","6151061","2024-08-06 06:00","2024","08","06","06:00","","20.5","","17.7","","84","","","","1","","18","","","","100.66","","26","","","","NA"
"-79.80","43.30","BURLINGTON PIERS (AUT)","6151061","2024-08-06 07:00","2024","08","06","07:00","","20.3","","17.3","","83","","","","2","","21","","","","100.71","","26","","","","NA"
"-79.80","43.30","BURLINGTON PIERS (AUT)","6151061","2024-08-06 08:00","2024","08","06","08:00","","20.1","","17.3","","84","","","","1","","17","","","","100.83","","26","","","","NA"
"-79.80","43.30","BURLINGTON PIERS (AUT)","6151061","2024-08-06 09:00","2024","08","06","09:00","","19.7","","17.4","","87","","","","1","","22","","","","100.79","","","","","","NA"
"-79.80","43.30","BURLINGTON PIERS (AUT)","6151061","2024-08-06 10:00","2024","08","06","10:00","","19.4","","17.1","","87","","","","1","","23","","","","100.75","","","","","","NA"
"-79.80","43.30","BURLINGTON PIERS (AUT)","6151061","2024-08-06 11:00","2024","08","06","11:00","","20.5","","14.2","","67","","","","4","","29","","","","100.74","","","","","","NA"
"-79.80","43.30","BURLINGTON PIERS (AUT)","6151061","2024-08-06 12:00","2024","08","06","12:00","","20.4","","15.2","","72","","","","7","","29","","","","100.73","","","","","","NA"
"-79.80","43.30","BURLINGTON PIERS (AUT)","6151061","2024-08-06 13:00","2024","08","06","13:00","","20.8","","15.0","","69","","","","5","","27","","","","100.68","","25","","","","NA"
"-79.80","43.30","BURLINGTON PIERS (AUT)","6151061","2024-08-06 14:00","2024","08","06","14:00","","21.0","","15.8","","73","","","","8","","24","","","","100.73","","25","","","","NA"
"-79.80","43.30","BURLINGTON PIERS (AUT)","6151061","2024-08-06 15:00","2024","08","06","15:00","","20.7","","16.4","","76","","","","6","","29","","","","100.60","","26","","","","NA"
"-79.80","43.30","BURLINGTON PIERS (AUT)","6151061","2024-08-06 16:00","2024","08","06","16:00","","20.6","","16.7","","78","","","","6","","23","","","","100.62","","26","","","","NA"
"-79.80","43.30","BURLINGTON PIERS (AUT)","6151061","2024-08-06 17:00","2024","08","06","17:00","","21.5","","15.2","","67","","","","5","","32","","","","100.64","","26","","","","NA"
"-79.80","43.30","BURLINGTON PIERS (AUT)","6151061","2024-08-06 18:00","2024","08","06","18:00","","21.3","","15.7","","71","","","","4","","31","","","","100.61","","26","","","","NA"
"-79.80","43.30","BURLINGTON PIERS (AUT)","6151061","2024-08-06 19:00","2024","08","06","19:00","","21.5","","14.8","","66","","","","4","","32","","","","100.61","","25","","","","NA"
"-79.80","43.30","BURLINGTON PIERS (AUT)","6151061","2024-08-06 20:00","2024","08","06","20:00","","21.8","","13.2","","58","","","","4","","34","","","","100.60","","25","","","","NA"
"-79.80","43.30","BURLINGTON PIERS (AUT)","6151061","2024-08-06 21:00","2024","08","06","21:00","","20.6","","15.0","","70","","","","1","","21","","","","100.65","","25","","","","NA"
"-79.80","43.30","BURLINGTON PIERS (AUT)","6151061","2024-08-06 22:00","2024","08","06","22:00","","20.3","","14.9","","71","","","","36","","21","","","","100.69","","","","","","NA"
"-79.80","43.30","BURLINGTON PIERS (AUT)","6151061","2024-08-06 23:00","2024","08","06","23:00","","20.0","","14.9","","73","","","","1","","19","","","","100.69","","","","","","NA"
"-79.80","43.30","BURLINGTON PIERS (AUT)","6151061","2024-08-07 00:00","2024","08","07","00:00","","19.3","","14.5","","73","","","","35","","22","","","","100.69","","","","","","NA"
"-79.80","43.30","BURLINGTON PIERS (AUT)","6151061","2024-08-07 01:00","2024","08","07","01:00","","19.0","","14.2","","74","","","","2","","21","","","","100.67","","","","","","NA"
"-79.80","43.30","BURLINGTON PIERS (AUT)","6151061","2024-08-07 02:00","2024","08","07","02:00","","18.4","","14.3","","77","","","","36","","22","","","","100.63","","","","","","NA"
"-79.80","43.30","BURLINGTON PIERS (AUT)","6151061","2024-08-07 03:00","2024","08","07","03:00","","18.5","","13.6","","73","","","","36","","22","","","","100.64","","","","","","NA"
"-79.80","43.30","BURLINGTON PIERS (AUT)","6151061","2024-08-07 04:00","2024","08","07","04:00","","18.5","","12.7","","69","","","","1","","22","","","","100.63","","","","","","NA"
"-79.80","43.30","BURLINGTON PIERS (AUT)","6151061","2024-08-07 05:00","2024","08","07","05:00","","17.9","","12.0","","68","","","","1","","23","","","","100.67","","","","","","NA"
"-79.80","43.30","BURLINGTON PIERS (AUT)","6151061","2024-08-07 06:00","2024","08","07","06:00","","17.6","","11.8","","69","","","","36","","24","","","","100.71","","","","","","NA"
"-79.80","43.30","BURLINGTON PIERS (AUT)","6151061","2024-08-07 07:00","2024","08","07","07:00","","18.3","","11.1","","63","","","","36","","22","","","","100.77","","","","","","NA"
"-79.80","43.30","BURLINGTON PIERS (AUT)","6151061","2024-08-07 08:00","2024","08","07","08:00","","20.2","","13.7","","66","","","","2","","28","","","","100.80","","","","","","NA"
"-79.80","43.30","BURLINGTON PIERS (AUT)","6151061","2024-08-07 09:00","2024","08","07","09:00","","21.0","","14.4","","66","","","","5","","31","","","","100.82","","25","","","","NA"
"-79.80","43.30","BURLINGTON PIERS (AUT)","6151061","2024-08-07 10:00","2024","08","07","10:00","","21.3","","14.2","","64","","","","5","","30","","","","100.83","","25","","","","NA"
"-79.80","43.30","BURLINGTON PIERS (AUT)","6151061","2024-08-07 11:00","2024","08","07","11:00","","21.2","","13.9","","63","","","","5","","29","","","","100.82","","25","","","","NA"
"-79.80","43.30","BURLINGTON PIERS (AUT)","6151061","2024-08-07 12:00","2024","08","07","12:00","","21.4","","13.3","","60","","","","5","","30","","","","100.77","","","","","","NA"
"-79.80","43.30","BURLINGTON PIERS (AUT)","6151061","2024-08-07 13:00","2024","08","07","13:00","","21.7","","11.9","","54","","","","5","","29","","","","100.76","","","","","","NA"
"-79.80","43.30","BURLINGTON PIERS (AUT)","6151061","2024-08-07 14:00","2024","08","07","14:00","","21.8","","13.2","","58","","","","4","","30","","","","100.75","","25","","","","NA"
"-79.80","43.30","BURLINGTON PIERS (AUT)","6151061","2024-08-07 15:00","2024","08","07","15:00","","21.9","","14.4","","62","","","","5","","30","","","","100.74","","26","","","","NA"
"-79.80","43.30","BURLINGTON PIERS (AUT)","6151061","2024-08-07 16:00","2024","08","07","16:00","","22.0","","13.3","","58","","","","6","","29","","","","100.72","","25","","","","NA"
"-79.80","43.30","BURLINGTON PIERS (AUT)","6151061","2024-08-07 17:00","2024","08","07","17:00","","22.3","","13.2","","57","","","","7","","31","","","","100.69","","25","","","","NA"
"-79.80","43.30","BURLINGTON PIERS (AUT)","6151061","2024-08-07 18:00","2024","08","07","18:00","","22.2","","13.5","","58","","","","8","","28","","","","100.65","","25","","","","NA"
"-79.80","43.30","BURLINGTON PIERS (AUT)","6151061","2024-08-07 19:00","2024","08","07","19:00","","22.1","","14.6","","62","","","","7","","27","","","","100.64","","26","","","","NA"
"-79.80","43.30","BURLINGTON PIERS (AUT)","6151061","2024-08-07 20:00","2024","08","07","20:00","","22.4","","13.1","","56","","","","8","","28","","","","100.63","","25","","","","NA"
"-79.80","43.30","BURLINGTON PIERS (AUT)","6151061","2024-08-07 21:00","2024","08","07","21:00","","22.4","","14.0","","59","","","","8","","29","","","","100.63","","26","","","","NA"
"-79.80","43.30","BURLINGTON PIERS (AUT)","6151061","2024-08-07 22:00","2024","08","07","22:00","","21.9","","14.2","","62","","","","9","","28","","","","100.61","","25","","","","NA"
"-79.80","43.30","BURLINGTON PIERS (AUT)","6151061","2024-08-07 23:00","2024","08","07","23:00","","22.0","","15.8","","68","","","","9","","29","","","","100.62","","26","","","","NA"
"-79.80","43.30","BURLINGTON PIERS (AUT)","6151061","2024-08-08 00:00","2024","08","08","00:00","","21.8","","15.1","","66","","","","8","","28","","","","100.61","","26","","","","NA"
"-79.80","43.30","BURLINGTON PIERS (AUT)","6151061","2024-08-08 01:00","2024","08","08","01:00","","21.7","","16.5","","72","","","","9","","26","","","","100.55","","27","","","","NA"
"-79.80","43.30","BURLINGTON PIERS (AUT)","6151061","2024-08-08 02:00","2024","08","08","02:00","","21.6","","16.1","","71","","","","8","","26","","","","100.52","","26","","","","NA"
"-79.80","43.30","BURLINGTON PIERS (AUT)","6151061","2024-08-08 03:00","2024","08","08","03:00","","21.3","","16.0","","72","","","","8","","25","","","","100.47","","26","","","","NA"
"-79.80","43.30","BURLINGTON PIERS (AUT)","6151061","2024-08-08 04:00","2024","08","08","04:00","","21.2","","17.0","","77","","","","7","","18","","","","100.48","","26","","","","NA"
"-79.80","43.30","BURLINGTON PIERS (AUT)","6151061","2024-08-08 05:00","2024","08","08","05:00","","21.0","","17.5","","80","","","","7","","19","","","","100.46","","27","","","","NA"
"-79.80","43.30","BURLINGTON PIERS (AUT)","6151061","2024-08-08 06:00","2024","08","08","06:00","","20.7","","17.3","","81","","","","8","","17","","","","100.44","","26","","","","NA"
"-79.80","43.30","BURLINGTON PIERS (AUT)","6151061","2024-08-08 07:00","2024","08","08","07:00","","20.7","","17.5","","82","","","","6","","11","","","","100.50","","26","","","","NA"
"-79.80","43.30","BURLINGTON PIERS (AUT)","6151061","2024-08-08 08:00","2024","08","08","08:00","","20.4","","17.9","","85","","","","6","","13","","","","100.51","","26","","","","NA"
"-79.80","43.30","BURLINGTON PIERS (AUT)","6151061","2024-08-08 09:00","2024","08","08","09:00","","20.3","","18.2","","88","","","","3","","12","","","","100.47","","26","","","","NA"
"-79.80","43.30","BURLINGTON PIERS (AUT)","6151061","2024-08-08 10:00","2024","08","08","10:00","","20.6","","18.4","","87","","","","3","","12","","","","100.43","","27","","","","NA"
"-79.80","43.30","BURLINGTON PIERS (AUT)","6151061","2024-08-08 11:00","2024","08","08","11:00","","21.0","","18.8","","87","","","","4","","11","","","","100.42","","28","","","","NA"
"-79.80","43.30","BURLINGTON PIERS (AUT)","6151061","2024-08-08 12:00","2024","08","08","12:00","","21.4","","18.7","","84","","","","8","","13","","","","100.40","","28","","","","NA"
"-79.80","43.30","BURLINGTON PIERS (AUT)","6151061","2024-08-08 13:00","2024","08","08","13:00","","21.8","","19.4","","86","","","","7","","12","","","","100.39","","29","","","","NA"
"-79.80","43.30","BURLINGTON PIERS (AUT)","6151061","2024-08-08 14:00","2024","08","08","14:00","","22.1","","19.7","","86","","","","5","","10","","","","100.37","","29","","","","NA"
"-79.80","43.30","BURLINGTON PIERS (AUT)","6151061","2024-08-08 15:00","2024","08","08","15:00","","21.9","","18.8","","83","","","","8","","17","","","","100.34","","29","","","","NA"
"-79.80","43.30","BURLINGTON PIERS (AUT)","6151061","2024-08-08 16:00","2024","08","08","16:00","","22.1","","19.6","","86","","","","7","","15","","","","100.32","","29","","","","NA"
"-79.80","43.30","BURLINGTON PIERS (AUT)","6151061","2024-08-08 17:00","2024","08","08","17:00","","22.4","","19.8","","85","","","","7","","15","","","","100.31","","30","","","","NA"
"-79.80","43.30","BURLINGTON PIERS (AUT)","6151061","2024-08-08 18:00","2024","08","08","18:00","","22.6","","20.4","","87","","","","6","","9","","","","100.32","","31","","","","NA"
"-79.80","43.30","BURLINGTON PIERS (AUT)","6151061","2024-08-08 19:00","2024","08","08","19:00","","22.7","","20.9","","90","","","","6","","7","","","","100.28","","31","","","","NA"
"-79.80","43.30","BURLINGTON PIERS (AUT)","6151061","2024-08-08 20:00","2024","08","08","20:00","","22.7","","21.1","","91","","","","6","","7","","","","100.27","","31","","","","NA"
"-79.80","43.30","BURLINGTON PIERS (AUT)","6151061","2024-08-08 21:00","2024","08","08","21:00","","22.7","","21.6","","93","","","","4","","5","","","","100.27","","32","","","","NA"
"-79.80","43.30","BURLINGTON PIERS (AUT)","6151061","2024-08-08 22:00","2024","08","08","22:00","","22.8","","21.5","","92","","","","2","","9","","","","100.24","","32","","","","NA"
"-79.80","43.30","BURLINGTON PIERS (AUT)","6151061","2024-08-08 23:00","2024","08","08","23:00","","22.8","","21.8","","94","","","","3","","6","","","","100.22","","32","","","","NA"
"-79.80","43.30","BURLINGTON PIERS (AUT)","6151061","2024-08-09 00:00","2024","08","09","00:00","","22.8","","22.2","","96","","","","5","","7","","","","100.18","","32","","","","NA"
"-79.80","43.30","BURLINGTON PIERS (AUT)","6151061","2024-08-09 01:00","2024","08","09","01:00","","22.8","","22.0","","96","","","","3","","6","","","","100.12","","32","","","","NA"
"-79.80","43.30","BURLINGTON PIERS (AUT)","6151061","2024-08-09 02:00","2024","08","09","02:00","","22.7","","22.0","","96","","","","4","","6","","","","100.05","","32","","","","NA"
"-79.80","43.30","BURLINGTON PIERS (AUT)","6151061","2024-08-09 03:00","2024","08","09","03:00","","22.8","","21.8","","94","","","","5","","4","","","","100.04","","32","","","","NA"
"-79.80","43.30","BURLINGTON PIERS (AUT)","6151061","2024-08-09 04:00","2024","08","09","04:00","","22.5","","21.5","","94","","","","11","","9","","","","100.00","","31","","","","NA"
"-79.80","43.30","BURLINGTON PIERS (AUT)","6151061","2024-08-09 05:00","2024","08","09","05:00","","22.7","","21.3","","92","","","","","","0","","","","99.95","","31","","","","NA"
"-79.80","43.30","BURLINGTON PIERS (AUT)","6151061","2024-08-09 06:00","2024","08","09","06:00","","22.7","","21.3","","92","","","","12","","8","","","","99.94","","31","","","","NA"
"-79.80","43.30","BURLINGTON PIERS (AUT)","6151061","2024-08-09 07:00","2024","08","09","07:00","","22.5","","21.5","","94","","","","6","","8","","","","99.90","","31","","","","NA"
"-79.80","43.30","BURLINGTON PIERS (AUT)","6151061","2024-08-09 08:00","2024","08","09","08:00","","22.4","","21.4","","94","","","","","","0","","","","99.85","","31","","","","NA"
"-79.80","43.30","BURLINGTON PIERS (AUT)","6151061","2024-08-09 09:00","2024","08","09","09:00","","22.5","","21.5","","94","","","","4","","7","","","","99.81","","31","","","","NA"
"-79.80","43.30","BURLINGTON PIERS (AUT)","6151061","2024-08-09 10:00","2024","08","09","10:00","","21.0","","19.7","","92","","","","34","","24","","","","99.76","","28","","","","NA"
"-79.80","43.30","BURLINGTON PIERS (AUT)","6151061","2024-08-09 11:00","2024","08","09","11:00","","22.3","","19.9","","86","","","","36","","19","","","","99.71","","30","","","","NA"
"-79.80","43.30","BURLINGTON PIERS (AUT)","6151061","2024-08-09 12:00","2024","08","09","12:00","","23.7","","20.5","","83","","","","34","","14","","","","99.72","","32","","","","NA"
"-79.80","43.30","BURLINGTON PIERS (AUT)","6151061","2024-08-09 13:00","2024","08","09","13:00","","25.5","","18.9","","67","","","","34","","16","","","","99.72","","32","","","","NA"
"-79.80","43.30","BURLINGTON PIERS (AUT)","6151061","2024-08-09 14:00","2024","08","09","14:00","","27.3","","15.5","","48","","","","29","","19","","","","99.73","","32","","","","NA"
"-79.80","43.30","BURLINGTON PIERS (AUT)","6151061","2024-08-09 15:00","2024","08","09","15:00","","27.4","","16.9","","53","","","","29","","14","","","","99.74","","33","","","","NA"
"-79.80","43.30","BURLINGTON PIERS (AUT)","6151061","2024-08-09 16:00","2024","08","09","16:00","","27.2","","17.3","","55","","","","29","","19","","","","99.77","","33","","","","NA"
"-79.80","43.30","BURLINGTON PIERS (AUT)","6151061","2024-08-09 17:00","2024","08","09","17:00","","26.4","","16.2","","54","","","","28","","18","","","","99.89","","31","","","","NA"
"-79.80","43.30","BURLINGTON PIERS (AUT)","6151061","2024-08-09 18:00","2024","08","09","18:00","","25.1","","12.3","","45","","","","25","","16","","","","99.99","","28","","","","NA"
"-79.80","43.30","BURLINGTON PIERS (AUT)","6151061","2024-08-09 19:00","2024","08","09","19:00","","23.9","","11.9","","47","","","","26","","12","","","","100.07","","26","","","","NA"
"-79.80","43.30","BURLINGTON PIERS (AUT)","6151061","2024-08-09 20:00","2024","08","09","20:00","","22.1","","12.5","","54","","","","27","","8","","","","100.19","","25","","","","NA"
"-79.80","43.30","BURLINGTON PIERS (AUT)","6151061","2024-08-09 21:00","2024","08","09","21:00","","20.9","","12.7","","59","","","","25","","6","","","","100.25","","","","","","NA"
"-79.80","43.30","BURLINGTON PIERS (AUT)","6151061","2024-08-09 22:00","2024","08","09","22:00","","20.6","","13.9","","66","","","","24","","6","","","","100.26","","","","","","NA"
"-79.80","43.30","BURLINGTON PIERS (AUT)","6151061","2024-08-09 23:00","2024","08","09","23:00","","19.6","","14.0","","70","","","","26","","6","","","","100.27","","","","","","NA"
"-79.80","43.30","BURLINGTON PIERS (AUT)","6151061","2024-08-10 00:00","2024","08","10","00:00","","19.1","","13.3","","69","","","","25","","7","","","","100.29","","","","","","NA"
"-79.80","43.30","BURLINGTON PIERS (AUT)","6151061","2024-08-10 01:00","2024","08","10","01:00","","19.2","","14.1","","72","","","","25","","7","","","","100.30","","","","","","NA"
"-79.80","43.30","BURLINGTON PIERS (AUT)","6151061","2024-08-10 02:00","2024","08","10","02:00","","18.6","","14.3","","76","","","","26","","7","","","","100.32","","","","","","NA"
"-79.80","43.30","BURLINGTON PIERS (AUT)","6151061","2024-08-10 03:00","2024","08","10","03:00","","18.4","","13.6","","74","","","","24","","12","","","","100.35","","","","","","NA"
"-79.80","43.30","BURLINGTON PIERS (AUT)","6151061","2024-08-10 04:00","2024","08","10","04:00","","17.8","","14.7","","82","","","","25","","13","","","","100.34","","","","","","NA"
"-79.80","43.30","BURLINGTON PIERS (AUT)","6151061","2024-08-10 05:00","2024","08","10","05:00","","17.6","","13.9","","79","","","","24","","9","","","","100.37","","","","","","NA"
"-79.80","43.30","BURLINGTON PIERS (AUT)","6151061","2024-08-10 06:00","2024","08","10","06:00","","17.3","","14.2","","82","","","","24","","12","","","","100.43","","","","","","NA"
"-79.80","43.30","BURLINGTON PIERS (AUT)","6151061","2024-08-10 07:00","2024","08","10","07:00","","17.5","","13.6","","78","","","","24","","14","","","","100.49","","","","","","NA"
"-79.80","43.30","BURLINGTON PIERS (AUT)","6151061","2024-08-10 08:00","2024","08","10","08:00","","18.5","","13.8","","74","","","","24","","12","","","","100.52","","","","","","NA"
"-79.80","43.30","BURLINGTON PIERS (AUT)","6151061","2024-08-10 09:00","2024","08","10","09:00","","19.6","","13.8","","69","","","","23","","14","","","","100.52","","","","","","NA"
"-79.80","43.30","BURLINGTON PIERS (AUT)","6151061","2024-08-10 10:00","2024","08","10","10:00","","20.6","","11.9","","57","","","","24","","13","","","","100.55","","","","","","NA"
"-79.80","43.30","BURLINGTON PIERS (AUT)","6151061","2024-08-10 11:00","2024","08","10","11:00","","21.1","","12.4","","57","","","","23","","17","","","","100.58","","","","","","NA"
"-79.80","43.30","BURLINGTON PIERS (AUT)","6151061","2024-08-10 12:00","2024","08","10","12:00","","21.8","","11.3","","51","","","","24","","16","","","","100.52","","","","","","NA"
"-79.80","43.30","BURLINGTON PIERS (AUT)","6151061","2024-08-10 13:00","2024","08","10","13:00","","22.1","","9.6","","45","","","","23","","17","","","","100.51","","","","","","NA"
"-79.80","43.30","BURLINGTON PIERS (AUT)","6151061","2024-08-10 14:00","2024","08","10","14:00","","22.4","","9.7","","45","","","","26","","12","","","","100.50","","","","","","NA"
"-79.80","43.30","BURLINGTON PIERS (AUT)","6151061","2024-08-10 15:00","2024","08","10","15:00","","22.7","","10.8","","47","","","","24","","15","","","","100.51","","","","","","NA"
"-79.80","43.30","BURLINGTON PIERS (AUT)","6151061","2024-08-10 16:00","2024","08","10","16:00","","22.4","","11.2","","49","","","","24","","13","","","","100.52","","","","","","NA"
"-79.80","43.30","BURLINGTON PIERS (AUT)","6151061","2024-08-10 17:00","2024","08","10","17:00","","21.7","","11.5","","52","","","","25","","13","","","","100.54","","","","","","NA"
"-79.80","43.30","BURLINGTON PIERS (AUT)","6151061","2024-08-10 18:00","2024","08","10","18:00","","21.4","","11.8","","54","","","","25","","11","","","","100.53","","","","","","NA"
"-79.80","43.30","BURLINGTON PIERS (AUT)","6151061","2024-08-10 19:00","2024","08","10","19:00","","21.3","","13.9","","63","","","","24","","8","","","","100.53","","25","","","","NA"
"-79.80","43.30","BURLINGTON PIERS (AUT)","6151061","2024-08-10 20:00","2024","08","10","20:00","","21.0","","13.1","","61","","","","23","","8","","","","100.54","","","","","","NA"
"-79.80","43.30","BURLINGTON PIERS (AUT)","6151061","2024-08-10 21:00","2024","08","10","21:00","","20.7","","12.5","","59","","","","23","","11","","","","100.59","","","","","","NA"
"-79.80","43.30","BURLINGTON PIERS (AUT)","6151061","2024-08-10 22:00","2024","08","10","22:00","","20.4","","12.7","","61","","","","21","","12","","","","100.59","","","","","","NA"
"-79.80","43.30","BURLINGTON PIERS (AUT)","6151061","2024-08-10 23:00","2024","08","10","23:00","","19.8","","13.3","","66","","","","23","","11","","","","100.62","","","","","","NA"
"-79.80","43.30","BURLINGTON PIERS (AUT)","6151061","2024-08-11 00:00","2024","08","11","00:00","","19.0","","12.4","","66","","","","25","","10","","","","100.61","","","","","","NA"
"-79.80","43.30","BURLINGTON PIERS (AUT)","6151061","2024-08-11 01:00","2024","08","11","01:00","","18.0","","12.2","","69","","","","25","","13","","","","100.59","","","","","","NA"
"-79.80","43.30","BURLINGTON PIERS (AUT)","6151061","2024-08-11 02:00","2024","08","11","02:00","","17.6","","10.7","","64","","","","25","","12","","","","100.59","","","","","","NA"
"-79.80","43.30","BURLINGTON PIERS (AUT)","6151061","2024-08-11 03:00","2024","08","11","03:00","","17.1","","12.5","","74","","","","24","","10","","","","100.56","","","","","","NA"
"-79.80","43.30","BURLINGTON PIERS (AUT)","6151061","2024-08-11 04:00","2024","08","11","04:00","","16.5","","12.2","","76","","","","25","","10","","","","100.54","","","","","","NA"
"-79.80","43.30","BURLINGTON PIERS (AUT)","6151061","2024-08-11 05:00","2024","08","11","05:00","","16.7","","12.6","","77","","","","25","","9","","","","100.53","","","","","","NA"
"-79.80","43.30","BURLINGTON PIERS (AUT)","6151061","2024-08-11 06:00","2024","08","11","06:00","","17.4","","13.6","","78","","","","24","","10","","","","100.55","","","","","","NA"
"-79.80","43.30","BURLINGTON PIERS (AUT)","6151061","2024-08-11 07:00","2024","08","11","07:00","","18.1","","13.7","","76","","","","23","","12","","","","100.53","","","","","","NA"
"-79.80","43.30","BURLINGTON PIERS (AUT)","6151061","2024-08-11 08:00","2024","08","11","08:00","","18.8","","13.7","","72","","","","25","","13","","","","100.57","","","","","","NA"
"-79.80","43.30","BURLINGTON PIERS (AUT)","6151061","2024-08-11 09:00","2024","08","11","09:00","","19.9","","12.9","","64","","","","24","","15","","","","100.55","","","","","","NA"
"-79.80","43.30","BURLINGTON PIERS (AUT)","6151061","2024-08-11 10:00","2024","08","11","10:00","","20.7","","13.3","","63","","","","24","","16","","","","100.56","","","","","","NA"
"-79.80","43.30","BURLINGTON PIERS (AUT)","6151061","2024-08-11 11:00","2024","08","11","11:00","","20.5","","12.5","","60","","","","26","","12","","","","100.54","","","","","","NA"
"-79.80","43.30","BURLINGTON PIERS (AUT)","6151061","2024-08-11 12:00","2024","08","11","12:00","","18.7","","14.6","","77","","","","22","","12","","","","100.51","","","","","","NA"
"-79.80","43.30","BURLINGTON PIERS (AUT)","6151061","2024-08-11 13:00","2024","08","11","13:00","","21.2","","11.9","","55","","","","24","","17","","","","100.49","","","","","","NA"
"-79.80","43.30","BURLINGTON PIERS (AUT)","6151061","2024-08-11 14:00","2024","08","11","14:00","","19.5","","15.5","","78","","","","30","","27","","","","100.50","","","","","","NA"
"-79.80","43.30","BURLINGTON PIERS (AUT)","6151061","2024-08-11 15:00","2024","08","11","15:00","","21.1","","11.6","","55","","","","27","","18","","","","100.51","","","","","","NA"
"-79.80","43.30","BURLINGTON PIERS (AUT)","6151061","2024-08-11 16:00","2024","08","11","16:00","","21.6","","10.3","","49","","","","25","","20","","","","100.52","","","","","","NA"
"-79.80","43.30","BURLINGTON PIERS (AUT)","6151061","2024-08-11 17:00","2024","08","11","17:00","","21.8","","7.3","","39","","","","26","","14","","","","100.52","","","","","","NA"
"-79.80","43.30","BURLINGTON PIERS (AUT)","6151061","2024-08-11 18:00","2024","08","11","18:00","","21.8","","","M","","M","","","27","","15","","","","100.52","","","","","","NA"
"-79.80","43.30","BURLINGTON PIERS (AUT)","6151061","2024-08-11 19:00","2024","08","11","19:00","","21.3","","10.3","","50","","","","26","","8","","","","100.54","","","","","","NA"
"-79.80","43.30","BURLINGTON PIERS (AUT)","6151061","2024-08-11 20:00","2024","08","11","20:00","","20.2","","11.6","","58","","","","30","","5","","","","100.56","","","","","","NA"
"-79.80","43.30","BURLINGTON PIERS (AUT)","6151061","2024-08-11 21:00","2024","08","11","21:00","","19.7","","13.9","","69","","","","26","","3","","","","100.58","","","","","","NA"
"-79.80","43.30","BURLINGTON PIERS (AUT)","6151061","2024-08-11 22:00","2024","08","11","22:00","","19.0","","12.9","","67","","","","26","","5","","","","100.57","","","","","","NA"
"-79.80","43.30","BURLINGTON PIERS (AUT)","6151061","2024-08-11 23:00","2024","08","11","23:00","","19.4","","11.3","","59","","","","23","","10","","","","100.57","","","","","","NA"
"-79.80","43.30","BURLINGTON PIERS (AUT)","6151061","2024-08-12 00:00","2024","08","12","00:00","","18.2","","12.7","","70","","","","27","","6","","","","100.59","","","","","","NA"
"-79.80","43.30","BURLINGTON PIERS (AUT)","6151061","2024-08-12 01:00","2024","08","12","01:00","","17.4","","13.0","","75","","","","28","","9","","","","100.58","","","","","","NA"
"-79.80","43.30","BURLINGTON PIERS (AUT)","6151061","2024-08-12 02:00","2024","08","12","02:00","","17.6","","14.4","","82","","","","25","","8","","","","100.59","","","","","","NA"
"-79.80","43.30","BURLINGTON PIERS (AUT)","6151061","2024-08-12 03:00","2024","08","12","03:00","","16.7","","14.3","","86","","","","25","","10","","","","100.63","","","","","","NA"
"-79.80","43.30","BURLINGTON PIERS (AUT)","6151061","2024-08-12 04:00","2024","08","12","04:00","","16.3","","13.7","","84","","","","27","","6","","","","100.63","","","","","","NA"
"-79.80","43.30","BURLINGTON PIERS (AUT)","6151061","2024-08-12 05:00","2024","08","12","05:00","","16.3","","13.7","","85","","","","26","","4","","","","100.64","","","","","","NA"
"-79.80","43.30","BURLINGTON PIERS (AUT)","6151061","2024-08-12 06:00","2024","08","12","06:00","","16.2","","12.7","","80","","","","25","","8","","","","100.69","","","","","","NA"
"-79.80","43.30","BURLINGTON PIERS (AUT)","6151061","2024-08-12 07:00","2024","08","12","07:00","","16.0","","13.2","","83","","","","25","","9","","","","100.71","","","","","","NA"
"-79.80","43.30","BURLINGTON PIERS (AUT)","6151061","2024-08-12 08:00","2024","08","12","08:00","","17.1","","13.6","","80","","","","28","","9","","","","100.75","","","","","","NA"
"-79.80","43.30","BURLINGTON PIERS (AUT)","6151061","2024-08-12 09:00","2024","08","12","09:00","","17.9","","14.3","","79","","","","25","","10","","","","100.77","","","","","","NA"
"-79.80","43.30","BURLINGTON PIERS (AUT)","6151061","2024-08-12 10:00","2024","08","12","10:00","","19.3","","11.1","","59","","","","25","","8","","","","100.80","","","","","","NA"
"-79.80","43.30","BURLINGTON PIERS (AUT)","6151061","2024-08-12 11:00","2024","08","12","11:00","","21.5","","11.4","","52","","","","25","","11","","","","100.81","","","","","","NA"
"-79.80","43.30","BURLINGTON PIERS (AUT)","6151061","2024-08-12 12:00","2024","08","12","12:00","","22.2","","13.6","","58","","","","28","","10","","","","100.81","","25","","","","NA"
"-79.80","43.30","BURLINGTON PIERS (AUT)","6151061","2024-08-12 13:00","2024","08","12","13:00","","23.3","","","M","","M","","","27","","12","","","","100.78","","","","","","NA"
"-79.80","43.30","BURLINGTON PIERS (AUT)","6151061","2024-08-12 14:00","2024","08","12","14:00","","22.6","","12.3","","52","","","","33","","17","","","","100.76","","25","","","","NA"
"-79.80","43.30","BURLINGTON PIERS (AUT)","6151061","2024-08-12 15:00","2024","08","12","15:00","","23.4","","13.0","","52","","","","29","","12","","","","100.73","","26","","","","NA"
"-79.80","43.30","BURLINGTON PIERS (AUT)","6151061","2024-08-12 16:00","2024","08","12","16:00","","23.7","","13.2","","52","","","","28","","14","","","","100.73","","27","","","","NA"
"-79.80","43.30","BURLINGTON PIERS (AUT)","6151061","2024-08-12 17:00","2024","08","12","17:00","","22.4","","14.9","","63","","","","35","","13","","","","100.73","","26","","","","NA"
"-79.80","43.30","BURLINGTON PIERS (AUT)","6151061","2024-08-12 18:00","2024","08","12","18:00","","22.6","","15.5","","64","","","","11","","11","","","","100.72","","27","","","","NA"
"-79.80","43.30","BURLINGTON PIERS (AUT)","6151061","2024-08-12 19:00","2024","08","12","19:00","","23.0","","15.3","","62","","","","13","","3","","","","100.74","","27","","","","NA"
"-79.80","43.30","BURLINGTON PIERS (AUT)","6151061","2024-08-12 20:00","2024","08","12","20:00","","22.6","","14.3","","59","","","","31","","7","","","","100.78","","26","","","","NA"
"-79.80","43.30","BURLINGTON PIERS (AUT)","6151061","2024-08-12 21:00","2024","08","12","21:00","","21.6","","13.0","","58","","","","32","","12","","","","100.84","","","","","","NA"
"-79.80","43.30","BURLINGTON PIERS (AUT)","6151061","2024-08-12 22:00","2024","08","12","22:00","","21.1","","13.6","","62","","","","32","","9","","","","100.87","","","","","","NA"
"-79.80","43.30","BURLINGTON PIERS (AUT)","6151061","2024-08-12 23:00","2024","08","12","23:00","","20.1","","14.2","","69","","","","25","","7","","","","100.90","","","","","","NA"
"-79.80","43.30","BURLINGTON PIERS (AUT)","6151061","2024-08-13 00:00","2024","08","13","00:00","","19.5","","13.9","","70","","","","26","","4","","","","100.89","","","","","","NA"
"-79.80","43.30","BURLINGTON PIERS (AUT)","6151061","2024-08-13 01:00","2024","08","13","01:00","","18.8","","13.5","","71","","","","25","","5","","","","100.89","","","","","","NA"
"-79.80","43.30","BURLINGTON PIERS (AUT)","6151061","2024-08-13 02:00","2024","08","13","02:00","","18.4","","14.5","","78","","","","28","","5","","","","100.90","","","","","","NA"
"-79.80","43.30","BURLINGTON PIERS (AUT)","6151061","2024-08-13 03:00","2024","08","13","03:00","","18.0","","14.2","","79","","","","25","","7","","","","100.93","","","","","","NA"
"-79.80","43.30","BURLINGTON PIERS (AUT)","6151061","2024-08-13 04:00","2024","08","13","04:00","","17.4","","14.8","","85","","","","25","","10","","","","100.97","","","","","","NA"
"-79.80","43.30","BURLINGTON PIERS (AUT)","6151061","2024-08-13 05:00","2024","08","13","05:00","","17.3","","14.3","","83","","","","25","","6","","","","101.01","","","","","","NA"
"-79.80","43.30","BURLINGTON PIERS (AUT)","6151061","2024-08-13 06:00","2024","08","13","06:00","","17.3","","14.1","","82","","","","25","","5","","","","101.05","","","","","","NA"
"-79.80","43.30","BURLINGTON PIERS (AUT)","6151061","2024-08-13 07:00","2024","08","13","07:00","","17.7","","14.4","","81","","","","23","","8","","","","101.07","","","","","","NA"
"-79.80","43.30","BURLINGTON PIERS (AUT)","6151061","2024-08-13 08:00","2024","08","13","08:00","","18.8","","14.7","","77","","","","25","","7","","","","101.08","","","","","","NA"
"-79.80","43.30","BURLINGTON PIERS (AUT)","6151061","2024-08-13 09:00","2024","08","13","09:00","","20.4","","14.8","","70","","","","22","","5","","","","101.08","","","","","","NA"
"-79.80","43.30","BURLINGTON PIERS (AUT)","6151061","2024-08-13 10:00","2024","08","13","10:00","","21.0","","14.9","","68","","","","12","","8","","","","101.10","","25","","","","NA"
"-79.80","43.30","BURLINGTON PIERS (AUT)","6151061","2024-08-13 11:00","2024","08","13","11:00","","21.8","","15.2","","67","","","","12","","11","","","","101.11","","26","","","","NA"
"-79.80","43.30","BURLINGTON PIERS (AUT)","6151061","2024-08-13 12:00","2024","08","13","12:00","","22.2","","14.8","","63","","","","12","","15","","","","101.08","","26","","","","NA"
"-79.80","43.30","BURLINGTON PIERS (AUT)","6151061","2024-08-13 13:00","2024","08","13","13:00","","22.8","","13.1","","54","","","","12","","12","","","","101.06","","26","","","","NA"
"-79.80","43.30","BURLINGTON PIERS (AUT)","6151061","2024-08-13 14:00","2024","08","13","14:00","","23.1","","14.8","","59","","","","11","","16","","","","101.01","","27","","","","NA"
"-79.80","43.30","BURLINGTON PIERS (AUT)","6151061","2024-08-13 15:00","2024","08","13","15:00","","23.2","","16.9","","68","","","","10","","13","","","","100.98","","28","","","","NA"
"-79.80","43.30","BURLINGTON PIERS (AUT)","6151061","2024-08-13 16:00","2024","08","13","16:00","","23.4","","16.7","","66","","","","10","","12","","","","100.95","","28","","","","NA"
"-79.80","43.30","BURLINGTON PIERS (AUT)","6151061","2024-08-13 17:00","2024","08","13","17:00","","23.6","","17.3","","68","","","","10","","9","","","","100.94","","29","","","","NA"
"-79.80","43.30","BURLINGTON PIERS (AUT)","6151061","2024-08-13 18:00","2024","08","13","18:00","","24.1","","15.5","","59","","","","12","","9","","","","100.94","","28","","","","NA"
"-79.80","43.30","BURLINGTON PIERS (AUT)","6151061","2024-08-13 19:00","2024","08","13","19:00","","25.0","","15.9","","57","","","","","","0","","","","100.96","","30","","","","NA"
"-79.80","43.30","BURLINGTON PIERS (AUT)","6151061","2024-08-13 20:00","2024","08","13","20:00","","24.2","","16.2","","61","","","","23","","8","","","","101.00","","29","","","","NA"
"-79.80","43.30","BURLINGTON PIERS (AUT)","6151061","2024-08-13 21:00","2024","08","13","21:00","","22.8","","15.2","","62","","","","32","","11","","","","101.03","","27","","","","NA"
"-79.80","43.30","BURLINGTON PIERS (AUT)","6151061","2024-08-13 22:00","2024","08","13","22:00","","22.4","","16.4","","69","","","","25","","7","","","","101.03","","27","","","","NA"
"-79.80","43.30","BURLINGTON PIERS (AUT)","6151061","2024-08-13 23:00","2024","08","13","23:00","","22.0","","14.8","","64","","","","26","","5","","","","101.05","","26","","","","NA"
"-79.80","43.30","BURLINGTON PIERS (AUT)","6151061","2024-08-14 00:00","2024","08","14","00:00","","21.1","","16.8","","77","","","","24","","5","","","","101.07","","26","","","","NA"
"-79.80","43.30","BURLINGTON PIERS (AUT)","6151061","2024-08-14 01:00","2024","08","14","01:00","","21.2","","15.0","","68","","","","31","","3","","","","101.07","","25","","","","NA"
"-79.80","43.30","BURLINGTON PIERS (AUT)","6151061","2024-08-14 02:00","2024","08","14","02:00","","20.8","","15.4","","71","","","","34","","5","","","","101.09","","25","","","","NA"
"-79.80","43.30","BURLINGTON PIERS (AUT)","6151061","2024-08-14 03:00","2024","08","14","03:00","","20.4","","15.3","","72","","","","28","","3","","","","101.12","","25","","","","NA"
"-79.80","43.30","BURLINGTON PIERS (AUT)","6151061","2024-08-14 04:00","2024","08","14","04:00","","18.9","","15.6","","81","","","","24","","6","","","","101.13","","","","","","NA"
"-79.80","43.30","BURLINGTON PIERS (AUT)","6151061","2024-08-14 05:00","2024","08","14","05:00","","18.4","","16.1","","86","","","","24","","7","","","","101.14","","","","","","NA"
"-79.80","43.30","BURLINGTON PIERS (AUT)","6151061","2024-08-14 06:00","2024","08","14","06:00","","18.1","","15.2","","83","","","","23","","10","","","","101.17","","","","","","NA"
"-79.80","43.30","BURLINGTON PIERS (AUT)","6151061","2024-08-14 07:00","2024","08","14","07:00","","18.7","","15.0","","79","","","","23","","10","","","","101.21","","","","","","NA"
"-79.80","43.30","BURLINGTON PIERS (AUT)","6151061","2024-08-14 08:00","2024","08","14","08:00","","20.4","","15.7","","74","","","","23","","3","","","","101.26","","25","","","","NA"
"-79.80","43.30","BURLINGTON PIERS (AUT)","6151061","2024-08-14 09:00","2024","08","14","09:00","","21.5","","13.0","","58","","","","9","","4","","","","101.28","","","","","","NA"
"-79.80","43.30","BURLINGTON PIERS (AUT)","6151061","2024-08-14 10:00","2024","08","14","10:00","","21.8","","13.8","","60","","","","12","","8","","","","101.31","","25","","","","NA"
"-79.80","43.30","BURLINGTON PIERS (AUT)","6151061","2024-08-14 11:00","2024","08","14","11:00","","22.4","","15.0","","63","","","","13","","11","","","","101.31","","26","","","","NA"
"-79.80","43.30","BURLINGTON PIERS (AUT)","6151061","2024-08-14 12:00","2024","08","14","12:00","","23.3","","14.5","","58","","","","11","","12","","","","101.26","","27","","","","NA"
"-79.80","43.30","BURLINGTON PIERS (AUT)","6151061","2024-08-14 13:00","2024","08","14","13:00","","23.9","","14.3","","55","","","","8","","14","","","","101.20","","27","","","","NA"
"-79.80","43.30","BURLINGTON PIERS (AUT)","6151061","2024-08-14 14:00","2024","08","14","14:00","","26.7","","12.0","","40","","","","20","","8","","","","101.16","","29","","","","NA"
"-79.80","43.30","BURLINGTON PIERS (AUT)","6151061","2024-08-14 15:00","2024","08","14","15:00","","25.1","","15.1","","54","","","","14","","7","","","","101.11","","29","","","","NA"
"-79.80","43.30","BURLINGTON PIERS (AUT)","6151061","2024-08-14 16:00","2024","08","14","16:00","","27.5","","11.9","","38","","","","22","","7","","","","101.11","","30","","","","NA"
"-79.80","43.30","BURLINGTON PIERS (AUT)","6151061","2024-08-14 17:00","2024","08","14","17:00","","27.4","","13.5","","42","","","","23","","8","","","","101.06","","30","","","","NA"
"-79.80","43.30","BURLINGTON PIERS (AUT)","6151061","2024-08-14 18:00","2024","08","14","18:00","","27.3","","14.2","","45","","","","25","","7","","","","101.05","","31","","","","NA"
"-79.80","43.30","BURLINGTON PIERS (AUT)","6151061","2024-08-14 19:00","2024","08","14","19:00","","26.6","","13.8","","45","","","","25","","4","","","","101.06","","30","","","","NA"
"-79.80","43.30","BURLINGTON PIERS (AUT)","6151061","2024-08-14 20:00","2024","08","14","20:00","","24.9","","17.3","","63","","","","21","","11","","","","101.08","","30","","","","NA"
"-79.80","43.30","BURLINGTON PIERS (AUT)","6151061","2024-08-14 21:00","2024","08","14","21:00","","23.5","","17.5","","69","","","","26","","5","","","","101.11","","29","","","","NA"
"-79.80","43.30","BURLINGTON PIERS (AUT)","6151061","2024-08-14 22:00","2024","08","14","22:00","","22.3","","17.4","","74","","","","26","","8","","","","101.11","","28","","","","NA"
"-79.80","43.30","BURLINGTON PIERS (AUT)","6151061","2024-08-14 23:00","2024","08","14","23:00","","21.7","","16.9","","74","","","","25","","10","","","","101.08","","27","","","","NA"
"-79.80","43.30","BURLINGTON PIERS (AUT)","6151061","2024-08-15 00:00","2024","08","15","00:00","","20.9","","16.8","","77","","","","25","","10","","","","101.04","","26","","","","NA"
"-79.80","43.30","BURLINGTON PIERS (AUT)","6151061","2024-08-15 01:00","2024","08","15","01:00","","20.7","","16.0","","74","","","","24","","11","","","","101.03","","25","","","","NA"
"-79.80","43.30","BURLINGTON PIERS (AUT)","6151061","2024-08-15 02:00","2024","08","15","02:00","","20.2","","15.9","","76","","","","24","","7","","","","101.02","","25","","","","NA"
"-79.80","43.30","BURLINGTON PIERS (AUT)","6151061","2024-08-15 03:00","2024","08","15","03:00","","19.8","","16.0","","79","","","","25","","7","","","","101.02","","","","","","NA"
"-79.80","43.30","BURLINGTON PIERS (AUT)","6151061","2024-08-15 04:00","2024","08","15","04:00","","19.3","","16.5","","84","","","","23","","9","","","","101.03","","","","","","NA"
"-79.80","43.30","BURLINGTON PIERS (AUT)","6151061","2024-08-15 05:00","2024","08","15","05:00","","18.9","","16.5","","86","","","","23","","8","","","","101.06","","","","","","NA"
"-79.80","43.30","BURLINGTON PIERS (AUT)","6151061","2024-08-15 06:00","2024","08","15","06:00","","18.3","","15.6","","84","","","","24","","9","","","","101.10","","","","","","NA"
"-79.80","43.30","BURLINGTON PIERS (AUT)","6151061","2024-08-15 07:00","2024","08","15","07:00","","18.7","","15.4","","81","","","","23","","11","","","","101.15","","","","","","NA"
"-79.80","43.30","BURLINGTON PIERS (AUT)","6151061","2024-08-15 08:00","2024","08","15","08:00","","20.3","","15.9","","75","","","","23","","8","","","","101.18","","25","","","","NA"
"-79.80","43.30","BURLINGTON PIERS (AUT)","6151061","2024-08-15 09:00","2024","08","15","09:00","","21.6","","16.6","","73","","","","12","","5","","","","101.14","","27","","","","NA"
"-79.80","43.30","BURLINGTON PIERS (AUT)","6151061","2024-08-15 10:00","2024","08","15","10:00","","23.2","","17.0","","68","","","","","","0","","","","101.17","","28","","","","NA"
"-79.80","43.30","BURLINGTON PIERS (AUT)","6151061","2024-08-15 11:00","2024","08","15","11:00","","23.2","","17.0","","68","","","","6","","6","","","","101.11","","28","","","","NA"
"-79.80","43.30","BURLINGTON PIERS (AUT)","6151061","2024-08-15 12:00","2024","08","15","12:00","","23.4","","17.8","","71","","","","7","","9","","","","101.05","","29","","","","NA"
"-79.80","43.30","BURLINGTON PIERS (AUT)","6151061","2024-08-15 13:00","2024","08","15","13:00","","24.0","","18.1","","70","","","","7","","12","","","","101.01","","30","","","","NA"
"-79.80","43.30","BURLINGTON PIERS (AUT)","6151061","2024-08-15 14:00","2024","08","15","14:00","","24.5","","17.4","","64","","","","7","","13","","","","100.96","","30","","","","NA"
"-79.80","43.30","BURLINGTON PIERS (AUT)","6151061","2024-08-15 15:00","2024","08","15","15:00","","24.7","","15.5","","57","","","","7","","13","","","","100.90","","29","","","","NA"
"-79.80","43.30","BURLINGTON PIERS (AUT)","6151061","2024-08-15 16:00","2024","08","15","16:00","","25.3","","16.6","","59","","","","5","","8","","","","100.87","","30","","","","NA"
"-79.80","43.30","BURLINGTON PIERS (AUT)","6151061","2024-08-15 17:00","2024","08","15","17:00","","27.9","","12.9","","40","","","","19","","4","","","","100.83","","31","","","","NA"
"-79.80","43.30","BURLINGTON PIERS (AUT)","6151061","2024-08-15 18:00","2024","08","15","18:00","","27.4","","11.9","","38","","","","17","","11","","","","100.81","","30","","","","NA"
"-79.80","43.30","BURLINGTON PIERS (AUT)","6151061","2024-08-15 19:00","2024","08","15","19:00","","24.1","","19.4","","75","","","","11","","14","","","","100.78","","31","","","","NA"
"-79.80","43.30","BURLINGTON PIERS (AUT)","6151061","2024-08-15 20:00","2024","08","15","20:00","","23.8","","19.3","","76","","","","11","","14","","","","100.80","","31","","","","NA"
"-79.80","43.30","BURLINGTON PIERS (AUT)","6151061","2024-08-15 21:00","2024","08","15","21:00","","24.0","","17.7","","68","","","","13","","9","","","","100.83","","30","","","","NA"
"-79.80","43.30","BURLINGTON PIERS (AUT)","6151061","2024-08-15 22:00","2024","08","15","22:00","","22.5","","18.5","","78","","","","24","","5","","","","100.83","","29","","","","NA"
"-79.80","43.30","BURLINGTON PIERS (AUT)","6151061","2024-08-15 23:00","2024","08","15","23:00","","22.3","","19.1","","82","","","","","","0","","","","100.81","","29","","","","NA"
"-79.80","43.30","BURLINGTON PIERS (AUT)","6151061","2024-08-16 00:00","2024","08","16","00:00","","22.0","","19.1","","84","","","","","","0","","","","100.79","","29","","","","NA"
"-79.80","43.30","BURLINGTON PIERS (AUT)","6151061","2024-08-16 01:00","2024","08","16","01:00","","22.2","","15.8","","67","","","","","","0","","","","100.74","","27","","","","NA"
"-79.80","43.30","BURLINGTON PIERS (AUT)","6151061","2024-08-16 02:00","2024","08","16","02:00","","21.0","","17.0","","78","","","","","","0","","","","100.68","","26","","","","NA"
"-79.80","43.30","BURLINGTON PIERS (AUT)","6151061","2024-08-16 03:00","2024","08","16","03:00","","20.4","","17.2","","82","","","","25","","5","","","","100.66","","26","","","","NA"
"-79.80","43.30","BURLINGTON PIERS (AUT)","6151061","2024-08-16 04:00","2024","08","16","04:00","","20.2","","17.5","","84","","","","","","0","","","","100.64","","26","","","","NA"
"-79.80","43.30","BURLINGTON PIERS (AUT)","6151061","2024-08-16 05:00","2024","08","16","05:00","","20.0","","16.0","","78","","","","29","","4","","","","100.64","","25","","","","NA"
"-79.80","43.30","BURLINGTON PIERS (AUT)","6151061","2024-08-16 06:00","2024","08","16","06:00","","20.2","","16.3","","78","","","","36","","9","","","","100.59","","25","","","","NA"
"-79.80","43.30","BURLINGTON PIERS (AUT)","6151061","2024-08-16 07:00","2024","08","16","07:00","","20.7","","17.2","","80","","","","1","","6","","","","100.59","","26","","","","NA"
"-79.80","43.30","BURLINGTON PIERS (AUT)","6151061","2024-08-16 08:00","2024","08","16","08:00","","22.0","","18.2","","79","","","","5","","4","","","","100.59","","28","","","","NA"
"-79.80","43.30","BURLINGTON PIERS (AUT)","6151061","2024-08-16 09:00","2024","08","16","09:00","","22.4","","18.4","","78","","","","6","","5","","","","100.61","","29","","","","NA"
"-79.80","43.30","BURLINGTON PIERS (AUT)","6151061","2024-08-16 10:00","2024","08","16","10:00","","22.5","","18.4","","78","","","","4","","14","","","","100.55","","29","","","","NA"
"-79.80","43.30","BURLINGTON PIERS (AUT)","6151061","2024-08-16 11:00","2024","08","16","11:00","","22.9","","19.3","","80","","","","4","","14","","","","100.53","","30","","","","NA"
"-79.80","43.30","BURLINGTON PIERS (AUT)","6151061","2024-08-16 12:00","2024","08","16","12:00","","23.1","","20.0","","83","","","","4","","15","","","","100.48","","31","","","","NA"
"-79.80","43.30","BURLINGTON PIERS (AUT)","6151061","2024-08-16 13:00","2024","08","16","13:00","","23.8","","19.4","","77","","","","5","","11","","","","100.45","","31","","","","NA"
"-79.80","43.30","BURLINGTON PIERS (AUT)","6151061","2024-08-16 14:00","2024","08","16","14:00","","25.4","","15.5","","54","","","","14","","21","","","","100.39","","30","","","","NA"
"-79.80","43.30","BURLINGTON PIERS (AUT)","6151061","2024-08-16 15:00","2024","08","16","15:00","","24.4","","18.6","","70","","","","12","","15","","","","100.32","","31","","","","NA"
"-79.80","43.30","BURLINGTON PIERS (AUT)","6151061","2024-08-16 16:00","2024","08","16","16:00","","24.1","","20.1","","79","","","","10","","12","","","","100.24","","32","","","","NA"
"-79.80","43.30","BURLINGTON PIERS (AUT)","6151061","2024-08-16 17:00","2024","08","16","17:00","","23.8","","20.7","","83","","","","5","","9","","","","100.21","","32","","","","NA"
"-79.80","43.30","BURLINGTON PIERS (AUT)","6151061","2024-08-16 18:00","2024","08","16","18:00","","22.9","","21.2","","90","","","","1","","8","","","","100.24","","31","","","","NA"
"-79.80","43.30","BURLINGTON PIERS (AUT)","6151061","2024-08-16 19:00","2024","08","16","19:00","","21.9","","20.6","","92","","","","6","","5","","","","100.22","","30","","","","NA"
"-79.80","43.30","BURLINGTON PIERS (AUT)","6151061","2024-08-16 20:00","2024","08","16","20:00","","21.1","","20.1","","94","","","","12","","15","","","","100.19","","29","","","","NA"
"-79.80","43.30","BURLINGTON PIERS (AUT)","6151061","2024-08-16 21:00","2024","08","16","21:00","","21.6","","20.4","","93","","","","12","","13","","","","100.16","","30","","","","NA"
"-79.80","43.30","BURLINGTON PIERS (AUT)","6151061","2024-08-16 22:00","2024","08","16","22:00","","21.7","","19.8","","89","","","","15","","11","","","","100.12","","29","","","","NA"
"-79.80","43.30","BURLINGTON PIERS (AUT)","6151061","2024-08-16 23:00","2024","08","16","23:00","","21.7","","19.2","","85","","","","21","","12","","","","100.07","","29","","","","NA"
"-79.80","43.30","BURLINGTON PIERS (AUT)","6151061","2024-08-17 00:00","2024","08","17","00:00","","21.8","","20.0","","90","","","","24","","5","","","","100.05","","29","","","","NA"
"-79.80","43.30","BURLINGTON PIERS (AUT)","6151061","2024-08-17 01:00","2024","08","17","01:00","","21.7","","19.8","","89","","","","26","","6","","","","100.01","","29","","","","NA"
"-79.80","43.30","BURLINGTON PIERS (AUT)","6151061","2024-08-17 02:00","2024","08","17","02:00","","21.6","","20.1","","92","","","","26","","3","","","","100.01","","29","","","","NA"
"-79.80","43.30","BURLINGTON PIERS (AUT)","6151061","2024-08-17 03:00","2024","08","17","03:00","","21.4","","19.6","","89","","","","27","","5","","","","99.93","","29","","","","NA"
"-79.80","43.30","BURLINGTON PIERS (AUT)","6151061","2024-08-17 04:00","2024","08","17","04:00","","21.7","","20.5","","92","","","","12","","3","","","","99.92","","30","","","","NA"
"-79.80","43.30","BURLINGTON PIERS (AUT)","6151061","2024-08-17 05:00","2024","08","17","05:00","","21.7","","20.8","","95","","","","12","","9","","","","99.91","","30","","","","NA"
"-79.80","43.30","BURLINGTON PIERS (AUT)","6151061","2024-08-17 06:00","2024","08","17","06:00","","21.9","","20.7","","93","","","","13","","10","","","","99.94","","30","","","","NA"
"-79.80","43.30","BURLINGTON PIERS (AUT)","6151061","2024-08-17 07:00","2024","08","17","07:00","","22.4","","20.3","","88","","","","16","","8","","","","99.94","","30","","","","NA"
"-79.80","43.30","BURLINGTON PIERS (AUT)","6151061","2024-08-17 08:00","2024","08","17","08:00","","23.1","","20.6","","86","","","","22","","3","","","","99.92","","31","","","","NA"
"-79.80","43.30","BURLINGTON PIERS (AUT)","6151061","2024-08-17 09:00","2024","08","17","09:00","","24.4","","21.3","","83","","","","21","","9","","","","99.89","","33","","","","NA"
"-79.80","43.30","BURLINGTON PIERS (AUT)","6151061","2024-08-17 10:00","2024","08","17","10:00","","25.6","","20.9","","75","","","","19","","17","","","","99.91","","34","","","","NA"
"-79.80","43.30","BURLINGTON PIERS (AUT)","6151061","2024-08-17 11:00","2024","08","17","11:00","","25.7","","20.6","","74","","","","17","","25","","","","99.84","","34","","","","NA"
"-79.80","43.30","BURLINGTON PIERS (AUT)","6151061","2024-08-17 12:00","2024","08","17","12:00","","25.8","","20.4","","72","","","","17","","29","","","","99.77","","34","","","","NA"
"-79.80","43.30","BURLINGTON PIERS (AUT)","6151061","2024-08-17 13:00","2024","08","17","13:00","","25.3","","19.7","","71","","","","18","","22","","","","99.77","","33","","","","NA"
"-79.80","43.30","BURLINGTON PIERS (AUT)","6151061","2024-08-17 14:00","2024","08","17","14:00","","26.9","","19.4","","64","","","","17","","20","","","","99.71","","34","","","","NA"
"-79.80","43.30","BURLINGTON PIERS (AUT)","6151061","2024-08-17 15:00","2024","08","17","15:00","","27.0","","19.4","","63","","","","19","","18","","","","99.65","","34","","","","NA"
"-79.80","43.30","BURLINGTON PIERS (AUT)","6151061","2024-08-17 16:00","2024","08","17","16:00","","27.3","","18.4","","58","","","","19","","19","","","","99.64","","34","","","","NA"
"-79.80","43.30","BURLINGTON PIERS (AUT)","6151061","2024-08-17 17:00","2024","08","17","17:00","","27.2","","18.8","","60","","","","20","","14","","","","99.64","","34","","","","NA"
"-79.80","43.30","BURLINGTON PIERS (AUT)","6151061","2024-08-17 18:00","2024","08","17","18:00","","26.4","","20.0","","68","","","","19","","17","","","","99.65","","34","","","","NA"
"-79.80","43.30","BURLINGTON PIERS (AUT)","6151061","2024-08-17 19:00","2024","08","17","19:00","","25.3","","20.0","","72","","","","17","","24","","","","99.65","","33","","","","NA"
"-79.80","43.30","BURLINGTON PIERS (AUT)","6151061","2024-08-17 20:00","2024","08","17","20:00","","24.4","","19.4","","74","","","","17","","21","","","","99.69","","31","","","","NA"
"-79.80","43.30","BURLINGTON PIERS (AUT)","6151061","2024-08-17 21:00","2024","08","17","21:00","","23.9","","19.7","","77","","","","19","","11","","","","99.71","","31","","","","NA"
"-79.80","43.30","BURLINGTON PIERS (AUT)","6151061","2024-08-17 22:00","2024","08","17","22:00","","23.3","","19.4","","79","","","","17","","17","","","","99.68","","30","","","","NA"
"-79.80","43.30","BURLINGTON PIERS (AUT)","6151061","2024-08-17 23:00","2024","08","17","23:00","","23.2","","19.8","","81","","","","18","","12","","","","99.66","","31","","","","NA"
"-79.80","43.30","BURLINGTON PIERS (AUT)","6151061","2024-08-18 00:00","2024","08","18","00:00","","22.9","","20.1","","84","","","","20","","5","","","","99.61","","31","","","","NA"
"-79.80","43.30","BURLINGTON PIERS (AUT)","6151061","2024-08-18 01:00","2024","08","18","01:00","","22.3","","19.1","","82","","","","18","","13","","","","99.68","","29","","","","NA"
"-79.80","43.30","BURLINGTON PIERS (AUT)","6151061","2024-08-18 02:00","2024","08","18","02:00","","22.4","","19.0","","81","","","","20","","9","","","","99.65","","29","","","","NA"
"-79.80","43.30","BURLINGTON PIERS (AUT)","6151061","2024-08-18 03:00","2024","08","18","03:00","","22.3","","19.0","","82","","","","17","","12","","","","99.59","","29","","","","NA"
"-79.80","43.30","BURLINGTON PIERS (AUT)","6151061","2024-08-18 04:00","2024","08","18","04:00","","22.4","","19.5","","83","","","","18","","10","","","","99.60","","30","","","","NA"
"-79.80","43.30","BURLINGTON PIERS (AUT)","6151061","2024-08-18 05:00","2024","08","18","05:00","","20.8","","19.1","","90","","","","21","","5","","","","99.57","","28","","","","NA"
"-79.80","43.30","BURLINGTON PIERS (AUT)","6151061","2024-08-18 06:00","2024","08","18","06:00","","20.6","","18.3","","87","","","","25","","6","","","","99.61","","27","","","","NA"
"-79.80","43.30","BURLINGTON PIERS (AUT)","6151061","2024-08-18 07:00","2024","08","18","07:00","","21.0","","19.5","","91","","","","20","","10","","","","99.65","","28","","","","NA"
"-79.80","43.30","BURLINGTON PIERS (AUT)","6151061","2024-08-18 08:00","2024","08","18","08:00","","21.4","","19.5","","89","","","","25","","7","","","","99.65","","29","","","","NA"
"-79.80","43.30","BURLINGTON PIERS (AUT)","6151061","2024-08-18 09:00","2024","08","18","09:00","","22.3","","19.4","","83","","","","25","","9","","","","99.69","","29","","","","NA"
"-79.80","43.30","BURLINGTON PIERS (AUT)","6151061","2024-08-18 10:00","2024","08","18","10:00","","23.6","","19.0","","75","","","","22","","7","","","","99.67","","30","","","","NA"
"-79.80","43.30","BURLINGTON PIERS (AUT)","6151061","2024-08-18 11:00","2024","08","18","11:00","","25.2","","18.1","","65","","","","20","","9","","","","99.62","","31","","","","NA"
"-79.80","43.30","BURLINGTON PIERS (AUT)","6151061","2024-08-18 12:00","2024","08","18","12:00","","25.3","","18.2","","65","","","","20","","7","","","","99.60","","31","","","","NA"
"-79.80","43.30","BURLINGTON PIERS (AUT)","6151061","2024-08-18 13:00","2024","08","18","13:00","","24.8","","18.3","","67","","","","20","","20","","","","99.57","","31","","","","NA"
"-79.80","43.30","BURLINGTON PIERS (AUT)","6151061","2024-08-18 14:00","2024","08","18","14:00","","25.1","","18.9","","69","","","","22","","10","","","","99.52","","32","","","","NA"
"-79.80","43.30","BURLINGTON PIERS (AUT)","6151061","2024-08-18 15:00","2024","08","18","15:00","","24.7","","18.5","","68","","","","32","","7","","","","99.50","","31","","","","NA"
"-79.80","43.30","BURLINGTON PIERS (AUT)","6151061","2024-08-18 16:00","2024","08","18","16:00","","21.3","","19.1","","88","","","","32","","5","","","","99.61","","28","","","","NA"
"-79.80","43.30","BURLINGTON PIERS (AUT)","6151061","2024-08-18 17:00","2024","08","18","17:00","","20.4","","19.5","","94","","","","33","","7","","","","99.56","","28","","","","NA"
"-79.80","43.30","BURLINGTON PIERS (AUT)","6151061","2024-08-18 18:00","2024","08","18","18:00","","22.2","","20.4","","90","","","","30","","9","","","","99.61","","30","","","","NA"
"-79.80","43.30","BURLINGTON PIERS (AUT)","6151061","2024-08-18 19:00","2024","08","18","19:00","","22.0","","19.3","","85","","","","34","","18","","","","99.69","","29","","","","NA"
"-79.80","43.30","BURLINGTON PIERS (AUT)","6151061","2024-08-18 20:00","2024","08","18","20:00","","21.3","","19.2","","88","","","","32","","16","","","","99.76","","28","","","","NA"
"-79.80","43.30","BURLINGTON PIERS (AUT)","6151061","2024-08-18 21:00","2024","08","18","21:00","","20.8","","18.1","","84","","","","33","","31","","","","99.81","","27","","","","NA"
"-79.80","43.30","BURLINGTON PIERS (AUT)","6151061","2024-08-18 22:00","2024","08","18","22:00","","19.9","","17.0","","83","","","","33","","27","","","","99.86","","","","","","NA"
"-79.80","43.30","BURLINGTON PIERS (AUT)","6151061","2024-08-18 23:00","2024","08","18","23:00","","19.2","","15.5","","79","","","","33","","33","","","","99.89","","","","","","NA"
"-79.80","43.30","BURLINGTON PIERS (AUT)","6151061","2024-08-19 00:00","2024","08","19","00:00","","18.3","","14.5","","79","","","","33","","20","","","","99.94","","","","","","NA"
"-79.80","43.30","BURLINGTON PIERS (AUT)","6151061","2024-08-19 01:00","2024","08","19","01:00","","17.6","","13.9","","79","","","","33","","22","","","","99.95","","","","","","NA"
"-79.80","43.30","BURLINGTON PIERS (AUT)","6151061","2024-08-19 02:00","2024","08","19","02:00","","17.4","","13.2","","76","","","","33","","26","","","","99.96","","","","","","NA"
"-79.80","43.30","BURLINGTON PIERS (AUT)","6151061","2024-08-19 03:00","2024","08","19","03:00","","17.2","","12.6","","74","","","","33","","19","","","","99.99","","","","","","NA"
"-79.80","43.30","BURLINGTON PIERS (AUT)","6151061","2024-08-19 04:00","2024","08","19","04:00","","17.1","","12.6","","74","","","","33","","21","","","","100.01","","","","","","NA"
"-79.80","43.30","BURLINGTON PIERS (AUT)","6151061","2024-08-19 05:00","2024","08","19","05:00","","16.8","","13.1","","79","","","","33","","22","","","","100.05","","","","","","NA"
"-79.80","43.30","BURLINGTON PIERS (AUT)","6151061","2024-08-19 06:00","2024","08","19","06:00","","16.9","","13.2","","79","","","","34","","25","","","","100.10","","","","","","NA"
"-79.80","43.30","BURLINGTON PIERS (AUT)","6151061","2024-08-19 07:00","2024","08","19","07:00","","16.6","","13.1","","80","","","","1","","17","","","","100.15","","","","","","NA"
"-79.80","43.30","BURLINGTON PIERS (AUT)","6151061","2024-08-19 08:00","2024","08","19","08:00","","16.4","","12.4","","77","","","","34","","25","","","","100.23","","","","","","NA"
"-79.80","43.30","BURLINGTON PIERS (AUT)","6151061","2024-08-19 09:00","2024","08","19","09:00","","16.1","","12.2","","77","","","","34","","22","","","","100.30","","","","","","NA"
"-79.80","43.30","BURLINGTON PIERS (AUT)","6151061","2024-08-19 10:00","2024","08","19","10:00","","16.1","","12.0","","76","","","","33","","21","","","","100.33","","","","","","NA"
"-79.80","43.30","BURLINGTON PIERS (AUT)","6151061","2024-08-19 11:00","2024","08","19","11:00","","16.5","","12.2","","76","","","","32","","19","","","","100.36","","","","","","NA"
"-79.80","43.30","BURLINGTON PIERS (AUT)","6151061","2024-08-19 12:00","2024","08","19","12:00","","16.9","","12.6","","76","","","","33","","23","","","","100.37","","","","","","NA"
"-79.80","43.30","BURLINGTON PIERS (AUT)","6151061","2024-08-19 13:00","2024","08","19","13:00","","16.7","","11.5","","72","","","","33","","20","","","","100.42","","","","","","NA"
"-79.80","43.30","BURLINGTON PIERS (AUT)","6151061","2024-08-19 14:00","2024","08","19","14:00","","16.7","","11.6","","72","","","","35","","28","","","","100.43","","","","","","NA"
"-79.80","43.30","BURLINGTON PIERS (AUT)","6151061","2024-08-19 15:00","2024","08","19","15:00","","16.8","","10.8","","68","","","","36","","28","","","","100.45","","","","","","NA"
"-79.80","43.30","BURLINGTON PIERS (AUT)","6151061","2024-08-19 16:00","2024","08","19","16:00","","17.3","","9.9","","62","","","","36","","27","","","","100.46","","","","","","NA"
"-79.80","43.30","BURLINGTON PIERS (AUT)","6151061","2024-08-19 17:00","2024","08","19","17:00","","18.0","","9.7","","58","","","","35","","28","","","","100.52","","","","","","NA"
"-79.80","43.30","BURLINGTON PIERS (AUT)","6151061","2024-08-19 18:00","2024","08","19","18:00","","17.5","","9.4","","59","","","","36","","30","","","","100.58","","","","","","NA"
"-79.80","43.30","BURLINGTON PIERS (AUT)","6151061","2024-08-19 19:00","2024","08","19","19:00","","17.0","","9.4","","61","","","","34","","25","","","","100.67","","","","","","NA"
"-79.80","43.30","BURLINGTON PIERS (AUT)","6151061","2024-08-19 20:00","2024","08","19","20:00","","16.1","","9.0","","63","","","","33","","22","","","","100.73","","","","","","NA"
"-79.80","43.30","BURLINGTON PIERS (AUT)","6151061","2024-08-19 21:00","2024","08","19","21:00","","15.6","","8.7","","63","","","","35","","17","","","","100.81","","","","","","NA"
"-79.80","43.30","BURLINGTON PIERS (AUT)","6151061","2024-08-19 22:00","2024","08","19","22:00","","15.4","","8.4","","63","","","","36","","21","","","","100.87","","","","","","NA"
"-79.80","43.30","BURLINGTON PIERS (AUT)","6151061","2024-08-19 23:00","2024","08","19","23:00","","14.9","","7.4","","61","","","","35","","19","","","","100.88","","","","","","NA"
"-79.80","43.30","BURLINGTON PIERS (AUT)","6151061","2024-08-20 00:00","2024","08","20","00:00","","13.9","","8.3","","69","","","","33","","19","","","","100.89","","","","","","NA"
"-79.80","43.30","BURLINGTON PIERS (AUT)","6151061","2024-08-20 01:00","2024","08","20","01:00","","13.9","","7.6","","66","","","","34","","25","","","","100.86","","","","","","NA"
"-79.80","43.30","BURLINGTON PIERS (AUT)","6151061","2024-08-20 02:00","2024","08","20","02:00","","13.4","","7.8","","69","","","","33","","17","","","","100.90","","","","","","NA"
"-79.80","43.30","BURLINGTON PIERS (AUT)","6151061","2024-08-20 03:00","2024","08","20","03:00","","13.7","","7.6","","66","","","","33","","18","","","","100.89","","","","","","NA"
"-79.80","43.30","BURLINGTON PIERS (AUT)","6151061","2024-08-20 04:00","2024","08","20","04:00","","14.0","","7.9","","66","","","","32","","18","","","","100.91","","","","","","NA"
"-79.80","43.30","BURLINGTON PIERS (AUT)","6151061","2024-08-20 05:00","2024","08","20","05:00","","13.3","","8.1","","71","","","","33","","23","","","","100.94","","","","","","NA"
"-79.80","43.30","BURLINGTON PIERS (AUT)","6151061","2024-08-20 06:00","2024","08","20","06:00","","13.2","","8.3","","72","","","","33","","23","","","","100.99","","","","","","NA"
"-79.80","43.30","BURLINGTON PIERS (AUT)","6151061","2024-08-20 07:00","2024","08","20","07:00","","13.6","","8.1","","70","","","","33","","25","","","","101.04","","","","","","NA"
"-79.80","43.30","BURLINGTON PIERS (AUT)","6151061","2024-08-20 08:00","2024","08","20","08:00","","14.6","","9.1","","69","","","","35","","25","","","","101.09","","","","","","NA"
"-79.80","43.30","BURLINGTON PIERS (AUT)","6151061","2024-08-20 09:00","2024","08","20","09:00","","15.4","","7.6","","60","","","","35","","24","","","","101.10","","","","","","NA"
"-79.80","43.30","BURLINGTON PIERS (AUT)","6151061","2024-08-20 10:00","2024","08","20","10:00","","16.5","","6.6","","52","","","","34","","31","","","","101.07","","","","","","NA"
"-79.80","43.30","BURLINGTON PIERS (AUT)","6151061","2024-08-20 11:00","2024","08","20","11:00","","17.2","","7.0","","51","","","","34","","24","","","","101.07","","","","","","NA"
"-79.80","43.30","BURLINGTON PIERS (AUT)","6151061","2024-08-20 12:00","2024","08","20","12:00","","18.3","","6.4","","46","","","","33","","29","","","","101.03","","","","","","NA"
"-79.80","43.30","BURLINGTON PIERS (AUT)","6151061","2024-08-20 13:00","2024","08","20","13:00","","18.5","","4.6","","40","","","","34","","24","","","","101.03","","","","","","NA"
"-79.80","43.30","BURLINGTON PIERS (AUT)","6151061","2024-08-20 14:00","2024","08","20","14:00","","19.1","","5.0","","39","","","","34","","25","","","","100.99","","","","","","NA"
"-79.80","43.30","BURLINGTON PIERS (AUT)","6151061","2024-08-20 15:00","2024","08","20","15:00","","19.2","","5.7","","41","","","","35","","20","","","","100.97","","","","","","NA"
"-79.80","43.30","BURLINGTON PIERS (AUT)","6151061","2024-08-20 16:00","2024","08","20","16:00","","19.4","","5.5","","40","","","","36","","22","","","","100.99","","","","","","NA"
"-79.80","43.30","BURLINGTON PIERS (AUT)","6151061","2024-08-20 17:00","2024","08","20","17:00","","19.3","","6.9","","44","","","","35","","22","","","","101.02","","","","","","NA"
"-79.80","43.30","BURLINGTON PIERS (AUT)","6151061","2024-08-20 18:00","2024","08","20","18:00","","19.3","","6.4","","43","","","","33","","18","","","","101.02","","","","","","NA"
"-79.80","43.30","BURLINGTON PIERS (AUT)","6151061","2024-08-20 19:00","2024","08","20","19:00","","19.0","","7.8","","48","","","","33","","15","","","","101.05","","","","","","NA"
"-79.80","43.30","BURLINGTON PIERS (AUT)","6151061","2024-08-20 20:00","2024","08","20","20:00","","18.3","","6.5","","46","","","","33","","22","","","","101.10","","","","","","NA"
"-79.80","43.30","BURLINGTON PIERS (AUT)","6151061","2024-08-20 21:00","2024","08","20","21:00","","17.4","","6.6","","49","","","","31","","15","","","","101.16","","","","","","NA"
"-79.80","43.30","BURLINGTON PIERS (AUT)","6151061","2024-08-20 22:00","2024","08","20","22:00","","16.4","","6.5","","52","","","","30","","13","","","","101.16","","","","","","NA"
"-79.80","43.30","BURLINGTON PIERS (AUT)","6151061","2024-08-20 23:00","2024","08","20","23:00","","15.3","","7.1","","58","","","","29","","13","","","","101.16","","","","","","NA"
"-79.80","43.30","BURLINGTON PIERS (AUT)","6151061","2024-08-21 00:00","2024","08","21","00:00","","14.6","","7.4","","62","","","","31","","17","","","","101.16","","","","","","NA"
"-79.80","43.30","BURLINGTON PIERS (AUT)","6151061","2024-08-21 01:00","2024","08","21","01:00","","14.8","","8.1","","64","","","","31","","15","","","","101.14","","","","","","NA"
"-79.80","43.30","BURLINGTON PIERS (AUT)","6151061","2024-08-21 02:00","2024","08","21","02:00","","14.2","","8.0","","66","","","","30","","12","","","","101.15","","","","","","NA"
"-79.80","43.30","BURLINGTON PIERS (AUT)","6151061","2024-08-21 03:00","2024","08","21","03:00","","13.9","","7.8","","67","","","","25","","7","","","","101.17","","","","","","NA"
"-79.80","43.30","BURLINGTON PIERS (AUT)","6151061","2024-08-21 04:00","2024","08","21","04:00","","13.9","","7.9","","67","","","","28","","6","","","","101.17","","","","","","NA"
"-79.80","43.30","BURLINGTON PIERS (AUT)","6151061","2024-08-21 05:00","2024","08","21","05:00","","14.2","","7.3","","63","","","","31","","16","","","","101.16","","","","","","NA"
"-79.80","43.30","BURLINGTON PIERS (AUT)","6151061","2024-08-21 06:00","2024","08","21","06:00","","14.2","","7.3","","63","","","","30","","16","","","","101.20","","","","","","NA"
"-79.80","43.30","BURLINGTON PIERS (AUT)","6151061","2024-08-21 07:00","2024","08","21","07:00","","15.3","","7.7","","61","","","","30","","16","","","","101.23","","","","","","NA"
"-79.80","43.30","BURLINGTON PIERS (AUT)","6151061","2024-08-21 08:00","2024","08","21","08:00","","17.0","","8.7","","58","","","","31","","18","","","","101.26","","","","","","NA"
"-79.80","43.30","BURLINGTON PIERS (AUT)","6151061","2024-08-21 09:00","2024","08","21","09:00","","17.7","","7.5","","51","","","","31","","18","","","","101.29","","","","","","NA"
"-79.80","43.30","BURLINGTON PIERS (AUT)","6151061","2024-08-21 10:00","2024","08","21","10:00","","18.7","","7.5","","48","","","","33","","21","","","","101.31","","","","","","NA"
"-79.80","43.30","BURLINGTON PIERS (AUT)","6151061","2024-08-21 11:00","2024","08","21","11:00","","19.2","","7.5","","47","","","","35","","23","","","","101.29","","","","","","NA"
"-79.80","43.30","BURLINGTON PIERS (AUT)","6151061","2024-08-21 12:00","2024","08","21","12:00","","19.7","","7.1","","44","","","","33","","15","","","","101.26","","","","","","NA"
"-79.80","43.30","BURLINGTON PIERS (AUT)","6151061","2024-08-21 13:00","2024","08","21","13:00","","19.5","","7.7","","47","","","","32","","17","","","","101.26","","","","","","NA"
"-79.80","43.30","BURLINGTON PIERS (AUT)","6151061","2024-08-21 14:00","2024","08","21","14:00","","19.8","","7.9","","46","","","","33","","16","","","","101.24","","","","","","NA"
"-79.80","43.30","BURLINGTON PIERS (AUT)","6151061","2024-08-21 15:00","2024","08","21","15:00","","19.7","","7.2","","44","","","","35","","23","","","","101.19","","","","","","NA"
"-79.80","43.30","BURLINGTON PIERS (AUT)","6151061","2024-08-21 16:00","2024","08","21","16:00","","20.6","","6.5","","40","","","","35","","18","","","","101.16","","","","","","NA"
"-79.80","43.30","BURLINGTON PIERS (AUT)","6151061","2024-08-21 17:00","2024","08","21","17:00","","20.9","","6.4","","39","","","","32","","14","","","","101.16","","","","","","NA"
"-79.80","43.30","BURLINGTON PIERS (AUT)","6151061","2024-08-21 18:00","2024","08","21","18:00","","21.1","","7.2","","41","","","","32","","15","","","","101.18","","","","","","NA"
"-79.80","43.30","BURLINGTON PIERS (AUT)","6151061","2024-08-21 19:00","2024","08","21","19:00","","20.0","","8.5","","47","","","","34","","18","","","","101.23","","","","","","NA"
"-79.80","43.30","BURLINGTON PIERS (AUT)","6151061","2024-08-21 20:00","2024","08","21","20:00","","18.8","","9.0","","53","","","","32","","10","","","","101.25","","","","","","NA"
"-79.80","43.30","BURLINGTON PIERS (AUT)","6151061","2024-08-21 21:00","2024","08","21","21:00","","18.4","","9.2","","55","","","","34","","18","","","","101.26","","","","","","NA"
"-79.80","43.30","BURLINGTON PIERS (AUT)","6151061","2024-08-21 22:00","2024","08","21","22:00","","16.8","","9.7","","63","","","","25","","6","","","","101.28","","","","","","NA"
"-79.80","43.30","BURLINGTON PIERS (AUT)","6151061","2024-08-21 23:00","2024","08","21","23:00","","16.1","","10.1","","67","","","","25","","8","","","","101.31","","","","","","NA"
"-79.80","43.30","BURLINGTON PIERS (AUT)","6151061","2024-08-22 00:00","2024","08","22","00:00","","15.5","","9.7","","68","","","","25","","8","","","","101.31","","","","","","NA"
"-79.80","43.30","BURLINGTON PIERS (AUT)","6151061","2024-08-22 01:00","2024","08","22","01:00","","15.5","","9.6","","68","","","","25","","7","","","","101.29","","","","","","NA"
"-79.80","43.30","BURLINGTON PIERS (AUT)","6151061","2024-08-22 02:00","2024","08","22","02:00","","15.8","","10.2","","70","","","","23","","7","","","","101.29","","","","","","NA"
"-79.80","43.30","BURLINGTON PIERS (AUT)","6151061","2024-08-22 03:00","2024","08","22","03:00","","15.4","","10.1","","70","","","","23","","6","","","","101.30","","","","","","NA"
"-79.80","43.30","BURLINGTON PIERS (AUT)","6151061","2024-08-22 04:00","2024","08","22","04:00","","14.9","","9.5","","70","","","","24","","8","","","","101.32","","","","","","NA"
"-79.80","43.30","BURLINGTON PIERS (AUT)","6151061","2024-08-22 05:00","2024","08","22","05:00","","14.8","","8.9","","68","","","","24","","6","","","","101.36","","","","","","NA"
"-79.80","43.30","BURLINGTON PIERS (AUT)","6151061","2024-08-22 06:00","2024","08","22","06:00","","15.0","","9.5","","70","","","","24","","8","","","","101.41","","","","","","NA"
"-79.80","43.30","BURLINGTON PIERS (AUT)","6151061","2024-08-22 07:00","2024","08","22","07:00","","15.7","","10.2","","70","","","","23","","13","","","","101.45","","","","","","NA"
"-79.80","43.30","BURLINGTON PIERS (AUT)","6151061","2024-08-22 08:00","2024","08","22","08:00","","17.1","","10.3","","64","","","","23","","10","","","","101.48","","","","","","NA"
"-79.80","43.30","BURLINGTON PIERS (AUT)","6151061","2024-08-22 09:00","2024","08","22","09:00","","19.6","","12.1","","62","","","","29","","16","","","","101.48","","","","","","NA"
"-79.80","43.30","BURLINGTON PIERS (AUT)","6151061","2024-08-22 10:00","2024","08","22","10:00","","20.4","","11.5","","56","","","","29","","14","","","","101.49","","","","","","NA"
"-79.80","43.30","BURLINGTON PIERS (AUT)","6151061","2024-08-22 11:00","2024","08","22","11:00","","21.9","","12.1","","54","","","","29","","14","","","","101.47","","","","","","NA"
"-79.80","43.30","BURLINGTON PIERS (AUT)","6151061","2024-08-22 12:00","2024","08","22","12:00","","22.8","","10.5","","46","","","","29","","14","","","","101.43","","","","","","NA"
"-79.80","43.30","BURLINGTON PIERS (AUT)","6151061","2024-08-22 13:00","2024","08","22","13:00","","23.5","","9.7","","42","","","","30","","14","","","","101.36","","25","","","","NA"
"-79.80","43.30","BURLINGTON PIERS (AUT)","6151061","2024-08-22 14:00","2024","08","22","14:00","","24.1","","9.1","","38","","","","29","","11","","","","101.32","","25","","","","NA"
"-79.80","43.30","BURLINGTON PIERS (AUT)","6151061","2024-08-22 15:00","2024","08","22","15:00","","24.6","","11.1","","43","","","","24","","8","","","","101.28","","26","","","","NA"
"-79.80","43.30","BURLINGTON PIERS (AUT)","6151061","2024-08-22 16:00","2024","08","22","16:00","","24.0","","12.7","","49","","","","23","","7","","","","101.28","","27","","","","NA"
"-79.80","43.30","BURLINGTON PIERS (AUT)","6151061","2024-08-22 17:00","2024","08","22","17:00","","24.3","","10.5","","42","","","","28","","5","","","","101.25","","26","","","","NA"
"-79.80","43.30","BURLINGTON PIERS (AUT)","6151061","2024-08-22 18:00","2024","08","22","18:00","","24.2","","10.8","","43","","","","28","","10","","","","101.27","","26","","","","NA"
"-79.80","43.30","BURLINGTON PIERS (AUT)","6151061","2024-08-22 19:00","2024","08","22","19:00","","22.6","","11.2","","49","","","","29","","16","","","","101.31","","","","","","NA"
"-79.80","43.30","BURLINGTON PIERS (AUT)","6151061","2024-08-22 20:00","2024","08","22","20:00","","21.1","","11.5","","54","","","","28","","7","","","","101.36","","","","","","NA"
"-79.80","43.30","BURLINGTON PIERS (AUT)","6151061","2024-08-22 21:00","2024","08","22","21:00","","20.1","","11.6","","58","","","","25","","5","","","","101.42","","","","","","NA"
"-79.80","43.30","BURLINGTON PIERS (AUT)","6151061","2024-08-22 22:00","2024","08","22","22:00","","19.1","","12.0","","63","","","","24","","5","","","","101.45","","","","","","NA"
"-79.80","43.30","BURLINGTON PIERS (AUT)","6151061","2024-08-22 23:00","2024","08","22","23:00","","18.4","","11.6","","64","","","","26","","7","","","","101.48","","","","","","NA"
"-79.80","43.30","BURLINGTON PIERS (AUT)","6151061","2024-08-23 00:00","2024","08","23","00:00","","17.6","","11.9","","69","","","","25","","4","","","","101.51","","","","","","NA"
"-79.80","43.30","BURLINGTON PIERS (AUT)","6151061","2024-08-23 01:00","2024","08","23","01:00","","16.7","","11.7","","72","","","","25","","6","","","","101.48","","","","","","NA"
"-79.80","43.30","BURLINGTON PIERS (AUT)","6151061","2024-08-23 02:00","2024","08","23","02:00","","16.2","","12.9","","81","","","","24","","8","","","","101.48","","","","","","NA"
"-79.80","43.30","BURLINGTON PIERS (AUT)","6151061","2024-08-23 03:00","2024","08","23","03:00","","15.8","","11.1","","74","","","","25","","11","","","","101.49","","","","","","NA"
"-79.80","43.30","BURLINGTON PIERS (AUT)","6151061","2024-08-23 04:00","2024","08","23","04:00","","16.3","","12.3","","77","","","","24","","8","","","","101.51","","","","","","NA"
"-79.80","43.30","BURLINGTON PIERS (AUT)","6151061","2024-08-23 05:00","2024","08","23","05:00","","16.6","","11.2","","70","","","","23","","8","","","","101.51","","","","","","NA"
"-79.80","43.30","BURLINGTON PIERS (AUT)","6151061","2024-08-23 06:00","2024","08","23","06:00","","16.7","","11.5","","71","","","","23","","10","","","","101.56","","","","","","NA"
"-79.80","43.30","BURLINGTON PIERS (AUT)","6151061","2024-08-23 07:00","2024","08","23","07:00","","16.8","","11.6","","71","","","","23","","9","","","","101.60","","","","","","NA"
"-79.80","43.30","BURLINGTON PIERS (AUT)","6151061","2024-08-23 08:00","2024","08","23","08:00","","18.2","","11.7","","66","","","","23","","11","","","","101.63","","","","","","NA"
"-79.80","43.30","BURLINGTON PIERS (AUT)","6151061","2024-08-23 09:00","2024","08","23","09:00","","19.9","","12.0","","60","","","","23","","13","","","","101.67","","","","","","NA"
"-79.80","43.30","BURLINGTON PIERS (AUT)","6151061","2024-08-23 10:00","2024","08","23","10:00","","21.6","","12.5","","56","","","","22","","11","","","","101.65","","","","","","NA"
"-79.80","43.30","BURLINGTON PIERS (AUT)","6151061","2024-08-23 11:00","2024","08","23","11:00","","22.8","","12.7","","53","","","","22","","9","","","","101.63","","25","","","","NA"
"-79.80","43.30","BURLINGTON PIERS (AUT)","6151061","2024-08-23 12:00","2024","08","23","12:00","","23.4","","12.0","","49","","","","24","","7","","","","101.59","","26","","","","NA"
"-79.80","43.30","BURLINGTON PIERS (AUT)","6151061","2024-08-23 13:00","2024","08","23","13:00","","23.8","","12.1","","48","","","","22","","10","","","","101.58","","26","","","","NA"
"-79.80","43.30","BURLINGTON PIERS (AUT)","6151061","2024-08-23 14:00","2024","08","23","14:00","","24.2","","11.2","","44","","","","26","","8","","","","101.53","","26","","","","NA"
"-79.80","43.30","BURLINGTON PIERS (AUT)","6151061","2024-08-23 15:00","2024","08","23","15:00","","24.7","","11.7","","44","","","","24","","8","","","","101.51","","27","","","","NA"
"-79.80","43.30","BURLINGTON PIERS (AUT)","6151061","2024-08-23 16:00","2024","08","23","16:00","","24.8","","12.3","","46","","","","25","","7","","","","101.47","","27","","","","NA"
"-79.80","43.30","BURLINGTON PIERS (AUT)","6151061","2024-08-23 17:00","2024","08","23","17:00","","24.8","","13.5","","49","","","","26","","6","","","","101.46","","28","","","","NA"
"-79.80","43.30","BURLINGTON PIERS (AUT)","6151061","2024-08-23 18:00","2024","08","23","18:00","","23.4","","14.9","","59","","","","19","","13","","","","101.45","","27","","","","NA"
"-79.80","43.30","BURLINGTON PIERS (AUT)","6151061","2024-08-23 19:00","2024","08","23","19:00","","22.5","","14.5","","61","","","","19","","13","","","","101.43","","26","","","","NA"
"-79.80","43.30","BURLINGTON PIERS (AUT)","6151061","2024-08-23 20:00","2024","08","23","20:00","","21.8","","14.3","","62","","","","22","","11","","","","101.45","","25","","","","NA"
"-79.80","43.30","BURLINGTON PIERS (AUT)","6151061","2024-08-23 21:00","2024","08","23","21:00","","21.0","","15.2","","70","","","","24","","6","","","","101.45","","25","","","","NA"
"-79.80","43.30","BURLINGTON PIERS (AUT)","6151061","2024-08-23 22:00","2024","08","23","22:00","","19.7","","15.2","","75","","","","27","","6","","","","101.44","","","","","","NA"
"-79.80","43.30","BURLINGTON PIERS (AUT)","6151061","2024-08-23 23:00","2024","08","23","23:00","","19.5","","13.9","","70","","","","26","","6","","","","101.45","","","","","","NA"
"-79.80","43.30","BURLINGTON PIERS (AUT)","6151061","2024-08-24 00:00","2024","08","24","00:00","","19.3","","13.9","","71","","","","25","","7","","","","101.47","","","","","","NA"
"-79.80","43.30","BURLINGTON PIERS (AUT)","6151061","2024-08-24 01:00","2024","08","24","01:00","","18.6","","14.9","","79","","","","22","","7","","","","101.47","","","","","","NA"
"-79.80","43.30","BURLINGTON PIERS (AUT)","6151061","2024-08-24 02:00","2024","08","24","02:00","","18.1","","14.6","","80","","","","23","","8","","","","101.48","","","","","","NA"
"-79.80","43.30","BURLINGTON PIERS (AUT)","6151061","2024-08-24 03:00","2024","08","24","03:00","","17.9","","13.9","","77","","","","25","","9","","","","101.46","","","","","","NA"
"-79.80","43.30","BURLINGTON PIERS (AUT)","6151061","2024-08-24 04:00","2024","08","24","04:00","","17.6","","13.9","","79","","","","24","","8","","","","101.44","","","","","","NA"
"-79.80","43.30","BURLINGTON PIERS (AUT)","6151061","2024-08-24 05:00","2024","08","24","05:00","","17.2","","14.0","","82","","","","25","","9","","","","101.47","","","","","","NA"
"-79.80","43.30","BURLINGTON PIERS (AUT)","6151061","2024-08-24 06:00","2024","08","24","06:00","","17.5","","14.5","","83","","","","23","","11","","","","101.50","","","","","","NA"
"-79.80","43.30","BURLINGTON PIERS (AUT)","6151061","2024-08-24 07:00","2024","08","24","07:00","","17.7","","14.2","","80","","","","22","","12","","","","101.51","","","","","","NA"
"-79.80","43.30","BURLINGTON PIERS (AUT)","6151061","2024-08-24 08:00","2024","08","24","08:00","","18.9","","14.7","","76","","","","22","","9","","","","101.55","","","","","","NA"
"-79.80","43.30","BURLINGTON PIERS (AUT)","6151061","2024-08-24 09:00","2024","08","24","09:00","","21.2","","13.8","","63","","","","21","","9","","","","101.52","","","","","","NA"
"-79.80","43.30","BURLINGTON PIERS (AUT)","6151061","2024-08-24 10:00","2024","08","24","10:00","","21.7","","14.0","","61","","","","8","","5","","","","101.54","","25","","","","NA"
"-79.80","43.30","BURLINGTON PIERS (AUT)","6151061","2024-08-24 11:00","2024","08","24","11:00","","20.9","","14.5","","67","","","","9","","10","","","","101.50","","25","","","","NA"
"-79.80","43.30","BURLINGTON PIERS (AUT)","6151061","2024-08-24 12:00","2024","08","24","12:00","","20.7","","17.1","","80","","","","8","","12","","","","101.42","","26","","","","NA"
"-79.80","43.30","BURLINGTON PIERS (AUT)","6151061","2024-08-24 13:00","2024","08","24","13:00","","21.4","","16.1","","72","","","","8","","15","","","","101.41","","26","","","","NA"
"-79.80","43.30","BURLINGTON PIERS (AUT)","6151061","2024-08-24 14:00","2024","08","24","14:00","","21.7","","15.6","","68","","","","9","","15","","","","101.37","","26","","","","NA"
"-79.80","43.30","BURLINGTON PIERS (AUT)","6151061","2024-08-24 15:00","2024","08","24","15:00","","22.7","","14.8","","61","","","","9","","13","","","","101.34","","27","","","","NA"
"-79.80","43.30","BURLINGTON PIERS (AUT)","6151061","2024-08-24 16:00","2024","08","24","16:00","","23.6","","14.0","","55","","","","9","","7","","","","101.32","","27","","","","NA"
"-79.80","43.30","BURLINGTON PIERS (AUT)","6151061","2024-08-24 17:00","2024","08","24","17:00","","25.0","","15.1","","54","","","","10","","7","","","","101.30","","29","","","","NA"
"-79.80","43.30","BURLINGTON PIERS (AUT)","6151061","2024-08-24 18:00","2024","08","24","18:00","","25.6","","14.8","","51","","","","19","","8","","","","101.26","","29","","","","NA"
"-79.80","43.30","BURLINGTON PIERS (AUT)","6151061","2024-08-24 19:00","2024","08","24","19:00","","24.7","","14.9","","54","","","","17","","10","","","","101.27","","29","","","","NA"
"-79.80","43.30","BURLINGTON PIERS (AUT)","6151061","2024-08-24 20:00","2024","08","24","20:00","","23.8","","14.3","","55","","","","20","","8","","","","101.29","","27","","","","NA"
"-79.80","43.30","BURLINGTON PIERS (AUT)","6151061","2024-08-24 21:00","2024","08","24","21:00","","22.7","","15.7","","65","","","","24","","4","","","","101.29","","27","","","","NA"
"-79.80","43.30","BURLINGTON PIERS (AUT)","6151061","2024-08-24 22:00","2024","08","24","22:00","","22.0","","15.6","","67","","","","24","","4","","","","101.26","","26","","","","NA"
"-79.80","43.30","BURLINGTON PIERS (AUT)","6151061","2024-08-24 23:00","2024","08","24","23:00","","21.8","","16.0","","70","","","","20","","8","","","","101.27","","26","","","","NA"
"-79.80","43.30","BURLINGTON PIERS (AUT)","6151061","2024-08-25 00:00","2024","08","25","00:00","","21.7","","16.2","","71","","","","23","","6","","","","101.28","","26","","","","NA"
"-79.80","43.30","BURLINGTON PIERS (AUT)","6151061","2024-08-25 01:00","2024","08","25","01:00","","21.0","","14.9","","68","","","","26","","6","","","","101.30","","25","","","","NA"
"-79.80","43.30","BURLINGTON PIERS (AUT)","6151061","2024-08-25 02:00","2024","08","25","02:00","","20.3","","15.4","","73","","","","25","","6","","","","101.32","","25","","","","NA"
"-79.80","43.30","BURLINGTON PIERS (AUT)","6151061","2024-08-25 03:00","2024","08","25","03:00","","19.8","","15.7","","77","","","","25","","5","","","","101.29","","","","","","NA"
"-79.80","43.30","BURLINGTON PIERS (AUT)","6151061","2024-08-25 04:00","2024","08","25","04:00","","19.6","","15.6","","78","","","","23","","7","","","","101.30","","","","","","NA"
"-79.80","43.30","BURLINGTON PIERS (AUT)","6151061","2024-08-25 05:00","2024","08","25","05:00","","18.5","","15.5","","83","","","","","","0","","","","101.34","","","","","","NA"
"-79.80","43.30","BURLINGTON PIERS (AUT)","6151061","2024-08-25 06:00","2024","08","25","06:00","","18.6","","15.7","","83","","","","24","","4","","","","101.43","","","","","","NA"
"-79.80","43.30","BURLINGTON PIERS (AUT)","6151061","2024-08-25 07:00","2024","08","25","07:00","","19.0","","15.7","","81","","","","24","","6","","","","101.48","","","","","","NA"
"-79.80","43.30","BURLINGTON PIERS (AUT)","6151061","2024-08-25 08:00","2024","08","25","08:00","","20.0","","15.7","","76","","","","23","","8","","","","101.49","","","","","","NA"
"-79.80","43.30","BURLINGTON PIERS (AUT)","6151061","2024-08-25 09:00","2024","08","25","09:00","","22.4","","15.4","","64","","","","23","","4","","","","101.52","","27","","","","NA"
"-79.80","43.30","BURLINGTON PIERS (AUT)","6151061","2024-08-25 10:00","2024","08","25","10:00","","22.2","","17.1","","73","","","","7","","5","","","","101.52","","28","","","","NA"
"-79.80","43.30","BURLINGTON PIERS (AUT)","6151061","2024-08-25 11:00","2024","08","25","11:00","","23.0","","13.9","","56","","","","7","","6","","","","101.51","","26","","","","NA"
"-79.80","43.30","BURLINGTON PIERS (AUT)","6151061","2024-08-25 12:00","2024","08","25","12:00","","21.6","","17.6","","78","","","","9","","12","","","","101.49","","27","","","","NA"
"-79.80","43.30","BURLINGTON PIERS (AUT)","6151061","2024-08-25 13:00","2024","08","25","13:00","","21.7","","17.9","","79","","","","9","","17","","","","101.44","","28","","","","NA"
"-79.80","43.30","BURLINGTON PIERS (AUT)","6151061","2024-08-25 14:00","2024","08","25","14:00","","21.7","","18.0","","79","","","","11","","17","","","","101.38","","28","","","","NA"
"-79.80","43.30","BURLINGTON PIERS (AUT)","6151061","2024-08-25 15:00","2024","08","25","15:00","","22.8","","17.4","","71","","","","11","","17","","","","101.34","","28","","","","NA"
"-79.80","43.30","BURLINGTON PIERS (AUT)","6151061","2024-08-25 16:00","2024","08","25","16:00","","23.3","","17.2","","69","","","","10","","22","","","","101.29","","29","","","","NA"
"-79.80","43.30","BURLINGTON PIERS (AUT)","6151061","2024-08-25 17:00","2024","08","25","17:00","","23.1","","17.5","","71","","","","12","","16","","","","101.26","","29","","","","NA"
"-79.80","43.30","BURLINGTON PIERS (AUT)","6151061","2024-08-25 18:00","2024","08","25","18:00","","25.5","","17.3","","61","","","","14","","20","","","","101.26","","31","","","","NA"
"-79.80","43.30","BURLINGTON PIERS (AUT)","6151061","2024-08-25 19:00","2024","08","25","19:00","","25.9","","16.3","","56","","","","18","","12","","","","101.27","","31","","","","NA"
"-79.80","43.30","BURLINGTON PIERS (AUT)","6151061","2024-08-25 20:00","2024","08","25","20:00","","24.9","","16.1","","58","","","","18","","3","","","","101.31","","30","","","","NA"
"-79.80","43.30","BURLINGTON PIERS (AUT)","6151061","2024-08-25 21:00","2024","08","25","21:00","","24.1","","16.4","","62","","","","26","","7","","","","101.33","","29","","","","NA"
"-79.80","43.30","BURLINGTON PIERS (AUT)","6151061","2024-08-25 22:00","2024","08","25","22:00","","23.2","","16.4","","66","","","","25","","7","","","","101.35","","28","","","","NA"
"-79.80","43.30","BURLINGTON PIERS (AUT)","6151061","2024-08-25 23:00","2024","08","25","23:00","","22.3","","16.7","","71","","","","23","","8","","","","101.33","","27","","","","NA"
"-79.80","43.30","BURLINGTON PIERS (AUT)","6151061","2024-08-26 00:00","2024","08","26","00:00","","22.1","","15.5","","66","","","","25","","8","","","","101.31","","26","","","","NA"
"-79.80","43.30","BURLINGTON PIERS (AUT)","6151061","2024-08-26 01:00","2024","08","26","01:00","","21.4","","16.4","","73","","","","24","","6","","","","101.29","","26","","","","NA"
"-79.80","43.30","BURLINGTON PIERS (AUT)","6151061","2024-08-26 02:00","2024","08","26","02:00","","20.7","","16.4","","76","","","","23","","7","","","","101.26","","26","","","","NA"
"-79.80","43.30","BURLINGTON PIERS (AUT)","6151061","2024-08-26 03:00","2024","08","26","03:00","","20.4","","16.0","","76","","","","","","0","","","","101.26","","25","","","","NA"
"-79.80","43.30","BURLINGTON PIERS (AUT)","6151061","2024-08-26 04:00","2024","08","26","04:00","","19.9","","16.3","","80","","","","18","","4","","","","101.25","","","","","","NA"
"-79.80","43.30","BURLINGTON PIERS (AUT)","6151061","2024-08-26 05:00","2024","08","26","05:00","","19.7","","16.4","","81","","","","","","0","","","","101.29","","","","","","NA"
"-79.80","43.30","BURLINGTON PIERS (AUT)","6151061","2024-08-26 06:00","2024","08","26","06:00","","19.8","","16.5","","81","","","","24","","3","","","","101.31","","","","","","NA"
"-79.80","43.30","BURLINGTON PIERS (AUT)","6151061","2024-08-26 07:00","2024","08","26","07:00","","19.7","","16.2","","80","","","","24","","4","","","","101.35","","","","","","NA"
"-79.80","43.30","BURLINGTON PIERS (AUT)","6151061","2024-08-26 08:00","2024","08","26","08:00","","21.0","","15.7","","71","","","","23","","4","","","","101.34","","25","","","","NA"
"-79.80","43.30","BURLINGTON PIERS (AUT)","6151061","2024-08-26 09:00","2024","08","26","09:00","","23.3","","17.0","","68","","","","","","0","","","","101.36","","29","","","","NA"
"-79.80","43.30","BURLINGTON PIERS (AUT)","6151061","2024-08-26 10:00","2024","08","26","10:00","","21.7","","16.5","","72","","","","7","","8","","","","101.35","","27","","","","NA"
"-79.80","43.30","BURLINGTON PIERS (AUT)","6151061","2024-08-26 11:00","2024","08","26","11:00","","22.0","","16.8","","72","","","","6","","9","","","","101.31","","27","","","","NA"
"-79.80","43.30","BURLINGTON PIERS (AUT)","6151061","2024-08-26 12:00","2024","08","26","12:00","","22.5","","18.1","","76","","","","4","","7","","","","101.27","","29","","","","NA"
"-79.80","43.30","BURLINGTON PIERS (AUT)","6151061","2024-08-26 13:00","2024","08","26","13:00","","22.9","","18.2","","75","","","","4","","10","","","","101.22","","29","","","","NA"
"-79.80","43.30","BURLINGTON PIERS (AUT)","6151061","2024-08-26 14:00","2024","08","26","14:00","","23.5","","16.7","","66","","","","6","","10","","","","101.17","","29","","","","NA"
"-79.80","43.30","BURLINGTON PIERS (AUT)","6151061","2024-08-26 15:00","2024","08","26","15:00","","23.6","","20.0","","80","","","","","","0","","","","101.14","","31","","","","NA"
"-79.80","43.30","BURLINGTON PIERS (AUT)","6151061","2024-08-26 16:00","2024","08","26","16:00","","24.4","","19.7","","75","","","","5","","5","","","","101.12","","32","","","","NA"
"-79.80","43.30","BURLINGTON PIERS (AUT)","6151061","2024-08-26 17:00","2024","08","26","17:00","","26.4","","18.2","","61","","","","","","0","","","","101.07","","33","","","","NA"
"-79.80","43.30","BURLINGTON PIERS (AUT)","6151061","2024-08-26 18:00","2024","08","26","18:00","","26.4","","17.0","","56","","","","14","","13","","","","101.04","","32","","","","NA"
"-79.80","43.30","BURLINGTON PIERS (AUT)","6151061","2024-08-26 19:00","2024","08","26","19:00","","27.0","","16.1","","51","","","","17","","10","","","","101.04","","32","","","","NA"
"-79.80","43.30","BURLINGTON PIERS (AUT)","6151061","2024-08-26 20:00","2024","08","26","20:00","","26.3","","15.8","","52","","","","17","","5","","","","101.07","","31","","","","NA"
"-79.80","43.30","BURLINGTON PIERS (AUT)","6151061","2024-08-26 21:00","2024","08","26","21:00","","25.0","","16.8","","60","","","","27","","4","","","","101.07","","30","","","","NA"
"-79.80","43.30","BURLINGTON PIERS (AUT)","6151061","2024-08-26 22:00","2024","08","26","22:00","","24.3","","17.5","","66","","","","","","0","","","","101.06","","30","","","","NA"
"-79.80","43.30","BURLINGTON PIERS (AUT)","6151061","2024-08-26 23:00","2024","08","26","23:00","","23.5","","17.8","","70","","","","24","","3","","","","101.03","","29","","","","NA"
"-79.80","43.30","BURLINGTON PIERS (AUT)","6151061","2024-08-27 00:00","2024","08","27","00:00","","23.2","","18.3","","74","","","","26","","4","","","","101.02","","29","","","","NA"
"-79.80","43.30","BURLINGTON PIERS (AUT)","6151061","2024-08-27 01:00","2024","08","27","01:00","","22.9","","17.5","","72","","","","","","0","","","","101.00","","29","","","","NA"
"-79.80","43.30","BURLINGTON PIERS (AUT)","6151061","2024-08-27 02:00","2024","08","27","02:00","","22.6","","17.6","","73","","","","25","","4","","","","100.95","","28","","","","NA"
"-79.80","43.30","BURLINGTON PIERS (AUT)","6151061","2024-08-27 03:00","2024","08","27","03:00","","22.0","","18.7","","81","","","","","","0","","","","100.93","","29","","","","NA"
"-79.80","43.30","BURLINGTON PIERS (AUT)","6151061","2024-08-27 04:00","2024","08","27","04:00","","22.1","","18.5","","80","","","","25","","4","","","","100.92","","28","","","","NA"
"-79.80","43.30","BURLINGTON PIERS (AUT)","6151061","2024-08-27 05:00","2024","08","27","05:00","","22.0","","17.7","","77","","","","","","0","","","","100.93","","28","","","","NA"
"-79.80","43.30","BURLINGTON PIERS (AUT)","6151061","2024-08-27 06:00","2024","08","27","06:00","","21.7","","18.3","","81","","","","","","0","","","","100.96","","28","","","","NA"
"-79.80","43.30","BURLINGTON PIERS (AUT)","6151061","2024-08-27 07:00","2024","08","27","07:00","","22.5","","18.6","","79","","","","","","0","","","","100.92","","29","","","","NA"
"-79.80","43.30","BURLINGTON PIERS (AUT)","6151061","2024-08-27 08:00","2024","08","27","08:00","","24.3","","19.3","","74","","","","","","0","","","","100.90","","31","","","","NA"
"-79.80","43.30","BURLINGTON PIERS (AUT)","6151061","2024-08-27 09:00","2024","08","27","09:00","","22.8","","19.9","","83","","","","5","","9","","","","100.86","","30","","","","NA"
"-79.80","43.30","BURLINGTON PIERS (AUT)","6151061","2024-08-27 10:00","2024","08","27","10:00","","22.8","","21.1","","91","","","","5","","9","","","","100.82","","31","","","","NA"
"-79.80","43.30","BURLINGTON PIERS (AUT)","6151061","2024-08-27 11:00","2024","08","27","11:00","","23.0","","21.2","","90","","","","1","","7","","","","100.68","","32","","","","NA"
"-79.80","43.30","BURLINGTON PIERS (AUT)","6151061","2024-08-27 12:00","2024","08","27","12:00","","29.4","","21.1","","61","","","","19","","11","","","","100.61","","38","","","","NA"
"-79.80","43.30","BURLINGTON PIERS (AUT)","6151061","2024-08-27 13:00","2024","08","27","13:00","","29.9","","21.0","","59","","","","22","","13","","","","100.63","","38","","","","NA"
"-79.80","43.30","BURLINGTON PIERS (AUT)","6151061","2024-08-27 14:00","2024","08","27","14:00","","30.8","","20.0","","53","","","","21","","18","","","","100.55","","38","","","","NA"
"-79.80","43.30","BURLINGTON PIERS (AUT)","6151061","2024-08-27 15:00","2024","08","27","15:00","","30.3","","20.7","","57","","","","23","","13","","","","100.55","","38","","","","NA"
"-79.80","43.30","BURLINGTON PIERS (AUT)","6151061","2024-08-27 16:00","2024","08","27","16:00","","30.5","","19.8","","53","","","","22","","15","","","","100.51","","38","","","","NA"
"-79.80","43.30","BURLINGTON PIERS (AUT)","6151061","2024-08-27 17:00","2024","08","27","17:00","","28.8","","20.5","","61","","","","22","","14","","","","100.51","","37","","","","NA"
"-79.80","43.30","BURLINGTON PIERS (AUT)","6151061","2024-08-27 18:00","2024","08","27","18:00","","28.4","","21.3","","66","","","","22","","12","","","","100.47","","37","","","","NA"
"-79.80","43.30","BURLINGTON PIERS (AUT)","6151061","2024-08-27 19:00","2024","08","27","19:00","","28.1","","21.1","","66","","","","24","","5","","","","100.53","","37","","","","NA"
"-79.80","43.30","BURLINGTON PIERS (AUT)","6151061","2024-08-27 20:00","2024","08","27","20:00","","27.1","","21.5","","72","","","","21","","8","","","","100.49","","36","","","","NA"
"-79.80","43.30","BURLINGTON PIERS (AUT)","6151061","2024-08-27 21:00","2024","08","27","21:00","","26.6","","20.8","","70","","","","26","","6","","","","100.38","","35","","","","NA"
"-79.80","43.30","BURLINGTON PIERS (AUT)","6151061","2024-08-27 22:00","2024","08","27","22:00","","26.2","","19.3","","66","","","","24","","9","","","","100.36","","33","","","","NA"
"-79.80","43.30","BURLINGTON PIERS (AUT)","6151061","2024-08-27 23:00","2024","08","27","23:00","","25.0","","19.9","","73","","","","23","","10","","","","100.48","","32","","","","NA"
"-79.80","43.30","BURLINGTON PIERS (AUT)","6151061","2024-08-28 00:00","2024","08","28","00:00","","24.0","","20.2","","79","","","","25","","13","","","","100.51","","32","","","","NA"
"-79.80","43.30","BURLINGTON PIERS (AUT)","6151061","2024-08-28 01:00","2024","08","28","01:00","","23.6","","19.8","","79","","","","25","","11","","","","100.48","","31","","","","NA"
"-79.80","43.30","BURLINGTON PIERS (AUT)","6151061","2024-08-28 02:00","2024","08","28","02:00","","22.9","","20.0","","84","","","","23","","9","","","","100.49","","30","","","","NA"
"-79.80","43.30","BURLINGTON PIERS (AUT)","6151061","2024-08-28 03:00","2024","08","28","03:00","","22.4","","19.8","","85","","","","24","","9","","","","100.51","","30","","","","NA"
"-79.80","43.30","BURLINGTON PIERS (AUT)","6151061","2024-08-28 04:00","2024","08","28","04:00","","22.1","","19.8","","87","","","","23","","8","","","","100.58","","30","","","","NA"
"-79.80","43.30","BURLINGTON PIERS (AUT)","6151061","2024-08-28 05:00","2024","08","28","05:00","","21.8","","19.5","","87","","","","25","","10","","","","100.64","","29","","","","NA"
"-79.80","43.30","BURLINGTON PIERS (AUT)","6151061","2024-08-28 06:00","2024","08","28","06:00","","21.9","","19.2","","85","","","","32","","3","","","","100.65","","29","","","","NA"
"-79.80","43.30","BURLINGTON PIERS (AUT)","6151061","2024-08-28 07:00","2024","08","28","07:00","","21.5","","19.1","","86","","","","9","","7","","","","100.66","","28","","","","NA"
"-79.80","43.30","BURLINGTON PIERS (AUT)","6151061","2024-08-28 08:00","2024","08","28","08:00","","22.5","","19.3","","82","","","","22","","7","","","","100.71","","30","","","","NA"
"-79.80","43.30","BURLINGTON PIERS (AUT)","6151061","2024-08-28 09:00","2024","08","28","09:00","","22.8","","19.3","","81","","","","23","","11","","","","100.73","","30","","","","NA"
"-79.80","43.30","BURLINGTON PIERS (AUT)","6151061","2024-08-28 10:00","2024","08","28","10:00","","24.0","","19.2","","75","","","","23","","10","","","","100.75","","31","","","","NA"
"-79.80","43.30","BURLINGTON PIERS (AUT)","6151061","2024-08-28 11:00","2024","08","28","11:00","","25.3","","19.1","","69","","","","19","","9","","","","100.72","","32","","","","NA"
"-79.80","43.30","BURLINGTON PIERS (AUT)","6151061","2024-08-28 12:00","2024","08","28","12:00","","23.6","","19.8","","79","","","","10","","12","","","","100.71","","31","","","","NA"
"-79.80","43.30","BURLINGTON PIERS (AUT)","6151061","2024-08-28 13:00","2024","08","28","13:00","","21.7","","20.4","","92","","","","3","","26","","","","100.73","","30","","","","NA"
"-79.80","43.30","BURLINGTON PIERS (AUT)","6151061","2024-08-28 14:00","2024","08","28","14:00","","21.5","","20.1","","92","","","","4","","25","","","","100.78","","29","","","","NA"
"-79.80","43.30","BURLINGTON PIERS (AUT)","6151061","2024-08-28 15:00","2024","08","28","15:00","","20.9","","18.5","","87","","","","4","","25","","","","100.84","","27","","","","NA"
"-79.80","43.30","BURLINGTON PIERS (AUT)","6151061","2024-08-28 16:00","2024","08","28","16:00","","20.3","","18.4","","89","","","","4","","23","","","","100.88","","27","","","","NA"
"-79.80","43.30","BURLINGTON PIERS (AUT)","6151061","2024-08-28 17:00","2024","08","28","17:00","","19.8","","17.9","","89","","","","3","","25","","","","100.91","","","","","","NA"
"-79.80","43.30","BURLINGTON PIERS (AUT)","6151061","2024-08-28 18:00","2024","08","28","18:00","","19.5","","17.2","","87","","","","4","","25","","","","100.98","","","","","","NA"
"-79.80","43.30","BURLINGTON PIERS (AUT)","6151061","2024-08-28 19:00","2024","08","28","19:00","","18.9","","17.1","","90","","","","4","","24","","","","101.01","","","","","","NA"
"-79.80","43.30","BURLINGTON PIERS (AUT)","6151061","2024-08-28 20:00","2024","08","28","20:00","","18.5","","16.8","","90","","","","5","","25","","","","101.11","","","","","","NA"
"-79.80","43.30","BURLINGTON PIERS (AUT)","6151061","2024-08-28 21:00","2024","08","28","21:00","","18.1","","16.6","","90","","","","5","","23","","","","101.17","","","","","","NA"
"-79.80","43.30","BURLINGTON PIERS (AUT)","6151061","2024-08-28 22:00","2024","08","28","22:00","","18.4","","16.2","","87","","","","5","","29","","","","101.18","","","","","","NA"
"-79.80","43.30","BURLINGTON PIERS (AUT)","6151061","2024-08-28 23:00","2024","08","28","23:00","","18.2","","16.1","","87","","","","3","","25","","","","101.20","","","","","","NA"
"-79.80","43.30","BURLINGTON PIERS (AUT)","6151061","2024-08-29 00:00","2024","08","29","00:00","","19.0","","14.7","","76","","","","5","","21","","","","101.19","","","","","","NA"
"-79.80","43.30","BURLINGTON PIERS (AUT)","6151061","2024-08-29 01:00","2024","08","29","01:00","","19.3","","15.0","","76","","","","5","","20","","","","101.20","","","","","","NA"
"-79.80","43.30","BURLINGTON PIERS (AUT)","6151061","2024-08-29 02:00","2024","08","29","02:00","","19.5","","14.9","","74","","","","5","","21","","","","101.20","","","","","","NA"
"-79.80","43.30","BURLINGTON PIERS (AUT)","6151061","2024-08-29 03:00","2024","08","29","03:00","","19.2","","15.4","","79","","","","8","","21","","","","101.23","","","","","","NA"
"-79.80","43.30","BURLINGTON PIERS (AUT)","6151061","2024-08-29 04:00","2024","08","29","04:00","","19.5","","14.6","","73","","","","7","","20","","","","101.29","","","","","","NA"
"-79.80","43.30","BURLINGTON PIERS (AUT)","6151061","2024-08-29 05:00","2024","08","29","05:00","","18.7","","14.2","","75","","","","3","","28","","","","101.35","","","","","","NA"
"-79.80","43.30","BURLINGTON PIERS (AUT)","6151061","2024-08-29 06:00","2024","08","29","06:00","","18.8","","14.6","","76","","","","3","","27","","","","101.40","","","","","","NA"
"-79.80","43.30","BURLINGTON PIERS (AUT)","6151061","2024-08-29 07:00","2024","08","29","07:00","","18.7","","14.4","","76","","","","3","","23","","","","101.43","","","","","","NA"
"-79.80","43.30","BURLINGTON PIERS (AUT)","6151061","2024-08-29 08:00","2024","08","29","08:00","","18.8","","14.7","","77","","","","2","","23","","","","101.46","","","","","","NA"
"-79.80","43.30","BURLINGTON PIERS (AUT)","6151061","2024-08-29 09:00","2024","08","29","09:00","","19.0","","14.7","","76","","","","3","","22","","","","101.46","","","","","","NA"
"-79.80","43.30","BURLINGTON PIERS (AUT)","6151061","2024-08-29 10:00","2024","08","29","10:00","","19.1","","15.3","","78","","","","3","","22","","","","101.47","","","","","","NA"
"-79.80","43.30","BURLINGTON PIERS (AUT)","6151061","2024-08-29 11:00","2024","08","29","11:00","","18.7","","15.4","","81","","","","3","","28","","","","101.46","","","","","","NA"
"-79.80","43.30","BURLINGTON PIERS (AUT)","6151061","2024-08-29 12:00","2024","08","29","12:00","","18.8","","15.7","","82","","","","3","","27","","","","101.49","","","","","","NA"
"-79.80","43.30","BURLINGTON PIERS (AUT)","6151061","2024-08-29 13:00","2024","08","29","13:00","","18.9","","15.3","","80","","","","4","","23","","","","101.49","","","","","","NA"
"-79.80","43.30","BURLINGTON PIERS (AUT)","6151061","2024-08-29 14:00","2024","08","29","14:00","","19.2","","14.5","","75","","","","6","","21","","","","101.47","","","","","","NA"
"-79.80","43.30","BURLINGTON PIERS (AUT)","6151061","2024-08-29 15:00","2024","08","29","15:00","","19.3","","14.3","","73","","","","6","","18","","","","101.47","","","","","","NA"
"-79.80","43.30","BURLINGTON PIERS (AUT)","6151061","2024-08-29 16:00","2024","08","29","16:00","","19.4","","15.0","","75","","","","6","","15","","","","101.45","","","","","","NA"
"-79.80","43.30","BURLINGTON PIERS (AUT)","6151061","2024-08-29 17:00","2024","08","29","17:00","","19.5","","14.5","","73","","","","4","","11","","","","101.44","","","","","","NA"
"-79.80","43.30","BURLINGTON PIERS (AUT)","6151061","2024-08-29 18:00","2024","08","29","18:00","","19.7","","14.2","","71","","","","4","","9","","","","101.44","","","","","","NA"
"-79.80","43.30","BURLINGTON PIERS (AUT)","6151061","2024-08-29 19:00","2024","08","29","19:00","","19.8","","14.4","","71","","","","3","","11","","","","101.39","","","","","","NA"
"-79.80","43.30","BURLINGTON PIERS (AUT)","6151061","2024-08-29 20:00","2024","08","29","20:00","","19.7","","14.9","","74","","","","1","","10","","","","101.36","","","","","","NA"
"-79.80","43.30","BURLINGTON PIERS (AUT)","6151061","2024-08-29 21:00","2024","08","29","21:00","","20.2","","14.5","","70","","","","4","","17","","","","101.35","","","","","","NA"
"-79.80","43.30","BURLINGTON PIERS (AUT)","6151061","2024-08-29 22:00","2024","08","29","22:00","","20.5","","12.7","","61","","","","6","","21","","","","101.34","","","","","","NA"
"-79.80","43.30","BURLINGTON PIERS (AUT)","6151061","2024-08-29 23:00","2024","08","29","23:00","","20.1","","13.0","","64","","","","8","","16","","","","101.35","","","","","","NA"
"-79.80","43.30","BURLINGTON PIERS (AUT)","6151061","2024-08-30 00:00","2024","08","30","00:00","","20.2","","12.4","","61","","","","6","","18","","","","101.35","","","","","","NA"
"-79.80","43.30","BURLINGTON PIERS (AUT)","6151061","2024-08-30 01:00","2024","08","30","01:00","","20.1","","14.5","","70","","","","5","","19","","","","101.32","","","","","","NA"
"-79.80","43.30","BURLINGTON PIERS (AUT)","6151061","2024-08-30 02:00","2024","08","30","02:00","","20.0","","14.8","","72","","","","7","","14","","","","101.28","","","","","","NA"
"-79.80","43.30","BURLINGTON PIERS (AUT)","6151061","2024-08-30 03:00","2024","08","30","03:00","","18.0","","15.1","","83","","","","34","","9","","","","101.19","","","","","","NA"
"-79.80","43.30","BURLINGTON PIERS (AUT)","6151061","2024-08-30 04:00","2024","08","30","04:00","","17.3","","14.8","","85","","","","33","","12","","","","101.12","","","","","","NA"
"-79.80","43.30","BURLINGTON PIERS (AUT)","6151061","2024-08-30 05:00","2024","08","30","05:00","","16.9","","14.0","","83","","","","33","","13","","","","101.12","","","","","","NA"
"-79.80","43.30","BURLINGTON PIERS (AUT)","6151061","2024-08-30 06:00","2024","08","30","06:00","","17.2","","14.6","","85","","","","34","","12","","","","101.13","","","","","","NA"
"-79.80","43.30","BURLINGTON PIERS (AUT)","6151061","2024-08-30 07:00","2024","08","30","07:00","","17.9","","14.6","","81","","","","36","","12","","","","101.13","","","","","","NA"
"-79.80","43.30","BURLINGTON PIERS (AUT)","6151061","2024-08-30 08:00","2024","08","30","08:00","","19.3","","15.6","","79","","","","1","","10","","","","101.11","","","","","","NA"
"-79.80","43.30","BURLINGTON PIERS (AUT)","6151061","2024-08-30 09:00","2024","08","30","09:00","","20.0","","17.0","","83","","","","3","","10","","","","101.15","","25","","","","NA"
"-79.80","43.30","BURLINGTON PIERS (AUT)","6151061","2024-08-30 10:00","2024","08","30","10:00","","20.4","","17.5","","84","","","","7","","10","","","","101.13","","26","","","","NA"
"-79.80","43.30","BURLINGTON PIERS (AUT)","6151061","2024-08-30 11:00","2024","08","30","11:00","","20.4","","18.0","","86","","","","5","","10","","","","101.11","","26","","","","NA"
"-79.80","43.30","BURLINGTON PIERS (AUT)","6151061","2024-08-30 12:00","2024","08","30","12:00","","20.4","","18.4","","88","","","","4","","13","","","","101.07","","27","","","","NA"
"-79.80","43.30","BURLINGTON PIERS (AUT)","6151061","2024-08-30 13:00","2024","08","30","13:00","","20.4","","18.4","","88","","","","6","","15","","","","100.98","","27","","","","NA"
"-79.80","43.30","BURLINGTON PIERS (AUT)","6151061","2024-08-30 14:00","2024","08","30","14:00","","20.8","","19.1","","90","","","","5","","14","","","","100.93","","28","","","","NA"
"-79.80","43.30","BURLINGTON PIERS (AUT)","6151061","2024-08-30 15:00","2024","08","30","15:00","","21.1","","19.6","","91","","","","6","","14","","","","100.86","","28","","","","NA"
"-79.80","43.30","BURLINGTON PIERS (AUT)","6151061","2024-08-30 16:00","2024","08","30","16:00","","21.4","","19.6","","90","","","","7","","11","","","","100.80","","29","","","","NA"
"-79.80","43.30","BURLINGTON PIERS (AUT)","6151061","2024-08-30 17:00","2024","08","30","17:00","","21.5","","20.3","","92","","","","3","","9","","","","100.72","","29","","","","NA"
"-79.80","43.30","BURLINGTON PIERS (AUT)","6151061","2024-08-30 18:00","2024","08","30","18:00","","21.8","","20.3","","91","","","","1","","8","","","","100.66","","30","","","","NA"
"-79.80","43.30","BURLINGTON PIERS (AUT)","6151061","2024-08-30 19:00","2024","08","30","19:00","","21.9","","20.4","","91","","","","2","","10","","","","100.62","","30","","","","NA"
"-79.80","43.30","BURLINGTON PIERS (AUT)","6151061","2024-08-30 20:00","2024","08","30","20:00","","22.1","","20.2","","89","","","","","","0","","","","100.60","","30","","","","NA"
"-79.80","43.30","BURLINGTON PIERS (AUT)","6151061","2024-08-30 21:00","2024","08","30","21:00","","22.3","","20.3","","89","","","","","","0","","","","100.61","","30","","","","NA"
"-79.80","43.30","BURLINGTON PIERS (AUT)","6151061","2024-08-30 22:00","2024","08","30","22:00","","22.1","","19.7","","86","","","","","","0","","","","100.57","","29","","","","NA"
"-79.80","43.30","BURLINGTON PIERS (AUT)","6151061","2024-08-30 23:00","2024","08","30","23:00","","23.1","","20.2","","84","","","","20","","7","","","","100.62","","31","","","","NA"
"-79.80","43.30","BURLINGTON PIERS (AUT)","6151061","2024-08-31 00:00","2024","08","31","00:00","","23.4","","19.5","","79","","","","23","","6","","","","100.55","","31","","","","NA"
"-79.80","43.30","BURLINGTON PIERS (AUT)","6151061","2024-08-31 01:00","2024","08","31","01:00","","24.0","","19.4","","76","","","","22","","11","","","","100.58","","31","","","","NA"
"-79.80","43.30","BURLINGTON PIERS (AUT)","6151061","2024-08-31 02:00","2024","08","31","02:00","","22.2","","20.1","","88","","","","29","","8","","","","100.54","","30","","","","NA"
"-79.80","43.30","BURLINGTON PIERS (AUT)","6151061","2024-08-31 03:00","2024","08","31","03:00","","22.2","","20.9","","92","","","","22","","8","","","","100.49","","31","","","","NA"
"-79.80","43.30","BURLINGTON PIERS (AUT)","6151061","2024-08-31 04:00","2024","08","31","04:00","","22.9","","20.3","","85","","","","21","","10","","","","100.45","","31","","","","NA"
"-79.80","43.30","BURLINGTON PIERS (AUT)","6151061","2024-08-31 05:00","2024","08","31","05:00","","22.0","","20.4","","91","","","","27","","5","","","","100.48","","30","","","","NA"
"-79.80","43.30","BURLINGTON PIERS (AUT)","6151061","2024-08-31 06:00","2024","08","31","06:00","","22.1","","20.5","","91","","","","22","","6","","","","100.51","","30","","","","NA"
"-79.80","43.30","BURLINGTON PIERS (AUT)","6151061","2024-08-31 07:00","2024","08","31","07:00","","21.6","","20.8","","96","","","","25","","7","","","","100.50","","30","","","","NA"
"-79.80","43.30","BURLINGTON PIERS (AUT)","6151061","2024-08-31 08:00","2024","08","31","08:00","","21.8","","20.8","","94","","","","","","0","","","","100.45","","30","","","","NA"
"-79.80","43.30","BURLINGTON PIERS (AUT)","6151061","2024-08-31 09:00","2024","08","31","09:00","","22.5","","20.7","","90","","","","25","","10","","","","100.50","","31","","","","NA"
"-79.80","43.30","BURLINGTON PIERS (AUT)","6151061","2024-08-31 10:00","2024","08","31","10:00","","23.3","","20.2","","83","","","","28","","5","","","","100.55","","31","","","","NA"
"-79.80","43.30","BURLINGTON PIERS (AUT)","6151061","2024-08-31 11:00","2024","08","31","11:00","","24.3","","20.2","","78","","","","","","0","","","","100.57","","32","","","","NA"
"-79.80","43.30","BURLINGTON PIERS (AUT)","6151061","2024-08-31 12:00","2024","08","31","12:00","","23.2","","20.1","","83","","","","10","","11","","","","100.54","","31","","","","NA"
"-79.80","43.30","BURLINGTON PIERS (AUT)","6151061","2024-08-31 13:00","2024","08","31","13:00","","23.1","","20.2","","83","","","","11","","11","","","","100.51","","31","","","","NA"
"-79.80","43.30","BURLINGTON PIERS (AUT)","6151061","2024-08-31 14:00","2024","08","31","14:00","","23.2","","20.1","","83","","","","12","","12","","","","100.44","","31","","","","NA"
"-79.80","43.30","BURLINGTON PIERS (AUT)","6151061","2024-08-31 15:00","2024","08","31","15:00","","25.6","","17.6","","61","","","","3","","4","","","","100.38","","31","","","","NA"
"-79.80","43.30","BURLINGTON PIERS (AUT)","6151061","2024-08-31 16:00","2024","08","31","16:00","","27.3","","14.4","","45","","","","29","","15","","","","100.33","","31","","","","NA"
"-79.80","43.30","BURLINGTON PIERS (AUT)","6151061","2024-08-31 17:00","2024","08","31","17:00","","27.5","","14.7","","46","","","","29","","10","","","","100.34","","31","","","","NA"
"-79.80","43.30","BURLINGTON PIERS (AUT)","6151061","2024-08-31 18:00","2024","08","31","18:00","","27.0","","13.9","","45","","","","29","","12","","","","100.33","","30","","","","NA"
"-79.80","43.30","BURLINGTON PIERS (AUT)","6151061","2024-08-31 19:00","2024","08","31","19:00","","25.0","","17.3","","62","","","","24","","5","","","","100.35","","30","","","","NA"
"-79.80","43.30","BURLINGTON PIERS (AUT)","6151061","2024-08-31 20:00","2024","08","31","20:00","","23.7","","16.1","","62","","","","26","","6","","","","100.38","","28","","","","NA"
"-79.80","43.30","BURLINGTON PIERS (AUT)","6151061","2024-08-31 21:00","2024","08","31","21:00","","22.5","","16.4","","69","","","","25","","8","","","","100.40","","27","","","","NA"
"-79.80","43.30","BURLINGTON PIERS (AUT)","6151061","2024-08-31 22:00","2024","08","31","22:00","","21.7","","15.4","","67","","","","25","","8","","","","100.38","","26","","","","NA"
"-79.80","43.30","BURLINGTON PIERS (AUT)","6151061","2024-08-31 23:00","2024","08","31","23:00","","21.0","","16.1","","73","","","","22","","7","","","","100.32","","26","","","","NA"
