"Longitude (x)","Latitude (y)","Station Name","Climate ID","Date/Time (LST)","Year","Month","Day","Time (LST)","Flag","Temp (°C)","Temp Flag","Dew Point Temp (°C)","Dew Point Temp Flag","Rel Hum (%)","Rel Hum Flag","Precip. Amount (mm)","Precip. Amount Flag","Wind Dir (10s deg)","Wind Dir Flag","Wind Spd (km/h)","Wind Spd Flag","Visibility (km)","Visibility Flag","Stn Press (kPa)","Stn Press Flag","Hmdx","Hmdx Flag","Wind Chill","Wind Chill Flag","Weather"
"-79.80","43.30","BURLINGTON PIERS (AUT)","6151061","2024-10-01 00:00","2024","10","01","00:00","","19.6","","17.6","","88","","","","4","","14","","","","100.66","","","","","","NA"
"-79.80","43.30","BURLINGTON PIERS (AUT)","6151061","2024-10-01 01:00","2024","10","01","01:00","","19.4","","17.0","","86","","","","6","","11","","","","100.65","","","","","","NA"
"-79.80","43.30","BURLINGTON PIERS (AUT)","6151061","2024-10-01 02:00","2024","10","01","02:00","","18.3","","17.2","","93","","","","34","","8","","","","100.62","","","","","","NA"
"-79.80","43.30","BURLINGTON PIERS (AUT)","6151061","2024-10-01 03:00","2024","10","01","03:00","","18.1","","17.2","","94","","","","31","","6","","","","100.59","","","","","","NA"
"-79.80","43.30","BURLINGTON PIERS (AUT)","6151061","2024-10-01 04:00","2024","10","01","04:00","","17.9","","16.7","","93","","","","33","","11","","","","100.58","","","","","","NA"
"-79.80","43.30","BURLINGTON PIERS (AUT)","6151061","2024-10-01 05:00","2024","10","01","05:00","","17.8","","17.0","","95","","","","33","","12","","","","100.58","","","","","","NA"
"-79.80","43.30","BURLINGTON PIERS (AUT)","6151061","2024-10-01 06:00","2024","10","01","06:00","","17.8","","16.6","","92","","","","34","","12","","","","100.58","","","","","","NA"
"-79.80","43.30","BURLINGTON PIERS (AUT)","6151061","2024-10-01 07:00","2024","10","01","07:00","","18.1","","16.7","","92","","","","33","","9","","","","100.59","","","","","","NA"
"-79.80","43.30","BURLINGTON PIERS (AUT)","6151061","2024-10-01 08:00","2024","10","01","08:00","","18.7","","16.9","","89","","","","35","","4","","","","100.60","","","","","","NA"
"-79.80","43.30","BURLINGTON PIERS (AUT)","6151061","2024-10-01 09:00","2024","10","01","09:00","","18.5","","17.2","","92","","","","28","","4","","","","100.61","","","","","","NA"
"-79.80","43.30","BURLINGTON PIERS (AUT)","6151061","2024-10-01 10:00","2024","10","01","10:00","","19.2","","16.9","","87","","","","","","0","","","","100.59","","","","","","NA"
"-79.80","43.30","BURLINGTON PIERS (AUT)","6151061","2024-10-01 11:00","2024","10","01","11:00","","19.5","","17.1","","86","","","","5","","3","","","","100.58","","","","","","NA"
"-79.80","43.30","BURLINGTON PIERS (AUT)","6151061","2024-10-01 12:00","2024","10","01","12:00","","20.0","","17.3","","85","","","","3","","3","","","","100.55","","25","","","","NA"
"-79.80","43.30","BURLINGTON PIERS (AUT)","6151061","2024-10-01 13:00","2024","10","01","13:00","","19.8","","17.5","","86","","","","7","","10","","","","100.48","","","","","","NA"
"-79.80","43.30","BURLINGTON PIERS (AUT)","6151061","2024-10-01 14:00","2024","10","01","14:00","","20.0","","17.6","","86","","","","6","","9","","","","100.43","","26","","","","NA"
"-79.80","43.30","BURLINGTON PIERS (AUT)","6151061","2024-10-01 15:00","2024","10","01","15:00","","20.4","","17.8","","85","","","","8","","7","","","","100.41","","26","","","","NA"
"-79.80","43.30","BURLINGTON PIERS (AUT)","6151061","2024-10-01 16:00","2024","10","01","16:00","","20.7","","18.0","","85","","","","4","","5","","","","100.36","","27","","","","NA"
"-79.80","43.30","BURLINGTON PIERS (AUT)","6151061","2024-10-01 17:00","2024","10","01","17:00","","21.0","","16.5","","75","","","","4","","5","","","","100.32","","26","","","","NA"
"-79.80","43.30","BURLINGTON PIERS (AUT)","6151061","2024-10-01 18:00","2024","10","01","18:00","","21.7","","16.7","","73","","","","15","","15","","","","100.29","","27","","","","NA"
"-79.80","43.30","BURLINGTON PIERS (AUT)","6151061","2024-10-01 19:00","2024","10","01","19:00","","21.1","","16.4","","75","","","","16","","15","","","","100.32","","26","","","","NA"
"-79.80","43.30","BURLINGTON PIERS (AUT)","6151061","2024-10-01 20:00","2024","10","01","20:00","","20.7","","16.7","","78","","","","19","","9","","","","100.35","","26","","","","NA"
"-79.80","43.30","BURLINGTON PIERS (AUT)","6151061","2024-10-01 21:00","2024","10","01","21:00","","15.9","","12.2","","79","","","","32","","40","","","","100.42","","","","","","NA"
"-79.80","43.30","BURLINGTON PIERS (AUT)","6151061","2024-10-01 22:00","2024","10","01","22:00","","14.3","","11.3","","82","","","","33","","30","","","","100.49","","","","","","NA"
"-79.80","43.30","BURLINGTON PIERS (AUT)","6151061","2024-10-01 23:00","2024","10","01","23:00","","13.4","","11.8","","90","","","","30","","5","","","","100.55","","","","","","NA"
"-79.80","43.30","BURLINGTON PIERS (AUT)","6151061","2024-10-02 00:00","2024","10","02","00:00","","12.9","","11.2","","89","","","","34","","14","","","","100.53","","","","","","NA"
"-79.80","43.30","BURLINGTON PIERS (AUT)","6151061","2024-10-02 01:00","2024","10","02","01:00","","12.9","","11.3","","90","","","","33","","4","","","","100.57","","","","","","NA"
"-79.80","43.30","BURLINGTON PIERS (AUT)","6151061","2024-10-02 02:00","2024","10","02","02:00","","13.1","","11.1","","88","","","","28","","5","","","","100.53","","","","","","NA"
"-79.80","43.30","BURLINGTON PIERS (AUT)","6151061","2024-10-02 03:00","2024","10","02","03:00","","13.4","","10.9","","85","","","","27","","8","","","","100.58","","","","","","NA"
"-79.80","43.30","BURLINGTON PIERS (AUT)","6151061","2024-10-02 04:00","2024","10","02","04:00","","13.5","","11.0","","84","","","","27","","8","","","","100.58","","","","","","NA"
"-79.80","43.30","BURLINGTON PIERS (AUT)","6151061","2024-10-02 05:00","2024","10","02","05:00","","13.0","","10.2","","83","","","","28","","8","","","","100.59","","","","","","NA"
"-79.80","43.30","BURLINGTON PIERS (AUT)","6151061","2024-10-02 06:00","2024","10","02","06:00","","12.2","","8.5","","78","","","","29","","16","","","","100.64","","","","","","NA"
"-79.80","43.30","BURLINGTON PIERS (AUT)","6151061","2024-10-02 07:00","2024","10","02","07:00","","12.1","","8.3","","78","","","","30","","12","","","","100.68","","","","","","NA"
"-79.80","43.30","BURLINGTON PIERS (AUT)","6151061","2024-10-02 08:00","2024","10","02","08:00","","13.3","","8.5","","73","","","","31","","16","","","","100.68","","","","","","NA"
"-79.80","43.30","BURLINGTON PIERS (AUT)","6151061","2024-10-02 09:00","2024","10","02","09:00","","14.7","","8.3","","65","","","","31","","12","","","","100.72","","","","","","NA"
"-79.80","43.30","BURLINGTON PIERS (AUT)","6151061","2024-10-02 10:00","2024","10","02","10:00","","15.5","","7.5","","59","","","","32","","13","","","","100.74","","","","","","NA"
"-79.80","43.30","BURLINGTON PIERS (AUT)","6151061","2024-10-02 11:00","2024","10","02","11:00","","15.9","","6.8","","55","","","","6","","7","","","","100.73","","","","","","NA"
"-79.80","43.30","BURLINGTON PIERS (AUT)","6151061","2024-10-02 12:00","2024","10","02","12:00","","16.7","","6.3","","50","","","","22","","9","","","","100.75","","","","","","NA"
"-79.80","43.30","BURLINGTON PIERS (AUT)","6151061","2024-10-02 13:00","2024","10","02","13:00","","17.6","","4.5","","42","","","","27","","8","","","","100.68","","","","","","NA"
"-79.80","43.30","BURLINGTON PIERS (AUT)","6151061","2024-10-02 14:00","2024","10","02","14:00","","18.0","","2.4","","35","","","","31","","14","","","","100.67","","","","","","NA"
"-79.80","43.30","BURLINGTON PIERS (AUT)","6151061","2024-10-02 15:00","2024","10","02","15:00","","18.7","","3.3","","36","","","","30","","9","","","","100.65","","","","","","NA"
"-79.80","43.30","BURLINGTON PIERS (AUT)","6151061","2024-10-02 16:00","2024","10","02","16:00","","18.6","","3.6","","37","","","","31","","9","","","","100.64","","","","","","NA"
"-79.80","43.30","BURLINGTON PIERS (AUT)","6151061","2024-10-02 17:00","2024","10","02","17:00","","18.9","","4.8","","39","","","","28","","6","","","","100.64","","","","","","NA"
"-79.80","43.30","BURLINGTON PIERS (AUT)","6151061","2024-10-02 18:00","2024","10","02","18:00","","18.4","","4.7","","40","","","","","","0","","","","100.62","","","","","","NA"
"-79.80","43.30","BURLINGTON PIERS (AUT)","6151061","2024-10-02 19:00","2024","10","02","19:00","","18.2","","5.4","","43","","","","","","0","","","","100.63","","","","","","NA"
"-79.80","43.30","BURLINGTON PIERS (AUT)","6151061","2024-10-02 20:00","2024","10","02","20:00","","16.1","","10.3","","68","","","","26","","5","","","","100.68","","","","","","NA"
"-79.80","43.30","BURLINGTON PIERS (AUT)","6151061","2024-10-02 21:00","2024","10","02","21:00","","15.9","","9.6","","66","","","","23","","6","","","","100.67","","","","","","NA"
"-79.80","43.30","BURLINGTON PIERS (AUT)","6151061","2024-10-02 22:00","2024","10","02","22:00","","15.1","","9.4","","69","","","","25","","7","","","","100.71","","","","","","NA"
"-79.80","43.30","BURLINGTON PIERS (AUT)","6151061","2024-10-02 23:00","2024","10","02","23:00","","14.5","","9.5","","72","","","","25","","7","","","","100.70","","","","","","NA"
"-79.80","43.30","BURLINGTON PIERS (AUT)","6151061","2024-10-03 00:00","2024","10","03","00:00","","14.1","","9.5","","74","","","","26","","5","","","","100.69","","","","","","NA"
"-79.80","43.30","BURLINGTON PIERS (AUT)","6151061","2024-10-03 01:00","2024","10","03","01:00","","13.8","","9.0","","73","","","","26","","4","","","","100.71","","","","","","NA"
"-79.80","43.30","BURLINGTON PIERS (AUT)","6151061","2024-10-03 02:00","2024","10","03","02:00","","13.6","","9.9","","78","","","","25","","5","","","","100.72","","","","","","NA"
"-79.80","43.30","BURLINGTON PIERS (AUT)","6151061","2024-10-03 03:00","2024","10","03","03:00","","13.6","","10.1","","80","","","","26","","5","","","","100.72","","","","","","NA"
"-79.80","43.30","BURLINGTON PIERS (AUT)","6151061","2024-10-03 04:00","2024","10","03","04:00","","13.7","","9.9","","78","","","","26","","7","","","","100.74","","","","","","NA"
"-79.80","43.30","BURLINGTON PIERS (AUT)","6151061","2024-10-03 05:00","2024","10","03","05:00","","13.6","","8.6","","72","","","","25","","5","","","","100.76","","","","","","NA"
"-79.80","43.30","BURLINGTON PIERS (AUT)","6151061","2024-10-03 06:00","2024","10","03","06:00","","13.8","","9.4","","75","","","","25","","5","","","","100.82","","","","","","NA"
"-79.80","43.30","BURLINGTON PIERS (AUT)","6151061","2024-10-03 07:00","2024","10","03","07:00","","14.1","","9.4","","73","","","","28","","5","","","","100.83","","","","","","NA"
"-79.80","43.30","BURLINGTON PIERS (AUT)","6151061","2024-10-03 08:00","2024","10","03","08:00","","15.6","","10.9","","74","","","","27","","4","","","","100.83","","","","","","NA"
"-79.80","43.30","BURLINGTON PIERS (AUT)","6151061","2024-10-03 09:00","2024","10","03","09:00","","17.8","","12.7","","72","","","","22","","8","","","","100.86","","","","","","NA"
"-79.80","43.30","BURLINGTON PIERS (AUT)","6151061","2024-10-03 10:00","2024","10","03","10:00","","19.3","","13.2","","68","","","","21","","14","","","","100.88","","","","","","NA"
"-79.80","43.30","BURLINGTON PIERS (AUT)","6151061","2024-10-03 11:00","2024","10","03","11:00","","20.2","","12.6","","61","","","","21","","15","","","","100.85","","","","","","NA"
"-79.80","43.30","BURLINGTON PIERS (AUT)","6151061","2024-10-03 12:00","2024","10","03","12:00","","21.4","","10.4","","49","","","","21","","13","","","","100.82","","","","","","NA"
"-79.80","43.30","BURLINGTON PIERS (AUT)","6151061","2024-10-03 13:00","2024","10","03","13:00","","22.2","","9.6","","44","","","","23","","12","","","","100.80","","","","","","NA"
"-79.80","43.30","BURLINGTON PIERS (AUT)","6151061","2024-10-03 14:00","2024","10","03","14:00","","23.0","","8.5","","39","","","","23","","10","","","","100.81","","","","","","NA"
"-79.80","43.30","BURLINGTON PIERS (AUT)","6151061","2024-10-03 15:00","2024","10","03","15:00","","23.3","","10.3","","44","","","","23","","8","","","","100.80","","25","","","","NA"
"-79.80","43.30","BURLINGTON PIERS (AUT)","6151061","2024-10-03 16:00","2024","10","03","16:00","","22.6","","13.9","","58","","","","19","","13","","","","100.80","","26","","","","NA"
"-79.80","43.30","BURLINGTON PIERS (AUT)","6151061","2024-10-03 17:00","2024","10","03","17:00","","22.1","","13.4","","58","","","","19","","16","","","","100.84","","25","","","","NA"
"-79.80","43.30","BURLINGTON PIERS (AUT)","6151061","2024-10-03 18:00","2024","10","03","18:00","","21.2","","12.0","","56","","","","19","","17","","","","100.90","","","","","","NA"
"-79.80","43.30","BURLINGTON PIERS (AUT)","6151061","2024-10-03 19:00","2024","10","03","19:00","","20.4","","11.8","","58","","","","21","","13","","","","100.95","","","","","","NA"
"-79.80","43.30","BURLINGTON PIERS (AUT)","6151061","2024-10-03 20:00","2024","10","03","20:00","","19.5","","11.8","","61","","","","26","","7","","","","101.00","","","","","","NA"
"-79.80","43.30","BURLINGTON PIERS (AUT)","6151061","2024-10-03 21:00","2024","10","03","21:00","","18.5","","11.3","","63","","","","25","","8","","","","101.04","","","","","","NA"
"-79.80","43.30","BURLINGTON PIERS (AUT)","6151061","2024-10-03 22:00","2024","10","03","22:00","","18.0","","11.6","","66","","","","25","","6","","","","101.08","","","","","","NA"
"-79.80","43.30","BURLINGTON PIERS (AUT)","6151061","2024-10-03 23:00","2024","10","03","23:00","","17.4","","12.4","","72","","","","24","","6","","","","101.12","","","","","","NA"
"-79.80","43.30","BURLINGTON PIERS (AUT)","6151061","2024-10-04 00:00","2024","10","04","00:00","","17.0","","13.0","","77","","","","24","","5","","","","101.13","","","","","","NA"
"-79.80","43.30","BURLINGTON PIERS (AUT)","6151061","2024-10-04 01:00","2024","10","04","01:00","","17.1","","13.0","","77","","","","23","","4","","","","101.11","","","","","","NA"
"-79.80","43.30","BURLINGTON PIERS (AUT)","6151061","2024-10-04 02:00","2024","10","04","02:00","","16.2","","12.0","","76","","","","","","0","","","","101.13","","","","","","NA"
"-79.80","43.30","BURLINGTON PIERS (AUT)","6151061","2024-10-04 03:00","2024","10","04","03:00","","15.5","","12.9","","85","","","","24","","5","","","","101.17","","","","","","NA"
"-79.80","43.30","BURLINGTON PIERS (AUT)","6151061","2024-10-04 04:00","2024","10","04","04:00","","14.6","","12.0","","84","","","","29","","4","","","","101.20","","","","","","NA"
"-79.80","43.30","BURLINGTON PIERS (AUT)","6151061","2024-10-04 05:00","2024","10","04","05:00","","15.4","","10.7","","73","","","","32","","8","","","","101.23","","","","","","NA"
"-79.80","43.30","BURLINGTON PIERS (AUT)","6151061","2024-10-04 06:00","2024","10","04","06:00","","15.2","","9.9","","71","","","","33","","9","","","","101.29","","","","","","NA"
"-79.80","43.30","BURLINGTON PIERS (AUT)","6151061","2024-10-04 07:00","2024","10","04","07:00","","15.6","","8.1","","61","","","","34","","19","","","","101.32","","","","","","NA"
"-79.80","43.30","BURLINGTON PIERS (AUT)","6151061","2024-10-04 08:00","2024","10","04","08:00","","16.1","","8.4","","60","","","","36","","17","","","","101.33","","","","","","NA"
"-79.80","43.30","BURLINGTON PIERS (AUT)","6151061","2024-10-04 09:00","2024","10","04","09:00","","16.6","","10.6","","67","","","","2","","13","","","","101.36","","","","","","NA"
"-79.80","43.30","BURLINGTON PIERS (AUT)","6151061","2024-10-04 10:00","2024","10","04","10:00","","17.7","","10.7","","63","","","","4","","15","","","","101.35","","","","","","NA"
"-79.80","43.30","BURLINGTON PIERS (AUT)","6151061","2024-10-04 11:00","2024","10","04","11:00","","17.6","","11.6","","68","","","","6","","13","","","","101.34","","","","","","NA"
"-79.80","43.30","BURLINGTON PIERS (AUT)","6151061","2024-10-04 12:00","2024","10","04","12:00","","17.8","","12.2","","70","","","","5","","12","","","","101.33","","","","","","NA"
"-79.80","43.30","BURLINGTON PIERS (AUT)","6151061","2024-10-04 13:00","2024","10","04","13:00","","17.9","","12.8","","72","","","","9","","12","","","","101.28","","","","","","NA"
"-79.80","43.30","BURLINGTON PIERS (AUT)","6151061","2024-10-04 14:00","2024","10","04","14:00","","18.2","","13.3","","73","","","","9","","7","","","","101.27","","","","","","NA"
"-79.80","43.30","BURLINGTON PIERS (AUT)","6151061","2024-10-04 15:00","2024","10","04","15:00","","18.1","","13.1","","72","","","","36","","5","","","","101.27","","","","","","NA"
"-79.80","43.30","BURLINGTON PIERS (AUT)","6151061","2024-10-04 16:00","2024","10","04","16:00","","17.3","","11.0","","66","","","","32","","10","","","","101.35","","","","","","NA"
"-79.80","43.30","BURLINGTON PIERS (AUT)","6151061","2024-10-04 17:00","2024","10","04","17:00","","17.5","","11.4","","67","","","","9","","7","","","","101.30","","","","","","NA"
"-79.80","43.30","BURLINGTON PIERS (AUT)","6151061","2024-10-04 18:00","2024","10","04","18:00","","17.2","","13.2","","77","","","","15","","10","","","","101.33","","","","","","NA"
"-79.80","43.30","BURLINGTON PIERS (AUT)","6151061","2024-10-04 19:00","2024","10","04","19:00","","17.1","","12.5","","75","","","","18","","4","","","","101.37","","","","","","NA"
"-79.80","43.30","BURLINGTON PIERS (AUT)","6151061","2024-10-04 20:00","2024","10","04","20:00","","16.3","","14.2","","87","","","","25","","4","","","","101.41","","","","","","NA"
"-79.80","43.30","BURLINGTON PIERS (AUT)","6151061","2024-10-04 21:00","2024","10","04","21:00","","16.0","","12.3","","79","","","","31","","14","","","","101.44","","","","","","NA"
"-79.80","43.30","BURLINGTON PIERS (AUT)","6151061","2024-10-04 22:00","2024","10","04","22:00","","15.7","","12.1","","79","","","","32","","18","","","","101.49","","","","","","NA"
"-79.80","43.30","BURLINGTON PIERS (AUT)","6151061","2024-10-04 23:00","2024","10","04","23:00","","15.2","","9.6","","69","","","","31","","7","","","","101.51","","","","","","NA"
"-79.80","43.30","BURLINGTON PIERS (AUT)","6151061","2024-10-05 00:00","2024","10","05","00:00","","14.7","","7.0","","60","","","","29","","5","","","","101.52","","","","","","NA"
"-79.80","43.30","BURLINGTON PIERS (AUT)","6151061","2024-10-05 01:00","2024","10","05","01:00","","13.8","","7.4","","65","","","","25","","5","","","","101.53","","","","","","NA"
"-79.80","43.30","BURLINGTON PIERS (AUT)","6151061","2024-10-05 02:00","2024","10","05","02:00","","13.5","","7.0","","65","","","","26","","6","","","","101.54","","","","","","NA"
"-79.80","43.30","BURLINGTON PIERS (AUT)","6151061","2024-10-05 03:00","2024","10","05","03:00","","12.2","","7.0","","70","","","","25","","8","","","","101.56","","","","","","NA"
"-79.80","43.30","BURLINGTON PIERS (AUT)","6151061","2024-10-05 04:00","2024","10","05","04:00","","12.0","","7.4","","73","","","","25","","9","","","","101.58","","","","","","NA"
"-79.80","43.30","BURLINGTON PIERS (AUT)","6151061","2024-10-05 05:00","2024","10","05","05:00","","11.9","","7.4","","74","","","","24","","9","","","","101.62","","","","","","NA"
"-79.80","43.30","BURLINGTON PIERS (AUT)","6151061","2024-10-05 06:00","2024","10","05","06:00","","11.3","","6.6","","73","","","","28","","6","","","","101.65","","","","","","NA"
"-79.80","43.30","BURLINGTON PIERS (AUT)","6151061","2024-10-05 07:00","2024","10","05","07:00","","11.8","","5.3","","65","","","","28","","6","","","","101.70","","","","","","NA"
"-79.80","43.30","BURLINGTON PIERS (AUT)","6151061","2024-10-05 08:00","2024","10","05","08:00","","13.3","","5.6","","59","","","","32","","18","","","","101.70","","","","","","NA"
"-79.80","43.30","BURLINGTON PIERS (AUT)","6151061","2024-10-05 09:00","2024","10","05","09:00","","14.5","","6.8","","60","","","","34","","15","","","","101.71","","","","","","NA"
"-79.80","43.30","BURLINGTON PIERS (AUT)","6151061","2024-10-05 10:00","2024","10","05","10:00","","15.8","","7.3","","57","","","","1","","6","","","","101.72","","","","","","NA"
"-79.80","43.30","BURLINGTON PIERS (AUT)","6151061","2024-10-05 11:00","2024","10","05","11:00","","16.1","","5.5","","49","","","","8","","6","","","","101.73","","","","","","NA"
"-79.80","43.30","BURLINGTON PIERS (AUT)","6151061","2024-10-05 12:00","2024","10","05","12:00","","16.2","","6.3","","52","","","","10","","9","","","","101.69","","","","","","NA"
"-79.80","43.30","BURLINGTON PIERS (AUT)","6151061","2024-10-05 13:00","2024","10","05","13:00","","16.5","","5.7","","49","","","","12","","10","","","","101.61","","","","","","NA"
"-79.80","43.30","BURLINGTON PIERS (AUT)","6151061","2024-10-05 14:00","2024","10","05","14:00","","16.9","","4.8","","45","","","","10","","14","","","","101.55","","","","","","NA"
"-79.80","43.30","BURLINGTON PIERS (AUT)","6151061","2024-10-05 15:00","2024","10","05","15:00","","17.2","","4.9","","44","","","","11","","15","","","","101.47","","","","","","NA"
"-79.80","43.30","BURLINGTON PIERS (AUT)","6151061","2024-10-05 16:00","2024","10","05","16:00","","17.5","","5.7","","46","","","","9","","17","","","","101.42","","","","","","NA"
"-79.80","43.30","BURLINGTON PIERS (AUT)","6151061","2024-10-05 17:00","2024","10","05","17:00","","17.6","","4.7","","43","","","","10","","18","","","","101.36","","","","","","NA"
"-79.80","43.30","BURLINGTON PIERS (AUT)","6151061","2024-10-05 18:00","2024","10","05","18:00","","17.7","","5.0","","43","","","","11","","17","","","","101.32","","","","","","NA"
"-79.80","43.30","BURLINGTON PIERS (AUT)","6151061","2024-10-05 19:00","2024","10","05","19:00","","17.0","","4.4","","43","","","","13","","17","","","","101.31","","","","","","NA"
"-79.80","43.30","BURLINGTON PIERS (AUT)","6151061","2024-10-05 20:00","2024","10","05","20:00","","15.7","","3.6","","45","","","","17","","10","","","","101.28","","","","","","NA"
"-79.80","43.30","BURLINGTON PIERS (AUT)","6151061","2024-10-05 21:00","2024","10","05","21:00","","15.1","","2.4","","42","","","","18","","4","","","","101.22","","","","","","NA"
"-79.80","43.30","BURLINGTON PIERS (AUT)","6151061","2024-10-05 22:00","2024","10","05","22:00","","14.4","","5.7","","56","","","","30","","5","","","","101.20","","","","","","NA"
"-79.80","43.30","BURLINGTON PIERS (AUT)","6151061","2024-10-05 23:00","2024","10","05","23:00","","14.4","","3.9","","49","","","","16","","8","","","","101.14","","","","","","NA"
"-79.80","43.30","BURLINGTON PIERS (AUT)","6151061","2024-10-06 00:00","2024","10","06","00:00","","13.8","","6.8","","63","","","","16","","12","","","","101.08","","","","","","NA"
"-79.80","43.30","BURLINGTON PIERS (AUT)","6151061","2024-10-06 01:00","2024","10","06","01:00","","14.0","","9.4","","74","","","","15","","9","","","","101.01","","","","","","NA"
"-79.80","43.30","BURLINGTON PIERS (AUT)","6151061","2024-10-06 02:00","2024","10","06","02:00","","14.3","","9.7","","74","","","","16","","5","","","","100.97","","","","","","NA"
"-79.80","43.30","BURLINGTON PIERS (AUT)","6151061","2024-10-06 03:00","2024","10","06","03:00","","13.6","","9.0","","74","","","","17","","6","","","","100.88","","","","","","NA"
"-79.80","43.30","BURLINGTON PIERS (AUT)","6151061","2024-10-06 04:00","2024","10","06","04:00","","13.8","","9.7","","76","","","","17","","6","","","","100.77","","","","","","NA"
"-79.80","43.30","BURLINGTON PIERS (AUT)","6151061","2024-10-06 05:00","2024","10","06","05:00","","14.0","","10.3","","78","","","","","","0","","","","100.70","","","","","","NA"
"-79.80","43.30","BURLINGTON PIERS (AUT)","6151061","2024-10-06 06:00","2024","10","06","06:00","","15.3","","10.5","","73","","","","11","","4","","","","100.59","","","","","","NA"
"-79.80","43.30","BURLINGTON PIERS (AUT)","6151061","2024-10-06 07:00","2024","10","06","07:00","","16.3","","10.9","","70","","","","16","","10","","","","100.43","","","","","","NA"
"-79.80","43.30","BURLINGTON PIERS (AUT)","6151061","2024-10-06 08:00","2024","10","06","08:00","","18.5","","11.1","","62","","","","17","","19","","","","100.28","","","","","","NA"
"-79.80","43.30","BURLINGTON PIERS (AUT)","6151061","2024-10-06 09:00","2024","10","06","09:00","","21.1","","11.9","","55","","","","18","","21","","","","100.21","","","","","","NA"
"-79.80","43.30","BURLINGTON PIERS (AUT)","6151061","2024-10-06 10:00","2024","10","06","10:00","","21.9","","11.9","","53","","","","19","","24","","","","100.09","","","","","","NA"
"-79.80","43.30","BURLINGTON PIERS (AUT)","6151061","2024-10-06 11:00","2024","10","06","11:00","","22.2","","12.6","","55","","","","20","","25","","","","100.05","","25","","","","NA"
"-79.80","43.30","BURLINGTON PIERS (AUT)","6151061","2024-10-06 12:00","2024","10","06","12:00","","23.1","","13.6","","55","","","","19","","24","","","","99.93","","26","","","","NA"
"-79.80","43.30","BURLINGTON PIERS (AUT)","6151061","2024-10-06 13:00","2024","10","06","13:00","","23.7","","14.9","","58","","","","21","","21","","","","99.83","","28","","","","NA"
"-79.80","43.30","BURLINGTON PIERS (AUT)","6151061","2024-10-06 14:00","2024","10","06","14:00","","23.8","","15.9","","61","","","","21","","29","","","","99.75","","28","","","","NA"
"-79.80","43.30","BURLINGTON PIERS (AUT)","6151061","2024-10-06 15:00","2024","10","06","15:00","","24.0","","16.2","","62","","","","20","","24","","","","99.67","","29","","","","NA"
"-79.80","43.30","BURLINGTON PIERS (AUT)","6151061","2024-10-06 16:00","2024","10","06","16:00","","23.8","","16.6","","64","","","","22","","16","","","","99.69","","29","","","","NA"
"-79.80","43.30","BURLINGTON PIERS (AUT)","6151061","2024-10-06 17:00","2024","10","06","17:00","","23.5","","13.6","","54","","","","27","","8","","","","99.69","","27","","","","NA"
"-79.80","43.30","BURLINGTON PIERS (AUT)","6151061","2024-10-06 18:00","2024","10","06","18:00","","22.8","","10.6","","46","","","","28","","11","","","","99.71","","","","","","NA"
"-79.80","43.30","BURLINGTON PIERS (AUT)","6151061","2024-10-06 19:00","2024","10","06","19:00","","21.4","","7.5","","41","","","","26","","4","","","","99.75","","","","","","NA"
"-79.80","43.30","BURLINGTON PIERS (AUT)","6151061","2024-10-06 20:00","2024","10","06","20:00","","20.0","","7.3","","44","","","","29","","9","","","","99.84","","","","","","NA"
"-79.80","43.30","BURLINGTON PIERS (AUT)","6151061","2024-10-06 21:00","2024","10","06","21:00","","18.1","","7.7","","51","","","","30","","25","","","","100.00","","","","","","NA"
"-79.80","43.30","BURLINGTON PIERS (AUT)","6151061","2024-10-06 22:00","2024","10","06","22:00","","16.9","","8.2","","57","","","","31","","17","","","","100.08","","","","","","NA"
"-79.80","43.30","BURLINGTON PIERS (AUT)","6151061","2024-10-06 23:00","2024","10","06","23:00","","16.0","","9.2","","64","","","","28","","9","","","","100.15","","","","","","NA"
"-79.80","43.30","BURLINGTON PIERS (AUT)","6151061","2024-10-07 00:00","2024","10","07","00:00","","15.4","","9.4","","67","","","","28","","10","","","","100.18","","","","","","NA"
"-79.80","43.30","BURLINGTON PIERS (AUT)","6151061","2024-10-07 01:00","2024","10","07","01:00","","15.4","","10.0","","70","","","","27","","7","","","","100.23","","","","","","NA"
"-79.80","43.30","BURLINGTON PIERS (AUT)","6151061","2024-10-07 02:00","2024","10","07","02:00","","14.0","","9.7","","75","","","","31","","12","","","","100.25","","","","","","NA"
"-79.80","43.30","BURLINGTON PIERS (AUT)","6151061","2024-10-07 03:00","2024","10","07","03:00","","14.7","","9.8","","73","","","","25","","8","","","","100.25","","","","","","NA"
"-79.80","43.30","BURLINGTON PIERS (AUT)","6151061","2024-10-07 04:00","2024","10","07","04:00","","14.4","","8.8","","69","","","","28","","9","","","","100.27","","","","","","NA"
"-79.80","43.30","BURLINGTON PIERS (AUT)","6151061","2024-10-07 05:00","2024","10","07","05:00","","14.0","","9.3","","73","","","","26","","9","","","","100.35","","","","","","NA"
"-79.80","43.30","BURLINGTON PIERS (AUT)","6151061","2024-10-07 06:00","2024","10","07","06:00","","13.3","","8.9","","74","","","","26","","11","","","","100.40","","","","","","NA"
"-79.80","43.30","BURLINGTON PIERS (AUT)","6151061","2024-10-07 07:00","2024","10","07","07:00","","13.0","","8.6","","74","","","","27","","10","","","","100.43","","","","","","NA"
"-79.80","43.30","BURLINGTON PIERS (AUT)","6151061","2024-10-07 08:00","2024","10","07","08:00","","13.5","","7.6","","67","","","","28","","16","","","","100.50","","","","","","NA"
"-79.80","43.30","BURLINGTON PIERS (AUT)","6151061","2024-10-07 09:00","2024","10","07","09:00","","13.8","","7.4","","65","","","","29","","22","","","","100.51","","","","","","NA"
"-79.80","43.30","BURLINGTON PIERS (AUT)","6151061","2024-10-07 10:00","2024","10","07","10:00","","14.4","","6.7","","60","","","","29","","19","","","","100.52","","","","","","NA"
"-79.80","43.30","BURLINGTON PIERS (AUT)","6151061","2024-10-07 11:00","2024","10","07","11:00","","14.4","","7.6","","64","","","","30","","24","","","","100.55","","","","","","NA"
"-79.80","43.30","BURLINGTON PIERS (AUT)","6151061","2024-10-07 12:00","2024","10","07","12:00","","15.1","","5.4","","52","","","","29","","19","","","","100.52","","","","","","NA"
"-79.80","43.30","BURLINGTON PIERS (AUT)","6151061","2024-10-07 13:00","2024","10","07","13:00","","16.2","","3.5","","43","","","","28","","16","","","","100.49","","","","","","NA"
"-79.80","43.30","BURLINGTON PIERS (AUT)","6151061","2024-10-07 14:00","2024","10","07","14:00","","16.0","","3.8","","44","","","","28","","18","","","","100.46","","","","","","NA"
"-79.80","43.30","BURLINGTON PIERS (AUT)","6151061","2024-10-07 15:00","2024","10","07","15:00","","16.5","","3.0","","40","","","","28","","15","","","","100.44","","","","","","NA"
"-79.80","43.30","BURLINGTON PIERS (AUT)","6151061","2024-10-07 16:00","2024","10","07","16:00","","16.6","","3.3","","41","","","","29","","18","","","","100.42","","","","","","NA"
"-79.80","43.30","BURLINGTON PIERS (AUT)","6151061","2024-10-07 17:00","2024","10","07","17:00","","16.1","","3.4","","43","","","","29","","16","","","","100.46","","","","","","NA"
"-79.80","43.30","BURLINGTON PIERS (AUT)","6151061","2024-10-07 18:00","2024","10","07","18:00","","15.1","","3.7","","46","","","","28","","11","","","","100.50","","","","","","NA"
"-79.80","43.30","BURLINGTON PIERS (AUT)","6151061","2024-10-07 19:00","2024","10","07","19:00","","14.0","","4.1","","51","","","","28","","11","","","","100.53","","","","","","NA"
"-79.80","43.30","BURLINGTON PIERS (AUT)","6151061","2024-10-07 20:00","2024","10","07","20:00","","13.2","","4.9","","57","","","","27","","6","","","","100.54","","","","","","NA"
"-79.80","43.30","BURLINGTON PIERS (AUT)","6151061","2024-10-07 21:00","2024","10","07","21:00","","12.9","","5.7","","61","","","","25","","6","","","","100.53","","","","","","NA"
"-79.80","43.30","BURLINGTON PIERS (AUT)","6151061","2024-10-07 22:00","2024","10","07","22:00","","12.2","","6.5","","68","","","","26","","6","","","","100.54","","","","","","NA"
"-79.80","43.30","BURLINGTON PIERS (AUT)","6151061","2024-10-07 23:00","2024","10","07","23:00","","12.4","","5.4","","62","","","","21","","8","","","","100.46","","","","","","NA"
"-79.80","43.30","BURLINGTON PIERS (AUT)","6151061","2024-10-08 00:00","2024","10","08","00:00","","11.5","","5.5","","66","","","","28","","8","","","","100.48","","","","","","NA"
"-79.80","43.30","BURLINGTON PIERS (AUT)","6151061","2024-10-08 01:00","2024","10","08","01:00","","11.7","","5.6","","66","","","","33","","9","","","","100.54","","","","","","NA"
"-79.80","43.30","BURLINGTON PIERS (AUT)","6151061","2024-10-08 02:00","2024","10","08","02:00","","12.1","","7.4","","73","","","","24","","9","","","","100.44","","","","","","NA"
"-79.80","43.30","BURLINGTON PIERS (AUT)","6151061","2024-10-08 03:00","2024","10","08","03:00","","11.3","","7.1","","75","","","","27","","9","","","","100.42","","","","","","NA"
"-79.80","43.30","BURLINGTON PIERS (AUT)","6151061","2024-10-08 04:00","2024","10","08","04:00","","11.2","","7.8","","79","","","","25","","9","","","","100.39","","","","","","NA"
"-79.80","43.30","BURLINGTON PIERS (AUT)","6151061","2024-10-08 05:00","2024","10","08","05:00","","10.7","","8.2","","84","","","","25","","13","","","","100.41","","","","","","NA"
"-79.80","43.30","BURLINGTON PIERS (AUT)","6151061","2024-10-08 06:00","2024","10","08","06:00","","10.4","","7.6","","83","","","","26","","8","","","","100.43","","","","","","NA"
"-79.80","43.30","BURLINGTON PIERS (AUT)","6151061","2024-10-08 07:00","2024","10","08","07:00","","10.4","","7.6","","83","","","","25","","10","","","","100.48","","","","","","NA"
"-79.80","43.30","BURLINGTON PIERS (AUT)","6151061","2024-10-08 08:00","2024","10","08","08:00","","10.8","","7.3","","79","","","","26","","7","","","","100.49","","","","","","NA"
"-79.80","43.30","BURLINGTON PIERS (AUT)","6151061","2024-10-08 09:00","2024","10","08","09:00","","12.9","","6.7","","66","","","","25","","9","","","","100.49","","","","","","NA"
"-79.80","43.30","BURLINGTON PIERS (AUT)","6151061","2024-10-08 10:00","2024","10","08","10:00","","14.1","","6.6","","61","","","","22","","9","","","","100.45","","","","","","NA"
"-79.80","43.30","BURLINGTON PIERS (AUT)","6151061","2024-10-08 11:00","2024","10","08","11:00","","15.5","","5.6","","52","","","","26","","11","","","","100.39","","","","","","NA"
"-79.80","43.30","BURLINGTON PIERS (AUT)","6151061","2024-10-08 12:00","2024","10","08","12:00","","11.9","","7.9","","76","","","","28","","14","","","","100.44","","","","","","NA"
"-79.80","43.30","BURLINGTON PIERS (AUT)","6151061","2024-10-08 13:00","2024","10","08","13:00","","13.3","","8.5","","73","","","","22","","9","","","","100.35","","","","","","NA"
"-79.80","43.30","BURLINGTON PIERS (AUT)","6151061","2024-10-08 14:00","2024","10","08","14:00","","12.3","","7.1","","71","","","","26","","8","","","","100.31","","","","","","NA"
"-79.80","43.30","BURLINGTON PIERS (AUT)","6151061","2024-10-08 15:00","2024","10","08","15:00","","13.0","","6.2","","64","","","","25","","13","","","","100.30","","","","","","NA"
"-79.80","43.30","BURLINGTON PIERS (AUT)","6151061","2024-10-08 16:00","2024","10","08","16:00","","14.6","","7.6","","63","","","","25","","8","","","","100.27","","","","","","NA"
"-79.80","43.30","BURLINGTON PIERS (AUT)","6151061","2024-10-08 17:00","2024","10","08","17:00","","15.1","","3.3","","45","","","","27","","13","","","","100.31","","","","","","NA"
"-79.80","43.30","BURLINGTON PIERS (AUT)","6151061","2024-10-08 18:00","2024","10","08","18:00","","14.2","","4.0","","50","","","","27","","7","","","","100.36","","","","","","NA"
"-79.80","43.30","BURLINGTON PIERS (AUT)","6151061","2024-10-08 19:00","2024","10","08","19:00","","13.1","","4.8","","57","","","","29","","10","","","","100.41","","","","","","NA"
"-79.80","43.30","BURLINGTON PIERS (AUT)","6151061","2024-10-08 20:00","2024","10","08","20:00","","12.2","","4.7","","60","","","","29","","9","","","","100.41","","","","","","NA"
"-79.80","43.30","BURLINGTON PIERS (AUT)","6151061","2024-10-08 21:00","2024","10","08","21:00","","11.2","","5.5","","68","","","","26","","5","","","","100.43","","","","","","NA"
"-79.80","43.30","BURLINGTON PIERS (AUT)","6151061","2024-10-08 22:00","2024","10","08","22:00","","10.6","","5.1","","69","","","","29","","7","","","","100.44","","","","","","NA"
"-79.80","43.30","BURLINGTON PIERS (AUT)","6151061","2024-10-08 23:00","2024","10","08","23:00","","10.3","","5.4","","71","","","","24","","8","","","","100.45","","","","","","NA"
"-79.80","43.30","BURLINGTON PIERS (AUT)","6151061","2024-10-09 00:00","2024","10","09","00:00","","10.3","","5.8","","74","","","","25","","8","","","","100.45","","","","","","NA"
"-79.80","43.30","BURLINGTON PIERS (AUT)","6151061","2024-10-09 01:00","2024","10","09","01:00","","9.9","","5.7","","75","","","","25","","8","","","","100.44","","","","","","NA"
"-79.80","43.30","BURLINGTON PIERS (AUT)","6151061","2024-10-09 02:00","2024","10","09","02:00","","9.4","","5.3","","75","","","","25","","11","","","","100.43","","","","","","NA"
"-79.80","43.30","BURLINGTON PIERS (AUT)","6151061","2024-10-09 03:00","2024","10","09","03:00","","9.0","","5.1","","77","","","","26","","8","","","","100.41","","","","","","NA"
"-79.80","43.30","BURLINGTON PIERS (AUT)","6151061","2024-10-09 04:00","2024","10","09","04:00","","8.9","","5.3","","79","","","","26","","9","","","","100.44","","","","","","NA"
"-79.80","43.30","BURLINGTON PIERS (AUT)","6151061","2024-10-09 05:00","2024","10","09","05:00","","8.3","","4.8","","79","","","","25","","11","","","","100.48","","","","","","NA"
"-79.80","43.30","BURLINGTON PIERS (AUT)","6151061","2024-10-09 06:00","2024","10","09","06:00","","8.8","","5.2","","78","","","","25","","7","","","","100.49","","","","","","NA"
"-79.80","43.30","BURLINGTON PIERS (AUT)","6151061","2024-10-09 07:00","2024","10","09","07:00","","8.9","","5.1","","77","","","","25","","11","","","","100.52","","","","","","NA"
"-79.80","43.30","BURLINGTON PIERS (AUT)","6151061","2024-10-09 08:00","2024","10","09","08:00","","10.0","","5.8","","75","","","","25","","7","","","","100.55","","","","","","NA"
"-79.80","43.30","BURLINGTON PIERS (AUT)","6151061","2024-10-09 09:00","2024","10","09","09:00","","11.8","","4.4","","60","","","","25","","11","","","","100.55","","","","","","NA"
"-79.80","43.30","BURLINGTON PIERS (AUT)","6151061","2024-10-09 10:00","2024","10","09","10:00","","13.3","","3.7","","52","","","","27","","12","","","","100.54","","","","","","NA"
"-79.80","43.30","BURLINGTON PIERS (AUT)","6151061","2024-10-09 11:00","2024","10","09","11:00","","13.3","","4.5","","55","","","","30","","22","","","","100.51","","","","","","NA"
"-79.80","43.30","BURLINGTON PIERS (AUT)","6151061","2024-10-09 12:00","2024","10","09","12:00","","13.2","","3.8","","53","","","","29","","27","","","","100.52","","","","","","NA"
"-79.80","43.30","BURLINGTON PIERS (AUT)","6151061","2024-10-09 13:00","2024","10","09","13:00","","13.6","","4.9","","56","","","","28","","19","","","","100.49","","","","","","NA"
"-79.80","43.30","BURLINGTON PIERS (AUT)","6151061","2024-10-09 14:00","2024","10","09","14:00","","13.0","","5.1","","59","","","","28","","21","","","","100.54","","","","","","NA"
"-79.80","43.30","BURLINGTON PIERS (AUT)","6151061","2024-10-09 15:00","2024","10","09","15:00","","13.7","","4.7","","54","","","","29","","20","","","","100.53","","","","","","NA"
"-79.80","43.30","BURLINGTON PIERS (AUT)","6151061","2024-10-09 16:00","2024","10","09","16:00","","13.6","","1.9","","45","","","","31","","30","","","","100.61","","","","","","NA"
"-79.80","43.30","BURLINGTON PIERS (AUT)","6151061","2024-10-09 17:00","2024","10","09","17:00","","12.7","","1.3","","46","","","","31","","31","","","","100.68","","","","","","NA"
"-79.80","43.30","BURLINGTON PIERS (AUT)","6151061","2024-10-09 18:00","2024","10","09","18:00","","12.2","","3.1","","54","","","","31","","13","","","","100.79","","","","","","NA"
"-79.80","43.30","BURLINGTON PIERS (AUT)","6151061","2024-10-09 19:00","2024","10","09","19:00","","10.9","","2.6","","57","","","","30","","16","","","","100.90","","","","","","NA"
"-79.80","43.30","BURLINGTON PIERS (AUT)","6151061","2024-10-09 20:00","2024","10","09","20:00","","10.1","","2.8","","60","","","","30","","12","","","","100.97","","","","","","NA"
"-79.80","43.30","BURLINGTON PIERS (AUT)","6151061","2024-10-09 21:00","2024","10","09","21:00","","9.7","","3.2","","64","","","","28","","8","","","","101.03","","","","","","NA"
"-79.80","43.30","BURLINGTON PIERS (AUT)","6151061","2024-10-09 22:00","2024","10","09","22:00","","8.8","","3.5","","69","","","","28","","10","","","","101.09","","","","","","NA"
"-79.80","43.30","BURLINGTON PIERS (AUT)","6151061","2024-10-09 23:00","2024","10","09","23:00","","8.6","","3.1","","68","","","","29","","12","","","","101.11","","","","","","NA"
"-79.80","43.30","BURLINGTON PIERS (AUT)","6151061","2024-10-10 00:00","2024","10","10","00:00","","8.5","","3.0","","68","","","","30","","13","","","","101.13","","","","","","NA"
"-79.80","43.30","BURLINGTON PIERS (AUT)","6151061","2024-10-10 01:00","2024","10","10","01:00","","8.7","","3.5","","70","","","","31","","13","","","","101.15","","","","","","NA"
"-79.80","43.30","BURLINGTON PIERS (AUT)","6151061","2024-10-10 02:00","2024","10","10","02:00","","8.3","","3.4","","71","","","","31","","10","","","","101.17","","","","","","NA"
"-79.80","43.30","BURLINGTON PIERS (AUT)","6151061","2024-10-10 03:00","2024","10","10","03:00","","7.6","","3.9","","77","","","","28","","9","","","","101.19","","","","","","NA"
"-79.80","43.30","BURLINGTON PIERS (AUT)","6151061","2024-10-10 04:00","2024","10","10","04:00","","7.3","","3.7","","78","","","","31","","13","","","","101.22","","","","","","NA"
"-79.80","43.30","BURLINGTON PIERS (AUT)","6151061","2024-10-10 05:00","2024","10","10","05:00","","7.5","","3.7","","77","","","","31","","14","","","","101.27","","","","","","NA"
"-79.80","43.30","BURLINGTON PIERS (AUT)","6151061","2024-10-10 06:00","2024","10","10","06:00","","7.4","","3.8","","78","","","","31","","12","","","","101.33","","","","","","NA"
"-79.80","43.30","BURLINGTON PIERS (AUT)","6151061","2024-10-10 07:00","2024","10","10","07:00","","8.0","","3.0","","71","","","","31","","9","","","","101.41","","","","","","NA"
"-79.80","43.30","BURLINGTON PIERS (AUT)","6151061","2024-10-10 08:00","2024","10","10","08:00","","8.4","","2.4","","66","","","","30","","8","","","","101.46","","","","","","NA"
"-79.80","43.30","BURLINGTON PIERS (AUT)","6151061","2024-10-10 09:00","2024","10","10","09:00","","9.2","","1.9","","60","","","","30","","5","","","","101.48","","","","","","NA"
"-79.80","43.30","BURLINGTON PIERS (AUT)","6151061","2024-10-10 10:00","2024","10","10","10:00","","10.2","","2.9","","61","","","","22","","4","","","","101.47","","","","","","NA"
"-79.80","43.30","BURLINGTON PIERS (AUT)","6151061","2024-10-10 11:00","2024","10","10","11:00","","11.3","","3.5","","59","","","","5","","3","","","","101.47","","","","","","NA"
"-79.80","43.30","BURLINGTON PIERS (AUT)","6151061","2024-10-10 12:00","2024","10","10","12:00","","12.0","","4.5","","60","","","","30","","7","","","","101.44","","","","","","NA"
"-79.80","43.30","BURLINGTON PIERS (AUT)","6151061","2024-10-10 13:00","2024","10","10","13:00","","12.5","","3.9","","56","","","","4","","6","","","","101.39","","","","","","NA"
"-79.80","43.30","BURLINGTON PIERS (AUT)","6151061","2024-10-10 14:00","2024","10","10","14:00","","12.8","","3.9","","55","","","","9","","11","","","","101.32","","","","","","NA"
"-79.80","43.30","BURLINGTON PIERS (AUT)","6151061","2024-10-10 15:00","2024","10","10","15:00","","13.2","","5.1","","58","","","","10","","16","","","","101.27","","","","","","NA"
"-79.80","43.30","BURLINGTON PIERS (AUT)","6151061","2024-10-10 16:00","2024","10","10","16:00","","14.4","","5.1","","54","","","","12","","7","","","","101.24","","","","","","NA"
"-79.80","43.30","BURLINGTON PIERS (AUT)","6151061","2024-10-10 17:00","2024","10","10","17:00","","15.4","","4.6","","49","","","","32","","4","","","","101.25","","","","","","NA"
"-79.80","43.30","BURLINGTON PIERS (AUT)","6151061","2024-10-10 18:00","2024","10","10","18:00","","14.6","","4.6","","51","","","","28","","7","","","","101.24","","","","","","NA"
"-79.80","43.30","BURLINGTON PIERS (AUT)","6151061","2024-10-10 19:00","2024","10","10","19:00","","13.4","","5.6","","59","","","","29","","6","","","","101.26","","","","","","NA"
"-79.80","43.30","BURLINGTON PIERS (AUT)","6151061","2024-10-10 20:00","2024","10","10","20:00","","12.2","","5.4","","63","","","","26","","6","","","","101.27","","","","","","NA"
"-79.80","43.30","BURLINGTON PIERS (AUT)","6151061","2024-10-10 21:00","2024","10","10","21:00","","11.6","","4.9","","63","","","","29","","12","","","","101.29","","","","","","NA"
"-79.80","43.30","BURLINGTON PIERS (AUT)","6151061","2024-10-10 22:00","2024","10","10","22:00","","10.9","","4.8","","66","","","","26","","7","","","","101.29","","","","","","NA"
"-79.80","43.30","BURLINGTON PIERS (AUT)","6151061","2024-10-10 23:00","2024","10","10","23:00","","10.6","","5.6","","71","","","","25","","6","","","","101.25","","","","","","NA"
"-79.80","43.30","BURLINGTON PIERS (AUT)","6151061","2024-10-11 00:00","2024","10","11","00:00","","9.2","","5.4","","77","","","","25","","6","","","","101.25","","","","","","NA"
"-79.80","43.30","BURLINGTON PIERS (AUT)","6151061","2024-10-11 01:00","2024","10","11","01:00","","9.3","","6.2","","81","","","","23","","4","","","","101.22","","","","","","NA"
"-79.80","43.30","BURLINGTON PIERS (AUT)","6151061","2024-10-11 02:00","2024","10","11","02:00","","8.5","","5.8","","83","","","","25","","12","","","","101.22","","","","","","NA"
"-79.80","43.30","BURLINGTON PIERS (AUT)","6151061","2024-10-11 03:00","2024","10","11","03:00","","8.6","","5.3","","80","","","","25","","15","","","","101.17","","","","","","NA"
"-79.80","43.30","BURLINGTON PIERS (AUT)","6151061","2024-10-11 04:00","2024","10","11","04:00","","9.0","","5.9","","81","","","","25","","12","","","","101.18","","","","","","NA"
"-79.80","43.30","BURLINGTON PIERS (AUT)","6151061","2024-10-11 05:00","2024","10","11","05:00","","8.7","","5.5","","80","","","","25","","14","","","","101.17","","","","","","NA"
"-79.80","43.30","BURLINGTON PIERS (AUT)","6151061","2024-10-11 06:00","2024","10","11","06:00","","8.8","","5.5","","80","","","","25","","15","","","","101.14","","","","","","NA"
"-79.80","43.30","BURLINGTON PIERS (AUT)","6151061","2024-10-11 07:00","2024","10","11","07:00","","9.2","","5.3","","77","","","","25","","15","","","","101.11","","","","","","NA"
"-79.80","43.30","BURLINGTON PIERS (AUT)","6151061","2024-10-11 08:00","2024","10","11","08:00","","10.9","","6.7","","75","","","","25","","16","","","","101.09","","","","","","NA"
"-79.80","43.30","BURLINGTON PIERS (AUT)","6151061","2024-10-11 09:00","2024","10","11","09:00","","12.8","","7.5","","70","","","","24","","12","","","","101.05","","","","","","NA"
"-79.80","43.30","BURLINGTON PIERS (AUT)","6151061","2024-10-11 10:00","2024","10","11","10:00","","14.8","","7.6","","62","","","","24","","9","","","","100.97","","","","","","NA"
"-79.80","43.30","BURLINGTON PIERS (AUT)","6151061","2024-10-11 11:00","2024","10","11","11:00","","17.7","","7.2","","50","","","","22","","16","","","","100.87","","","","","","NA"
"-79.80","43.30","BURLINGTON PIERS (AUT)","6151061","2024-10-11 12:00","2024","10","11","12:00","","19.3","","7.4","","46","","","","23","","17","","","","100.76","","","","","","NA"
"-79.80","43.30","BURLINGTON PIERS (AUT)","6151061","2024-10-11 13:00","2024","10","11","13:00","","20.5","","7.6","","43","","","","23","","22","","","","100.63","","","","","","NA"
"-79.80","43.30","BURLINGTON PIERS (AUT)","6151061","2024-10-11 14:00","2024","10","11","14:00","","21.2","","7.8","","42","","","","22","","16","","","","100.53","","","","","","NA"
"-79.80","43.30","BURLINGTON PIERS (AUT)","6151061","2024-10-11 15:00","2024","10","11","15:00","","21.8","","8.0","","41","","","","21","","21","","","","100.44","","","","","","NA"
"-79.80","43.30","BURLINGTON PIERS (AUT)","6151061","2024-10-11 16:00","2024","10","11","16:00","","21.1","","9.3","","47","","","","21","","24","","","","100.37","","","","","","NA"
"-79.80","43.30","BURLINGTON PIERS (AUT)","6151061","2024-10-11 17:00","2024","10","11","17:00","","20.5","","9.4","","49","","","","21","","22","","","","100.33","","","","","","NA"
"-79.80","43.30","BURLINGTON PIERS (AUT)","6151061","2024-10-11 18:00","2024","10","11","18:00","","18.9","","10.9","","60","","","","22","","21","","","","100.31","","","","","","NA"
"-79.80","43.30","BURLINGTON PIERS (AUT)","6151061","2024-10-11 19:00","2024","10","11","19:00","","18.9","","10.2","","57","","","","21","","21","","","","100.29","","","","","","NA"
"-79.80","43.30","BURLINGTON PIERS (AUT)","6151061","2024-10-11 20:00","2024","10","11","20:00","","19.1","","10.1","","56","","","","21","","16","","","","100.27","","","","","","NA"
"-79.80","43.30","BURLINGTON PIERS (AUT)","6151061","2024-10-11 21:00","2024","10","11","21:00","","19.6","","10.3","","55","","","","21","","14","","","","100.24","","","","","","NA"
"-79.80","43.30","BURLINGTON PIERS (AUT)","6151061","2024-10-11 22:00","2024","10","11","22:00","","19.3","","11.7","","62","","","","23","","7","","","","100.26","","","","","","NA"
"-79.80","43.30","BURLINGTON PIERS (AUT)","6151061","2024-10-11 23:00","2024","10","11","23:00","","19.3","","10.4","","56","","","","24","","7","","","","100.31","","","","","","NA"
"-79.80","43.30","BURLINGTON PIERS (AUT)","6151061","2024-10-12 00:00","2024","10","12","00:00","","18.5","","10.4","","59","","","","27","","9","","","","100.37","","","","","","NA"
"-79.80","43.30","BURLINGTON PIERS (AUT)","6151061","2024-10-12 01:00","2024","10","12","01:00","","16.7","","9.0","","60","","","","30","","22","","","","100.46","","","","","","NA"
"-79.80","43.30","BURLINGTON PIERS (AUT)","6151061","2024-10-12 02:00","2024","10","12","02:00","","15.5","","9.5","","67","","","","29","","9","","","","100.56","","","","","","NA"
"-79.80","43.30","BURLINGTON PIERS (AUT)","6151061","2024-10-12 03:00","2024","10","12","03:00","","15.1","","9.3","","68","","","","27","","9","","","","100.58","","","","","","NA"
"-79.80","43.30","BURLINGTON PIERS (AUT)","6151061","2024-10-12 04:00","2024","10","12","04:00","","14.1","","9.6","","74","","","","28","","8","","","","100.64","","","","","","NA"
"-79.80","43.30","BURLINGTON PIERS (AUT)","6151061","2024-10-12 05:00","2024","10","12","05:00","","12.8","","8.3","","74","","","","33","","7","","","","100.73","","","","","","NA"
"-79.80","43.30","BURLINGTON PIERS (AUT)","6151061","2024-10-12 06:00","2024","10","12","06:00","","11.6","","6.7","","72","","","","35","","15","","","","100.83","","","","","","NA"
"-79.80","43.30","BURLINGTON PIERS (AUT)","6151061","2024-10-12 07:00","2024","10","12","07:00","","11.3","","6.2","","71","","","","31","","4","","","","100.94","","","","","","NA"
"-79.80","43.30","BURLINGTON PIERS (AUT)","6151061","2024-10-12 08:00","2024","10","12","08:00","","10.9","","4.1","","63","","","","36","","24","","","","101.05","","","","","","NA"
"-79.80","43.30","BURLINGTON PIERS (AUT)","6151061","2024-10-12 09:00","2024","10","12","09:00","","10.9","","3.2","","59","","","","34","","23","","","","101.10","","","","","","NA"
"-79.80","43.30","BURLINGTON PIERS (AUT)","6151061","2024-10-12 10:00","2024","10","12","10:00","","11.6","","3.4","","57","","","","36","","15","","","","101.09","","","","","","NA"
"-79.80","43.30","BURLINGTON PIERS (AUT)","6151061","2024-10-12 11:00","2024","10","12","11:00","","12.5","","3.0","","52","","","","4","","9","","","","101.06","","","","","","NA"
"-79.80","43.30","BURLINGTON PIERS (AUT)","6151061","2024-10-12 12:00","2024","10","12","12:00","","12.0","","4.1","","59","","","","12","","14","","","","101.02","","","","","","NA"
"-79.80","43.30","BURLINGTON PIERS (AUT)","6151061","2024-10-12 13:00","2024","10","12","13:00","","12.6","","3.9","","55","","","","11","","12","","","","100.95","","","","","","NA"
"-79.80","43.30","BURLINGTON PIERS (AUT)","6151061","2024-10-12 14:00","2024","10","12","14:00","","13.2","","4.9","","57","","","","9","","13","","","","100.86","","","","","","NA"
"-79.80","43.30","BURLINGTON PIERS (AUT)","6151061","2024-10-12 15:00","2024","10","12","15:00","","13.8","","4.8","","55","","","","10","","16","","","","100.82","","","","","","NA"
"-79.80","43.30","BURLINGTON PIERS (AUT)","6151061","2024-10-12 16:00","2024","10","12","16:00","","14.5","","5.2","","53","","","","10","","13","","","","100.76","","","","","","NA"
"-79.80","43.30","BURLINGTON PIERS (AUT)","6151061","2024-10-12 17:00","2024","10","12","17:00","","15.1","","5.6","","53","","","","10","","15","","","","100.72","","","","","","NA"
"-79.80","43.30","BURLINGTON PIERS (AUT)","6151061","2024-10-12 18:00","2024","10","12","18:00","","15.2","","4.6","","49","","","","11","","15","","","","100.72","","","","","","NA"
"-79.80","43.30","BURLINGTON PIERS (AUT)","6151061","2024-10-12 19:00","2024","10","12","19:00","","15.0","","3.7","","47","","","","12","","12","","","","100.69","","","","","","NA"
"-79.80","43.30","BURLINGTON PIERS (AUT)","6151061","2024-10-12 20:00","2024","10","12","20:00","","14.3","","5.9","","57","","","","12","","14","","","","100.58","","","","","","NA"
"-79.80","43.30","BURLINGTON PIERS (AUT)","6151061","2024-10-12 21:00","2024","10","12","21:00","","12.4","","0.1","","43","","","","33","","21","","","","100.74","","","","","","NA"
"-79.80","43.30","BURLINGTON PIERS (AUT)","6151061","2024-10-12 22:00","2024","10","12","22:00","","11.5","","1.6","","51","","","","36","","21","","","","100.68","","","","","","NA"
"-79.80","43.30","BURLINGTON PIERS (AUT)","6151061","2024-10-12 23:00","2024","10","12","23:00","","11.5","","1.4","","50","","","","36","","4","","","","100.63","","","","","","NA"
"-79.80","43.30","BURLINGTON PIERS (AUT)","6151061","2024-10-13 00:00","2024","10","13","00:00","","12.0","","2.4","","52","","","","1","","8","","","","100.49","","","","","","NA"
"-79.80","43.30","BURLINGTON PIERS (AUT)","6151061","2024-10-13 01:00","2024","10","13","01:00","","12.4","","5.8","","64","","","","16","","11","","","","100.43","","","","","","NA"
"-79.80","43.30","BURLINGTON PIERS (AUT)","6151061","2024-10-13 02:00","2024","10","13","02:00","","11.8","","4.3","","60","","","","15","","10","","","","100.38","","","","","","NA"
"-79.80","43.30","BURLINGTON PIERS (AUT)","6151061","2024-10-13 03:00","2024","10","13","03:00","","10.9","","4.3","","64","","","","15","","12","","","","100.28","","","","","","NA"
"-79.80","43.30","BURLINGTON PIERS (AUT)","6151061","2024-10-13 04:00","2024","10","13","04:00","","10.9","","4.5","","65","","","","10","","10","","","","100.25","","","","","","NA"
"-79.80","43.30","BURLINGTON PIERS (AUT)","6151061","2024-10-13 05:00","2024","10","13","05:00","","10.6","","5.6","","71","","","","5","","7","","","","100.25","","","","","","NA"
"-79.80","43.30","BURLINGTON PIERS (AUT)","6151061","2024-10-13 06:00","2024","10","13","06:00","","9.8","","5.1","","72","","","","36","","15","","","","100.20","","","","","","NA"
"-79.80","43.30","BURLINGTON PIERS (AUT)","6151061","2024-10-13 07:00","2024","10","13","07:00","","10.2","","5.2","","71","","","","34","","20","","","","100.21","","","","","","NA"
"-79.80","43.30","BURLINGTON PIERS (AUT)","6151061","2024-10-13 08:00","2024","10","13","08:00","","10.0","","5.4","","73","","","","36","","19","","","","100.20","","","","","","NA"
"-79.80","43.30","BURLINGTON PIERS (AUT)","6151061","2024-10-13 09:00","2024","10","13","09:00","","11.0","","7.1","","77","","","","1","","23","","","","100.09","","","","","","NA"
"-79.80","43.30","BURLINGTON PIERS (AUT)","6151061","2024-10-13 10:00","2024","10","13","10:00","","11.1","","7.1","","76","","","","36","","23","","","","100.05","","","","","","NA"
"-79.80","43.30","BURLINGTON PIERS (AUT)","6151061","2024-10-13 11:00","2024","10","13","11:00","","12.0","","9.0","","81","","","","3","","34","","","","99.94","","","","","","NA"
"-79.80","43.30","BURLINGTON PIERS (AUT)","6151061","2024-10-13 12:00","2024","10","13","12:00","","12.4","","7.3","","71","","","","6","","34","","","","99.90","","","","","","NA"
"-79.80","43.30","BURLINGTON PIERS (AUT)","6151061","2024-10-13 13:00","2024","10","13","13:00","","12.5","","8.2","","75","","","","7","","33","","","","99.82","","","","","","NA"
"-79.80","43.30","BURLINGTON PIERS (AUT)","6151061","2024-10-13 14:00","2024","10","13","14:00","","12.5","","8.7","","78","","","","7","","33","","","","99.81","","","","","","NA"
"-79.80","43.30","BURLINGTON PIERS (AUT)","6151061","2024-10-13 15:00","2024","10","13","15:00","","12.0","","8.8","","81","","","","9","","36","","","","99.80","","","","","","NA"
"-79.80","43.30","BURLINGTON PIERS (AUT)","6151061","2024-10-13 16:00","2024","10","13","16:00","","11.6","","9.0","","84","","","","9","","37","","","","99.76","","","","","","NA"
"-79.80","43.30","BURLINGTON PIERS (AUT)","6151061","2024-10-13 17:00","2024","10","13","17:00","","11.1","","8.5","","84","","","","8","","35","","","","99.87","","","","","","NA"
"-79.80","43.30","BURLINGTON PIERS (AUT)","6151061","2024-10-13 18:00","2024","10","13","18:00","","11.6","","9.1","","85","","","","6","","35","","","","99.87","","","","","","NA"
"-79.80","43.30","BURLINGTON PIERS (AUT)","6151061","2024-10-13 19:00","2024","10","13","19:00","","11.6","","8.0","","78","","","","7","","35","","","","99.90","","","","","","NA"
"-79.80","43.30","BURLINGTON PIERS (AUT)","6151061","2024-10-13 20:00","2024","10","13","20:00","","12.4","","7.0","","70","","","","6","","42","","","","99.85","","","","","","NA"
"-79.80","43.30","BURLINGTON PIERS (AUT)","6151061","2024-10-13 21:00","2024","10","13","21:00","","11.8","","6.2","","69","","","","4","","43","","","","99.85","","","","","","NA"
"-79.80","43.30","BURLINGTON PIERS (AUT)","6151061","2024-10-13 22:00","2024","10","13","22:00","","10.9","","6.3","","73","","","","3","","43","","","","99.89","","","","","","NA"
"-79.80","43.30","BURLINGTON PIERS (AUT)","6151061","2024-10-13 23:00","2024","10","13","23:00","","10.9","","5.8","","71","","","","6","","44","","","","99.84","","","","","","NA"
"-79.80","43.30","BURLINGTON PIERS (AUT)","6151061","2024-10-14 00:00","2024","10","14","00:00","","11.0","","5.3","","68","","","","4","","40","","","","99.75","","","","","","NA"
"-79.80","43.30","BURLINGTON PIERS (AUT)","6151061","2024-10-14 01:00","2024","10","14","01:00","","10.2","","4.5","","68","","","","4","","47","","","","99.70","","","","","","NA"
"-79.80","43.30","BURLINGTON PIERS (AUT)","6151061","2024-10-14 02:00","2024","10","14","02:00","","9.8","","3.8","","66","","","","3","","44","","","","99.67","","","","","","NA"
"-79.80","43.30","BURLINGTON PIERS (AUT)","6151061","2024-10-14 03:00","2024","10","14","03:00","","9.8","","3.5","","65","","","","2","","41","","","","99.68","","","","","","NA"
"-79.80","43.30","BURLINGTON PIERS (AUT)","6151061","2024-10-14 04:00","2024","10","14","04:00","","8.6","","2.3","","65","","","","36","","32","","","","99.75","","","","","","NA"
"-79.80","43.30","BURLINGTON PIERS (AUT)","6151061","2024-10-14 05:00","2024","10","14","05:00","","8.2","","0.9","","60","","","","35","","30","","","","99.82","","","","","","NA"
"-79.80","43.30","BURLINGTON PIERS (AUT)","6151061","2024-10-14 06:00","2024","10","14","06:00","","7.7","","0.8","","62","","","","34","","29","","","","99.93","","","","","","NA"
"-79.80","43.30","BURLINGTON PIERS (AUT)","6151061","2024-10-14 07:00","2024","10","14","07:00","","6.7","","1.1","","67","","","","33","","31","","","","100.02","","","","","","NA"
"-79.80","43.30","BURLINGTON PIERS (AUT)","6151061","2024-10-14 08:00","2024","10","14","08:00","","6.1","","0.2","","66","","","","33","","35","","","","100.12","","","","","","NA"
"-79.80","43.30","BURLINGTON PIERS (AUT)","6151061","2024-10-14 09:00","2024","10","14","09:00","","7.5","","0.9","","63","","","","35","","34","","","","100.17","","","","","","NA"
"-79.80","43.30","BURLINGTON PIERS (AUT)","6151061","2024-10-14 10:00","2024","10","14","10:00","","7.4","","0.8","","63","","","","33","","34","","","","100.26","","","","","","NA"
"-79.80","43.30","BURLINGTON PIERS (AUT)","6151061","2024-10-14 11:00","2024","10","14","11:00","","8.0","","-0.1","","56","","","","34","","30","","","","100.35","","","","","","NA"
"-79.80","43.30","BURLINGTON PIERS (AUT)","6151061","2024-10-14 12:00","2024","10","14","12:00","","9.0","","-0.2","","52","","","","35","","29","","","","100.39","","","","","","NA"
"-79.80","43.30","BURLINGTON PIERS (AUT)","6151061","2024-10-14 13:00","2024","10","14","13:00","","9.6","","-1.8","","45","","","","34","","24","","","","100.42","","","","","","NA"
"-79.80","43.30","BURLINGTON PIERS (AUT)","6151061","2024-10-14 14:00","2024","10","14","14:00","","9.5","","-1.0","","48","","","","34","","28","","","","100.47","","","","","","NA"
"-79.80","43.30","BURLINGTON PIERS (AUT)","6151061","2024-10-14 15:00","2024","10","14","15:00","","10.1","","-0.4","","48","","","","32","","15","","","","100.50","","","","","","NA"
"-79.80","43.30","BURLINGTON PIERS (AUT)","6151061","2024-10-14 16:00","2024","10","14","16:00","","9.9","","-2.7","","41","","","","30","","13","","","","100.53","","","","","","NA"
"-79.80","43.30","BURLINGTON PIERS (AUT)","6151061","2024-10-14 17:00","2024","10","14","17:00","","10.2","","-1.2","","45","","","","30","","17","","","","100.55","","","","","","NA"
"-79.80","43.30","BURLINGTON PIERS (AUT)","6151061","2024-10-14 18:00","2024","10","14","18:00","","9.6","","-0.1","","51","","","","30","","10","","","","100.58","","","","","","NA"
"-79.80","43.30","BURLINGTON PIERS (AUT)","6151061","2024-10-14 19:00","2024","10","14","19:00","","9.0","","0.8","","57","","","","31","","15","","","","100.61","","","","","","NA"
"-79.80","43.30","BURLINGTON PIERS (AUT)","6151061","2024-10-14 20:00","2024","10","14","20:00","","8.0","","1.0","","61","","","","29","","13","","","","100.66","","","","","","NA"
"-79.80","43.30","BURLINGTON PIERS (AUT)","6151061","2024-10-14 21:00","2024","10","14","21:00","","7.7","","2.5","","70","","","","29","","10","","","","100.68","","","","","","NA"
"-79.80","43.30","BURLINGTON PIERS (AUT)","6151061","2024-10-14 22:00","2024","10","14","22:00","","7.1","","2.4","","72","","","","29","","10","","","","100.64","","","","","","NA"
"-79.80","43.30","BURLINGTON PIERS (AUT)","6151061","2024-10-14 23:00","2024","10","14","23:00","","7.3","","3.1","","74","","","","30","","10","","","","100.62","","","","","","NA"
"-79.80","43.30","BURLINGTON PIERS (AUT)","6151061","2024-10-15 00:00","2024","10","15","00:00","","7.1","","3.3","","76","","","","32","","19","","","","100.61","","","","","","NA"
"-79.80","43.30","BURLINGTON PIERS (AUT)","6151061","2024-10-15 01:00","2024","10","15","01:00","","6.6","","2.7","","76","","","","33","","21","","","","100.59","","","","","","NA"
"-79.80","43.30","BURLINGTON PIERS (AUT)","6151061","2024-10-15 02:00","2024","10","15","02:00","","6.5","","2.2","","74","","","","34","","22","","","","100.59","","","","","","NA"
"-79.80","43.30","BURLINGTON PIERS (AUT)","6151061","2024-10-15 03:00","2024","10","15","03:00","","6.2","","1.6","","72","","","","33","","19","","","","100.58","","","","","","NA"
"-79.80","43.30","BURLINGTON PIERS (AUT)","6151061","2024-10-15 04:00","2024","10","15","04:00","","5.8","","1.0","","71","","","","32","","24","","","","100.60","","","","","","NA"
"-79.80","43.30","BURLINGTON PIERS (AUT)","6151061","2024-10-15 05:00","2024","10","15","05:00","","5.6","","0.7","","71","","","","33","","25","","","","100.63","","","","","","NA"
"-79.80","43.30","BURLINGTON PIERS (AUT)","6151061","2024-10-15 06:00","2024","10","15","06:00","","5.4","","0.9","","73","","","","33","","24","","","","100.64","","","","","","NA"
"-79.80","43.30","BURLINGTON PIERS (AUT)","6151061","2024-10-15 07:00","2024","10","15","07:00","","5.2","","0.4","","71","","","","30","","11","","","","100.67","","","","","","NA"
"-79.80","43.30","BURLINGTON PIERS (AUT)","6151061","2024-10-15 08:00","2024","10","15","08:00","","5.5","","0.1","","68","","","","34","","14","","","","100.71","","","","","","NA"
"-79.80","43.30","BURLINGTON PIERS (AUT)","6151061","2024-10-15 09:00","2024","10","15","09:00","","6.9","","1.8","","70","","","","34","","21","","","","100.69","","","","","","NA"
"-79.80","43.30","BURLINGTON PIERS (AUT)","6151061","2024-10-15 10:00","2024","10","15","10:00","","7.9","","1.1","","62","","","","34","","21","","","","100.68","","","","","","NA"
"-79.80","43.30","BURLINGTON PIERS (AUT)","6151061","2024-10-15 11:00","2024","10","15","11:00","","8.8","","1.4","","60","","","","32","","18","","","","100.67","","","","","","NA"
"-79.80","43.30","BURLINGTON PIERS (AUT)","6151061","2024-10-15 12:00","2024","10","15","12:00","","9.2","","0.2","","53","","","","33","","16","","","","100.65","","","","","","NA"
"-79.80","43.30","BURLINGTON PIERS (AUT)","6151061","2024-10-15 13:00","2024","10","15","13:00","","10.0","","0.4","","51","","","","29","","19","","","","100.55","","","","","","NA"
"-79.80","43.30","BURLINGTON PIERS (AUT)","6151061","2024-10-15 14:00","2024","10","15","14:00","","9.7","","1.1","","55","","","","33","","23","","","","100.53","","","","","","NA"
"-79.80","43.30","BURLINGTON PIERS (AUT)","6151061","2024-10-15 15:00","2024","10","15","15:00","","9.7","","2.7","","62","","","","30","","12","","","","100.56","","","","","","NA"
"-79.80","43.30","BURLINGTON PIERS (AUT)","6151061","2024-10-15 16:00","2024","10","15","16:00","","9.2","","3.0","","65","","","","30","","17","","","","100.56","","","","","","NA"
"-79.80","43.30","BURLINGTON PIERS (AUT)","6151061","2024-10-15 17:00","2024","10","15","17:00","","9.7","","2.7","","62","","","","31","","18","","","","100.57","","","","","","NA"
"-79.80","43.30","BURLINGTON PIERS (AUT)","6151061","2024-10-15 18:00","2024","10","15","18:00","","8.7","","2.9","","67","","","","29","","17","","","","100.63","","","","","","NA"
"-79.80","43.30","BURLINGTON PIERS (AUT)","6151061","2024-10-15 19:00","2024","10","15","19:00","","8.5","","2.8","","67","","","","30","","19","","","","100.67","","","","","","NA"
"-79.80","43.30","BURLINGTON PIERS (AUT)","6151061","2024-10-15 20:00","2024","10","15","20:00","","8.7","","3.1","","68","","","","30","","19","","","","100.70","","","","","","NA"
"-79.80","43.30","BURLINGTON PIERS (AUT)","6151061","2024-10-15 21:00","2024","10","15","21:00","","8.3","","2.9","","69","","","","29","","17","","","","100.72","","","","","","NA"
"-79.80","43.30","BURLINGTON PIERS (AUT)","6151061","2024-10-15 22:00","2024","10","15","22:00","","7.7","","2.5","","70","","","","27","","12","","","","100.77","","","","","","NA"
"-79.80","43.30","BURLINGTON PIERS (AUT)","6151061","2024-10-15 23:00","2024","10","15","23:00","","7.0","","2.7","","74","","","","26","","10","","","","100.81","","","","","","NA"
"-79.80","43.30","BURLINGTON PIERS (AUT)","6151061","2024-10-16 00:00","2024","10","16","00:00","","6.7","","2.7","","75","","","","26","","10","","","","100.80","","","","","","NA"
"-79.80","43.30","BURLINGTON PIERS (AUT)","6151061","2024-10-16 01:00","2024","10","16","01:00","","6.6","","2.9","","77","","","","28","","15","","","","100.85","","","","","","NA"
"-79.80","43.30","BURLINGTON PIERS (AUT)","6151061","2024-10-16 02:00","2024","10","16","02:00","","6.6","","3.6","","81","","","","28","","12","","","","100.88","","","","","","NA"
"-79.80","43.30","BURLINGTON PIERS (AUT)","6151061","2024-10-16 03:00","2024","10","16","03:00","","7.1","","4.0","","80","","","","28","","11","","","","100.90","","","","","","NA"
"-79.80","43.30","BURLINGTON PIERS (AUT)","6151061","2024-10-16 04:00","2024","10","16","04:00","","6.7","","2.8","","76","","","","28","","7","","","","100.99","","","","","","NA"
"-79.80","43.30","BURLINGTON PIERS (AUT)","6151061","2024-10-16 05:00","2024","10","16","05:00","","6.5","","2.9","","78","","","","28","","11","","","","101.05","","","","","","NA"
"-79.80","43.30","BURLINGTON PIERS (AUT)","6151061","2024-10-16 06:00","2024","10","16","06:00","","6.1","","2.6","","78","","","","29","","13","","","","101.11","","","","","","NA"
"-79.80","43.30","BURLINGTON PIERS (AUT)","6151061","2024-10-16 07:00","2024","10","16","07:00","","5.9","","2.7","","80","","","","30","","15","","","","101.17","","","","","","NA"
"-79.80","43.30","BURLINGTON PIERS (AUT)","6151061","2024-10-16 08:00","2024","10","16","08:00","","6.2","","2.3","","76","","","","29","","13","","","","101.25","","","","","","NA"
"-79.80","43.30","BURLINGTON PIERS (AUT)","6151061","2024-10-16 09:00","2024","10","16","09:00","","6.9","","2.4","","73","","","","31","","14","","","","101.31","","","","","","NA"
"-79.80","43.30","BURLINGTON PIERS (AUT)","6151061","2024-10-16 10:00","2024","10","16","10:00","","8.5","","2.5","","66","","","","33","","11","","","","101.36","","","","","","NA"
"-79.80","43.30","BURLINGTON PIERS (AUT)","6151061","2024-10-16 11:00","2024","10","16","11:00","","8.7","","0.6","","56","","","","33","","15","","","","101.37","","","","","","NA"
"-79.80","43.30","BURLINGTON PIERS (AUT)","6151061","2024-10-16 12:00","2024","10","16","12:00","","9.6","","1.1","","55","","","","36","","9","","","","101.36","","","","","","NA"
"-79.80","43.30","BURLINGTON PIERS (AUT)","6151061","2024-10-16 13:00","2024","10","16","13:00","","11.2","","0.3","","47","","","","31","","5","","","","101.31","","","","","","NA"
"-79.80","43.30","BURLINGTON PIERS (AUT)","6151061","2024-10-16 14:00","2024","10","16","14:00","","11.1","","0.7","","49","","","","30","","15","","","","101.32","","","","","","NA"
"-79.80","43.30","BURLINGTON PIERS (AUT)","6151061","2024-10-16 15:00","2024","10","16","15:00","","11.3","","0.2","","46","","","","32","","17","","","","101.33","","","","","","NA"
"-79.80","43.30","BURLINGTON PIERS (AUT)","6151061","2024-10-16 16:00","2024","10","16","16:00","","11.7","","0.0","","44","","","","34","","10","","","","101.33","","","","","","NA"
"-79.80","43.30","BURLINGTON PIERS (AUT)","6151061","2024-10-16 17:00","2024","10","16","17:00","","11.9","","0.9","","47","","","","33","","11","","","","101.34","","","","","","NA"
"-79.80","43.30","BURLINGTON PIERS (AUT)","6151061","2024-10-16 18:00","2024","10","16","18:00","","11.0","","1.6","","52","","","","31","","13","","","","101.38","","","","","","NA"
"-79.80","43.30","BURLINGTON PIERS (AUT)","6151061","2024-10-16 19:00","2024","10","16","19:00","","9.7","","1.6","","57","","","","31","","11","","","","101.44","","","","","","NA"
"-79.80","43.30","BURLINGTON PIERS (AUT)","6151061","2024-10-16 20:00","2024","10","16","20:00","","8.7","","1.8","","62","","","","29","","14","","","","101.46","","","","","","NA"
"-79.80","43.30","BURLINGTON PIERS (AUT)","6151061","2024-10-16 21:00","2024","10","16","21:00","","7.8","","1.8","","66","","","","31","","16","","","","101.48","","","","","","NA"
"-79.80","43.30","BURLINGTON PIERS (AUT)","6151061","2024-10-16 22:00","2024","10","16","22:00","","7.4","","2.0","","69","","","","28","","9","","","","101.53","","","","","","NA"
"-79.80","43.30","BURLINGTON PIERS (AUT)","6151061","2024-10-16 23:00","2024","10","16","23:00","","7.0","","2.4","","73","","","","26","","8","","","","101.53","","","","","","NA"
"-79.80","43.30","BURLINGTON PIERS (AUT)","6151061","2024-10-17 00:00","2024","10","17","00:00","","6.3","","2.2","","75","","","","29","","14","","","","101.56","","","","","","NA"
"-79.80","43.30","BURLINGTON PIERS (AUT)","6151061","2024-10-17 01:00","2024","10","17","01:00","","6.1","","2.2","","76","","","","27","","6","","","","101.57","","","","","","NA"
"-79.80","43.30","BURLINGTON PIERS (AUT)","6151061","2024-10-17 02:00","2024","10","17","02:00","","5.9","","2.9","","81","","","","26","","8","","","","101.61","","","","","","NA"
"-79.80","43.30","BURLINGTON PIERS (AUT)","6151061","2024-10-17 03:00","2024","10","17","03:00","","5.4","","2.8","","83","","","","25","","8","","","","101.62","","","","","","NA"
"-79.80","43.30","BURLINGTON PIERS (AUT)","6151061","2024-10-17 04:00","2024","10","17","04:00","","5.3","","3.0","","85","","","","24","","8","","","","101.66","","","","","","NA"
"-79.80","43.30","BURLINGTON PIERS (AUT)","6151061","2024-10-17 05:00","2024","10","17","05:00","","5.2","","3.1","","86","","","","25","","10","","","","101.69","","","","","","NA"
"-79.80","43.30","BURLINGTON PIERS (AUT)","6151061","2024-10-17 06:00","2024","10","17","06:00","","5.2","","2.9","","85","","","","24","","7","","","","101.72","","","","","","NA"
"-79.80","43.30","BURLINGTON PIERS (AUT)","6151061","2024-10-17 07:00","2024","10","17","07:00","","5.5","","3.0","","84","","","","24","","8","","","","101.76","","","","","","NA"
"-79.80","43.30","BURLINGTON PIERS (AUT)","6151061","2024-10-17 08:00","2024","10","17","08:00","","6.2","","2.8","","79","","","","23","","8","","","","101.84","","","","","","NA"
"-79.80","43.30","BURLINGTON PIERS (AUT)","6151061","2024-10-17 09:00","2024","10","17","09:00","","7.7","","2.6","","70","","","","25","","5","","","","101.87","","","","","","NA"
"-79.80","43.30","BURLINGTON PIERS (AUT)","6151061","2024-10-17 10:00","2024","10","17","10:00","","9.4","","1.9","","59","","","","23","","4","","","","101.87","","","","","","NA"
"-79.80","43.30","BURLINGTON PIERS (AUT)","6151061","2024-10-17 11:00","2024","10","17","11:00","","10.9","","2.5","","56","","","","12","","6","","","","101.87","","","","","","NA"
"-79.80","43.30","BURLINGTON PIERS (AUT)","6151061","2024-10-17 12:00","2024","10","17","12:00","","11.7","","3.5","","57","","","","11","","10","","","","101.83","","","","","","NA"
"-79.80","43.30","BURLINGTON PIERS (AUT)","6151061","2024-10-17 13:00","2024","10","17","13:00","","12.5","","3.7","","55","","","","11","","16","","","","101.76","","","","","","NA"
"-79.80","43.30","BURLINGTON PIERS (AUT)","6151061","2024-10-17 14:00","2024","10","17","14:00","","13.8","","4.2","","53","","","","11","","16","","","","101.69","","","","","","NA"
"-79.80","43.30","BURLINGTON PIERS (AUT)","6151061","2024-10-17 15:00","2024","10","17","15:00","","15.3","","4.1","","47","","","","15","","5","","","","101.67","","","","","","NA"
"-79.80","43.30","BURLINGTON PIERS (AUT)","6151061","2024-10-17 16:00","2024","10","17","16:00","","16.2","","2.5","","40","","","","22","","7","","","","101.68","","","","","","NA"
"-79.80","43.30","BURLINGTON PIERS (AUT)","6151061","2024-10-17 17:00","2024","10","17","17:00","","15.2","","5.5","","52","","","","17","","13","","","","101.72","","","","","","NA"
"-79.80","43.30","BURLINGTON PIERS (AUT)","6151061","2024-10-17 18:00","2024","10","17","18:00","","13.5","","5.8","","60","","","","19","","14","","","","101.73","","","","","","NA"
"-79.80","43.30","BURLINGTON PIERS (AUT)","6151061","2024-10-17 19:00","2024","10","17","19:00","","13.2","","5.6","","60","","","","22","","10","","","","101.77","","","","","","NA"
"-79.80","43.30","BURLINGTON PIERS (AUT)","6151061","2024-10-17 20:00","2024","10","17","20:00","","12.3","","6.0","","65","","","","24","","8","","","","101.79","","","","","","NA"
"-79.80","43.30","BURLINGTON PIERS (AUT)","6151061","2024-10-17 21:00","2024","10","17","21:00","","11.5","","6.0","","69","","","","25","","8","","","","101.84","","","","","","NA"
"-79.80","43.30","BURLINGTON PIERS (AUT)","6151061","2024-10-17 22:00","2024","10","17","22:00","","10.9","","5.2","","68","","","","25","","10","","","","101.87","","","","","","NA"
"-79.80","43.30","BURLINGTON PIERS (AUT)","6151061","2024-10-17 23:00","2024","10","17","23:00","","10.6","","4.8","","68","","","","25","","9","","","","101.88","","","","","","NA"
"-79.80","43.30","BURLINGTON PIERS (AUT)","6151061","2024-10-18 00:00","2024","10","18","00:00","","10.0","","4.7","","70","","","","25","","9","","","","101.89","","","","","","NA"
"-79.80","43.30","BURLINGTON PIERS (AUT)","6151061","2024-10-18 01:00","2024","10","18","01:00","","9.6","","4.7","","71","","","","25","","9","","","","101.91","","","","","","NA"
"-79.80","43.30","BURLINGTON PIERS (AUT)","6151061","2024-10-18 02:00","2024","10","18","02:00","","9.4","","4.7","","72","","","","24","","9","","","","101.96","","","","","","NA"
"-79.80","43.30","BURLINGTON PIERS (AUT)","6151061","2024-10-18 03:00","2024","10","18","03:00","","9.1","","4.8","","75","","","","25","","6","","","","101.98","","","","","","NA"
"-79.80","43.30","BURLINGTON PIERS (AUT)","6151061","2024-10-18 04:00","2024","10","18","04:00","","9.0","","4.6","","74","","","","25","","8","","","","102.04","","","","","","NA"
"-79.80","43.30","BURLINGTON PIERS (AUT)","6151061","2024-10-18 05:00","2024","10","18","05:00","","8.6","","4.4","","75","","","","25","","9","","","","102.14","","","","","","NA"
"-79.80","43.30","BURLINGTON PIERS (AUT)","6151061","2024-10-18 06:00","2024","10","18","06:00","","8.0","","3.8","","75","","","","25","","9","","","","102.23","","","","","","NA"
"-79.80","43.30","BURLINGTON PIERS (AUT)","6151061","2024-10-18 07:00","2024","10","18","07:00","","8.3","","5.0","","80","","","","23","","9","","","","102.33","","","","","","NA"
"-79.80","43.30","BURLINGTON PIERS (AUT)","6151061","2024-10-18 08:00","2024","10","18","08:00","","8.6","","4.5","","75","","","","24","","8","","","","102.42","","","","","","NA"
"-79.80","43.30","BURLINGTON PIERS (AUT)","6151061","2024-10-18 09:00","2024","10","18","09:00","","9.1","","4.6","","73","","","","23","","10","","","","102.45","","","","","","NA"
"-79.80","43.30","BURLINGTON PIERS (AUT)","6151061","2024-10-18 10:00","2024","10","18","10:00","","11.9","","5.9","","67","","","","23","","9","","","","102.47","","","","","","NA"
"-79.80","43.30","BURLINGTON PIERS (AUT)","6151061","2024-10-18 11:00","2024","10","18","11:00","","14.1","","5.9","","58","","","","23","","8","","","","102.48","","","","","","NA"
"-79.80","43.30","BURLINGTON PIERS (AUT)","6151061","2024-10-18 12:00","2024","10","18","12:00","","14.6","","7.6","","63","","","","13","","9","","","","102.46","","","","","","NA"
"-79.80","43.30","BURLINGTON PIERS (AUT)","6151061","2024-10-18 13:00","2024","10","18","13:00","","17.0","","3.5","","41","","","","24","","6","","","","102.38","","","","","","NA"
"-79.80","43.30","BURLINGTON PIERS (AUT)","6151061","2024-10-18 14:00","2024","10","18","14:00","","16.4","","4.8","","46","","","","9","","4","","","","102.36","","","","","","NA"
"-79.80","43.30","BURLINGTON PIERS (AUT)","6151061","2024-10-18 15:00","2024","10","18","15:00","","17.0","","4.0","","42","","","","8","","7","","","","102.34","","","","","","NA"
"-79.80","43.30","BURLINGTON PIERS (AUT)","6151061","2024-10-18 16:00","2024","10","18","16:00","","16.5","","7.9","","57","","","","10","","8","","","","102.34","","","","","","NA"
"-79.80","43.30","BURLINGTON PIERS (AUT)","6151061","2024-10-18 17:00","2024","10","18","17:00","","15.8","","9.5","","66","","","","11","","14","","","","102.33","","","","","","NA"
"-79.80","43.30","BURLINGTON PIERS (AUT)","6151061","2024-10-18 18:00","2024","10","18","18:00","","16.1","","9.0","","62","","","","16","","9","","","","102.35","","","","","","NA"
"-79.80","43.30","BURLINGTON PIERS (AUT)","6151061","2024-10-18 19:00","2024","10","18","19:00","","15.2","","9.3","","68","","","","20","","9","","","","102.38","","","","","","NA"
"-79.80","43.30","BURLINGTON PIERS (AUT)","6151061","2024-10-18 20:00","2024","10","18","20:00","","13.9","","9.3","","74","","","","25","","6","","","","102.37","","","","","","NA"
"-79.80","43.30","BURLINGTON PIERS (AUT)","6151061","2024-10-18 21:00","2024","10","18","21:00","","13.0","","9.1","","78","","","","26","","7","","","","102.41","","","","","","NA"
"-79.80","43.30","BURLINGTON PIERS (AUT)","6151061","2024-10-18 22:00","2024","10","18","22:00","","12.6","","9.3","","80","","","","24","","8","","","","102.44","","","","","","NA"
"-79.80","43.30","BURLINGTON PIERS (AUT)","6151061","2024-10-18 23:00","2024","10","18","23:00","","11.8","","9.2","","84","","","","25","","10","","","","102.45","","","","","","NA"
"-79.80","43.30","BURLINGTON PIERS (AUT)","6151061","2024-10-19 00:00","2024","10","19","00:00","","11.4","","9.3","","87","","","","24","","6","","","","102.44","","","","","","NA"
"-79.80","43.30","BURLINGTON PIERS (AUT)","6151061","2024-10-19 01:00","2024","10","19","01:00","","10.6","","8.5","","87","","","","25","","8","","","","102.45","","","","","","NA"
"-79.80","43.30","BURLINGTON PIERS (AUT)","6151061","2024-10-19 02:00","2024","10","19","02:00","","10.3","","7.8","","85","","","","25","","10","","","","102.44","","","","","","NA"
"-79.80","43.30","BURLINGTON PIERS (AUT)","6151061","2024-10-19 03:00","2024","10","19","03:00","","10.0","","7.9","","87","","","","24","","8","","","","102.38","","","","","","NA"
"-79.80","43.30","BURLINGTON PIERS (AUT)","6151061","2024-10-19 04:00","2024","10","19","04:00","","9.8","","8.1","","89","","","","23","","10","","","","102.40","","","","","","NA"
"-79.80","43.30","BURLINGTON PIERS (AUT)","6151061","2024-10-19 05:00","2024","10","19","05:00","","10.0","","8.4","","90","","","","24","","8","","","","102.40","","","","","","NA"
"-79.80","43.30","BURLINGTON PIERS (AUT)","6151061","2024-10-19 06:00","2024","10","19","06:00","","9.8","","8.4","","91","","","","24","","8","","","","102.42","","","","","","NA"
"-79.80","43.30","BURLINGTON PIERS (AUT)","6151061","2024-10-19 07:00","2024","10","19","07:00","","9.9","","8.5","","91","","","","23","","7","","","","102.45","","","","","","NA"
"-79.80","43.30","BURLINGTON PIERS (AUT)","6151061","2024-10-19 08:00","2024","10","19","08:00","","9.8","","9.2","","96","","","","23","","11","","","","102.49","","","","","","NA"
"-79.80","43.30","BURLINGTON PIERS (AUT)","6151061","2024-10-19 09:00","2024","10","19","09:00","","9.7","","9.1","","97","","","","25","","11","","","","102.52","","","","","","NA"
"-79.80","43.30","BURLINGTON PIERS (AUT)","6151061","2024-10-19 10:00","2024","10","19","10:00","","10.7","","10.2","","96","","","","25","","11","","","","102.49","","","","","","NA"
"-79.80","43.30","BURLINGTON PIERS (AUT)","6151061","2024-10-19 11:00","2024","10","19","11:00","","13.6","","11.3","","86","","","","23","","11","","","","102.43","","","","","","NA"
"-79.80","43.30","BURLINGTON PIERS (AUT)","6151061","2024-10-19 12:00","2024","10","19","12:00","","15.9","","10.8","","72","","","","24","","7","","","","102.36","","","","","","NA"
"-79.80","43.30","BURLINGTON PIERS (AUT)","6151061","2024-10-19 13:00","2024","10","19","13:00","","17.5","","8.5","","56","","","","22","","8","","","","102.26","","","","","","NA"
"-79.80","43.30","BURLINGTON PIERS (AUT)","6151061","2024-10-19 14:00","2024","10","19","14:00","","19.0","","7.6","","48","","","","23","","8","","","","102.18","","","","","","NA"
"-79.80","43.30","BURLINGTON PIERS (AUT)","6151061","2024-10-19 15:00","2024","10","19","15:00","","20.3","","7.9","","45","","","","25","","4","","","","102.10","","","","","","NA"
"-79.80","43.30","BURLINGTON PIERS (AUT)","6151061","2024-10-19 16:00","2024","10","19","16:00","","20.7","","6.0","","38","","","","21","","5","","","","102.03","","","","","","NA"
"-79.80","43.30","BURLINGTON PIERS (AUT)","6151061","2024-10-19 17:00","2024","10","19","17:00","","19.0","","8.5","","51","","","","19","","16","","","","102.01","","","","","","NA"
"-79.80","43.30","BURLINGTON PIERS (AUT)","6151061","2024-10-19 18:00","2024","10","19","18:00","","17.6","","7.3","","51","","","","19","","14","","","","101.99","","","","","","NA"
"-79.80","43.30","BURLINGTON PIERS (AUT)","6151061","2024-10-19 19:00","2024","10","19","19:00","","16.5","","8.5","","59","","","","22","","9","","","","102.02","","","","","","NA"
"-79.80","43.30","BURLINGTON PIERS (AUT)","6151061","2024-10-19 20:00","2024","10","19","20:00","","15.2","","9.0","","66","","","","24","","5","","","","102.01","","","","","","NA"
"-79.80","43.30","BURLINGTON PIERS (AUT)","6151061","2024-10-19 21:00","2024","10","19","21:00","","14.2","","8.4","","68","","","","25","","6","","","","101.97","","","","","","NA"
"-79.80","43.30","BURLINGTON PIERS (AUT)","6151061","2024-10-19 22:00","2024","10","19","22:00","","13.8","","9.3","","74","","","","24","","7","","","","101.91","","","","","","NA"
"-79.80","43.30","BURLINGTON PIERS (AUT)","6151061","2024-10-19 23:00","2024","10","19","23:00","","13.2","","9.2","","77","","","","22","","6","","","","101.88","","","","","","NA"
"-79.80","43.30","BURLINGTON PIERS (AUT)","6151061","2024-10-20 00:00","2024","10","20","00:00","","12.7","","9.2","","79","","","","26","","7","","","","101.87","","","","","","NA"
"-79.80","43.30","BURLINGTON PIERS (AUT)","6151061","2024-10-20 01:00","2024","10","20","01:00","","12.4","","9.7","","84","","","","23","","6","","","","101.83","","","","","","NA"
"-79.80","43.30","BURLINGTON PIERS (AUT)","6151061","2024-10-20 02:00","2024","10","20","02:00","","11.8","","9.8","","87","","","","26","","5","","","","101.81","","","","","","NA"
"-79.80","43.30","BURLINGTON PIERS (AUT)","6151061","2024-10-20 03:00","2024","10","20","03:00","","11.6","","10.0","","90","","","","24","","5","","","","101.77","","","","","","NA"
"-79.80","43.30","BURLINGTON PIERS (AUT)","6151061","2024-10-20 04:00","2024","10","20","04:00","","11.8","","9.7","","87","","","","25","","8","","","","101.76","","","","","","NA"
"-79.80","43.30","BURLINGTON PIERS (AUT)","6151061","2024-10-20 05:00","2024","10","20","05:00","","11.8","","9.8","","87","","","","25","","10","","","","101.73","","","","","","NA"
"-79.80","43.30","BURLINGTON PIERS (AUT)","6151061","2024-10-20 06:00","2024","10","20","06:00","","11.2","","9.5","","89","","","","24","","8","","","","101.71","","","","","","NA"
"-79.80","43.30","BURLINGTON PIERS (AUT)","6151061","2024-10-20 07:00","2024","10","20","07:00","","11.6","","9.6","","87","","","","25","","7","","","","101.74","","","","","","NA"
"-79.80","43.30","BURLINGTON PIERS (AUT)","6151061","2024-10-20 08:00","2024","10","20","08:00","","11.9","","9.2","","83","","","","24","","9","","","","101.74","","","","","","NA"
"-79.80","43.30","BURLINGTON PIERS (AUT)","6151061","2024-10-20 09:00","2024","10","20","09:00","","12.8","","9.5","","80","","","","23","","11","","","","101.72","","","","","","NA"
"-79.80","43.30","BURLINGTON PIERS (AUT)","6151061","2024-10-20 10:00","2024","10","20","10:00","","15.1","","9.0","","67","","","","24","","8","","","","101.68","","","","","","NA"
"-79.80","43.30","BURLINGTON PIERS (AUT)","6151061","2024-10-20 11:00","2024","10","20","11:00","","17.5","","8.5","","56","","","","25","","11","","","","101.65","","","","","","NA"
"-79.80","43.30","BURLINGTON PIERS (AUT)","6151061","2024-10-20 12:00","2024","10","20","12:00","","20.2","","5.1","","37","","","","22","","15","","","","101.55","","","","","","NA"
"-79.80","43.30","BURLINGTON PIERS (AUT)","6151061","2024-10-20 13:00","2024","10","20","13:00","","20.7","","6.1","","39","","","","23","","28","","","","101.47","","","","","","NA"
"-79.80","43.30","BURLINGTON PIERS (AUT)","6151061","2024-10-20 14:00","2024","10","20","14:00","","21.3","","6.3","","38","","","","22","","17","","","","101.41","","","","","","NA"
"-79.80","43.30","BURLINGTON PIERS (AUT)","6151061","2024-10-20 15:00","2024","10","20","15:00","","21.6","","6.3","","37","","","","22","","16","","","","101.38","","","","","","NA"
"-79.80","43.30","BURLINGTON PIERS (AUT)","6151061","2024-10-20 16:00","2024","10","20","16:00","","22.1","","6.0","","35","","","","21","","22","","","","101.35","","","","","","NA"
"-79.80","43.30","BURLINGTON PIERS (AUT)","6151061","2024-10-20 17:00","2024","10","20","17:00","","21.2","","7.6","","41","","","","21","","19","","","","101.33","","","","","","NA"
"-79.80","43.30","BURLINGTON PIERS (AUT)","6151061","2024-10-20 18:00","2024","10","20","18:00","","19.4","","7.7","","46","","","","21","","16","","","","101.31","","","","","","NA"
"-79.80","43.30","BURLINGTON PIERS (AUT)","6151061","2024-10-20 19:00","2024","10","20","19:00","","18.3","","7.3","","49","","","","21","","13","","","","101.33","","","","","","NA"
"-79.80","43.30","BURLINGTON PIERS (AUT)","6151061","2024-10-20 20:00","2024","10","20","20:00","","17.4","","7.8","","53","","","","21","","14","","","","101.28","","","","","","NA"
"-79.80","43.30","BURLINGTON PIERS (AUT)","6151061","2024-10-20 21:00","2024","10","20","21:00","","16.7","","9.0","","61","","","","24","","9","","","","101.28","","","","","","NA"
"-79.80","43.30","BURLINGTON PIERS (AUT)","6151061","2024-10-20 22:00","2024","10","20","22:00","","16.0","","8.9","","63","","","","24","","9","","","","101.26","","","","","","NA"
"-79.80","43.30","BURLINGTON PIERS (AUT)","6151061","2024-10-20 23:00","2024","10","20","23:00","","15.6","","9.4","","67","","","","22","","10","","","","101.25","","","","","","NA"
"-79.80","43.30","BURLINGTON PIERS (AUT)","6151061","2024-10-21 00:00","2024","10","21","00:00","","15.5","","8.9","","65","","","","24","","10","","","","101.23","","","","","","NA"
"-79.80","43.30","BURLINGTON PIERS (AUT)","6151061","2024-10-21 01:00","2024","10","21","01:00","","15.3","","8.7","","64","","","","24","","11","","","","101.21","","","","","","NA"
"-79.80","43.30","BURLINGTON PIERS (AUT)","6151061","2024-10-21 02:00","2024","10","21","02:00","","15.7","","8.4","","62","","","","24","","11","","","","101.18","","","","","","NA"
"-79.80","43.30","BURLINGTON PIERS (AUT)","6151061","2024-10-21 03:00","2024","10","21","03:00","","15.6","","8.3","","62","","","","25","","13","","","","101.15","","","","","","NA"
"-79.80","43.30","BURLINGTON PIERS (AUT)","6151061","2024-10-21 04:00","2024","10","21","04:00","","15.6","","8.5","","62","","","","24","","10","","","","101.14","","","","","","NA"
"-79.80","43.30","BURLINGTON PIERS (AUT)","6151061","2024-10-21 05:00","2024","10","21","05:00","","15.4","","8.2","","62","","","","25","","12","","","","101.16","","","","","","NA"
"-79.80","43.30","BURLINGTON PIERS (AUT)","6151061","2024-10-21 06:00","2024","10","21","06:00","","15.5","","8.6","","63","","","","24","","9","","","","101.17","","","","","","NA"
"-79.80","43.30","BURLINGTON PIERS (AUT)","6151061","2024-10-21 07:00","2024","10","21","07:00","","15.6","","7.8","","60","","","","25","","12","","","","101.20","","","","","","NA"
"-79.80","43.30","BURLINGTON PIERS (AUT)","6151061","2024-10-21 08:00","2024","10","21","08:00","","15.9","","7.6","","58","","","","25","","14","","","","101.24","","","","","","NA"
"-79.80","43.30","BURLINGTON PIERS (AUT)","6151061","2024-10-21 09:00","2024","10","21","09:00","","16.5","","7.8","","56","","","","25","","14","","","","101.24","","","","","","NA"
"-79.80","43.30","BURLINGTON PIERS (AUT)","6151061","2024-10-21 10:00","2024","10","21","10:00","","18.1","","7.4","","50","","","","25","","12","","","","101.22","","","","","","NA"
"-79.80","43.30","BURLINGTON PIERS (AUT)","6151061","2024-10-21 11:00","2024","10","21","11:00","","19.9","","7.3","","44","","","","23","","11","","","","101.21","","","","","","NA"
"-79.80","43.30","BURLINGTON PIERS (AUT)","6151061","2024-10-21 12:00","2024","10","21","12:00","","21.0","","8.6","","45","","","","23","","9","","","","101.16","","","","","","NA"
"-79.80","43.30","BURLINGTON PIERS (AUT)","6151061","2024-10-21 13:00","2024","10","21","13:00","","22.7","","9.0","","42","","","","23","","9","","","","101.10","","","","","","NA"
"-79.80","43.30","BURLINGTON PIERS (AUT)","6151061","2024-10-21 14:00","2024","10","21","14:00","","23.8","","10.3","","42","","","","23","","10","","","","101.07","","25","","","","NA"
"-79.80","43.30","BURLINGTON PIERS (AUT)","6151061","2024-10-21 15:00","2024","10","21","15:00","","24.2","","11.3","","44","","","","23","","17","","","","101.07","","26","","","","NA"
"-79.80","43.30","BURLINGTON PIERS (AUT)","6151061","2024-10-21 16:00","2024","10","21","16:00","","24.8","","11.0","","42","","","","21","","17","","","","101.06","","27","","","","NA"
"-79.80","43.30","BURLINGTON PIERS (AUT)","6151061","2024-10-21 17:00","2024","10","21","17:00","","23.0","","11.2","","47","","","","22","","16","","","","101.10","","25","","","","NA"
"-79.80","43.30","BURLINGTON PIERS (AUT)","6151061","2024-10-21 18:00","2024","10","21","18:00","","21.0","","11.6","","55","","","","22","","11","","","","101.16","","","","","","NA"
"-79.80","43.30","BURLINGTON PIERS (AUT)","6151061","2024-10-21 19:00","2024","10","21","19:00","","19.7","","11.0","","57","","","","24","","9","","","","101.20","","","","","","NA"
"-79.80","43.30","BURLINGTON PIERS (AUT)","6151061","2024-10-21 20:00","2024","10","21","20:00","","19.0","","9.7","","55","","","","25","","11","","","","101.24","","","","","","NA"
"-79.80","43.30","BURLINGTON PIERS (AUT)","6151061","2024-10-21 21:00","2024","10","21","21:00","","17.5","","11.0","","66","","","","23","","7","","","","101.25","","","","","","NA"
"-79.80","43.30","BURLINGTON PIERS (AUT)","6151061","2024-10-21 22:00","2024","10","21","22:00","","17.2","","9.8","","62","","","","25","","8","","","","101.25","","","","","","NA"
"-79.80","43.30","BURLINGTON PIERS (AUT)","6151061","2024-10-21 23:00","2024","10","21","23:00","","16.3","","10.9","","70","","","","24","","9","","","","101.26","","","","","","NA"
"-79.80","43.30","BURLINGTON PIERS (AUT)","6151061","2024-10-22 00:00","2024","10","22","00:00","","16.4","","11.0","","70","","","","23","","8","","","","101.28","","","","","","NA"
"-79.80","43.30","BURLINGTON PIERS (AUT)","6151061","2024-10-22 01:00","2024","10","22","01:00","","16.1","","9.8","","66","","","","21","","10","","","","101.29","","","","","","NA"
"-79.80","43.30","BURLINGTON PIERS (AUT)","6151061","2024-10-22 02:00","2024","10","22","02:00","","16.0","","9.2","","64","","","","25","","6","","","","101.30","","","","","","NA"
"-79.80","43.30","BURLINGTON PIERS (AUT)","6151061","2024-10-22 03:00","2024","10","22","03:00","","15.3","","10.5","","73","","","","22","","6","","","","101.28","","","","","","NA"
"-79.80","43.30","BURLINGTON PIERS (AUT)","6151061","2024-10-22 04:00","2024","10","22","04:00","","14.9","","10.3","","74","","","","23","","7","","","","101.30","","","","","","NA"
"-79.80","43.30","BURLINGTON PIERS (AUT)","6151061","2024-10-22 05:00","2024","10","22","05:00","","14.4","","9.8","","74","","","","24","","3","","","","101.33","","","","","","NA"
"-79.80","43.30","BURLINGTON PIERS (AUT)","6151061","2024-10-22 06:00","2024","10","22","06:00","","14.5","","11.4","","82","","","","23","","10","","","","101.33","","","","","","NA"
"-79.80","43.30","BURLINGTON PIERS (AUT)","6151061","2024-10-22 07:00","2024","10","22","07:00","","14.4","","11.7","","84","","","","24","","9","","","","101.34","","","","","","NA"
"-79.80","43.30","BURLINGTON PIERS (AUT)","6151061","2024-10-22 08:00","2024","10","22","08:00","","15.0","","12.1","","83","","","","23","","10","","","","101.38","","","","","","NA"
"-79.80","43.30","BURLINGTON PIERS (AUT)","6151061","2024-10-22 09:00","2024","10","22","09:00","","16.0","","12.1","","77","","","","23","","10","","","","101.39","","","","","","NA"
"-79.80","43.30","BURLINGTON PIERS (AUT)","6151061","2024-10-22 10:00","2024","10","22","10:00","","18.6","","11.6","","64","","","","22","","5","","","","101.36","","","","","","NA"
"-79.80","43.30","BURLINGTON PIERS (AUT)","6151061","2024-10-22 11:00","2024","10","22","11:00","","19.6","","11.6","","60","","","","16","","3","","","","101.30","","","","","","NA"
"-79.80","43.30","BURLINGTON PIERS (AUT)","6151061","2024-10-22 12:00","2024","10","22","12:00","","20.3","","11.0","","55","","","","1","","4","","","","101.22","","","","","","NA"
"-79.80","43.30","BURLINGTON PIERS (AUT)","6151061","2024-10-22 13:00","2024","10","22","13:00","","23.4","","10.9","","45","","","","20","","8","","","","101.11","","25","","","","NA"
"-79.80","43.30","BURLINGTON PIERS (AUT)","6151061","2024-10-22 14:00","2024","10","22","14:00","","24.8","","9.1","","37","","","","18","","15","","","","101.01","","26","","","","NA"
"-79.80","43.30","BURLINGTON PIERS (AUT)","6151061","2024-10-22 15:00","2024","10","22","15:00","","24.8","","8.5","","36","","","","19","","15","","","","100.98","","25","","","","NA"
"-79.80","43.30","BURLINGTON PIERS (AUT)","6151061","2024-10-22 16:00","2024","10","22","16:00","","23.7","","8.1","","37","","","","17","","17","","","","100.94","","","","","","NA"
"-79.80","43.30","BURLINGTON PIERS (AUT)","6151061","2024-10-22 17:00","2024","10","22","17:00","","23.0","","7.6","","37","","","","18","","11","","","","100.91","","","","","","NA"
"-79.80","43.30","BURLINGTON PIERS (AUT)","6151061","2024-10-22 18:00","2024","10","22","18:00","","21.6","","8.1","","42","","","","20","","5","","","","100.87","","","","","","NA"
"-79.80","43.30","BURLINGTON PIERS (AUT)","6151061","2024-10-22 19:00","2024","10","22","19:00","","20.0","","8.5","","47","","","","10","","5","","","","100.83","","","","","","NA"
"-79.80","43.30","BURLINGTON PIERS (AUT)","6151061","2024-10-22 20:00","2024","10","22","20:00","","19.9","","7.5","","45","","","","17","","9","","","","100.77","","","","","","NA"
"-79.80","43.30","BURLINGTON PIERS (AUT)","6151061","2024-10-22 21:00","2024","10","22","21:00","","18.6","","8.6","","52","","","","18","","12","","","","100.73","","","","","","NA"
"-79.80","43.30","BURLINGTON PIERS (AUT)","6151061","2024-10-22 22:00","2024","10","22","22:00","","17.5","","9.0","","57","","","","26","","3","","","","100.65","","","","","","NA"
"-79.80","43.30","BURLINGTON PIERS (AUT)","6151061","2024-10-22 23:00","2024","10","22","23:00","","17.2","","8.2","","55","","","","","","0","","","","100.59","","","","","","NA"
"-79.80","43.30","BURLINGTON PIERS (AUT)","6151061","2024-10-23 00:00","2024","10","23","00:00","","16.0","","8.9","","63","","","","","","0","","","","100.51","","","","","","NA"
"-79.80","43.30","BURLINGTON PIERS (AUT)","6151061","2024-10-23 01:00","2024","10","23","01:00","","17.6","","10.1","","61","","","","20","","9","","","","100.45","","","","","","NA"
"-79.80","43.30","BURLINGTON PIERS (AUT)","6151061","2024-10-23 02:00","2024","10","23","02:00","","17.5","","10.3","","62","","","","21","","14","","","","100.39","","","","","","NA"
"-79.80","43.30","BURLINGTON PIERS (AUT)","6151061","2024-10-23 03:00","2024","10","23","03:00","","17.5","","10.1","","62","","","","21","","12","","","","100.33","","","","","","NA"
"-79.80","43.30","BURLINGTON PIERS (AUT)","6151061","2024-10-23 04:00","2024","10","23","04:00","","17.4","","9.8","","61","","","","19","","13","","","","100.27","","","","","","NA"
"-79.80","43.30","BURLINGTON PIERS (AUT)","6151061","2024-10-23 05:00","2024","10","23","05:00","","17.7","","10.3","","62","","","","22","","10","","","","100.21","","","","","","NA"
"-79.80","43.30","BURLINGTON PIERS (AUT)","6151061","2024-10-23 06:00","2024","10","23","06:00","","17.7","","10.1","","61","","","","21","","17","","","","100.13","","","","","","NA"
"-79.80","43.30","BURLINGTON PIERS (AUT)","6151061","2024-10-23 07:00","2024","10","23","07:00","","17.9","","10.1","","60","","","","21","","15","","","","100.13","","","","","","NA"
"-79.80","43.30","BURLINGTON PIERS (AUT)","6151061","2024-10-23 08:00","2024","10","23","08:00","","18.1","","10.4","","61","","","","21","","14","","","","100.11","","","","","","NA"
"-79.80","43.30","BURLINGTON PIERS (AUT)","6151061","2024-10-23 09:00","2024","10","23","09:00","","18.9","","10.8","","59","","","","21","","16","","","","100.10","","","","","","NA"
"-79.80","43.30","BURLINGTON PIERS (AUT)","6151061","2024-10-23 10:00","2024","10","23","10:00","","20.1","","10.7","","55","","","","22","","18","","","","100.06","","","","","","NA"
"-79.80","43.30","BURLINGTON PIERS (AUT)","6151061","2024-10-23 11:00","2024","10","23","11:00","","19.8","","10.6","","55","","","","23","","17","","","","100.05","","","","","","NA"
"-79.80","43.30","BURLINGTON PIERS (AUT)","6151061","2024-10-23 12:00","2024","10","23","12:00","","20.4","","10.5","","53","","","","23","","16","","","","100.09","","","","","","NA"
"-79.80","43.30","BURLINGTON PIERS (AUT)","6151061","2024-10-23 13:00","2024","10","23","13:00","","20.8","","9.8","","49","","","","25","","18","","","","100.08","","","","","","NA"
"-79.80","43.30","BURLINGTON PIERS (AUT)","6151061","2024-10-23 14:00","2024","10","23","14:00","","20.4","","10.2","","52","","","","26","","14","","","","100.13","","","","","","NA"
"-79.80","43.30","BURLINGTON PIERS (AUT)","6151061","2024-10-23 15:00","2024","10","23","15:00","","19.4","","10.6","","57","","","","27","","15","","","","100.24","","","","","","NA"
"-79.80","43.30","BURLINGTON PIERS (AUT)","6151061","2024-10-23 16:00","2024","10","23","16:00","","19.3","","9.7","","54","","","","27","","13","","","","100.26","","","","","","NA"
"-79.80","43.30","BURLINGTON PIERS (AUT)","6151061","2024-10-23 17:00","2024","10","23","17:00","","16.4","","8.1","","58","","","","30","","26","","","","100.47","","","","","","NA"
"-79.80","43.30","BURLINGTON PIERS (AUT)","6151061","2024-10-23 18:00","2024","10","23","18:00","","15.0","","6.4","","57","","","","31","","18","","","","100.58","","","","","","NA"
"-79.80","43.30","BURLINGTON PIERS (AUT)","6151061","2024-10-23 19:00","2024","10","23","19:00","","13.1","","5.5","","60","","","","30","","17","","","","100.71","","","","","","NA"
"-79.80","43.30","BURLINGTON PIERS (AUT)","6151061","2024-10-23 20:00","2024","10","23","20:00","","11.8","","4.4","","60","","","","30","","23","","","","100.76","","","","","","NA"
"-79.80","43.30","BURLINGTON PIERS (AUT)","6151061","2024-10-23 21:00","2024","10","23","21:00","","11.4","","4.5","","63","","","","29","","11","","","","100.83","","","","","","NA"
"-79.80","43.30","BURLINGTON PIERS (AUT)","6151061","2024-10-23 22:00","2024","10","23","22:00","","10.7","","4.8","","67","","","","27","","10","","","","100.88","","","","","","NA"
"-79.80","43.30","BURLINGTON PIERS (AUT)","6151061","2024-10-23 23:00","2024","10","23","23:00","","10.2","","4.8","","69","","","","30","","9","","","","100.94","","","","","","NA"
"-79.80","43.30","BURLINGTON PIERS (AUT)","6151061","2024-10-24 00:00","2024","10","24","00:00","","9.7","","4.1","","68","","","","28","","10","","","","100.97","","","","","","NA"
"-79.80","43.30","BURLINGTON PIERS (AUT)","6151061","2024-10-24 01:00","2024","10","24","01:00","","8.9","","3.6","","70","","","","28","","7","","","","101.01","","","","","","NA"
"-79.80","43.30","BURLINGTON PIERS (AUT)","6151061","2024-10-24 02:00","2024","10","24","02:00","","8.4","","3.0","","68","","","","29","","9","","","","101.05","","","","","","NA"
"-79.80","43.30","BURLINGTON PIERS (AUT)","6151061","2024-10-24 03:00","2024","10","24","03:00","","7.6","","2.6","","70","","","","32","","8","","","","101.06","","","","","","NA"
"-79.80","43.30","BURLINGTON PIERS (AUT)","6151061","2024-10-24 04:00","2024","10","24","04:00","","7.2","","2.7","","73","","","","29","","10","","","","101.09","","","","","","NA"
"-79.80","43.30","BURLINGTON PIERS (AUT)","6151061","2024-10-24 05:00","2024","10","24","05:00","","6.7","","3.0","","77","","","","27","","8","","","","101.14","","","","","","NA"
"-79.80","43.30","BURLINGTON PIERS (AUT)","6151061","2024-10-24 06:00","2024","10","24","06:00","","6.4","","2.1","","74","","","","29","","11","","","","101.18","","","","","","NA"
"-79.80","43.30","BURLINGTON PIERS (AUT)","6151061","2024-10-24 07:00","2024","10","24","07:00","","6.4","","2.1","","74","","","","31","","12","","","","101.23","","","","","","NA"
"-79.80","43.30","BURLINGTON PIERS (AUT)","6151061","2024-10-24 08:00","2024","10","24","08:00","","8.1","","2.5","","68","","","","29","","3","","","","101.28","","","","","","NA"
"-79.80","43.30","BURLINGTON PIERS (AUT)","6151061","2024-10-24 09:00","2024","10","24","09:00","","8.7","","2.9","","67","","","","34","","4","","","","101.26","","","","","","NA"
"-79.80","43.30","BURLINGTON PIERS (AUT)","6151061","2024-10-24 10:00","2024","10","24","10:00","","9.3","","2.2","","61","","","","4","","4","","","","101.31","","","","","","NA"
"-79.80","43.30","BURLINGTON PIERS (AUT)","6151061","2024-10-24 11:00","2024","10","24","11:00","","9.3","","2.3","","62","","","","11","","9","","","","101.30","","","","","","NA"
"-79.80","43.30","BURLINGTON PIERS (AUT)","6151061","2024-10-24 12:00","2024","10","24","12:00","","9.3","","2.2","","61","","","","9","","11","","","","101.31","","","","","","NA"
"-79.80","43.30","BURLINGTON PIERS (AUT)","6151061","2024-10-24 13:00","2024","10","24","13:00","","9.9","","2.5","","60","","","","10","","12","","","","101.24","","","","","","NA"
"-79.80","43.30","BURLINGTON PIERS (AUT)","6151061","2024-10-24 14:00","2024","10","24","14:00","","10.4","","2.6","","58","","","","9","","13","","","","101.17","","","","","","NA"
"-79.80","43.30","BURLINGTON PIERS (AUT)","6151061","2024-10-24 15:00","2024","10","24","15:00","","10.9","","3.5","","60","","","","10","","17","","","","101.14","","","","","","NA"
"-79.80","43.30","BURLINGTON PIERS (AUT)","6151061","2024-10-24 16:00","2024","10","24","16:00","","11.7","","4.0","","59","","","","10","","15","","","","101.14","","","","","","NA"
"-79.80","43.30","BURLINGTON PIERS (AUT)","6151061","2024-10-24 17:00","2024","10","24","17:00","","12.5","","3.6","","54","","","","11","","12","","","","101.14","","","","","","NA"
"-79.80","43.30","BURLINGTON PIERS (AUT)","6151061","2024-10-24 18:00","2024","10","24","18:00","","12.8","","3.1","","52","","","","12","","13","","","","101.15","","","","","","NA"
"-79.80","43.30","BURLINGTON PIERS (AUT)","6151061","2024-10-24 19:00","2024","10","24","19:00","","11.2","","4.0","","61","","","","19","","13","","","","101.19","","","","","","NA"
"-79.80","43.30","BURLINGTON PIERS (AUT)","6151061","2024-10-24 20:00","2024","10","24","20:00","","10.8","","4.6","","65","","","","20","","8","","","","101.18","","","","","","NA"
"-79.80","43.30","BURLINGTON PIERS (AUT)","6151061","2024-10-24 21:00","2024","10","24","21:00","","9.6","","4.7","","71","","","","27","","6","","","","101.20","","","","","","NA"
"-79.80","43.30","BURLINGTON PIERS (AUT)","6151061","2024-10-24 22:00","2024","10","24","22:00","","9.7","","4.8","","72","","","","25","","9","","","","101.18","","","","","","NA"
"-79.80","43.30","BURLINGTON PIERS (AUT)","6151061","2024-10-24 23:00","2024","10","24","23:00","","8.8","","4.1","","72","","","","25","","7","","","","101.15","","","","","","NA"
"-79.80","43.30","BURLINGTON PIERS (AUT)","6151061","2024-10-25 00:00","2024","10","25","00:00","","7.8","","3.9","","76","","","","","","0","","","","101.14","","","","","","NA"
"-79.80","43.30","BURLINGTON PIERS (AUT)","6151061","2024-10-25 01:00","2024","10","25","01:00","","8.3","","3.0","","69","","","","5","","5","","","","101.12","","","","","","NA"
"-79.80","43.30","BURLINGTON PIERS (AUT)","6151061","2024-10-25 02:00","2024","10","25","02:00","","7.5","","4.1","","79","","","","26","","4","","","","101.15","","","","","","NA"
"-79.80","43.30","BURLINGTON PIERS (AUT)","6151061","2024-10-25 03:00","2024","10","25","03:00","","7.0","","4.2","","82","","","","25","","7","","","","101.10","","","","","","NA"
"-79.80","43.30","BURLINGTON PIERS (AUT)","6151061","2024-10-25 04:00","2024","10","25","04:00","","6.6","","3.2","","79","","","","26","","8","","","","101.13","","","","","","NA"
"-79.80","43.30","BURLINGTON PIERS (AUT)","6151061","2024-10-25 05:00","2024","10","25","05:00","","7.1","","3.7","","79","","","","26","","4","","","","101.21","","","","","","NA"
"-79.80","43.30","BURLINGTON PIERS (AUT)","6151061","2024-10-25 06:00","2024","10","25","06:00","","7.0","","4.2","","82","","","","21","","7","","","","101.15","","","","","","NA"
"-79.80","43.30","BURLINGTON PIERS (AUT)","6151061","2024-10-25 07:00","2024","10","25","07:00","","6.5","","4.5","","87","","","","27","","4","","","","101.11","","","","","","NA"
"-79.80","43.30","BURLINGTON PIERS (AUT)","6151061","2024-10-25 08:00","2024","10","25","08:00","","7.5","","4.1","","79","","","","26","","3","","","","101.14","","","","","","NA"
"-79.80","43.30","BURLINGTON PIERS (AUT)","6151061","2024-10-25 09:00","2024","10","25","09:00","","9.1","","4.6","","73","","","","","","0","","","","101.05","","","","","","NA"
"-79.80","43.30","BURLINGTON PIERS (AUT)","6151061","2024-10-25 10:00","2024","10","25","10:00","","11.0","","5.2","","67","","","","12","","19","","","","100.82","","","","","","NA"
"-79.80","43.30","BURLINGTON PIERS (AUT)","6151061","2024-10-25 11:00","2024","10","25","11:00","","11.8","","4.7","","62","","","","14","","12","","","","100.88","","","","","","NA"
"-79.80","43.30","BURLINGTON PIERS (AUT)","6151061","2024-10-25 12:00","2024","10","25","12:00","","11.9","","4.9","","62","","","","32","","8","","","","100.85","","","","","","NA"
"-79.80","43.30","BURLINGTON PIERS (AUT)","6151061","2024-10-25 13:00","2024","10","25","13:00","","11.7","","5.8","","67","","","","","","0","","","","100.74","","","","","","NA"
"-79.80","43.30","BURLINGTON PIERS (AUT)","6151061","2024-10-25 14:00","2024","10","25","14:00","","11.8","","6.9","","72","","","","8","","8","","","","100.67","","","","","","NA"
"-79.80","43.30","BURLINGTON PIERS (AUT)","6151061","2024-10-25 15:00","2024","10","25","15:00","","12.3","","8.1","","75","","","","7","","4","","","","100.65","","","","","","NA"
"-79.80","43.30","BURLINGTON PIERS (AUT)","6151061","2024-10-25 16:00","2024","10","25","16:00","","12.7","","9.1","","78","","","","10","","3","","","","100.61","","","","","","NA"
"-79.80","43.30","BURLINGTON PIERS (AUT)","6151061","2024-10-25 17:00","2024","10","25","17:00","","12.7","","8.9","","78","","","","31","","4","","","","100.64","","","","","","NA"
"-79.80","43.30","BURLINGTON PIERS (AUT)","6151061","2024-10-25 18:00","2024","10","25","18:00","","12.9","","8.9","","77","","","","26","","4","","","","100.69","","","","","","NA"
"-79.80","43.30","BURLINGTON PIERS (AUT)","6151061","2024-10-25 19:00","2024","10","25","19:00","","12.9","","10.1","","83","","","","25","","11","","","","100.75","","","","","","NA"
"-79.80","43.30","BURLINGTON PIERS (AUT)","6151061","2024-10-25 20:00","2024","10","25","20:00","","13.0","","9.2","","78","","","","28","","12","","","","100.79","","","","","","NA"
"-79.80","43.30","BURLINGTON PIERS (AUT)","6151061","2024-10-25 21:00","2024","10","25","21:00","","12.4","","9.0","","79","","","","26","","8","","","","100.85","","","","","","NA"
"-79.80","43.30","BURLINGTON PIERS (AUT)","6151061","2024-10-25 22:00","2024","10","25","22:00","","11.7","","8.6","","81","","","","27","","8","","","","100.91","","","","","","NA"
"-79.80","43.30","BURLINGTON PIERS (AUT)","6151061","2024-10-25 23:00","2024","10","25","23:00","","11.2","","8.6","","84","","","","26","","7","","","","100.93","","","","","","NA"
"-79.80","43.30","BURLINGTON PIERS (AUT)","6151061","2024-10-26 00:00","2024","10","26","00:00","","11.6","","8.4","","81","","","","25","","10","","","","101.00","","","","","","NA"
"-79.80","43.30","BURLINGTON PIERS (AUT)","6151061","2024-10-26 01:00","2024","10","26","01:00","","11.0","","7.8","","81","","","","28","","8","","","","101.05","","","","","","NA"
"-79.80","43.30","BURLINGTON PIERS (AUT)","6151061","2024-10-26 02:00","2024","10","26","02:00","","10.7","","7.1","","78","","","","26","","7","","","","101.11","","","","","","NA"
"-79.80","43.30","BURLINGTON PIERS (AUT)","6151061","2024-10-26 03:00","2024","10","26","03:00","","10.4","","5.4","","71","","","","25","","9","","","","101.16","","","","","","NA"
"-79.80","43.30","BURLINGTON PIERS (AUT)","6151061","2024-10-26 04:00","2024","10","26","04:00","","9.5","","4.6","","71","","","","26","","8","","","","101.20","","","","","","NA"
"-79.80","43.30","BURLINGTON PIERS (AUT)","6151061","2024-10-26 05:00","2024","10","26","05:00","","8.7","","4.3","","74","","","","25","","12","","","","101.25","","","","","","NA"
"-79.80","43.30","BURLINGTON PIERS (AUT)","6151061","2024-10-26 06:00","2024","10","26","06:00","","8.2","","3.4","","72","","","","26","","10","","","","101.33","","","","","","NA"
"-79.80","43.30","BURLINGTON PIERS (AUT)","6151061","2024-10-26 07:00","2024","10","26","07:00","","7.8","","3.3","","73","","","","25","","11","","","","101.39","","","","","","NA"
"-79.80","43.30","BURLINGTON PIERS (AUT)","6151061","2024-10-26 08:00","2024","10","26","08:00","","8.0","","3.0","","71","","","","25","","11","","","","101.49","","","","","","NA"
"-79.80","43.30","BURLINGTON PIERS (AUT)","6151061","2024-10-26 09:00","2024","10","26","09:00","","9.1","","3.6","","69","","","","24","","10","","","","101.54","","","","","","NA"
"-79.80","43.30","BURLINGTON PIERS (AUT)","6151061","2024-10-26 10:00","2024","10","26","10:00","","10.4","","3.2","","61","","","","28","","11","","","","101.55","","","","","","NA"
"-79.80","43.30","BURLINGTON PIERS (AUT)","6151061","2024-10-26 11:00","2024","10","26","11:00","","11.2","","3.5","","59","","","","28","","18","","","","101.56","","","","","","NA"
"-79.80","43.30","BURLINGTON PIERS (AUT)","6151061","2024-10-26 12:00","2024","10","26","12:00","","11.3","","2.7","","55","","","","28","","17","","","","101.57","","","","","","NA"
"-79.80","43.30","BURLINGTON PIERS (AUT)","6151061","2024-10-26 13:00","2024","10","26","13:00","","12.3","","1.2","","47","","","","28","","24","","","","101.52","","","","","","NA"
"-79.80","43.30","BURLINGTON PIERS (AUT)","6151061","2024-10-26 14:00","2024","10","26","14:00","","12.2","","1.0","","46","","","","28","","19","","","","101.55","","","","","","NA"
"-79.80","43.30","BURLINGTON PIERS (AUT)","6151061","2024-10-26 15:00","2024","10","26","15:00","","12.0","","-1.8","","38","","","","29","","28","","","","101.62","","","","","","NA"
"-79.80","43.30","BURLINGTON PIERS (AUT)","6151061","2024-10-26 16:00","2024","10","26","16:00","","11.7","","-3.5","","34","","","","30","","25","","","","101.68","","","","","","NA"
"-79.80","43.30","BURLINGTON PIERS (AUT)","6151061","2024-10-26 17:00","2024","10","26","17:00","","10.8","","-2.0","","41","","","","30","","22","","","","101.78","","","","","","NA"
"-79.80","43.30","BURLINGTON PIERS (AUT)","6151061","2024-10-26 18:00","2024","10","26","18:00","","9.7","","-2.5","","42","","","","30","","21","","","","101.87","","","","","","NA"
"-79.80","43.30","BURLINGTON PIERS (AUT)","6151061","2024-10-26 19:00","2024","10","26","19:00","","8.6","","-1.3","","50","","","","31","","16","","","","101.89","","","","","","NA"
"-79.80","43.30","BURLINGTON PIERS (AUT)","6151061","2024-10-26 20:00","2024","10","26","20:00","","7.7","","-1.3","","53","","","","30","","19","","","","101.92","","","","","","NA"
"-79.80","43.30","BURLINGTON PIERS (AUT)","6151061","2024-10-26 21:00","2024","10","26","21:00","","7.2","","-0.7","","57","","","","29","","14","","","","101.97","","","","","","NA"
"-79.80","43.30","BURLINGTON PIERS (AUT)","6151061","2024-10-26 22:00","2024","10","26","22:00","","6.7","","-0.8","","58","","","","30","","15","","","","102.00","","","","","","NA"
"-79.80","43.30","BURLINGTON PIERS (AUT)","6151061","2024-10-26 23:00","2024","10","26","23:00","","6.3","","-1.1","","59","","","","27","","8","","","","102.02","","","","","","NA"
"-79.80","43.30","BURLINGTON PIERS (AUT)","6151061","2024-10-27 00:00","2024","10","27","00:00","","6.5","","-1.3","","58","","","","26","","8","","","","102.04","","","","","","NA"
"-79.80","43.30","BURLINGTON PIERS (AUT)","6151061","2024-10-27 01:00","2024","10","27","01:00","","4.8","","-0.1","","70","","","","25","","12","","","","102.05","","","","","","NA"
"-79.80","43.30","BURLINGTON PIERS (AUT)","6151061","2024-10-27 02:00","2024","10","27","02:00","","4.5","","0.2","","74","","","","26","","10","","","","102.06","","","","","","NA"
"-79.80","43.30","BURLINGTON PIERS (AUT)","6151061","2024-10-27 03:00","2024","10","27","03:00","","4.7","","0.5","","74","","","","24","","12","","","","102.03","","","","","","NA"
"-79.80","43.30","BURLINGTON PIERS (AUT)","6151061","2024-10-27 04:00","2024","10","27","04:00","","4.5","","-0.1","","72","","","","25","","13","","","","102.02","","","","","","NA"
"-79.80","43.30","BURLINGTON PIERS (AUT)","6151061","2024-10-27 05:00","2024","10","27","05:00","","3.9","","0.0","","75","","","","25","","13","","","","102.04","","","","","","NA"
"-79.80","43.30","BURLINGTON PIERS (AUT)","6151061","2024-10-27 06:00","2024","10","27","06:00","","5.1","","0.2","","71","","","","25","","13","","","","102.09","","","","","","NA"
"-79.80","43.30","BURLINGTON PIERS (AUT)","6151061","2024-10-27 07:00","2024","10","27","07:00","","5.6","","0.9","","72","","","","25","","8","","","","102.09","","","","","","NA"
"-79.80","43.30","BURLINGTON PIERS (AUT)","6151061","2024-10-27 08:00","2024","10","27","08:00","","6.9","","1.4","","68","","","","24","","7","","","","102.08","","","","","","NA"
"-79.80","43.30","BURLINGTON PIERS (AUT)","6151061","2024-10-27 09:00","2024","10","27","09:00","","7.8","","0.6","","61","","","","24","","8","","","","102.07","","","","","","NA"
"-79.80","43.30","BURLINGTON PIERS (AUT)","6151061","2024-10-27 10:00","2024","10","27","10:00","","9.0","","0.3","","54","","","","26","","7","","","","102.05","","","","","","NA"
"-79.80","43.30","BURLINGTON PIERS (AUT)","6151061","2024-10-27 11:00","2024","10","27","11:00","","10.2","","0.7","","52","","","","25","","8","","","","102.02","","","","","","NA"
"-79.80","43.30","BURLINGTON PIERS (AUT)","6151061","2024-10-27 12:00","2024","10","27","12:00","","11.1","","0.1","","47","","","","24","","13","","","","101.89","","","","","","NA"
"-79.80","43.30","BURLINGTON PIERS (AUT)","6151061","2024-10-27 13:00","2024","10","27","13:00","","11.8","","0.2","","45","","","","21","","14","","","","101.83","","","","","","NA"
"-79.80","43.30","BURLINGTON PIERS (AUT)","6151061","2024-10-27 14:00","2024","10","27","14:00","","12.5","","-0.6","","40","","","","24","","13","","","","101.75","","","","","","NA"
"-79.80","43.30","BURLINGTON PIERS (AUT)","6151061","2024-10-27 15:00","2024","10","27","15:00","","12.9","","-2.1","","35","","","","25","","13","","","","101.70","","","","","","NA"
"-79.80","43.30","BURLINGTON PIERS (AUT)","6151061","2024-10-27 16:00","2024","10","27","16:00","","13.0","","-1.8","","36","","","","24","","10","","","","101.69","","","","","","NA"
"-79.80","43.30","BURLINGTON PIERS (AUT)","6151061","2024-10-27 17:00","2024","10","27","17:00","","12.7","","-2.2","","35","","","","26","","10","","","","101.67","","","","","","NA"
"-79.80","43.30","BURLINGTON PIERS (AUT)","6151061","2024-10-27 18:00","2024","10","27","18:00","","12.1","","-1.2","","40","","","","29","","7","","","","101.69","","","","","","NA"
"-79.80","43.30","BURLINGTON PIERS (AUT)","6151061","2024-10-27 19:00","2024","10","27","19:00","","12.0","","-1.7","","38","","","","25","","4","","","","101.68","","","","","","NA"
"-79.80","43.30","BURLINGTON PIERS (AUT)","6151061","2024-10-27 20:00","2024","10","27","20:00","","11.6","","0.4","","46","","","","","","0","","","","101.69","","","","","","NA"
"-79.80","43.30","BURLINGTON PIERS (AUT)","6151061","2024-10-27 21:00","2024","10","27","21:00","","11.2","","0.1","","46","","","","24","","5","","","","101.73","","","","","","NA"
"-79.80","43.30","BURLINGTON PIERS (AUT)","6151061","2024-10-27 22:00","2024","10","27","22:00","","10.8","","0.7","","50","","","","26","","4","","","","101.72","","","","","","NA"
"-79.80","43.30","BURLINGTON PIERS (AUT)","6151061","2024-10-27 23:00","2024","10","27","23:00","","10.5","","0.5","","50","","","","29","","4","","","","101.72","","","","","","NA"
"-79.80","43.30","BURLINGTON PIERS (AUT)","6151061","2024-10-28 00:00","2024","10","28","00:00","","10.3","","1.0","","52","","","","28","","4","","","","101.71","","","","","","NA"
"-79.80","43.30","BURLINGTON PIERS (AUT)","6151061","2024-10-28 01:00","2024","10","28","01:00","","10.2","","0.5","","51","","","","27","","4","","","","101.73","","","","","","NA"
"-79.80","43.30","BURLINGTON PIERS (AUT)","6151061","2024-10-28 02:00","2024","10","28","02:00","","9.0","","1.4","","59","","","","32","","5","","","","101.75","","","","","","NA"
"-79.80","43.30","BURLINGTON PIERS (AUT)","6151061","2024-10-28 03:00","2024","10","28","03:00","","8.9","","1.5","","60","","","","34","","4","","","","101.74","","","","","","NA"
"-79.80","43.30","BURLINGTON PIERS (AUT)","6151061","2024-10-28 04:00","2024","10","28","04:00","","8.6","","0.6","","57","","","","33","","7","","","","101.76","","","","","","NA"
"-79.80","43.30","BURLINGTON PIERS (AUT)","6151061","2024-10-28 05:00","2024","10","28","05:00","","8.2","","2.5","","67","","","","33","","9","","","","101.80","","","","","","NA"
"-79.80","43.30","BURLINGTON PIERS (AUT)","6151061","2024-10-28 06:00","2024","10","28","06:00","","9.9","","7.7","","86","","","","36","","21","","","","101.82","","","","","","NA"
"-79.80","43.30","BURLINGTON PIERS (AUT)","6151061","2024-10-28 07:00","2024","10","28","07:00","","10.1","","6.0","","76","","","","9","","29","","","","101.90","","","","","","NA"
"-79.80","43.30","BURLINGTON PIERS (AUT)","6151061","2024-10-28 08:00","2024","10","28","08:00","","9.9","","6.6","","80","","","","9","","24","","","","101.93","","","","","","NA"
"-79.80","43.30","BURLINGTON PIERS (AUT)","6151061","2024-10-28 09:00","2024","10","28","09:00","","9.8","","6.5","","80","","","","9","","26","","","","101.96","","","","","","NA"
"-79.80","43.30","BURLINGTON PIERS (AUT)","6151061","2024-10-28 10:00","2024","10","28","10:00","","9.7","","5.4","","74","","","","8","","23","","","","101.98","","","","","","NA"
"-79.80","43.30","BURLINGTON PIERS (AUT)","6151061","2024-10-28 11:00","2024","10","28","11:00","","9.8","","5.8","","76","","","","6","","18","","","","101.97","","","","","","NA"
"-79.80","43.30","BURLINGTON PIERS (AUT)","6151061","2024-10-28 12:00","2024","10","28","12:00","","10.1","","6.3","","77","","","","5","","17","","","","101.91","","","","","","NA"
"-79.80","43.30","BURLINGTON PIERS (AUT)","6151061","2024-10-28 13:00","2024","10","28","13:00","","10.5","","5.8","","73","","","","5","","18","","","","101.80","","","","","","NA"
"-79.80","43.30","BURLINGTON PIERS (AUT)","6151061","2024-10-28 14:00","2024","10","28","14:00","","11.0","","6.3","","73","","","","4","","17","","","","101.75","","","","","","NA"
"-79.80","43.30","BURLINGTON PIERS (AUT)","6151061","2024-10-28 15:00","2024","10","28","15:00","","11.0","","7.7","","80","","","","4","","25","","","","101.70","","","","","","NA"
"-79.80","43.30","BURLINGTON PIERS (AUT)","6151061","2024-10-28 16:00","2024","10","28","16:00","","10.9","","8.0","","83","","","","4","","27","","","","101.66","","","","","","NA"
"-79.80","43.30","BURLINGTON PIERS (AUT)","6151061","2024-10-28 17:00","2024","10","28","17:00","","11.0","","8.1","","82","","","","5","","25","","","","101.61","","","","","","NA"
"-79.80","43.30","BURLINGTON PIERS (AUT)","6151061","2024-10-28 18:00","2024","10","28","18:00","","11.2","","8.4","","83","","","","6","","28","","","","101.61","","","","","","NA"
"-79.80","43.30","BURLINGTON PIERS (AUT)","6151061","2024-10-28 19:00","2024","10","28","19:00","","11.2","","7.8","","80","","","","7","","27","","","","101.62","","","","","","NA"
"-79.80","43.30","BURLINGTON PIERS (AUT)","6151061","2024-10-28 20:00","2024","10","28","20:00","","10.8","","7.3","","79","","","","8","","26","","","","101.62","","","","","","NA"
"-79.80","43.30","BURLINGTON PIERS (AUT)","6151061","2024-10-28 21:00","2024","10","28","21:00","","10.6","","7.4","","81","","","","8","","28","","","","101.59","","","","","","NA"
"-79.80","43.30","BURLINGTON PIERS (AUT)","6151061","2024-10-28 22:00","2024","10","28","22:00","","10.4","","6.7","","78","","","","7","","21","","","","101.54","","","","","","NA"
"-79.80","43.30","BURLINGTON PIERS (AUT)","6151061","2024-10-28 23:00","2024","10","28","23:00","","10.2","","6.1","","76","","","","7","","16","","","","101.47","","","","","","NA"
"-79.80","43.30","BURLINGTON PIERS (AUT)","6151061","2024-10-29 00:00","2024","10","29","00:00","","10.0","","6.4","","79","","","","6","","8","","","","101.45","","","","","","NA"
"-79.80","43.30","BURLINGTON PIERS (AUT)","6151061","2024-10-29 01:00","2024","10","29","01:00","","10.1","","6.7","","80","","","","6","","5","","","","101.42","","","","","","NA"
"-79.80","43.30","BURLINGTON PIERS (AUT)","6151061","2024-10-29 02:00","2024","10","29","02:00","","9.4","","6.8","","84","","","","35","","7","","","","101.40","","","","","","NA"
"-79.80","43.30","BURLINGTON PIERS (AUT)","6151061","2024-10-29 03:00","2024","10","29","03:00","","7.9","","5.7","","86","","","","35","","12","","","","101.36","","","","","","NA"
"-79.80","43.30","BURLINGTON PIERS (AUT)","6151061","2024-10-29 04:00","2024","10","29","04:00","","7.5","","5.0","","84","","","","34","","11","","","","101.31","","","","","","NA"
"-79.80","43.30","BURLINGTON PIERS (AUT)","6151061","2024-10-29 05:00","2024","10","29","05:00","","7.1","","4.4","","83","","","","33","","11","","","","101.32","","","","","","NA"
"-79.80","43.30","BURLINGTON PIERS (AUT)","6151061","2024-10-29 06:00","2024","10","29","06:00","","7.3","","4.7","","83","","","","33","","9","","","","101.24","","","","","","NA"
"-79.80","43.30","BURLINGTON PIERS (AUT)","6151061","2024-10-29 07:00","2024","10","29","07:00","","7.8","","5.0","","82","","","","33","","8","","","","101.24","","","","","","NA"
"-79.80","43.30","BURLINGTON PIERS (AUT)","6151061","2024-10-29 08:00","2024","10","29","08:00","","8.4","","5.3","","81","","","","33","","8","","","","101.23","","","","","","NA"
"-79.80","43.30","BURLINGTON PIERS (AUT)","6151061","2024-10-29 09:00","2024","10","29","09:00","","8.2","","6.4","","88","","","","33","","17","","","","101.26","","","","","","NA"
"-79.80","43.30","BURLINGTON PIERS (AUT)","6151061","2024-10-29 10:00","2024","10","29","10:00","","9.2","","8.4","","94","","","","18","","8","","","","101.21","","","","","","NA"
"-79.80","43.30","BURLINGTON PIERS (AUT)","6151061","2024-10-29 11:00","2024","10","29","11:00","","10.4","","9.8","","96","","","","18","","9","","","","101.06","","","","","","NA"
"-79.80","43.30","BURLINGTON PIERS (AUT)","6151061","2024-10-29 12:00","2024","10","29","12:00","","11.3","","10.2","","93","","","","33","","4","","","","100.96","","","","","","NA"
"-79.80","43.30","BURLINGTON PIERS (AUT)","6151061","2024-10-29 13:00","2024","10","29","13:00","","12.0","","10.6","","91","","","","1","","8","","","","100.87","","","","","","NA"
"-79.80","43.30","BURLINGTON PIERS (AUT)","6151061","2024-10-29 14:00","2024","10","29","14:00","","12.7","","11.2","","91","","","","4","","9","","","","100.82","","","","","","NA"
"-79.80","43.30","BURLINGTON PIERS (AUT)","6151061","2024-10-29 15:00","2024","10","29","15:00","","12.9","","11.3","","90","","","","2","","13","","","","100.76","","","","","","NA"
"-79.80","43.30","BURLINGTON PIERS (AUT)","6151061","2024-10-29 16:00","2024","10","29","16:00","","13.8","","11.5","","86","","","","2","","17","","","","100.74","","","","","","NA"
"-79.80","43.30","BURLINGTON PIERS (AUT)","6151061","2024-10-29 17:00","2024","10","29","17:00","","14.8","","12.4","","86","","","","2","","11","","","","100.74","","","","","","NA"
"-79.80","43.30","BURLINGTON PIERS (AUT)","6151061","2024-10-29 18:00","2024","10","29","18:00","","14.0","","12.2","","89","","","","1","","7","","","","100.77","","","","","","NA"
"-79.80","43.30","BURLINGTON PIERS (AUT)","6151061","2024-10-29 19:00","2024","10","29","19:00","","13.6","","12.1","","90","","","","4","","4","","","","100.81","","","","","","NA"
"-79.80","43.30","BURLINGTON PIERS (AUT)","6151061","2024-10-29 20:00","2024","10","29","20:00","","13.0","","12.0","","93","","","","8","","4","","","","100.81","","","","","","NA"
"-79.80","43.30","BURLINGTON PIERS (AUT)","6151061","2024-10-29 21:00","2024","10","29","21:00","","12.8","","11.8","","94","","","","9","","3","","","","100.83","","","","","","NA"
"-79.80","43.30","BURLINGTON PIERS (AUT)","6151061","2024-10-29 22:00","2024","10","29","22:00","","13.0","","11.9","","93","","","","1","","5","","","","100.84","","","","","","NA"
"-79.80","43.30","BURLINGTON PIERS (AUT)","6151061","2024-10-29 23:00","2024","10","29","23:00","","17.0","","13.0","","78","","","","24","","4","","","","100.84","","","","","","NA"
"-79.80","43.30","BURLINGTON PIERS (AUT)","6151061","2024-10-30 00:00","2024","10","30","00:00","","18.9","","12.9","","68","","","","21","","8","","","","100.87","","","","","","NA"
"-79.80","43.30","BURLINGTON PIERS (AUT)","6151061","2024-10-30 01:00","2024","10","30","01:00","","19.7","","12.8","","64","","","","22","","13","","","","100.93","","","","","","NA"
"-79.80","43.30","BURLINGTON PIERS (AUT)","6151061","2024-10-30 02:00","2024","10","30","02:00","","19.6","","12.7","","64","","","","20","","15","","","","100.98","","","","","","NA"
"-79.80","43.30","BURLINGTON PIERS (AUT)","6151061","2024-10-30 03:00","2024","10","30","03:00","","19.4","","12.7","","65","","","","21","","14","","","","101.00","","","","","","NA"
"-79.80","43.30","BURLINGTON PIERS (AUT)","6151061","2024-10-30 04:00","2024","10","30","04:00","","19.2","","13.1","","67","","","","20","","14","","","","101.01","","","","","","NA"
"-79.80","43.30","BURLINGTON PIERS (AUT)","6151061","2024-10-30 05:00","2024","10","30","05:00","","19.1","","13.1","","68","","","","20","","11","","","","101.01","","","","","","NA"
"-79.80","43.30","BURLINGTON PIERS (AUT)","6151061","2024-10-30 06:00","2024","10","30","06:00","","19.4","","13.3","","68","","","","21","","15","","","","101.03","","","","","","NA"
"-79.80","43.30","BURLINGTON PIERS (AUT)","6151061","2024-10-30 07:00","2024","10","30","07:00","","18.8","","13.5","","71","","","","22","","12","","","","101.04","","","","","","NA"
"-79.80","43.30","BURLINGTON PIERS (AUT)","6151061","2024-10-30 08:00","2024","10","30","08:00","","19.5","","13.6","","69","","","","21","","18","","","","101.09","","","","","","NA"
"-79.80","43.30","BURLINGTON PIERS (AUT)","6151061","2024-10-30 09:00","2024","10","30","09:00","","20.0","","14.0","","68","","","","21","","18","","","","101.10","","","","","","NA"
"-79.80","43.30","BURLINGTON PIERS (AUT)","6151061","2024-10-30 10:00","2024","10","30","10:00","","20.7","","14.1","","66","","","","21","","21","","","","101.06","","","","","","NA"
"-79.80","43.30","BURLINGTON PIERS (AUT)","6151061","2024-10-30 11:00","2024","10","30","11:00","","21.1","","14.1","","64","","","","22","","23","","","","101.02","","25","","","","NA"
"-79.80","43.30","BURLINGTON PIERS (AUT)","6151061","2024-10-30 12:00","2024","10","30","12:00","","21.4","","14.1","","63","","","","22","","23","","","","100.97","","25","","","","NA"
"-79.80","43.30","BURLINGTON PIERS (AUT)","6151061","2024-10-30 13:00","2024","10","30","13:00","","21.6","","14.1","","62","","","","21","","23","","","","100.93","","25","","","","NA"
"-79.80","43.30","BURLINGTON PIERS (AUT)","6151061","2024-10-30 14:00","2024","10","30","14:00","","21.6","","14.0","","62","","","","22","","22","","","","100.88","","25","","","","NA"
"-79.80","43.30","BURLINGTON PIERS (AUT)","6151061","2024-10-30 15:00","2024","10","30","15:00","","21.3","","14.0","","63","","","","22","","21","","","","100.85","","25","","","","NA"
"-79.80","43.30","BURLINGTON PIERS (AUT)","6151061","2024-10-30 16:00","2024","10","30","16:00","","22.2","","13.9","","59","","","","21","","29","","","","100.79","","26","","","","NA"
"-79.80","43.30","BURLINGTON PIERS (AUT)","6151061","2024-10-30 17:00","2024","10","30","17:00","","21.8","","13.7","","60","","","","22","","21","","","","100.79","","25","","","","NA"
"-79.80","43.30","BURLINGTON PIERS (AUT)","6151061","2024-10-30 18:00","2024","10","30","18:00","","22.0","","13.6","","59","","","","21","","24","","","","100.78","","25","","","","NA"
"-79.80","43.30","BURLINGTON PIERS (AUT)","6151061","2024-10-30 19:00","2024","10","30","19:00","","21.5","","13.6","","61","","","","21","","17","","","","100.81","","25","","","","NA"
"-79.80","43.30","BURLINGTON PIERS (AUT)","6151061","2024-10-30 20:00","2024","10","30","20:00","","20.7","","13.6","","64","","","","21","","13","","","","100.84","","","","","","NA"
"-79.80","43.30","BURLINGTON PIERS (AUT)","6151061","2024-10-30 21:00","2024","10","30","21:00","","19.5","","13.3","","67","","","","21","","10","","","","100.84","","","","","","NA"
"-79.80","43.30","BURLINGTON PIERS (AUT)","6151061","2024-10-30 22:00","2024","10","30","22:00","","19.8","","13.0","","65","","","","22","","13","","","","100.85","","","","","","NA"
"-79.80","43.30","BURLINGTON PIERS (AUT)","6151061","2024-10-30 23:00","2024","10","30","23:00","","19.4","","13.0","","66","","","","22","","10","","","","100.82","","","","","","NA"
"-79.80","43.30","BURLINGTON PIERS (AUT)","6151061","2024-10-31 00:00","2024","10","31","00:00","","19.8","","12.7","","63","","","","21","","15","","","","100.77","","","","","","NA"
"-79.80","43.30","BURLINGTON PIERS (AUT)","6151061","2024-10-31 01:00","2024","10","31","01:00","","19.2","","12.6","","65","","","","21","","12","","","","100.74","","","","","","NA"
"-79.80","43.30","BURLINGTON PIERS (AUT)","6151061","2024-10-31 02:00","2024","10","31","02:00","","19.0","","12.4","","66","","","","21","","17","","","","100.72","","","","","","NA"
"-79.80","43.30","BURLINGTON PIERS (AUT)","6151061","2024-10-31 03:00","2024","10","31","03:00","","18.8","","12.2","","66","","","","21","","17","","","","100.67","","","","","","NA"
"-79.80","43.30","BURLINGTON PIERS (AUT)","6151061","2024-10-31 04:00","2024","10","31","04:00","","18.1","","12.1","","68","","","","21","","15","","","","100.63","","","","","","NA"
"-79.80","43.30","BURLINGTON PIERS (AUT)","6151061","2024-10-31 05:00","2024","10","31","05:00","","17.4","","12.3","","72","","","","22","","13","","","","100.60","","","","","","NA"
"-79.80","43.30","BURLINGTON PIERS (AUT)","6151061","2024-10-31 06:00","2024","10","31","06:00","","17.3","","12.3","","72","","","","21","","13","","","","100.54","","","","","","NA"
"-79.80","43.30","BURLINGTON PIERS (AUT)","6151061","2024-10-31 07:00","2024","10","31","07:00","","17.6","","12.5","","72","","","","21","","14","","","","100.49","","","","","","NA"
"-79.80","43.30","BURLINGTON PIERS (AUT)","6151061","2024-10-31 08:00","2024","10","31","08:00","","18.4","","12.9","","71","","","","21","","20","","","","100.50","","","","","","NA"
"-79.80","43.30","BURLINGTON PIERS (AUT)","6151061","2024-10-31 09:00","2024","10","31","09:00","","19.3","","13.8","","71","","","","21","","18","","","","100.47","","","","","","NA"
"-79.80","43.30","BURLINGTON PIERS (AUT)","6151061","2024-10-31 10:00","2024","10","31","10:00","","20.8","","14.6","","68","","","","21","","19","","","","100.41","","25","","","","NA"
"-79.80","43.30","BURLINGTON PIERS (AUT)","6151061","2024-10-31 11:00","2024","10","31","11:00","","21.3","","15.1","","68","","","","21","","27","","","","100.34","","25","","","","NA"
"-79.80","43.30","BURLINGTON PIERS (AUT)","6151061","2024-10-31 12:00","2024","10","31","12:00","","22.0","","15.2","","66","","","","21","","27","","","","100.26","","26","","","","NA"
"-79.80","43.30","BURLINGTON PIERS (AUT)","6151061","2024-10-31 13:00","2024","10","31","13:00","","22.0","","15.4","","66","","","","21","","31","","","","100.21","","26","","","","NA"
"-79.80","43.30","BURLINGTON PIERS (AUT)","6151061","2024-10-31 14:00","2024","10","31","14:00","","22.1","","15.2","","65","","","","20","","24","","","","100.10","","26","","","","NA"
"-79.80","43.30","BURLINGTON PIERS (AUT)","6151061","2024-10-31 15:00","2024","10","31","15:00","","22.3","","15.1","","64","","","","20","","22","","","","100.00","","26","","","","NA"
"-79.80","43.30","BURLINGTON PIERS (AUT)","6151061","2024-10-31 16:00","2024","10","31","16:00","","23.5","","15.1","","59","","","","20","","30","","","","99.87","","28","","","","NA"
"-79.80","43.30","BURLINGTON PIERS (AUT)","6151061","2024-10-31 17:00","2024","10","31","17:00","","22.8","","15.1","","62","","","","21","","33","","","","99.89","","27","","","","NA"
"-79.80","43.30","BURLINGTON PIERS (AUT)","6151061","2024-10-31 18:00","2024","10","31","18:00","","22.2","","15.2","","64","","","","22","","25","","","","99.95","","26","","","","NA"
"-79.80","43.30","BURLINGTON PIERS (AUT)","6151061","2024-10-31 19:00","2024","10","31","19:00","","22.3","","15.2","","64","","","","21","","22","","","","99.92","","26","","","","NA"
"-79.80","43.30","BURLINGTON PIERS (AUT)","6151061","2024-10-31 20:00","2024","10","31","20:00","","21.2","","15.0","","68","","","","24","","13","","","","99.88","","25","","","","NA"
"-79.80","43.30","BURLINGTON PIERS (AUT)","6151061","2024-10-31 21:00","2024","10","31","21:00","","18.5","","15.9","","85","","","","24","","12","","","","99.90","","","","","","NA"
"-79.80","43.30","BURLINGTON PIERS (AUT)","6151061","2024-10-31 22:00","2024","10","31","22:00","","18.9","","13.3","","70","","","","23","","19","","","","99.90","","","","","","NA"
"-79.80","43.30","BURLINGTON PIERS (AUT)","6151061","2024-10-31 23:00","2024","10","31","23:00","","18.7","","13.0","","69","","","","21","","23","","","","99.88","","","","","","NA"
