"Longitude (x)","Latitude (y)","Station Name","Climate ID","Date/Time (LST)","Year","Month","Day","Time (LST)","Flag","Temp (°C)","Temp Flag","Dew Point Temp (°C)","Dew Point Temp Flag","Rel Hum (%)","Rel Hum Flag","Precip. Amount (mm)","Precip. Amount Flag","Wind Dir (10s deg)","Wind Dir Flag","Wind Spd (km/h)","Wind Spd Flag","Visibility (km)","Visibility Flag","Stn Press (kPa)","Stn Press Flag","Hmdx","Hmdx Flag","Wind Chill","Wind Chill Flag","Weather"
"-79.80","43.30","BURLINGTON PIERS (AUT)","6151061","2024-05-01 00:00","2024","05","01","00:00","","9.0","","","M","","M","","","36","","4","","","","100.40","","","","","","NA"
"-79.80","43.30","BURLINGTON PIERS (AUT)","6151061","2024-05-01 01:00","2024","05","01","01:00","","9.1","","","M","","M","","","26","","3","","","","100.38","","","","","","NA"
"-79.80","43.30","BURLINGTON PIERS (AUT)","6151061","2024-05-01 02:00","2024","05","01","02:00","","8.6","","","M","","M","","","26","","3","","","","100.40","","","","","","NA"
"-79.80","43.30","BURLINGTON PIERS (AUT)","6151061","2024-05-01 03:00","2024","05","01","03:00","","8.3","","","M","","M","","","4","","4","","","","100.41","","","","","","NA"
"-79.80","43.30","BURLINGTON PIERS (AUT)","6151061","2024-05-01 04:00","2024","05","01","04:00","","7.9","","","M","","M","","","7","","3","","","","100.44","","","","","","NA"
"-79.80","43.30","BURLINGTON PIERS (AUT)","6151061","2024-05-01 05:00","2024","05","01","05:00","","7.6","","","M","","M","","","32","","3","","","","100.49","","","","","","NA"
"-79.80","43.30","BURLINGTON PIERS (AUT)","6151061","2024-05-01 06:00","2024","05","01","06:00","","8.0","","","M","","M","","","23","","5","","","","100.52","","","","","","NA"
"-79.80","43.30","BURLINGTON PIERS (AUT)","6151061","2024-05-01 07:00","2024","05","01","07:00","","7.9","","","M","","M","","","","","0","","","","100.57","","","","","","NA"
"-79.80","43.30","BURLINGTON PIERS (AUT)","6151061","2024-05-01 08:00","2024","05","01","08:00","","7.1","","","M","","M","","","8","","11","","","","100.56","","","","","","NA"
"-79.80","43.30","BURLINGTON PIERS (AUT)","6151061","2024-05-01 09:00","2024","05","01","09:00","","6.4","","","M","","M","","","6","","14","","","","100.54","","","","","","NA"
"-79.80","43.30","BURLINGTON PIERS (AUT)","6151061","2024-05-01 10:00","2024","05","01","10:00","","6.2","","","M","","M","","","6","","11","","","","100.49","","","","","","NA"
"-79.80","43.30","BURLINGTON PIERS (AUT)","6151061","2024-05-01 11:00","2024","05","01","11:00","","6.7","","","M","","M","","","3","","10","","","","100.43","","","","","","NA"
"-79.80","43.30","BURLINGTON PIERS (AUT)","6151061","2024-05-01 12:00","2024","05","01","12:00","","7.0","","","M","","M","","","4","","13","","","","100.33","","","","","","NA"
"-79.80","43.30","BURLINGTON PIERS (AUT)","6151061","2024-05-01 13:00","2024","05","01","13:00","","6.8","","","M","","M","","","4","","14","","","","100.30","","","","","","NA"
"-79.80","43.30","BURLINGTON PIERS (AUT)","6151061","2024-05-01 14:00","2024","05","01","14:00","","6.9","","","M","","M","","","3","","14","","","","100.22","","","","","","NA"
"-79.80","43.30","BURLINGTON PIERS (AUT)","6151061","2024-05-01 15:00","2024","05","01","15:00","","7.3","","","M","","M","","","4","","13","","","","100.15","","","","","","NA"
"-79.80","43.30","BURLINGTON PIERS (AUT)","6151061","2024-05-01 16:00","2024","05","01","16:00","","7.3","","","M","","M","","","4","","19","","","","100.06","","","","","","NA"
"-79.80","43.30","BURLINGTON PIERS (AUT)","6151061","2024-05-01 17:00","2024","05","01","17:00","","7.7","","","M","","M","","","3","","22","","","","100.04","","","","","","NA"
"-79.80","43.30","BURLINGTON PIERS (AUT)","6151061","2024-05-01 18:00","2024","05","01","18:00","","7.6","","","M","","M","","","4","","17","","","","100.04","","","","","","NA"
"-79.80","43.30","BURLINGTON PIERS (AUT)","6151061","2024-05-01 19:00","2024","05","01","19:00","","7.2","","","M","","M","","","4","","16","","","","100.00","","","","","","NA"
"-79.80","43.30","BURLINGTON PIERS (AUT)","6151061","2024-05-01 20:00","2024","05","01","20:00","","7.8","","","M","","M","","","4","","10","","","","100.04","","","","","","NA"
"-79.80","43.30","BURLINGTON PIERS (AUT)","6151061","2024-05-01 21:00","2024","05","01","21:00","","8.6","","","M","","M","","","18","","6","","","","100.14","","","","","","NA"
"-79.80","43.30","BURLINGTON PIERS (AUT)","6151061","2024-05-01 22:00","2024","05","01","22:00","","8.0","","","M","","M","","","8","","8","","","","100.20","","","","","","NA"
"-79.80","43.30","BURLINGTON PIERS (AUT)","6151061","2024-05-01 23:00","2024","05","01","23:00","","8.3","","","M","","M","","","13","","5","","","","100.26","","","","","","NA"
"-79.80","43.30","BURLINGTON PIERS (AUT)","6151061","2024-05-02 00:00","2024","05","02","00:00","","9.4","","","M","","M","","","25","","4","","","","100.29","","","","","","NA"
"-79.80","43.30","BURLINGTON PIERS (AUT)","6151061","2024-05-02 01:00","2024","05","02","01:00","","10.4","","","M","","M","","","23","","13","","","","100.33","","","","","","NA"
"-79.80","43.30","BURLINGTON PIERS (AUT)","6151061","2024-05-02 02:00","2024","05","02","02:00","","11.3","","","M","","M","","","23","","8","","","","100.40","","","","","","NA"
"-79.80","43.30","BURLINGTON PIERS (AUT)","6151061","2024-05-02 03:00","2024","05","02","03:00","","12.2","","","M","","M","","","22","","9","","","","100.46","","","","","","NA"
"-79.80","43.30","BURLINGTON PIERS (AUT)","6151061","2024-05-02 04:00","2024","05","02","04:00","","12.0","","","M","","M","","","22","","8","","","","100.52","","","","","","NA"
"-79.80","43.30","BURLINGTON PIERS (AUT)","6151061","2024-05-02 05:00","2024","05","02","05:00","","12.0","","","M","","M","","","23","","10","","","","100.60","","","","","","NA"
"-79.80","43.30","BURLINGTON PIERS (AUT)","6151061","2024-05-02 06:00","2024","05","02","06:00","","12.5","","","M","","M","","","27","","5","","","","100.70","","","","","","NA"
"-79.80","43.30","BURLINGTON PIERS (AUT)","6151061","2024-05-02 07:00","2024","05","02","07:00","","13.0","","","M","","M","","","31","","19","","","","100.76","","","","","","NA"
"-79.80","43.30","BURLINGTON PIERS (AUT)","6151061","2024-05-02 08:00","2024","05","02","08:00","","13.7","","","M","","M","","","33","","16","","","","100.82","","","","","","NA"
"-79.80","43.30","BURLINGTON PIERS (AUT)","6151061","2024-05-02 09:00","2024","05","02","09:00","","12.1","","","M","","M","","","11","","15","","","","100.83","","","","","","NA"
"-79.80","43.30","BURLINGTON PIERS (AUT)","6151061","2024-05-02 10:00","2024","05","02","10:00","","11.1","","","M","","M","","","10","","20","","","","100.89","","","","","","NA"
"-79.80","43.30","BURLINGTON PIERS (AUT)","6151061","2024-05-02 11:00","2024","05","02","11:00","","10.9","","","M","","M","","","10","","14","","","","100.90","","","","","","NA"
"-79.80","43.30","BURLINGTON PIERS (AUT)","6151061","2024-05-02 12:00","2024","05","02","12:00","","9.8","","","M","","M","","","7","","18","","","","100.85","","","","","","NA"
"-79.80","43.30","BURLINGTON PIERS (AUT)","6151061","2024-05-02 13:00","2024","05","02","13:00","","10.0","","","M","","M","","","7","","9","","","","100.82","","","","","","NA"
"-79.80","43.30","BURLINGTON PIERS (AUT)","6151061","2024-05-02 14:00","2024","05","02","14:00","","9.9","","","M","","M","","","9","","11","","","","100.79","","","","","","NA"
"-79.80","43.30","BURLINGTON PIERS (AUT)","6151061","2024-05-02 15:00","2024","05","02","15:00","","10.7","","","M","","M","","","7","","4","","","","100.78","","","","","","NA"
"-79.80","43.30","BURLINGTON PIERS (AUT)","6151061","2024-05-02 16:00","2024","05","02","16:00","","12.1","","","M","","M","","","34","","3","","","","100.76","","","","","","NA"
"-79.80","43.30","BURLINGTON PIERS (AUT)","6151061","2024-05-02 17:00","2024","05","02","17:00","","13.1","","","M","","M","","","2","","4","","","","100.77","","","","","","NA"
"-79.80","43.30","BURLINGTON PIERS (AUT)","6151061","2024-05-02 18:00","2024","05","02","18:00","","13.1","","","M","","M","","","4","","5","","","","100.76","","","","","","NA"
"-79.80","43.30","BURLINGTON PIERS (AUT)","6151061","2024-05-02 19:00","2024","05","02","19:00","","13.3","","","M","","M","","","4","","8","","","","100.78","","","","","","NA"
"-79.80","43.30","BURLINGTON PIERS (AUT)","6151061","2024-05-02 20:00","2024","05","02","20:00","","12.8","","","M","","M","","","3","","8","","","","100.78","","","","","","NA"
"-79.80","43.30","BURLINGTON PIERS (AUT)","6151061","2024-05-02 21:00","2024","05","02","21:00","","12.7","","","M","","M","","","1","","13","","","","100.80","","","","","","NA"
"-79.80","43.30","BURLINGTON PIERS (AUT)","6151061","2024-05-02 22:00","2024","05","02","22:00","","12.6","","","M","","M","","","35","","8","","","","100.75","","","","","","NA"
"-79.80","43.30","BURLINGTON PIERS (AUT)","6151061","2024-05-02 23:00","2024","05","02","23:00","","13.6","","","M","","M","","","","","0","","","","100.74","","","","","","NA"
"-79.80","43.30","BURLINGTON PIERS (AUT)","6151061","2024-05-03 00:00","2024","05","03","00:00","","11.7","","","M","","M","","","16","","4","","","","100.73","","","","","","NA"
"-79.80","43.30","BURLINGTON PIERS (AUT)","6151061","2024-05-03 01:00","2024","05","03","01:00","","11.5","","","M","","M","","","4","","4","","","","100.70","","","","","","NA"
"-79.80","43.30","BURLINGTON PIERS (AUT)","6151061","2024-05-03 02:00","2024","05","03","02:00","","10.6","","","M","","M","","","1","","15","","","","100.68","","","","","","NA"
"-79.80","43.30","BURLINGTON PIERS (AUT)","6151061","2024-05-03 03:00","2024","05","03","03:00","","10.3","","","M","","M","","","3","","12","","","","100.64","","","","","","NA"
"-79.80","43.30","BURLINGTON PIERS (AUT)","6151061","2024-05-03 04:00","2024","05","03","04:00","","8.8","","","M","","M","","","4","","17","","","","100.69","","","","","","NA"
"-79.80","43.30","BURLINGTON PIERS (AUT)","6151061","2024-05-03 05:00","2024","05","03","05:00","","9.8","","","M","","M","","","2","","9","","","","100.73","","","","","","NA"
"-79.80","43.30","BURLINGTON PIERS (AUT)","6151061","2024-05-03 06:00","2024","05","03","06:00","","9.1","","","M","","M","","","3","","19","","","","100.77","","","","","","NA"
"-79.80","43.30","BURLINGTON PIERS (AUT)","6151061","2024-05-03 07:00","2024","05","03","07:00","","9.9","","","M","","M","","","2","","14","","","","100.84","","","","","","NA"
"-79.80","43.30","BURLINGTON PIERS (AUT)","6151061","2024-05-03 08:00","2024","05","03","08:00","","9.6","","","M","","M","","","4","","23","","","","100.88","","","","","","NA"
"-79.80","43.30","BURLINGTON PIERS (AUT)","6151061","2024-05-03 09:00","2024","05","03","09:00","","9.2","","","M","","M","","","3","","25","","","","100.82","","","","","","NA"
"-79.80","43.30","BURLINGTON PIERS (AUT)","6151061","2024-05-03 10:00","2024","05","03","10:00","","8.5","","","M","","M","","","2","","25","","","","100.86","","","","","","NA"
"-79.80","43.30","BURLINGTON PIERS (AUT)","6151061","2024-05-03 11:00","2024","05","03","11:00","","8.5","","","M","","M","","","3","","22","","","","100.86","","","","","","NA"
"-79.80","43.30","BURLINGTON PIERS (AUT)","6151061","2024-05-03 12:00","2024","05","03","12:00","","8.8","","","M","","M","","","4","","18","","","","100.90","","","","","","NA"
"-79.80","43.30","BURLINGTON PIERS (AUT)","6151061","2024-05-03 13:00","2024","05","03","13:00","","8.9","","","M","","M","","","3","","4","","","","100.96","","","","","","NA"
"-79.80","43.30","BURLINGTON PIERS (AUT)","6151061","2024-05-03 14:00","2024","05","03","14:00","","8.9","","","M","","M","","","6","","10","","","","100.83","","","","","","NA"
"-79.80","43.30","BURLINGTON PIERS (AUT)","6151061","2024-05-03 15:00","2024","05","03","15:00","","10.9","","","M","","M","","","35","","10","","","","100.80","","","","","","NA"
"-79.80","43.30","BURLINGTON PIERS (AUT)","6151061","2024-05-03 16:00","2024","05","03","16:00","","10.0","","","M","","M","","","","","0","","","","100.86","","","","","","NA"
"-79.80","43.30","BURLINGTON PIERS (AUT)","6151061","2024-05-03 17:00","2024","05","03","17:00","","10.2","","","M","","M","","","4","","5","","","","100.85","","","","","","NA"
"-79.80","43.30","BURLINGTON PIERS (AUT)","6151061","2024-05-03 18:00","2024","05","03","18:00","","10.2","","","M","","M","","","4","","11","","","","100.72","","","","","","NA"
"-79.80","43.30","BURLINGTON PIERS (AUT)","6151061","2024-05-03 19:00","2024","05","03","19:00","","10.5","","","M","","M","","","35","","4","","","","100.81","","","","","","NA"
"-79.80","43.30","BURLINGTON PIERS (AUT)","6151061","2024-05-03 20:00","2024","05","03","20:00","","11.6","","","M","","M","","","22","","5","","","","100.89","","","","","","NA"
"-79.80","43.30","BURLINGTON PIERS (AUT)","6151061","2024-05-03 21:00","2024","05","03","21:00","","11.7","","","M","","M","","","12","","7","","","","100.89","","","","","","NA"
"-79.80","43.30","BURLINGTON PIERS (AUT)","6151061","2024-05-03 22:00","2024","05","03","22:00","","12.6","","","M","","M","","","","","0","","","","100.91","","","","","","NA"
"-79.80","43.30","BURLINGTON PIERS (AUT)","6151061","2024-05-03 23:00","2024","05","03","23:00","","12.8","","","M","","M","","","","","0","","","","100.93","","","","","","NA"
"-79.80","43.30","BURLINGTON PIERS (AUT)","6151061","2024-05-04 00:00","2024","05","04","00:00","","12.6","","","M","","M","","","","","0","","","","100.93","","","","","","NA"
"-79.80","43.30","BURLINGTON PIERS (AUT)","6151061","2024-05-04 01:00","2024","05","04","01:00","","11.3","","","M","","M","","","4","","4","","","","100.93","","","","","","NA"
"-79.80","43.30","BURLINGTON PIERS (AUT)","6151061","2024-05-04 02:00","2024","05","04","02:00","","11.4","","","M","","M","","","13","","6","","","","100.94","","","","","","NA"
"-79.80","43.30","BURLINGTON PIERS (AUT)","6151061","2024-05-04 03:00","2024","05","04","03:00","","12.2","","","M","","M","","","12","","3","","","","100.94","","","","","","NA"
"-79.80","43.30","BURLINGTON PIERS (AUT)","6151061","2024-05-04 04:00","2024","05","04","04:00","","11.1","","","M","","M","","","12","","6","","","","100.95","","","","","","NA"
"-79.80","43.30","BURLINGTON PIERS (AUT)","6151061","2024-05-04 05:00","2024","05","04","05:00","","10.1","","","M","","M","","","","","0","","","","101.00","","","","","","NA"
"-79.80","43.30","BURLINGTON PIERS (AUT)","6151061","2024-05-04 06:00","2024","05","04","06:00","","10.6","","","M","","M","","","3","","7","","","","101.00","","","","","","NA"
"-79.80","43.30","BURLINGTON PIERS (AUT)","6151061","2024-05-04 07:00","2024","05","04","07:00","","9.7","","","M","","M","","","13","","8","","","","101.06","","","","","","NA"
"-79.80","43.30","BURLINGTON PIERS (AUT)","6151061","2024-05-04 08:00","2024","05","04","08:00","","10.1","","","M","","M","","","35","","4","","","","101.10","","","","","","NA"
"-79.80","43.30","BURLINGTON PIERS (AUT)","6151061","2024-05-04 09:00","2024","05","04","09:00","","11.4","","","M","","M","","","14","","4","","","","101.05","","","","","","NA"
"-79.80","43.30","BURLINGTON PIERS (AUT)","6151061","2024-05-04 10:00","2024","05","04","10:00","","13.5","","","M","","M","","","8","","3","","","","101.04","","","","","","NA"
"-79.80","43.30","BURLINGTON PIERS (AUT)","6151061","2024-05-04 11:00","2024","05","04","11:00","","13.5","","","M","","M","","","11","","6","","","","101.04","","","","","","NA"
"-79.80","43.30","BURLINGTON PIERS (AUT)","6151061","2024-05-04 12:00","2024","05","04","12:00","","9.9","","","M","","M","","","3","","19","","","","101.00","","","","","","NA"
"-79.80","43.30","BURLINGTON PIERS (AUT)","6151061","2024-05-04 13:00","2024","05","04","13:00","","9.8","","","M","","M","","","3","","18","","","","100.96","","","","","","NA"
"-79.80","43.30","BURLINGTON PIERS (AUT)","6151061","2024-05-04 14:00","2024","05","04","14:00","","9.1","","","M","","M","","","4","","19","","","","100.94","","","","","","NA"
"-79.80","43.30","BURLINGTON PIERS (AUT)","6151061","2024-05-04 15:00","2024","05","04","15:00","","8.8","","","M","","M","","","4","","20","","","","100.88","","","","","","NA"
"-79.80","43.30","BURLINGTON PIERS (AUT)","6151061","2024-05-04 16:00","2024","05","04","16:00","","9.1","","","M","","M","","","3","","19","","","","100.80","","","","","","NA"
"-79.80","43.30","BURLINGTON PIERS (AUT)","6151061","2024-05-04 17:00","2024","05","04","17:00","","9.2","","","M","","M","","","2","","19","","","","100.76","","","","","","NA"
"-79.80","43.30","BURLINGTON PIERS (AUT)","6151061","2024-05-04 18:00","2024","05","04","18:00","","9.3","","","M","","M","","","2","","19","","","","100.73","","","","","","NA"
"-79.80","43.30","BURLINGTON PIERS (AUT)","6151061","2024-05-04 19:00","2024","05","04","19:00","","10.4","","","M","","M","","","4","","13","","","","100.72","","","","","","NA"
"-79.80","43.30","BURLINGTON PIERS (AUT)","6151061","2024-05-04 20:00","2024","05","04","20:00","","9.4","","","M","","M","","","5","","14","","","","100.73","","","","","","NA"
"-79.80","43.30","BURLINGTON PIERS (AUT)","6151061","2024-05-04 21:00","2024","05","04","21:00","","9.0","","","M","","M","","","4","","9","","","","100.72","","","","","","NA"
"-79.80","43.30","BURLINGTON PIERS (AUT)","6151061","2024-05-04 22:00","2024","05","04","22:00","","8.9","","","M","","M","","","3","","7","","","","100.71","","","","","","NA"
"-79.80","43.30","BURLINGTON PIERS (AUT)","6151061","2024-05-04 23:00","2024","05","04","23:00","","9.0","","","M","","M","","","9","","5","","","","100.65","","","","","","NA"
"-79.80","43.30","BURLINGTON PIERS (AUT)","6151061","2024-05-05 00:00","2024","05","05","00:00","","8.6","","","M","","M","","","6","","9","","","","100.61","","","","","","NA"
"-79.80","43.30","BURLINGTON PIERS (AUT)","6151061","2024-05-05 01:00","2024","05","05","01:00","","8.6","","","M","","M","","","3","","10","","","","100.58","","","","","","NA"
"-79.80","43.30","BURLINGTON PIERS (AUT)","6151061","2024-05-05 02:00","2024","05","05","02:00","","9.2","","","M","","M","","","4","","8","","","","100.53","","","","","","NA"
"-79.80","43.30","BURLINGTON PIERS (AUT)","6151061","2024-05-05 03:00","2024","05","05","03:00","","9.5","","","M","","M","","","5","","9","","","","100.48","","","","","","NA"
"-79.80","43.30","BURLINGTON PIERS (AUT)","6151061","2024-05-05 04:00","2024","05","05","04:00","","9.9","","","M","","M","","","3","","3","","","","100.46","","","","","","NA"
"-79.80","43.30","BURLINGTON PIERS (AUT)","6151061","2024-05-05 05:00","2024","05","05","05:00","","9.4","","","M","","M","","","2","","5","","","","100.45","","","","","","NA"
"-79.80","43.30","BURLINGTON PIERS (AUT)","6151061","2024-05-05 06:00","2024","05","05","06:00","","8.9","","","M","","M","","","36","","4","","","","100.44","","","","","","NA"
"-79.80","43.30","BURLINGTON PIERS (AUT)","6151061","2024-05-05 07:00","2024","05","05","07:00","","9.3","","","M","","M","","","2","","9","","","","100.47","","","","","","NA"
"-79.80","43.30","BURLINGTON PIERS (AUT)","6151061","2024-05-05 08:00","2024","05","05","08:00","","9.8","","","M","","M","","","1","","9","","","","100.52","","","","","","NA"
"-79.80","43.30","BURLINGTON PIERS (AUT)","6151061","2024-05-05 09:00","2024","05","05","09:00","","10.1","","","M","","M","","","7","","5","","","","100.54","","","","","","NA"
"-79.80","43.30","BURLINGTON PIERS (AUT)","6151061","2024-05-05 10:00","2024","05","05","10:00","","9.9","","","M","","M","","","7","","8","","","","100.54","","","","","","NA"
"-79.80","43.30","BURLINGTON PIERS (AUT)","6151061","2024-05-05 11:00","2024","05","05","11:00","","9.8","","","M","","M","","","8","","5","","","","100.56","","","","","","NA"
"-79.80","43.30","BURLINGTON PIERS (AUT)","6151061","2024-05-05 12:00","2024","05","05","12:00","","9.4","","","M","","M","","","1","","7","","","","100.51","","","","","","NA"
"-79.80","43.30","BURLINGTON PIERS (AUT)","6151061","2024-05-05 13:00","2024","05","05","13:00","","9.7","","","M","","M","","","4","","14","","","","100.50","","","","","","NA"
"-79.80","43.30","BURLINGTON PIERS (AUT)","6151061","2024-05-05 14:00","2024","05","05","14:00","","9.3","","","M","","M","","","4","","11","","","","100.49","","","","","","NA"
"-79.80","43.30","BURLINGTON PIERS (AUT)","6151061","2024-05-05 15:00","2024","05","05","15:00","","9.6","","","M","","M","","","5","","5","","","","100.48","","","","","","NA"
"-79.80","43.30","BURLINGTON PIERS (AUT)","6151061","2024-05-05 16:00","2024","05","05","16:00","","9.7","","","M","","M","","","1","","9","","","","100.47","","","","","","NA"
"-79.80","43.30","BURLINGTON PIERS (AUT)","6151061","2024-05-05 17:00","2024","05","05","17:00","","13.4","","","M","","M","","","3","","15","","","","100.53","","","","","","NA"
"-79.80","43.30","BURLINGTON PIERS (AUT)","6151061","2024-05-05 18:00","2024","05","05","18:00","","10.3","","","M","","M","","","10","","6","","","","100.59","","","","","","NA"
"-79.80","43.30","BURLINGTON PIERS (AUT)","6151061","2024-05-05 19:00","2024","05","05","19:00","","10.7","","","M","","M","","","2","","3","","","","100.65","","","","","","NA"
"-79.80","43.30","BURLINGTON PIERS (AUT)","6151061","2024-05-05 20:00","2024","05","05","20:00","","9.5","","","M","","M","","","2","","7","","","","100.68","","","","","","NA"
"-79.80","43.30","BURLINGTON PIERS (AUT)","6151061","2024-05-05 21:00","2024","05","05","21:00","","9.0","","","M","","M","","","9","","3","","","","100.68","","","","","","NA"
"-79.80","43.30","BURLINGTON PIERS (AUT)","6151061","2024-05-05 22:00","2024","05","05","22:00","","10.0","","","M","","M","","","35","","6","","","","100.70","","","","","","NA"
"-79.80","43.30","BURLINGTON PIERS (AUT)","6151061","2024-05-05 23:00","2024","05","05","23:00","","10.5","","","M","","M","","","32","","3","","","","100.73","","","","","","NA"
"-79.80","43.30","BURLINGTON PIERS (AUT)","6151061","2024-05-06 00:00","2024","05","06","00:00","","10.8","","","M","","M","","","","","0","","","","100.76","","","","","","NA"
"-79.80","43.30","BURLINGTON PIERS (AUT)","6151061","2024-05-06 01:00","2024","05","06","01:00","","12.4","","","M","","M","","","26","","4","","","","100.77","","","","","","NA"
"-79.80","43.30","BURLINGTON PIERS (AUT)","6151061","2024-05-06 02:00","2024","05","06","02:00","","12.7","","","M","","M","","","27","","5","","","","100.81","","","","","","NA"
"-79.80","43.30","BURLINGTON PIERS (AUT)","6151061","2024-05-06 03:00","2024","05","06","03:00","","12.6","","","M","","M","","","28","","4","","","","100.82","","","","","","NA"
"-79.80","43.30","BURLINGTON PIERS (AUT)","6151061","2024-05-06 04:00","2024","05","06","04:00","","12.4","","","M","","M","","","31","","7","","","","100.82","","","","","","NA"
"-79.80","43.30","BURLINGTON PIERS (AUT)","6151061","2024-05-06 05:00","2024","05","06","05:00","","10.5","","","M","","M","","","25","","8","","","","100.84","","","","","","NA"
"-79.80","43.30","BURLINGTON PIERS (AUT)","6151061","2024-05-06 06:00","2024","05","06","06:00","","10.2","","","M","","M","","","24","","10","","","","100.87","","","","","","NA"
"-79.80","43.30","BURLINGTON PIERS (AUT)","6151061","2024-05-06 07:00","2024","05","06","07:00","","11.0","","","M","","M","","","27","","5","","","","100.86","","","","","","NA"
"-79.80","43.30","BURLINGTON PIERS (AUT)","6151061","2024-05-06 08:00","2024","05","06","08:00","","12.3","","","M","","M","","","3","","4","","","","100.89","","","","","","NA"
"-79.80","43.30","BURLINGTON PIERS (AUT)","6151061","2024-05-06 09:00","2024","05","06","09:00","","11.8","","","M","","M","","","13","","8","","","","100.92","","","","","","NA"
"-79.80","43.30","BURLINGTON PIERS (AUT)","6151061","2024-05-06 10:00","2024","05","06","10:00","","12.0","","","M","","M","","","12","","9","","","","100.91","","","","","","NA"
"-79.80","43.30","BURLINGTON PIERS (AUT)","6151061","2024-05-06 11:00","2024","05","06","11:00","","12.2","","","M","","M","","","11","","14","","","","100.87","","","","","","NA"
"-79.80","43.30","BURLINGTON PIERS (AUT)","6151061","2024-05-06 12:00","2024","05","06","12:00","","12.1","","","M","","M","","","11","","13","","","","100.81","","","","","","NA"
"-79.80","43.30","BURLINGTON PIERS (AUT)","6151061","2024-05-06 13:00","2024","05","06","13:00","","12.7","","","M","","M","","","11","","15","","","","100.77","","","","","","NA"
"-79.80","43.30","BURLINGTON PIERS (AUT)","6151061","2024-05-06 14:00","2024","05","06","14:00","","12.7","","","M","","M","","","9","","13","","","","100.71","","","","","","NA"
"-79.80","43.30","BURLINGTON PIERS (AUT)","6151061","2024-05-06 15:00","2024","05","06","15:00","","12.1","","","M","","M","","","12","","8","","","","100.63","","","","","","NA"
"-79.80","43.30","BURLINGTON PIERS (AUT)","6151061","2024-05-06 16:00","2024","05","06","16:00","","13.0","","","M","","M","","","8","","4","","","","100.56","","","","","","NA"
"-79.80","43.30","BURLINGTON PIERS (AUT)","6151061","2024-05-06 17:00","2024","05","06","17:00","","13.7","","","M","","M","","","5","","6","","","","100.49","","","","","","NA"
"-79.80","43.30","BURLINGTON PIERS (AUT)","6151061","2024-05-06 18:00","2024","05","06","18:00","","13.5","","","M","","M","","","2","","9","","","","100.47","","","","","","NA"
"-79.80","43.30","BURLINGTON PIERS (AUT)","6151061","2024-05-06 19:00","2024","05","06","19:00","","13.8","","","M","","M","","","2","","6","","","","100.43","","","","","","NA"
"-79.80","43.30","BURLINGTON PIERS (AUT)","6151061","2024-05-06 20:00","2024","05","06","20:00","","14.5","","","M","","M","","","2","","5","","","","100.42","","","","","","NA"
"-79.80","43.30","BURLINGTON PIERS (AUT)","6151061","2024-05-06 21:00","2024","05","06","21:00","","13.1","","","M","","M","","","","","0","","","","100.45","","","","","","NA"
"-79.80","43.30","BURLINGTON PIERS (AUT)","6151061","2024-05-06 22:00","2024","05","06","22:00","","13.4","","","M","","M","","","","","0","","","","100.44","","","","","","NA"
"-79.80","43.30","BURLINGTON PIERS (AUT)","6151061","2024-05-06 23:00","2024","05","06","23:00","","13.0","","","M","","M","","","","","0","","","","100.44","","","","","","NA"
"-79.80","43.30","BURLINGTON PIERS (AUT)","6151061","2024-05-07 00:00","2024","05","07","00:00","","12.7","","","M","","M","","","35","","5","","","","100.45","","","","","","NA"
"-79.80","43.30","BURLINGTON PIERS (AUT)","6151061","2024-05-07 01:00","2024","05","07","01:00","","12.2","","","M","","M","","","31","","7","","","","100.41","","","","","","NA"
"-79.80","43.30","BURLINGTON PIERS (AUT)","6151061","2024-05-07 02:00","2024","05","07","02:00","","11.3","","","M","","M","","","35","","7","","","","100.36","","","","","","NA"
"-79.80","43.30","BURLINGTON PIERS (AUT)","6151061","2024-05-07 03:00","2024","05","07","03:00","","11.0","","","M","","M","","","33","","14","","","","100.32","","","","","","NA"
"-79.80","43.30","BURLINGTON PIERS (AUT)","6151061","2024-05-07 04:00","2024","05","07","04:00","","10.9","","","M","","M","","","34","","12","","","","100.29","","","","","","NA"
"-79.80","43.30","BURLINGTON PIERS (AUT)","6151061","2024-05-07 05:00","2024","05","07","05:00","","10.4","","","M","","M","","","33","","10","","","","100.27","","","","","","NA"
"-79.80","43.30","BURLINGTON PIERS (AUT)","6151061","2024-05-07 06:00","2024","05","07","06:00","","11.1","","","M","","M","","","33","","7","","","","100.29","","","","","","NA"
"-79.80","43.30","BURLINGTON PIERS (AUT)","6151061","2024-05-07 07:00","2024","05","07","07:00","","11.6","","","M","","M","","","36","","5","","","","100.30","","","","","","NA"
"-79.80","43.30","BURLINGTON PIERS (AUT)","6151061","2024-05-07 08:00","2024","05","07","08:00","","10.8","","","M","","M","","","10","","5","","","","100.31","","","","","","NA"
"-79.80","43.30","BURLINGTON PIERS (AUT)","6151061","2024-05-07 09:00","2024","05","07","09:00","","10.9","","","M","","M","","","11","","6","","","","100.29","","","","","","NA"
"-79.80","43.30","BURLINGTON PIERS (AUT)","6151061","2024-05-07 10:00","2024","05","07","10:00","","11.3","","","M","","M","","","8","","7","","","","100.27","","","","","","NA"
"-79.80","43.30","BURLINGTON PIERS (AUT)","6151061","2024-05-07 11:00","2024","05","07","11:00","","11.3","","","M","","M","","","8","","8","","","","100.22","","","","","","NA"
"-79.80","43.30","BURLINGTON PIERS (AUT)","6151061","2024-05-07 12:00","2024","05","07","12:00","","10.8","","","M","","M","","","5","","12","","","","100.07","","","","","","NA"
"-79.80","43.30","BURLINGTON PIERS (AUT)","6151061","2024-05-07 13:00","2024","05","07","13:00","","10.3","","","M","","M","","","7","","11","","","","100.01","","","","","","NA"
"-79.80","43.30","BURLINGTON PIERS (AUT)","6151061","2024-05-07 14:00","2024","05","07","14:00","","10.0","","","M","","M","","","5","","10","","","","99.93","","","","","","NA"
"-79.80","43.30","BURLINGTON PIERS (AUT)","6151061","2024-05-07 15:00","2024","05","07","15:00","","10.0","","","M","","M","","","3","","7","","","","99.88","","","","","","NA"
"-79.80","43.30","BURLINGTON PIERS (AUT)","6151061","2024-05-07 16:00","2024","05","07","16:00","","10.6","","","M","","M","","","6","","4","","","","99.82","","","","","","NA"
"-79.80","43.30","BURLINGTON PIERS (AUT)","6151061","2024-05-07 17:00","2024","05","07","17:00","","11.4","","","M","","M","","","4","","4","","","","99.76","","","","","","NA"
"-79.80","43.30","BURLINGTON PIERS (AUT)","6151061","2024-05-07 18:00","2024","05","07","18:00","","12.7","","","M","","M","","","2","","4","","","","99.65","","","","","","NA"
"-79.80","43.30","BURLINGTON PIERS (AUT)","6151061","2024-05-07 19:00","2024","05","07","19:00","","11.6","","","M","","M","","","36","","6","","","","99.58","","","","","","NA"
"-79.80","43.30","BURLINGTON PIERS (AUT)","6151061","2024-05-07 20:00","2024","05","07","20:00","","12.2","","","M","","M","","","1","","10","","","","99.57","","","","","","NA"
"-79.80","43.30","BURLINGTON PIERS (AUT)","6151061","2024-05-07 21:00","2024","05","07","21:00","","13.1","","","M","","M","","","4","","15","","","","99.48","","","","","","NA"
"-79.80","43.30","BURLINGTON PIERS (AUT)","6151061","2024-05-07 22:00","2024","05","07","22:00","","12.1","","","M","","M","","","5","","16","","","","99.46","","","","","","NA"
"-79.80","43.30","BURLINGTON PIERS (AUT)","6151061","2024-05-07 23:00","2024","05","07","23:00","","13.4","","","M","","M","","","5","","12","","","","99.37","","","","","","NA"
"-79.80","43.30","BURLINGTON PIERS (AUT)","6151061","2024-05-08 00:00","2024","05","08","00:00","","12.6","","","M","","M","","","1","","15","","","","99.32","","","","","","NA"
"-79.80","43.30","BURLINGTON PIERS (AUT)","6151061","2024-05-08 01:00","2024","05","08","01:00","","11.9","","","M","","M","","","3","","13","","","","99.19","","","","","","NA"
"-79.80","43.30","BURLINGTON PIERS (AUT)","6151061","2024-05-08 02:00","2024","05","08","02:00","","11.5","","","M","","M","","","5","","16","","","","99.17","","","","","","NA"
"-79.80","43.30","BURLINGTON PIERS (AUT)","6151061","2024-05-08 03:00","2024","05","08","03:00","","10.2","","","M","","M","","","36","","11","","","","99.09","","","","","","NA"
"-79.80","43.30","BURLINGTON PIERS (AUT)","6151061","2024-05-08 04:00","2024","05","08","04:00","","11.1","","","M","","M","","","33","","4","","","","99.08","","","","","","NA"
"-79.80","43.30","BURLINGTON PIERS (AUT)","6151061","2024-05-08 05:00","2024","05","08","05:00","","11.6","","","M","","M","","","22","","5","","","","99.11","","","","","","NA"
"-79.80","43.30","BURLINGTON PIERS (AUT)","6151061","2024-05-08 06:00","2024","05","08","06:00","","12.0","","","M","","M","","","23","","6","","","","99.10","","","","","","NA"
"-79.80","43.30","BURLINGTON PIERS (AUT)","6151061","2024-05-08 07:00","2024","05","08","07:00","","14.0","","","M","","M","","","24","","8","","","","99.09","","","","","","NA"
"-79.80","43.30","BURLINGTON PIERS (AUT)","6151061","2024-05-08 08:00","2024","05","08","08:00","","16.5","","","M","","M","","","23","","16","","","","99.09","","","","","","NA"
"-79.80","43.30","BURLINGTON PIERS (AUT)","6151061","2024-05-08 09:00","2024","05","08","09:00","","19.4","","","M","","M","","","24","","20","","","","99.08","","","","","","NA"
"-79.80","43.30","BURLINGTON PIERS (AUT)","6151061","2024-05-08 10:00","2024","05","08","10:00","","20.7","","","M","","M","","","24","","28","","","","99.07","","","","","","NA"
"-79.80","43.30","BURLINGTON PIERS (AUT)","6151061","2024-05-08 11:00","2024","05","08","11:00","","21.2","","","M","","M","","","25","","23","","","","99.09","","","","","","NA"
"-79.80","43.30","BURLINGTON PIERS (AUT)","6151061","2024-05-08 12:00","2024","05","08","12:00","","21.3","","","M","","M","","","26","","25","","","","99.11","","","","","","NA"
"-79.80","43.30","BURLINGTON PIERS (AUT)","6151061","2024-05-08 13:00","2024","05","08","13:00","","21.1","","","M","","M","","","26","","22","","","","99.14","","","","","","NA"
"-79.80","43.30","BURLINGTON PIERS (AUT)","6151061","2024-05-08 14:00","2024","05","08","14:00","","18.1","","","M","","M","","","28","","35","","","","99.28","","","","","","NA"
"-79.80","43.30","BURLINGTON PIERS (AUT)","6151061","2024-05-08 15:00","2024","05","08","15:00","","18.3","","","M","","M","","","27","","21","","","","99.39","","","","","","NA"
"-79.80","43.30","BURLINGTON PIERS (AUT)","6151061","2024-05-08 16:00","2024","05","08","16:00","","18.3","","","M","","M","","","26","","16","","","","99.49","","","","","","NA"
"-79.80","43.30","BURLINGTON PIERS (AUT)","6151061","2024-05-08 17:00","2024","05","08","17:00","","17.4","","","M","","M","","","29","","26","","","","99.58","","","","","","NA"
"-79.80","43.30","BURLINGTON PIERS (AUT)","6151061","2024-05-08 18:00","2024","05","08","18:00","","16.4","","","M","","M","","","30","","25","","","","99.69","","","","","","NA"
"-79.80","43.30","BURLINGTON PIERS (AUT)","6151061","2024-05-08 19:00","2024","05","08","19:00","","15.0","","","M","","M","","","31","","22","","","","99.76","","","","","","NA"
"-79.80","43.30","BURLINGTON PIERS (AUT)","6151061","2024-05-08 20:00","2024","05","08","20:00","","14.1","","","M","","M","","","30","","18","","","","99.83","","","","","","NA"
"-79.80","43.30","BURLINGTON PIERS (AUT)","6151061","2024-05-08 21:00","2024","05","08","21:00","","12.4","","","M","","M","","","34","","28","","","","99.95","","","","","","NA"
"-79.80","43.30","BURLINGTON PIERS (AUT)","6151061","2024-05-08 22:00","2024","05","08","22:00","","12.3","","","M","","M","","","35","","16","","","","100.04","","","","","","NA"
"-79.80","43.30","BURLINGTON PIERS (AUT)","6151061","2024-05-08 23:00","2024","05","08","23:00","","11.8","","","M","","M","","","35","","12","","","","100.08","","","","","","NA"
"-79.80","43.30","BURLINGTON PIERS (AUT)","6151061","2024-05-09 00:00","2024","05","09","00:00","","11.5","","","M","","M","","","35","","6","","","","100.12","","","","","","NA"
"-79.80","43.30","BURLINGTON PIERS (AUT)","6151061","2024-05-09 01:00","2024","05","09","01:00","","10.8","","","M","","M","","","34","","9","","","","100.09","","","","","","NA"
"-79.80","43.30","BURLINGTON PIERS (AUT)","6151061","2024-05-09 02:00","2024","05","09","02:00","","10.5","","","M","","M","","","35","","11","","","","100.02","","","","","","NA"
"-79.80","43.30","BURLINGTON PIERS (AUT)","6151061","2024-05-09 03:00","2024","05","09","03:00","","10.2","","","M","","M","","","35","","13","","","","100.00","","","","","","NA"
"-79.80","43.30","BURLINGTON PIERS (AUT)","6151061","2024-05-09 04:00","2024","05","09","04:00","","9.8","","","M","","M","","","33","","6","","","","100.08","","","","","","NA"
"-79.80","43.30","BURLINGTON PIERS (AUT)","6151061","2024-05-09 05:00","2024","05","09","05:00","","9.3","","","M","","M","","","2","","6","","","","100.09","","","","","","NA"
"-79.80","43.30","BURLINGTON PIERS (AUT)","6151061","2024-05-09 06:00","2024","05","09","06:00","","9.7","","","M","","M","","","1","","10","","","","100.09","","","","","","NA"
"-79.80","43.30","BURLINGTON PIERS (AUT)","6151061","2024-05-09 07:00","2024","05","09","07:00","","10.3","","","M","","M","","","7","","3","","","","100.19","","","","","","NA"
"-79.80","43.30","BURLINGTON PIERS (AUT)","6151061","2024-05-09 08:00","2024","05","09","08:00","","9.0","","","M","","M","","","11","","14","","","","100.21","","","","","","NA"
"-79.80","43.30","BURLINGTON PIERS (AUT)","6151061","2024-05-09 09:00","2024","05","09","09:00","","9.1","","","M","","M","","","8","","10","","","","100.16","","","","","","NA"
"-79.80","43.30","BURLINGTON PIERS (AUT)","6151061","2024-05-09 10:00","2024","05","09","10:00","","9.8","","","M","","M","","","4","","10","","","","100.16","","","","","","NA"
"-79.80","43.30","BURLINGTON PIERS (AUT)","6151061","2024-05-09 11:00","2024","05","09","11:00","","9.7","","","M","","M","","","10","","10","","","","100.12","","","","","","NA"
"-79.80","43.30","BURLINGTON PIERS (AUT)","6151061","2024-05-09 12:00","2024","05","09","12:00","","9.8","","","M","","M","","","9","","8","","","","100.12","","","","","","NA"
"-79.80","43.30","BURLINGTON PIERS (AUT)","6151061","2024-05-09 13:00","2024","05","09","13:00","","10.1","","","M","","M","","","7","","4","","","","100.12","","","","","","NA"
"-79.80","43.30","BURLINGTON PIERS (AUT)","6151061","2024-05-09 14:00","2024","05","09","14:00","","10.3","","","M","","M","","","1","","4","","","","100.04","","","","","","NA"
"-79.80","43.30","BURLINGTON PIERS (AUT)","6151061","2024-05-09 15:00","2024","05","09","15:00","","11.2","","","M","","M","","","2","","7","","","","100.02","","","","","","NA"
"-79.80","43.30","BURLINGTON PIERS (AUT)","6151061","2024-05-09 16:00","2024","05","09","16:00","","11.2","","","M","","M","","","5","","3","","","","99.98","","","","","","NA"
"-79.80","43.30","BURLINGTON PIERS (AUT)","6151061","2024-05-09 17:00","2024","05","09","17:00","","11.1","","","M","","M","","","","","0","","","","99.98","","","","","","NA"
"-79.80","43.30","BURLINGTON PIERS (AUT)","6151061","2024-05-09 18:00","2024","05","09","18:00","","11.9","","","M","","M","","","2","","9","","","","99.94","","","","","","NA"
"-79.80","43.30","BURLINGTON PIERS (AUT)","6151061","2024-05-09 19:00","2024","05","09","19:00","","12.2","","","M","","M","","","2","","15","","","","99.93","","","","","","NA"
"-79.80","43.30","BURLINGTON PIERS (AUT)","6151061","2024-05-09 20:00","2024","05","09","20:00","","10.5","","","M","","M","","","8","","9","","","","99.98","","","","","","NA"
"-79.80","43.30","BURLINGTON PIERS (AUT)","6151061","2024-05-09 21:00","2024","05","09","21:00","","10.5","","","M","","M","","","9","","10","","","","100.03","","","","","","NA"
"-79.80","43.30","BURLINGTON PIERS (AUT)","6151061","2024-05-09 22:00","2024","05","09","22:00","","11.3","","","M","","M","","","13","","6","","","","100.01","","","","","","NA"
"-79.80","43.30","BURLINGTON PIERS (AUT)","6151061","2024-05-09 23:00","2024","05","09","23:00","","11.7","","","M","","M","","","","","0","","","","100.00","","","","","","NA"
"-79.80","43.30","BURLINGTON PIERS (AUT)","6151061","2024-05-10 00:00","2024","05","10","00:00","","11.7","","","M","","M","","","10","","4","","","","99.98","","","","","","NA"
"-79.80","43.30","BURLINGTON PIERS (AUT)","6151061","2024-05-10 01:00","2024","05","10","01:00","","11.2","","","M","","M","","","15","","5","","","","99.97","","","","","","NA"
"-79.80","43.30","BURLINGTON PIERS (AUT)","6151061","2024-05-10 02:00","2024","05","10","02:00","","11.0","","","M","","M","","","","","0","","","","99.97","","","","","","NA"
"-79.80","43.30","BURLINGTON PIERS (AUT)","6151061","2024-05-10 03:00","2024","05","10","03:00","","11.3","","","M","","M","","","1","","7","","","","99.92","","","","","","NA"
"-79.80","43.30","BURLINGTON PIERS (AUT)","6151061","2024-05-10 04:00","2024","05","10","04:00","","11.8","","","M","","M","","","34","","18","","","","99.88","","","","","","NA"
"-79.80","43.30","BURLINGTON PIERS (AUT)","6151061","2024-05-10 05:00","2024","05","10","05:00","","11.7","","","M","","M","","","33","","17","","","","99.91","","","","","","NA"
"-79.80","43.30","BURLINGTON PIERS (AUT)","6151061","2024-05-10 06:00","2024","05","10","06:00","","11.5","","","M","","M","","","33","","15","","","","99.96","","","","","","NA"
"-79.80","43.30","BURLINGTON PIERS (AUT)","6151061","2024-05-10 07:00","2024","05","10","07:00","","12.2","","","M","","M","","","34","","15","","","","99.96","","","","","","NA"
"-79.80","43.30","BURLINGTON PIERS (AUT)","6151061","2024-05-10 08:00","2024","05","10","08:00","","12.4","","","M","","M","","","2","","11","","","","99.99","","","","","","NA"
"-79.80","43.30","BURLINGTON PIERS (AUT)","6151061","2024-05-10 09:00","2024","05","10","09:00","","10.9","","","M","","M","","","5","","12","","","","100.04","","","","","","NA"
"-79.80","43.30","BURLINGTON PIERS (AUT)","6151061","2024-05-10 10:00","2024","05","10","10:00","","11.1","","","M","","M","","","4","","10","","","","100.07","","","","","","NA"
"-79.80","43.30","BURLINGTON PIERS (AUT)","6151061","2024-05-10 11:00","2024","05","10","11:00","","10.7","","","M","","M","","","5","","8","","","","100.10","","","","","","NA"
"-79.80","43.30","BURLINGTON PIERS (AUT)","6151061","2024-05-10 12:00","2024","05","10","12:00","","10.9","","","M","","M","","","7","","7","","","","100.11","","","","","","NA"
"-79.80","43.30","BURLINGTON PIERS (AUT)","6151061","2024-05-10 13:00","2024","05","10","13:00","","10.5","","","M","","M","","","7","","10","","","","100.08","","","","","","NA"
"-79.80","43.30","BURLINGTON PIERS (AUT)","6151061","2024-05-10 14:00","2024","05","10","14:00","","10.6","","","M","","M","","","5","","6","","","","100.06","","","","","","NA"
"-79.80","43.30","BURLINGTON PIERS (AUT)","6151061","2024-05-10 15:00","2024","05","10","15:00","","10.8","","","M","","M","","","","","0","","","","100.04","","","","","","NA"
"-79.80","43.30","BURLINGTON PIERS (AUT)","6151061","2024-05-10 16:00","2024","05","10","16:00","","11.1","","","M","","M","","","","","0","","","","100.02","","","","","","NA"
"-79.80","43.30","BURLINGTON PIERS (AUT)","6151061","2024-05-10 17:00","2024","05","10","17:00","","13.7","","","M","","M","","","","","0","","","","100.02","","","","","","NA"
"-79.80","43.30","BURLINGTON PIERS (AUT)","6151061","2024-05-10 18:00","2024","05","10","18:00","","13.2","","","M","","M","","","","","0","","","","100.00","","","","","","NA"
"-79.80","43.30","BURLINGTON PIERS (AUT)","6151061","2024-05-10 19:00","2024","05","10","19:00","","12.6","","","M","","M","","","3","","6","","","","100.00","","","","","","NA"
"-79.80","43.30","BURLINGTON PIERS (AUT)","6151061","2024-05-10 20:00","2024","05","10","20:00","","12.2","","","M","","M","","","","","0","","","","100.02","","","","","","NA"
"-79.80","43.30","BURLINGTON PIERS (AUT)","6151061","2024-05-10 21:00","2024","05","10","21:00","","11.8","","","M","","M","","","8","","4","","","","100.04","","","","","","NA"
"-79.80","43.30","BURLINGTON PIERS (AUT)","6151061","2024-05-10 22:00","2024","05","10","22:00","","14.2","","","M","","M","","","","","0","","","","100.00","","","","","","NA"
"-79.80","43.30","BURLINGTON PIERS (AUT)","6151061","2024-05-10 23:00","2024","05","10","23:00","","11.8","","","M","","M","","","","","0","","","","99.96","","","","","","NA"
"-79.80","43.30","BURLINGTON PIERS (AUT)","6151061","2024-05-11 00:00","2024","05","11","00:00","","12.1","","","M","","M","","","","","0","","","","99.94","","","","","","NA"
"-79.80","43.30","BURLINGTON PIERS (AUT)","6151061","2024-05-11 01:00","2024","05","11","01:00","","11.3","","","M","","M","","","25","","6","","","","99.91","","","","","","NA"
"-79.80","43.30","BURLINGTON PIERS (AUT)","6151061","2024-05-11 02:00","2024","05","11","02:00","","11.4","","","M","","M","","","25","","7","","","","99.89","","","","","","NA"
"-79.80","43.30","BURLINGTON PIERS (AUT)","6151061","2024-05-11 03:00","2024","05","11","03:00","","10.9","","","M","","M","","","19","","3","","","","99.83","","","","","","NA"
"-79.80","43.30","BURLINGTON PIERS (AUT)","6151061","2024-05-11 04:00","2024","05","11","04:00","","10.5","","","M","","M","","","24","","5","","","","99.84","","","","","","NA"
"-79.80","43.30","BURLINGTON PIERS (AUT)","6151061","2024-05-11 05:00","2024","05","11","05:00","","10.1","","","M","","M","","","","","0","","","","99.81","","","","","","NA"
"-79.80","43.30","BURLINGTON PIERS (AUT)","6151061","2024-05-11 06:00","2024","05","11","06:00","","10.8","","","M","","M","","","16","","11","","","","99.79","","","","","","NA"
"-79.80","43.30","BURLINGTON PIERS (AUT)","6151061","2024-05-11 07:00","2024","05","11","07:00","","11.5","","","M","","M","","","16","","17","","","","99.75","","","","","","NA"
"-79.80","43.30","BURLINGTON PIERS (AUT)","6151061","2024-05-11 08:00","2024","05","11","08:00","","12.1","","","M","","M","","","12","","11","","","","99.73","","","","","","NA"
"-79.80","43.30","BURLINGTON PIERS (AUT)","6151061","2024-05-11 09:00","2024","05","11","09:00","","14.1","","","M","","M","","","13","","12","","","","99.67","","","","","","NA"
"-79.80","43.30","BURLINGTON PIERS (AUT)","6151061","2024-05-11 10:00","2024","05","11","10:00","","15.4","","","M","","M","","","15","","22","","","","99.63","","","","","","NA"
"-79.80","43.30","BURLINGTON PIERS (AUT)","6151061","2024-05-11 11:00","2024","05","11","11:00","","15.2","","","M","","M","","","17","","21","","","","99.59","","","","","","NA"
"-79.80","43.30","BURLINGTON PIERS (AUT)","6151061","2024-05-11 12:00","2024","05","11","12:00","","14.4","","","M","","M","","","19","","21","","","","99.54","","","","","","NA"
"-79.80","43.30","BURLINGTON PIERS (AUT)","6151061","2024-05-11 13:00","2024","05","11","13:00","","14.1","","","M","","M","","","18","","25","","","","99.54","","","","","","NA"
"-79.80","43.30","BURLINGTON PIERS (AUT)","6151061","2024-05-11 14:00","2024","05","11","14:00","","11.9","","","M","","M","","","18","","19","","","","99.56","","","","","","NA"
"-79.80","43.30","BURLINGTON PIERS (AUT)","6151061","2024-05-11 15:00","2024","05","11","15:00","","12.5","","","M","","M","","","16","","26","","","","99.52","","","","","","NA"
"-79.80","43.30","BURLINGTON PIERS (AUT)","6151061","2024-05-11 16:00","2024","05","11","16:00","","12.5","","","M","","M","","","16","","20","","","","99.49","","","","","","NA"
"-79.80","43.30","BURLINGTON PIERS (AUT)","6151061","2024-05-11 17:00","2024","05","11","17:00","","12.8","","","M","","M","","","16","","16","","","","99.48","","","","","","NA"
"-79.80","43.30","BURLINGTON PIERS (AUT)","6151061","2024-05-11 18:00","2024","05","11","18:00","","12.5","","","M","","M","","","15","","17","","","","99.47","","","","","","NA"
"-79.80","43.30","BURLINGTON PIERS (AUT)","6151061","2024-05-11 19:00","2024","05","11","19:00","","11.7","","","M","","M","","","10","","12","","","","99.47","","","","","","NA"
"-79.80","43.30","BURLINGTON PIERS (AUT)","6151061","2024-05-11 20:00","2024","05","11","20:00","","9.3","","","M","","M","","","7","","27","","","","99.47","","","","","","NA"
"-79.80","43.30","BURLINGTON PIERS (AUT)","6151061","2024-05-11 21:00","2024","05","11","21:00","","9.2","","","M","","M","","","4","","18","","","","99.51","","","","","","NA"
"-79.80","43.30","BURLINGTON PIERS (AUT)","6151061","2024-05-11 22:00","2024","05","11","22:00","","9.1","","","M","","M","","","1","","22","","","","99.51","","","","","","NA"
"-79.80","43.30","BURLINGTON PIERS (AUT)","6151061","2024-05-11 23:00","2024","05","11","23:00","","9.4","","","M","","M","","","2","","24","","","","99.55","","","","","","NA"
"-79.80","43.30","BURLINGTON PIERS (AUT)","6151061","2024-05-12 00:00","2024","05","12","00:00","","9.5","","","M","","M","","","2","","24","","","","99.58","","","","","","NA"
"-79.80","43.30","BURLINGTON PIERS (AUT)","6151061","2024-05-12 01:00","2024","05","12","01:00","","10.0","","","M","","M","","","2","","19","","","","99.60","","","","","","NA"
"-79.80","43.30","BURLINGTON PIERS (AUT)","6151061","2024-05-12 02:00","2024","05","12","02:00","","10.0","","","M","","M","","","2","","27","","","","99.66","","","","","","NA"
"-79.80","43.30","BURLINGTON PIERS (AUT)","6151061","2024-05-12 03:00","2024","05","12","03:00","","10.4","","","M","","M","","","1","","21","","","","99.74","","","","","","NA"
"-79.80","43.30","BURLINGTON PIERS (AUT)","6151061","2024-05-12 04:00","2024","05","12","04:00","","9.8","","","M","","M","","","2","","11","","","","99.82","","","","","","NA"
"-79.80","43.30","BURLINGTON PIERS (AUT)","6151061","2024-05-12 05:00","2024","05","12","05:00","","10.7","","","M","","M","","","35","","14","","","","99.87","","","","","","NA"
"-79.80","43.30","BURLINGTON PIERS (AUT)","6151061","2024-05-12 06:00","2024","05","12","06:00","","10.9","","","M","","M","","","32","","11","","","","99.99","","","","","","NA"
"-79.80","43.30","BURLINGTON PIERS (AUT)","6151061","2024-05-12 07:00","2024","05","12","07:00","","11.4","","","M","","M","","","32","","13","","","","100.07","","","","","","NA"
"-79.80","43.30","BURLINGTON PIERS (AUT)","6151061","2024-05-12 08:00","2024","05","12","08:00","","11.9","","","M","","M","","","33","","6","","","","100.13","","","","","","NA"
"-79.80","43.30","BURLINGTON PIERS (AUT)","6151061","2024-05-12 09:00","2024","05","12","09:00","","12.8","","","M","","M","","","3","","6","","","","100.16","","","","","","NA"
"-79.80","43.30","BURLINGTON PIERS (AUT)","6151061","2024-05-12 10:00","2024","05","12","10:00","","12.2","","","M","","M","","","12","","8","","","","100.21","","","","","","NA"
"-79.80","43.30","BURLINGTON PIERS (AUT)","6151061","2024-05-12 11:00","2024","05","12","11:00","","12.0","","","M","","M","","","14","","6","","","","100.25","","","","","","NA"
"-79.80","43.30","BURLINGTON PIERS (AUT)","6151061","2024-05-12 12:00","2024","05","12","12:00","","14.7","","","M","","M","","","18","","8","","","","100.24","","","","","","NA"
"-79.80","43.30","BURLINGTON PIERS (AUT)","6151061","2024-05-12 13:00","2024","05","12","13:00","","13.3","","","M","","M","","","12","","16","","","","100.24","","","","","","NA"
"-79.80","43.30","BURLINGTON PIERS (AUT)","6151061","2024-05-12 14:00","2024","05","12","14:00","","14.9","","","M","","M","","","10","","19","","","","100.24","","","","","","NA"
"-79.80","43.30","BURLINGTON PIERS (AUT)","6151061","2024-05-12 15:00","2024","05","12","15:00","","13.9","","","M","","M","","","10","","18","","","","100.20","","","","","","NA"
"-79.80","43.30","BURLINGTON PIERS (AUT)","6151061","2024-05-12 16:00","2024","05","12","16:00","","16.4","","","M","","M","","","14","","14","","","","100.20","","","","","","NA"
"-79.80","43.30","BURLINGTON PIERS (AUT)","6151061","2024-05-12 17:00","2024","05","12","17:00","","16.6","","","M","","M","","","18","","21","","","","100.23","","","","","","NA"
"-79.80","43.30","BURLINGTON PIERS (AUT)","6151061","2024-05-12 18:00","2024","05","12","18:00","","16.7","","","M","","M","","","19","","17","","","","100.22","","","","","","NA"
"-79.80","43.30","BURLINGTON PIERS (AUT)","6151061","2024-05-12 19:00","2024","05","12","19:00","","16.5","","","M","","M","","","19","","17","","","","100.20","","","","","","NA"
"-79.80","43.30","BURLINGTON PIERS (AUT)","6151061","2024-05-12 20:00","2024","05","12","20:00","","15.8","","","M","","M","","","20","","13","","","","100.24","","","","","","NA"
"-79.80","43.30","BURLINGTON PIERS (AUT)","6151061","2024-05-12 21:00","2024","05","12","21:00","","15.0","","","M","","M","","","21","","13","","","","100.31","","","","","","NA"
"-79.80","43.30","BURLINGTON PIERS (AUT)","6151061","2024-05-12 22:00","2024","05","12","22:00","","14.2","","","M","","M","","","21","","10","","","","100.35","","","","","","NA"
"-79.80","43.30","BURLINGTON PIERS (AUT)","6151061","2024-05-12 23:00","2024","05","12","23:00","","14.0","","","M","","M","","","20","","10","","","","100.30","","","","","","NA"
"-79.80","43.30","BURLINGTON PIERS (AUT)","6151061","2024-05-13 00:00","2024","05","13","00:00","","13.7","","","M","","M","","","21","","9","","","","100.31","","","","","","NA"
"-79.80","43.30","BURLINGTON PIERS (AUT)","6151061","2024-05-13 01:00","2024","05","13","01:00","","12.9","","","M","","M","","","21","","9","","","","100.27","","","","","","NA"
"-79.80","43.30","BURLINGTON PIERS (AUT)","6151061","2024-05-13 02:00","2024","05","13","02:00","","12.5","","","M","","M","","","17","","11","","","","100.18","","","","","","NA"
"-79.80","43.30","BURLINGTON PIERS (AUT)","6151061","2024-05-13 03:00","2024","05","13","03:00","","12.9","","","M","","M","","","21","","9","","","","100.19","","","","","","NA"
"-79.80","43.30","BURLINGTON PIERS (AUT)","6151061","2024-05-13 04:00","2024","05","13","04:00","","13.4","","","M","","M","","","22","","10","","","","100.16","","","","","","NA"
"-79.80","43.30","BURLINGTON PIERS (AUT)","6151061","2024-05-13 05:00","2024","05","13","05:00","","13.5","","","M","","M","","","19","","12","","","","100.08","","","","","","NA"
"-79.80","43.30","BURLINGTON PIERS (AUT)","6151061","2024-05-13 06:00","2024","05","13","06:00","","13.7","","","M","","M","","","20","","14","","","","100.09","","","","","","NA"
"-79.80","43.30","BURLINGTON PIERS (AUT)","6151061","2024-05-13 07:00","2024","05","13","07:00","","14.3","","","M","","M","","","21","","11","","","","100.14","","","","","","NA"
"-79.80","43.30","BURLINGTON PIERS (AUT)","6151061","2024-05-13 08:00","2024","05","13","08:00","","15.5","","","M","","M","","","21","","12","","","","100.12","","","","","","NA"
"-79.80","43.30","BURLINGTON PIERS (AUT)","6151061","2024-05-13 09:00","2024","05","13","09:00","","17.6","","","M","","M","","","19","","15","","","","100.08","","","","","","NA"
"-79.80","43.30","BURLINGTON PIERS (AUT)","6151061","2024-05-13 10:00","2024","05","13","10:00","","18.7","","","M","","M","","","22","","11","","","","100.09","","","","","","NA"
"-79.80","43.30","BURLINGTON PIERS (AUT)","6151061","2024-05-13 11:00","2024","05","13","11:00","","18.1","","","M","","M","","","23","","9","","","","100.03","","","","","","NA"
"-79.80","43.30","BURLINGTON PIERS (AUT)","6151061","2024-05-13 12:00","2024","05","13","12:00","","18.5","","","M","","M","","","22","","20","","","","100.04","","","","","","NA"
"-79.80","43.30","BURLINGTON PIERS (AUT)","6151061","2024-05-13 13:00","2024","05","13","13:00","","18.9","","","M","","M","","","21","","23","","","","100.04","","","","","","NA"
"-79.80","43.30","BURLINGTON PIERS (AUT)","6151061","2024-05-13 14:00","2024","05","13","14:00","","21.0","","","M","","M","","","20","","18","","","","99.97","","","","","","NA"
"-79.80","43.30","BURLINGTON PIERS (AUT)","6151061","2024-05-13 15:00","2024","05","13","15:00","","23.0","","","M","","M","","","20","","14","","","","99.89","","","","","","NA"
"-79.80","43.30","BURLINGTON PIERS (AUT)","6151061","2024-05-13 16:00","2024","05","13","16:00","","24.8","","","M","","M","","","21","","19","","","","99.85","","","","","","NA"
"-79.80","43.30","BURLINGTON PIERS (AUT)","6151061","2024-05-13 17:00","2024","05","13","17:00","","25.2","","","M","","M","","","21","","28","","","","99.79","","","","","","NA"
"-79.80","43.30","BURLINGTON PIERS (AUT)","6151061","2024-05-13 18:00","2024","05","13","18:00","","24.1","","","M","","M","","","22","","17","","","","99.82","","","","","","NA"
"-79.80","43.30","BURLINGTON PIERS (AUT)","6151061","2024-05-13 19:00","2024","05","13","19:00","","23.7","","","M","","M","","","22","","18","","","","99.84","","","","","","NA"
"-79.80","43.30","BURLINGTON PIERS (AUT)","6151061","2024-05-13 20:00","2024","05","13","20:00","","23.0","","","M","","M","","","21","","14","","","","99.88","","","","","","NA"
"-79.80","43.30","BURLINGTON PIERS (AUT)","6151061","2024-05-13 21:00","2024","05","13","21:00","","22.5","","","M","","M","","","24","","7","","","","99.93","","","","","","NA"
"-79.80","43.30","BURLINGTON PIERS (AUT)","6151061","2024-05-13 22:00","2024","05","13","22:00","","11.5","","","M","","M","","","4","","18","","","","99.98","","","","","","NA"
"-79.80","43.30","BURLINGTON PIERS (AUT)","6151061","2024-05-13 23:00","2024","05","13","23:00","","11.4","","","M","","M","","","5","","8","","","","100.04","","","","","","NA"
"-79.80","43.30","BURLINGTON PIERS (AUT)","6151061","2024-05-14 00:00","2024","05","14","00:00","","13.5","","","M","","M","","","30","","5","","","","100.06","","","","","","NA"
"-79.80","43.30","BURLINGTON PIERS (AUT)","6151061","2024-05-14 01:00","2024","05","14","01:00","","14.1","","","M","","M","","","","","0","","","","100.06","","","","","","NA"
"-79.80","43.30","BURLINGTON PIERS (AUT)","6151061","2024-05-14 02:00","2024","05","14","02:00","","13.5","","","M","","M","","","21","","3","","","","100.02","","","","","","NA"
"-79.80","43.30","BURLINGTON PIERS (AUT)","6151061","2024-05-14 03:00","2024","05","14","03:00","","11.0","","","M","","M","","","13","","6","","","","99.98","","","","","","NA"
"-79.80","43.30","BURLINGTON PIERS (AUT)","6151061","2024-05-14 04:00","2024","05","14","04:00","","10.5","","","M","","M","","","13","","7","","","","99.94","","","","","","NA"
"-79.80","43.30","BURLINGTON PIERS (AUT)","6151061","2024-05-14 05:00","2024","05","14","05:00","","12.1","","","M","","M","","","19","","3","","","","99.99","","","","","","NA"
"-79.80","43.30","BURLINGTON PIERS (AUT)","6151061","2024-05-14 06:00","2024","05","14","06:00","","13.6","","","M","","M","","","","","0","","","","100.02","","","","","","NA"
"-79.80","43.30","BURLINGTON PIERS (AUT)","6151061","2024-05-14 07:00","2024","05","14","07:00","","11.6","","","M","","M","","","3","","5","","","","100.07","","","","","","NA"
"-79.80","43.30","BURLINGTON PIERS (AUT)","6151061","2024-05-14 08:00","2024","05","14","08:00","","11.2","","","M","","M","","","8","","5","","","","100.15","","","","","","NA"
"-79.80","43.30","BURLINGTON PIERS (AUT)","6151061","2024-05-14 09:00","2024","05","14","09:00","","11.1","","","M","","M","","","10","","6","","","","100.12","","","","","","NA"
"-79.80","43.30","BURLINGTON PIERS (AUT)","6151061","2024-05-14 10:00","2024","05","14","10:00","","11.8","","","M","","M","","","8","","3","","","","100.15","","","","","","NA"
"-79.80","43.30","BURLINGTON PIERS (AUT)","6151061","2024-05-14 11:00","2024","05","14","11:00","","11.9","","","M","","M","","","9","","7","","","","100.16","","","","","","NA"
"-79.80","43.30","BURLINGTON PIERS (AUT)","6151061","2024-05-14 12:00","2024","05","14","12:00","","12.5","","","M","","M","","","5","","5","","","","100.15","","","","","","NA"
"-79.80","43.30","BURLINGTON PIERS (AUT)","6151061","2024-05-14 13:00","2024","05","14","13:00","","12.4","","","M","","M","","","3","","7","","","","100.11","","","","","","NA"
"-79.80","43.30","BURLINGTON PIERS (AUT)","6151061","2024-05-14 14:00","2024","05","14","14:00","","12.5","","","M","","M","","","8","","11","","","","100.08","","","","","","NA"
"-79.80","43.30","BURLINGTON PIERS (AUT)","6151061","2024-05-14 15:00","2024","05","14","15:00","","12.1","","","M","","M","","","11","","15","","","","100.06","","","","","","NA"
"-79.80","43.30","BURLINGTON PIERS (AUT)","6151061","2024-05-14 16:00","2024","05","14","16:00","","12.7","","","M","","M","","","6","","3","","","","100.06","","","","","","NA"
"-79.80","43.30","BURLINGTON PIERS (AUT)","6151061","2024-05-14 17:00","2024","05","14","17:00","","12.9","","","M","","M","","","","","0","","","","100.05","","","","","","NA"
"-79.80","43.30","BURLINGTON PIERS (AUT)","6151061","2024-05-14 18:00","2024","05","14","18:00","","13.8","","","M","","M","","","6","","8","","","","100.07","","","","","","NA"
"-79.80","43.30","BURLINGTON PIERS (AUT)","6151061","2024-05-14 19:00","2024","05","14","19:00","","13.2","","","M","","M","","","1","","8","","","","100.08","","","","","","NA"
"-79.80","43.30","BURLINGTON PIERS (AUT)","6151061","2024-05-14 20:00","2024","05","14","20:00","","14.0","","","M","","M","","","2","","13","","","","100.08","","","","","","NA"
"-79.80","43.30","BURLINGTON PIERS (AUT)","6151061","2024-05-14 21:00","2024","05","14","21:00","","14.7","","","M","","M","","","9","","9","","","","100.11","","","","","","NA"
"-79.80","43.30","BURLINGTON PIERS (AUT)","6151061","2024-05-14 22:00","2024","05","14","22:00","","13.1","","","M","","M","","","13","","3","","","","100.09","","","","","","NA"
"-79.80","43.30","BURLINGTON PIERS (AUT)","6151061","2024-05-14 23:00","2024","05","14","23:00","","13.7","","","M","","M","","","2","","3","","","","100.07","","","","","","NA"
"-79.80","43.30","BURLINGTON PIERS (AUT)","6151061","2024-05-15 00:00","2024","05","15","00:00","","13.8","","","M","","M","","","33","","23","","","","100.02","","","","","","NA"
"-79.80","43.30","BURLINGTON PIERS (AUT)","6151061","2024-05-15 01:00","2024","05","15","01:00","","13.3","","","M","","M","","","1","","14","","","","100.04","","","","","","NA"
"-79.80","43.30","BURLINGTON PIERS (AUT)","6151061","2024-05-15 02:00","2024","05","15","02:00","","13.1","","","M","","M","","","1","","14","","","","100.03","","","","","","NA"
"-79.80","43.30","BURLINGTON PIERS (AUT)","6151061","2024-05-15 03:00","2024","05","15","03:00","","12.9","","","M","","M","","","2","","9","","","","100.01","","","","","","NA"
"-79.80","43.30","BURLINGTON PIERS (AUT)","6151061","2024-05-15 04:00","2024","05","15","04:00","","12.1","","","M","","M","","","10","","9","","","","100.00","","","","","","NA"
"-79.80","43.30","BURLINGTON PIERS (AUT)","6151061","2024-05-15 05:00","2024","05","15","05:00","","11.1","","","M","","M","","","8","","8","","","","100.00","","","","","","NA"
"-79.80","43.30","BURLINGTON PIERS (AUT)","6151061","2024-05-15 06:00","2024","05","15","06:00","","11.0","","","M","","M","","","3","","6","","","","100.02","","","","","","NA"
"-79.80","43.30","BURLINGTON PIERS (AUT)","6151061","2024-05-15 07:00","2024","05","15","07:00","","11.6","","","M","","M","","","6","","6","","","","100.05","","","","","","NA"
"-79.80","43.30","BURLINGTON PIERS (AUT)","6151061","2024-05-15 08:00","2024","05","15","08:00","","11.5","","","M","","M","","","14","","7","","","","100.07","","","","","","NA"
"-79.80","43.30","BURLINGTON PIERS (AUT)","6151061","2024-05-15 09:00","2024","05","15","09:00","","11.9","","","M","","M","","","12","","3","","","","100.11","","","","","","NA"
"-79.80","43.30","BURLINGTON PIERS (AUT)","6151061","2024-05-15 10:00","2024","05","15","10:00","","13.3","","","M","","M","","","4","","12","","","","100.13","","","","","","NA"
"-79.80","43.30","BURLINGTON PIERS (AUT)","6151061","2024-05-15 11:00","2024","05","15","11:00","","13.2","","","M","","M","","","2","","16","","","","100.13","","","","","","NA"
"-79.80","43.30","BURLINGTON PIERS (AUT)","6151061","2024-05-15 12:00","2024","05","15","12:00","","13.2","","","M","","M","","","3","","15","","","","100.11","","","","","","NA"
"-79.80","43.30","BURLINGTON PIERS (AUT)","6151061","2024-05-15 13:00","2024","05","15","13:00","","13.7","","","M","","M","","","5","","15","","","","100.09","","","","","","NA"
"-79.80","43.30","BURLINGTON PIERS (AUT)","6151061","2024-05-15 14:00","2024","05","15","14:00","","13.3","","","M","","M","","","6","","10","","","","100.07","","","","","","NA"
"-79.80","43.30","BURLINGTON PIERS (AUT)","6151061","2024-05-15 15:00","2024","05","15","15:00","","13.5","","","M","","M","","","5","","5","","","","100.06","","","","","","NA"
"-79.80","43.30","BURLINGTON PIERS (AUT)","6151061","2024-05-15 16:00","2024","05","15","16:00","","13.6","","","M","","M","","","3","","8","","","","100.05","","","","","","NA"
"-79.80","43.30","BURLINGTON PIERS (AUT)","6151061","2024-05-15 17:00","2024","05","15","17:00","","15.1","","","M","","M","","","5","","6","","","","100.03","","","","","","NA"
"-79.80","43.30","BURLINGTON PIERS (AUT)","6151061","2024-05-15 18:00","2024","05","15","18:00","","15.0","","","M","","M","","","4","","4","","","","100.01","","","","","","NA"
"-79.80","43.30","BURLINGTON PIERS (AUT)","6151061","2024-05-15 19:00","2024","05","15","19:00","","14.1","","","M","","M","","","36","","5","","","","100.05","","","","","","NA"
"-79.80","43.30","BURLINGTON PIERS (AUT)","6151061","2024-05-15 20:00","2024","05","15","20:00","","15.1","","","M","","M","","","2","","5","","","","100.06","","","","","","NA"
"-79.80","43.30","BURLINGTON PIERS (AUT)","6151061","2024-05-15 21:00","2024","05","15","21:00","","14.1","","","M","","M","","","4","","11","","","","100.10","","","","","","NA"
"-79.80","43.30","BURLINGTON PIERS (AUT)","6151061","2024-05-15 22:00","2024","05","15","22:00","","14.2","","","M","","M","","","1","","9","","","","100.14","","","","","","NA"
"-79.80","43.30","BURLINGTON PIERS (AUT)","6151061","2024-05-15 23:00","2024","05","15","23:00","","14.5","","","M","","M","","","34","","7","","","","100.14","","","","","","NA"
"-79.80","43.30","BURLINGTON PIERS (AUT)","6151061","2024-05-16 00:00","2024","05","16","00:00","","14.6","","","M","","M","","","","","0","","","","100.12","","","","","","NA"
"-79.80","43.30","BURLINGTON PIERS (AUT)","6151061","2024-05-16 01:00","2024","05","16","01:00","","14.0","","","M","","M","","","","","0","","","","100.09","","","","","","NA"
"-79.80","43.30","BURLINGTON PIERS (AUT)","6151061","2024-05-16 02:00","2024","05","16","02:00","","13.8","","","M","","M","","","24","","4","","","","100.10","","","","","","NA"
"-79.80","43.30","BURLINGTON PIERS (AUT)","6151061","2024-05-16 03:00","2024","05","16","03:00","","13.6","","","M","","M","","","22","","5","","","","100.09","","","","","","NA"
"-79.80","43.30","BURLINGTON PIERS (AUT)","6151061","2024-05-16 04:00","2024","05","16","04:00","","12.8","","","M","","M","","","33","","3","","","","100.11","","","","","","NA"
"-79.80","43.30","BURLINGTON PIERS (AUT)","6151061","2024-05-16 05:00","2024","05","16","05:00","","13.0","","","M","","M","","","","","0","","","","100.12","","","","","","NA"
"-79.80","43.30","BURLINGTON PIERS (AUT)","6151061","2024-05-16 06:00","2024","05","16","06:00","","14.3","","","M","","M","","","","","0","","","","100.18","","","","","","NA"
"-79.80","43.30","BURLINGTON PIERS (AUT)","6151061","2024-05-16 07:00","2024","05","16","07:00","","15.4","","","M","","M","","","","","0","","","","100.23","","","","","","NA"
"-79.80","43.30","BURLINGTON PIERS (AUT)","6151061","2024-05-16 08:00","2024","05","16","08:00","","15.4","","","M","","M","","","4","","3","","","","100.25","","","","","","NA"
"-79.80","43.30","BURLINGTON PIERS (AUT)","6151061","2024-05-16 09:00","2024","05","16","09:00","","13.9","","","M","","M","","","13","","6","","","","100.31","","","","","","NA"
"-79.80","43.30","BURLINGTON PIERS (AUT)","6151061","2024-05-16 10:00","2024","05","16","10:00","","14.5","","","M","","M","","","11","","10","","","","100.32","","","","","","NA"
"-79.80","43.30","BURLINGTON PIERS (AUT)","6151061","2024-05-16 11:00","2024","05","16","11:00","","15.2","","","M","","M","","","6","","6","","","","100.30","","","","","","NA"
"-79.80","43.30","BURLINGTON PIERS (AUT)","6151061","2024-05-16 12:00","2024","05","16","12:00","","15.1","","","M","","M","","","5","","8","","","","100.27","","","","","","NA"
"-79.80","43.30","BURLINGTON PIERS (AUT)","6151061","2024-05-16 13:00","2024","05","16","13:00","","14.7","","","M","","M","","","7","","9","","","","100.27","","","","","","NA"
"-79.80","43.30","BURLINGTON PIERS (AUT)","6151061","2024-05-16 14:00","2024","05","16","14:00","","14.8","","","M","","M","","","6","","6","","","","100.28","","","","","","NA"
"-79.80","43.30","BURLINGTON PIERS (AUT)","6151061","2024-05-16 15:00","2024","05","16","15:00","","15.2","","","M","","M","","","5","","4","","","","100.29","","","","","","NA"
"-79.80","43.30","BURLINGTON PIERS (AUT)","6151061","2024-05-16 16:00","2024","05","16","16:00","","15.1","","","M","","M","","","8","","6","","","","100.24","","","","","","NA"
"-79.80","43.30","BURLINGTON PIERS (AUT)","6151061","2024-05-16 17:00","2024","05","16","17:00","","15.0","","","M","","M","","","2","","5","","","","100.23","","","","","","NA"
"-79.80","43.30","BURLINGTON PIERS (AUT)","6151061","2024-05-16 18:00","2024","05","16","18:00","","14.8","","","M","","M","","","2","","5","","","","100.23","","","","","","NA"
"-79.80","43.30","BURLINGTON PIERS (AUT)","6151061","2024-05-16 19:00","2024","05","16","19:00","","14.3","","","M","","M","","","","","0","","","","100.21","","","","","","NA"
"-79.80","43.30","BURLINGTON PIERS (AUT)","6151061","2024-05-16 20:00","2024","05","16","20:00","","14.0","","","M","","M","","","5","","8","","","","100.20","","","","","","NA"
"-79.80","43.30","BURLINGTON PIERS (AUT)","6151061","2024-05-16 21:00","2024","05","16","21:00","","13.9","","","M","","M","","","4","","5","","","","100.19","","","","","","NA"
"-79.80","43.30","BURLINGTON PIERS (AUT)","6151061","2024-05-16 22:00","2024","05","16","22:00","","14.4","","","M","","M","","","33","","5","","","","100.16","","","","","","NA"
"-79.80","43.30","BURLINGTON PIERS (AUT)","6151061","2024-05-16 23:00","2024","05","16","23:00","","14.9","","","M","","M","","","","","0","","","","100.17","","","","","","NA"
"-79.80","43.30","BURLINGTON PIERS (AUT)","6151061","2024-05-17 00:00","2024","05","17","00:00","","14.8","","","M","","M","","","","","0","","","","100.14","","","","","","NA"
"-79.80","43.30","BURLINGTON PIERS (AUT)","6151061","2024-05-17 01:00","2024","05","17","01:00","","14.0","","","M","","M","","","11","","6","","","","100.13","","","","","","NA"
"-79.80","43.30","BURLINGTON PIERS (AUT)","6151061","2024-05-17 02:00","2024","05","17","02:00","","14.0","","","M","","M","","","10","","4","","","","100.15","","","","","","NA"
"-79.80","43.30","BURLINGTON PIERS (AUT)","6151061","2024-05-17 03:00","2024","05","17","03:00","","14.3","","","M","","M","","","","","0","","","","100.16","","","","","","NA"
"-79.80","43.30","BURLINGTON PIERS (AUT)","6151061","2024-05-17 04:00","2024","05","17","04:00","","13.8","","","M","","M","","","6","","3","","","","100.14","","","","","","NA"
"-79.80","43.30","BURLINGTON PIERS (AUT)","6151061","2024-05-17 05:00","2024","05","17","05:00","","13.4","","","M","","M","","","2","","12","","","","100.15","","","","","","NA"
"-79.80","43.30","BURLINGTON PIERS (AUT)","6151061","2024-05-17 06:00","2024","05","17","06:00","","13.5","","","M","","M","","","1","","9","","","","100.18","","","","","","NA"
"-79.80","43.30","BURLINGTON PIERS (AUT)","6151061","2024-05-17 07:00","2024","05","17","07:00","","13.3","","","M","","M","","","4","","10","","","","100.19","","","","","","NA"
"-79.80","43.30","BURLINGTON PIERS (AUT)","6151061","2024-05-17 08:00","2024","05","17","08:00","","12.8","","","M","","M","","","6","","13","","","","100.24","","","","","","NA"
"-79.80","43.30","BURLINGTON PIERS (AUT)","6151061","2024-05-17 09:00","2024","05","17","09:00","","12.8","","","M","","M","","","3","","11","","","","100.26","","","","","","NA"
"-79.80","43.30","BURLINGTON PIERS (AUT)","6151061","2024-05-17 10:00","2024","05","17","10:00","","12.7","","","M","","M","","","7","","9","","","","100.27","","","","","","NA"
"-79.80","43.30","BURLINGTON PIERS (AUT)","6151061","2024-05-17 11:00","2024","05","17","11:00","","12.6","","","M","","M","","","7","","7","","","","100.31","","","","","","NA"
"-79.80","43.30","BURLINGTON PIERS (AUT)","6151061","2024-05-17 12:00","2024","05","17","12:00","","12.8","","","M","","M","","","2","","8","","","","100.27","","","","","","NA"
"-79.80","43.30","BURLINGTON PIERS (AUT)","6151061","2024-05-17 13:00","2024","05","17","13:00","","12.8","","","M","","M","","","7","","7","","","","100.26","","","","","","NA"
"-79.80","43.30","BURLINGTON PIERS (AUT)","6151061","2024-05-17 14:00","2024","05","17","14:00","","13.3","","","M","","M","","","34","","5","","","","100.24","","","","","","NA"
"-79.80","43.30","BURLINGTON PIERS (AUT)","6151061","2024-05-17 15:00","2024","05","17","15:00","","13.6","","","M","","M","","","5","","9","","","","100.16","","","","","","NA"
"-79.80","43.30","BURLINGTON PIERS (AUT)","6151061","2024-05-17 16:00","2024","05","17","16:00","","13.0","","","M","","M","","","12","","4","","","","100.12","","","","","","NA"
"-79.80","43.30","BURLINGTON PIERS (AUT)","6151061","2024-05-17 17:00","2024","05","17","17:00","","13.5","","","M","","M","","","36","","7","","","","100.16","","","","","","NA"
"-79.80","43.30","BURLINGTON PIERS (AUT)","6151061","2024-05-17 18:00","2024","05","17","18:00","","14.1","","","M","","M","","","1","","14","","","","100.16","","","","","","NA"
"-79.80","43.30","BURLINGTON PIERS (AUT)","6151061","2024-05-17 19:00","2024","05","17","19:00","","15.2","","","M","","M","","","36","","10","","","","100.21","","","","","","NA"
"-79.80","43.30","BURLINGTON PIERS (AUT)","6151061","2024-05-17 20:00","2024","05","17","20:00","","14.7","","","M","","M","","","1","","19","","","","100.21","","","","","","NA"
"-79.80","43.30","BURLINGTON PIERS (AUT)","6151061","2024-05-17 21:00","2024","05","17","21:00","","14.8","","","M","","M","","","1","","20","","","","100.22","","","","","","NA"
"-79.80","43.30","BURLINGTON PIERS (AUT)","6151061","2024-05-17 22:00","2024","05","17","22:00","","13.9","","","M","","M","","","2","","16","","","","100.22","","","","","","NA"
"-79.80","43.30","BURLINGTON PIERS (AUT)","6151061","2024-05-17 23:00","2024","05","17","23:00","","14.8","","","M","","M","","","2","","9","","","","100.21","","","","","","NA"
"-79.80","43.30","BURLINGTON PIERS (AUT)","6151061","2024-05-18 00:00","2024","05","18","00:00","","14.0","","","M","","M","","","13","","8","","","","100.18","","","","","","NA"
"-79.80","43.30","BURLINGTON PIERS (AUT)","6151061","2024-05-18 01:00","2024","05","18","01:00","","13.9","","","M","","M","","","12","","5","","","","100.13","","","","","","NA"
"-79.80","43.30","BURLINGTON PIERS (AUT)","6151061","2024-05-18 02:00","2024","05","18","02:00","","14.2","","","M","","M","","","2","","5","","","","100.17","","","","","","NA"
"-79.80","43.30","BURLINGTON PIERS (AUT)","6151061","2024-05-18 03:00","2024","05","18","03:00","","13.1","","","M","","M","","","6","","9","","","","100.21","","","","","","NA"
"-79.80","43.30","BURLINGTON PIERS (AUT)","6151061","2024-05-18 04:00","2024","05","18","04:00","","13.4","","","M","","M","","","4","","15","","","","100.23","","","","","","NA"
"-79.80","43.30","BURLINGTON PIERS (AUT)","6151061","2024-05-18 05:00","2024","05","18","05:00","","13.4","","","M","","M","","","4","","10","","","","100.31","","","","","","NA"
"-79.80","43.30","BURLINGTON PIERS (AUT)","6151061","2024-05-18 06:00","2024","05","18","06:00","","13.0","","","M","","M","","","4","","15","","","","100.33","","","","","","NA"
"-79.80","43.30","BURLINGTON PIERS (AUT)","6151061","2024-05-18 07:00","2024","05","18","07:00","","13.7","","","M","","M","","","4","","14","","","","100.39","","","","","","NA"
"-79.80","43.30","BURLINGTON PIERS (AUT)","6151061","2024-05-18 08:00","2024","05","18","08:00","","13.4","","","M","","M","","","4","","12","","","","100.44","","","","","","NA"
"-79.80","43.30","BURLINGTON PIERS (AUT)","6151061","2024-05-18 09:00","2024","05","18","09:00","","12.7","","","M","","M","","","8","","8","","","","100.49","","","","","","NA"
"-79.80","43.30","BURLINGTON PIERS (AUT)","6151061","2024-05-18 10:00","2024","05","18","10:00","","13.5","","","M","","M","","","11","","3","","","","100.51","","","","","","NA"
"-79.80","43.30","BURLINGTON PIERS (AUT)","6151061","2024-05-18 11:00","2024","05","18","11:00","","14.0","","","M","","M","","","4","","4","","","","100.53","","","","","","NA"
"-79.80","43.30","BURLINGTON PIERS (AUT)","6151061","2024-05-18 12:00","2024","05","18","12:00","","15.0","","","M","","M","","","","","0","","","","100.57","","","","","","NA"
"-79.80","43.30","BURLINGTON PIERS (AUT)","6151061","2024-05-18 13:00","2024","05","18","13:00","","15.2","","","M","","M","","","7","","3","","","","100.53","","","","","","NA"
"-79.80","43.30","BURLINGTON PIERS (AUT)","6151061","2024-05-18 14:00","2024","05","18","14:00","","15.7","","","M","","M","","","5","","4","","","","100.50","","","","","","NA"
"-79.80","43.30","BURLINGTON PIERS (AUT)","6151061","2024-05-18 15:00","2024","05","18","15:00","","15.9","","","M","","M","","","4","","7","","","","100.50","","","","","","NA"
"-79.80","43.30","BURLINGTON PIERS (AUT)","6151061","2024-05-18 16:00","2024","05","18","16:00","","15.4","","","M","","M","","","4","","10","","","","100.47","","","","","","NA"
"-79.80","43.30","BURLINGTON PIERS (AUT)","6151061","2024-05-18 17:00","2024","05","18","17:00","","14.8","","","M","","M","","","7","","7","","","","100.46","","","","","","NA"
"-79.80","43.30","BURLINGTON PIERS (AUT)","6151061","2024-05-18 18:00","2024","05","18","18:00","","14.4","","","M","","M","","","4","","8","","","","100.48","","","","","","NA"
"-79.80","43.30","BURLINGTON PIERS (AUT)","6151061","2024-05-18 19:00","2024","05","18","19:00","","12.7","","","M","","M","","","5","","8","","","","100.46","","","","","","NA"
"-79.80","43.30","BURLINGTON PIERS (AUT)","6151061","2024-05-18 20:00","2024","05","18","20:00","","12.1","","","M","","M","","","3","","5","","","","100.44","","","","","","NA"
"-79.80","43.30","BURLINGTON PIERS (AUT)","6151061","2024-05-18 21:00","2024","05","18","21:00","","11.6","","","M","","M","","","5","","4","","","","100.46","","","","","","NA"
"-79.80","43.30","BURLINGTON PIERS (AUT)","6151061","2024-05-18 22:00","2024","05","18","22:00","","12.2","","","M","","M","","","11","","4","","","","100.48","","","","","","NA"
"-79.80","43.30","BURLINGTON PIERS (AUT)","6151061","2024-05-18 23:00","2024","05","18","23:00","","13.1","","","M","","M","","","25","","6","","","","100.50","","","","","","NA"
"-79.80","43.30","BURLINGTON PIERS (AUT)","6151061","2024-05-19 00:00","2024","05","19","00:00","","14.5","","","M","","M","","","16","","3","","","","100.50","","","","","","NA"
"-79.80","43.30","BURLINGTON PIERS (AUT)","6151061","2024-05-19 01:00","2024","05","19","01:00","","14.4","","","M","","M","","","27","","4","","","","100.49","","","","","","NA"
"-79.80","43.30","BURLINGTON PIERS (AUT)","6151061","2024-05-19 02:00","2024","05","19","02:00","","14.5","","","M","","M","","","21","","3","","","","100.49","","","","","","NA"
"-79.80","43.30","BURLINGTON PIERS (AUT)","6151061","2024-05-19 03:00","2024","05","19","03:00","","14.3","","","M","","M","","","","","0","","","","100.49","","","","","","NA"
"-79.80","43.30","BURLINGTON PIERS (AUT)","6151061","2024-05-19 04:00","2024","05","19","04:00","","13.9","","","M","","M","","","29","","3","","","","100.51","","","","","","NA"
"-79.80","43.30","BURLINGTON PIERS (AUT)","6151061","2024-05-19 05:00","2024","05","19","05:00","","13.8","","","M","","M","","","5","","3","","","","100.54","","","","","","NA"
"-79.80","43.30","BURLINGTON PIERS (AUT)","6151061","2024-05-19 06:00","2024","05","19","06:00","","13.7","","","M","","M","","","4","","3","","","","100.60","","","","","","NA"
"-79.80","43.30","BURLINGTON PIERS (AUT)","6151061","2024-05-19 07:00","2024","05","19","07:00","","13.7","","","M","","M","","","11","","4","","","","100.64","","","","","","NA"
"-79.80","43.30","BURLINGTON PIERS (AUT)","6151061","2024-05-19 08:00","2024","05","19","08:00","","13.5","","","M","","M","","","9","","7","","","","100.68","","","","","","NA"
"-79.80","43.30","BURLINGTON PIERS (AUT)","6151061","2024-05-19 09:00","2024","05","19","09:00","","13.6","","","M","","M","","","8","","7","","","","100.69","","","","","","NA"
"-79.80","43.30","BURLINGTON PIERS (AUT)","6151061","2024-05-19 10:00","2024","05","19","10:00","","13.7","","","M","","M","","","6","","9","","","","100.68","","","","","","NA"
"-79.80","43.30","BURLINGTON PIERS (AUT)","6151061","2024-05-19 11:00","2024","05","19","11:00","","14.0","","","M","","M","","","5","","9","","","","100.66","","","","","","NA"
"-79.80","43.30","BURLINGTON PIERS (AUT)","6151061","2024-05-19 12:00","2024","05","19","12:00","","13.7","","","M","","M","","","6","","11","","","","100.64","","","","","","NA"
"-79.80","43.30","BURLINGTON PIERS (AUT)","6151061","2024-05-19 13:00","2024","05","19","13:00","","13.3","","","M","","M","","","7","","10","","","","100.61","","","","","","NA"
"-79.80","43.30","BURLINGTON PIERS (AUT)","6151061","2024-05-19 14:00","2024","05","19","14:00","","13.7","","","M","","M","","","9","","9","","","","100.56","","","","","","NA"
"-79.80","43.30","BURLINGTON PIERS (AUT)","6151061","2024-05-19 15:00","2024","05","19","15:00","","14.4","","","M","","M","","","4","","7","","","","100.49","","","","","","NA"
"-79.80","43.30","BURLINGTON PIERS (AUT)","6151061","2024-05-19 16:00","2024","05","19","16:00","","15.0","","","M","","M","","","3","","8","","","","100.48","","","","","","NA"
"-79.80","43.30","BURLINGTON PIERS (AUT)","6151061","2024-05-19 17:00","2024","05","19","17:00","","15.4","","","M","","M","","","36","","7","","","","100.46","","","","","","NA"
"-79.80","43.30","BURLINGTON PIERS (AUT)","6151061","2024-05-19 18:00","2024","05","19","18:00","","15.5","","","M","","M","","","3","","9","","","","100.45","","","","","","NA"
"-79.80","43.30","BURLINGTON PIERS (AUT)","6151061","2024-05-19 19:00","2024","05","19","19:00","","15.9","","","M","","M","","","3","","7","","","","100.44","","","","","","NA"
"-79.80","43.30","BURLINGTON PIERS (AUT)","6151061","2024-05-19 20:00","2024","05","19","20:00","","15.6","","","M","","M","","","2","","7","","","","100.49","","","","","","NA"
"-79.80","43.30","BURLINGTON PIERS (AUT)","6151061","2024-05-19 21:00","2024","05","19","21:00","","15.6","","","M","","M","","","10","","4","","","","100.52","","","","","","NA"
"-79.80","43.30","BURLINGTON PIERS (AUT)","6151061","2024-05-19 22:00","2024","05","19","22:00","","15.4","","","M","","M","","","","","0","","","","100.51","","","","","","NA"
"-79.80","43.30","BURLINGTON PIERS (AUT)","6151061","2024-05-19 23:00","2024","05","19","23:00","","15.6","","","M","","M","","","16","","3","","","","100.52","","","","","","NA"
"-79.80","43.30","BURLINGTON PIERS (AUT)","6151061","2024-05-20 00:00","2024","05","20","00:00","","15.3","","","M","","M","","","3","","11","","","","100.55","","","","","","NA"
"-79.80","43.30","BURLINGTON PIERS (AUT)","6151061","2024-05-20 01:00","2024","05","20","01:00","","15.3","","","M","","M","","","5","","4","","","","100.55","","","","","","NA"
"-79.80","43.30","BURLINGTON PIERS (AUT)","6151061","2024-05-20 02:00","2024","05","20","02:00","","15.9","","","M","","M","","","32","","4","","","","100.50","","","","","","NA"
"-79.80","43.30","BURLINGTON PIERS (AUT)","6151061","2024-05-20 03:00","2024","05","20","03:00","","15.3","","","M","","M","","","9","","5","","","","100.55","","","","","","NA"
"-79.80","43.30","BURLINGTON PIERS (AUT)","6151061","2024-05-20 04:00","2024","05","20","04:00","","15.0","","","M","","M","","","7","","3","","","","100.56","","","","","","NA"
"-79.80","43.30","BURLINGTON PIERS (AUT)","6151061","2024-05-20 05:00","2024","05","20","05:00","","15.5","","","M","","M","","","","","0","","","","100.57","","","","","","NA"
"-79.80","43.30","BURLINGTON PIERS (AUT)","6151061","2024-05-20 06:00","2024","05","20","06:00","","16.0","","","M","","M","","","","","0","","","","100.61","","","","","","NA"
"-79.80","43.30","BURLINGTON PIERS (AUT)","6151061","2024-05-20 07:00","2024","05","20","07:00","","18.3","","","M","","M","","","","","0","","","","100.64","","","","","","NA"
"-79.80","43.30","BURLINGTON PIERS (AUT)","6151061","2024-05-20 08:00","2024","05","20","08:00","","17.3","","","M","","M","","","14","","5","","","","100.68","","","","","","NA"
"-79.80","43.30","BURLINGTON PIERS (AUT)","6151061","2024-05-20 09:00","2024","05","20","09:00","","17.2","","","M","","M","","","13","","11","","","","100.66","","","","","","NA"
"-79.80","43.30","BURLINGTON PIERS (AUT)","6151061","2024-05-20 10:00","2024","05","20","10:00","","18.0","","","M","","M","","","8","","11","","","","100.63","","","","","","NA"
"-79.80","43.30","BURLINGTON PIERS (AUT)","6151061","2024-05-20 11:00","2024","05","20","11:00","","17.8","","","M","","M","","","4","","12","","","","100.63","","","","","","NA"
"-79.80","43.30","BURLINGTON PIERS (AUT)","6151061","2024-05-20 12:00","2024","05","20","12:00","","17.5","","","M","","M","","","8","","7","","","","100.59","","","","","","NA"
"-79.80","43.30","BURLINGTON PIERS (AUT)","6151061","2024-05-20 13:00","2024","05","20","13:00","","17.9","","","M","","M","","","6","","12","","","","100.50","","","","","","NA"
"-79.80","43.30","BURLINGTON PIERS (AUT)","6151061","2024-05-20 14:00","2024","05","20","14:00","","18.0","","","M","","M","","","6","","9","","","","100.47","","","","","","NA"
"-79.80","43.30","BURLINGTON PIERS (AUT)","6151061","2024-05-20 15:00","2024","05","20","15:00","","18.0","","","M","","M","","","4","","9","","","","100.41","","","","","","NA"
"-79.80","43.30","BURLINGTON PIERS (AUT)","6151061","2024-05-20 16:00","2024","05","20","16:00","","18.1","","","M","","M","","","1","","7","","","","100.36","","","","","","NA"
"-79.80","43.30","BURLINGTON PIERS (AUT)","6151061","2024-05-20 17:00","2024","05","20","17:00","","18.3","","","M","","M","","","36","","12","","","","100.30","","","","","","NA"
"-79.80","43.30","BURLINGTON PIERS (AUT)","6151061","2024-05-20 18:00","2024","05","20","18:00","","25.3","","","M","","M","","","31","","18","","","","100.37","","","","","","NA"
"-79.80","43.30","BURLINGTON PIERS (AUT)","6151061","2024-05-20 19:00","2024","05","20","19:00","","21.7","","","M","","M","","","8","","10","","","","100.32","","","","","","NA"
"-79.80","43.30","BURLINGTON PIERS (AUT)","6151061","2024-05-20 20:00","2024","05","20","20:00","","18.9","","","M","","M","","","13","","13","","","","100.24","","","","","","NA"
"-79.80","43.30","BURLINGTON PIERS (AUT)","6151061","2024-05-20 21:00","2024","05","20","21:00","","20.7","","","M","","M","","","1","","7","","","","100.33","","","","","","NA"
"-79.80","43.30","BURLINGTON PIERS (AUT)","6151061","2024-05-20 22:00","2024","05","20","22:00","","20.8","","","M","","M","","","34","","5","","","","100.29","","","","","","NA"
"-79.80","43.30","BURLINGTON PIERS (AUT)","6151061","2024-05-20 23:00","2024","05","20","23:00","","19.3","","","M","","M","","","6","","3","","","","100.25","","","","","","NA"
"-79.80","43.30","BURLINGTON PIERS (AUT)","6151061","2024-05-21 00:00","2024","05","21","00:00","","20.2","","","M","","M","","","","","0","","","","100.22","","","","","","NA"
"-79.80","43.30","BURLINGTON PIERS (AUT)","6151061","2024-05-21 01:00","2024","05","21","01:00","","19.3","","","M","","M","","","","","0","","","","100.17","","","","","","NA"
"-79.80","43.30","BURLINGTON PIERS (AUT)","6151061","2024-05-21 02:00","2024","05","21","02:00","","20.2","","","M","","M","","","10","","8","","","","100.12","","","","","","NA"
"-79.80","43.30","BURLINGTON PIERS (AUT)","6151061","2024-05-21 03:00","2024","05","21","03:00","","18.9","","","M","","M","","","34","","15","","","","100.16","","","","","","NA"
"-79.80","43.30","BURLINGTON PIERS (AUT)","6151061","2024-05-21 04:00","2024","05","21","04:00","","17.5","","","M","","M","","","13","","11","","","","100.19","","","","","","NA"
"-79.80","43.30","BURLINGTON PIERS (AUT)","6151061","2024-05-21 05:00","2024","05","21","05:00","","18.7","","","M","","M","","","14","","11","","","","100.19","","","","","","NA"
"-79.80","43.30","BURLINGTON PIERS (AUT)","6151061","2024-05-21 06:00","2024","05","21","06:00","","17.9","","","M","","M","","","3","","8","","","","100.22","","","","","","NA"
"-79.80","43.30","BURLINGTON PIERS (AUT)","6151061","2024-05-21 07:00","2024","05","21","07:00","","18.4","","","M","","M","","","2","","13","","","","100.25","","","","","","NA"
"-79.80","43.30","BURLINGTON PIERS (AUT)","6151061","2024-05-21 08:00","2024","05","21","08:00","","17.8","","","M","","M","","","1","","9","","","","100.25","","","","","","NA"
"-79.80","43.30","BURLINGTON PIERS (AUT)","6151061","2024-05-21 09:00","2024","05","21","09:00","","18.1","","","M","","M","","","4","","6","","","","100.21","","","","","","NA"
"-79.80","43.30","BURLINGTON PIERS (AUT)","6151061","2024-05-21 10:00","2024","05","21","10:00","","17.6","","","M","","M","","","4","","10","","","","100.16","","","","","","NA"
"-79.80","43.30","BURLINGTON PIERS (AUT)","6151061","2024-05-21 11:00","2024","05","21","11:00","","17.5","","","M","","M","","","4","","16","","","","100.13","","","","","","NA"
"-79.80","43.30","BURLINGTON PIERS (AUT)","6151061","2024-05-21 12:00","2024","05","21","12:00","","18.8","","","M","","M","","","3","","6","","","","100.10","","","","","","NA"
"-79.80","43.30","BURLINGTON PIERS (AUT)","6151061","2024-05-21 13:00","2024","05","21","13:00","","27.8","","","M","","M","","","20","","19","","","","100.02","","","","","","NA"
"-79.80","43.30","BURLINGTON PIERS (AUT)","6151061","2024-05-21 14:00","2024","05","21","14:00","","27.6","","","M","","M","","","22","","15","","","","100.06","","","","","","NA"
"-79.80","43.30","BURLINGTON PIERS (AUT)","6151061","2024-05-21 15:00","2024","05","21","15:00","","28.5","","","M","","M","","","24","","13","","","","100.07","","","","","","NA"
"-79.80","43.30","BURLINGTON PIERS (AUT)","6151061","2024-05-21 16:00","2024","05","21","16:00","","28.6","","","M","","M","","","24","","13","","","","100.04","","","","","","NA"
"-79.80","43.30","BURLINGTON PIERS (AUT)","6151061","2024-05-21 17:00","2024","05","21","17:00","","28.9","","","M","","M","","","25","","19","","","","100.00","","","","","","NA"
"-79.80","43.30","BURLINGTON PIERS (AUT)","6151061","2024-05-21 18:00","2024","05","21","18:00","","28.8","","","M","","M","","","26","","10","","","","99.98","","","","","","NA"
"-79.80","43.30","BURLINGTON PIERS (AUT)","6151061","2024-05-21 19:00","2024","05","21","19:00","","27.7","","","M","","M","","","27","","9","","","","100.00","","","","","","NA"
"-79.80","43.30","BURLINGTON PIERS (AUT)","6151061","2024-05-21 20:00","2024","05","21","20:00","","26.6","","","M","","M","","","31","","6","","","","99.99","","","","","","NA"
"-79.80","43.30","BURLINGTON PIERS (AUT)","6151061","2024-05-21 21:00","2024","05","21","21:00","","25.2","","","M","","M","","","","","0","","","","100.02","","","","","","NA"
"-79.80","43.30","BURLINGTON PIERS (AUT)","6151061","2024-05-21 22:00","2024","05","21","22:00","","20.0","","","M","","M","","","12","","6","","","","100.01","","","","","","NA"
"-79.80","43.30","BURLINGTON PIERS (AUT)","6151061","2024-05-21 23:00","2024","05","21","23:00","","19.6","","","M","","M","","","","","0","","","","100.01","","","","","","NA"
"-79.80","43.30","BURLINGTON PIERS (AUT)","6151061","2024-05-22 00:00","2024","05","22","00:00","","20.2","","","M","","M","","","","","0","","","","99.98","","","","","","NA"
"-79.80","43.30","BURLINGTON PIERS (AUT)","6151061","2024-05-22 01:00","2024","05","22","01:00","","19.1","","","M","","M","","","","","0","","","","100.02","","","","","","NA"
"-79.80","43.30","BURLINGTON PIERS (AUT)","6151061","2024-05-22 02:00","2024","05","22","02:00","","19.1","","","M","","M","","","7","","3","","","","99.99","","","","","","NA"
"-79.80","43.30","BURLINGTON PIERS (AUT)","6151061","2024-05-22 03:00","2024","05","22","03:00","","17.6","","","M","","M","","","35","","6","","","","99.96","","","","","","NA"
"-79.80","43.30","BURLINGTON PIERS (AUT)","6151061","2024-05-22 04:00","2024","05","22","04:00","","17.6","","","M","","M","","","2","","4","","","","99.91","","","","","","NA"
"-79.80","43.30","BURLINGTON PIERS (AUT)","6151061","2024-05-22 05:00","2024","05","22","05:00","","17.3","","","M","","M","","","35","","5","","","","99.90","","","","","","NA"
"-79.80","43.30","BURLINGTON PIERS (AUT)","6151061","2024-05-22 06:00","2024","05","22","06:00","","22.2","","","M","","M","","","24","","4","","","","99.89","","","","","","NA"
"-79.80","43.30","BURLINGTON PIERS (AUT)","6151061","2024-05-22 07:00","2024","05","22","07:00","","23.6","","","M","","M","","","19","","13","","","","99.91","","","","","","NA"
"-79.80","43.30","BURLINGTON PIERS (AUT)","6151061","2024-05-22 08:00","2024","05","22","08:00","","25.2","","","M","","M","","","20","","16","","","","99.90","","","","","","NA"
"-79.80","43.30","BURLINGTON PIERS (AUT)","6151061","2024-05-22 09:00","2024","05","22","09:00","","26.2","","","M","","M","","","19","","23","","","","99.85","","","","","","NA"
"-79.80","43.30","BURLINGTON PIERS (AUT)","6151061","2024-05-22 10:00","2024","05","22","10:00","","26.9","","","M","","M","","","19","","17","","","","99.82","","","","","","NA"
"-79.80","43.30","BURLINGTON PIERS (AUT)","6151061","2024-05-22 11:00","2024","05","22","11:00","","27.2","","","M","","M","","","21","","20","","","","99.81","","","","","","NA"
"-79.80","43.30","BURLINGTON PIERS (AUT)","6151061","2024-05-22 12:00","2024","05","22","12:00","","27.3","","","M","","M","","","20","","24","","","","99.77","","","","","","NA"
"-79.80","43.30","BURLINGTON PIERS (AUT)","6151061","2024-05-22 13:00","2024","05","22","13:00","","27.0","","","M","","M","","","21","","30","","","","99.79","","","","","","NA"
"-79.80","43.30","BURLINGTON PIERS (AUT)","6151061","2024-05-22 14:00","2024","05","22","14:00","","25.6","","","M","","M","","","18","","30","","","","99.74","","","","","","NA"
"-79.80","43.30","BURLINGTON PIERS (AUT)","6151061","2024-05-22 15:00","2024","05","22","15:00","","24.8","","","M","","M","","","19","","27","","","","99.74","","","","","","NA"
"-79.80","43.30","BURLINGTON PIERS (AUT)","6151061","2024-05-22 16:00","2024","05","22","16:00","","24.5","","","M","","M","","","20","","26","","","","99.70","","","","","","NA"
"-79.80","43.30","BURLINGTON PIERS (AUT)","6151061","2024-05-22 17:00","2024","05","22","17:00","","25.9","","","M","","M","","","20","","22","","","","99.67","","","","","","NA"
"-79.80","43.30","BURLINGTON PIERS (AUT)","6151061","2024-05-22 18:00","2024","05","22","18:00","","27.7","","","M","","M","","","20","","28","","","","99.61","","","","","","NA"
"-79.80","43.30","BURLINGTON PIERS (AUT)","6151061","2024-05-22 19:00","2024","05","22","19:00","","27.0","","","M","","M","","","19","","23","","","","99.58","","","","","","NA"
"-79.80","43.30","BURLINGTON PIERS (AUT)","6151061","2024-05-22 20:00","2024","05","22","20:00","","25.4","","","M","","M","","","18","","25","","","","99.62","","","","","","NA"
"-79.80","43.30","BURLINGTON PIERS (AUT)","6151061","2024-05-22 21:00","2024","05","22","21:00","","25.1","","","M","","M","","","19","","22","","","","99.60","","","","","","NA"
"-79.80","43.30","BURLINGTON PIERS (AUT)","6151061","2024-05-22 22:00","2024","05","22","22:00","","25.1","","","M","","M","","","20","","23","","","","99.75","","","","","","NA"
"-79.80","43.30","BURLINGTON PIERS (AUT)","6151061","2024-05-22 23:00","2024","05","22","23:00","","23.4","","","M","","M","","","29","","25","","","","99.93","","","","","","NA"
"-79.80","43.30","BURLINGTON PIERS (AUT)","6151061","2024-05-23 00:00","2024","05","23","00:00","","18.9","","","M","","M","","","27","","10","","","","100.14","","","","","","NA"
"-79.80","43.30","BURLINGTON PIERS (AUT)","6151061","2024-05-23 01:00","2024","05","23","01:00","","18.8","","","M","","M","","","24","","5","","","","100.12","","","","","","NA"
"-79.80","43.30","BURLINGTON PIERS (AUT)","6151061","2024-05-23 02:00","2024","05","23","02:00","","18.1","","","M","","M","","","28","","5","","","","100.08","","","","","","NA"
"-79.80","43.30","BURLINGTON PIERS (AUT)","6151061","2024-05-23 03:00","2024","05","23","03:00","","18.0","","","M","","M","","","20","","6","","","","100.14","","","","","","NA"
"-79.80","43.30","BURLINGTON PIERS (AUT)","6151061","2024-05-23 04:00","2024","05","23","04:00","","18.5","","","M","","M","","","21","","10","","","","100.21","","","","","","NA"
"-79.80","43.30","BURLINGTON PIERS (AUT)","6151061","2024-05-23 05:00","2024","05","23","05:00","","17.8","","","M","","M","","","21","","8","","","","100.23","","","","","","NA"
"-79.80","43.30","BURLINGTON PIERS (AUT)","6151061","2024-05-23 06:00","2024","05","23","06:00","","17.1","","","M","","M","","","22","","7","","","","100.31","","","","","","NA"
"-79.80","43.30","BURLINGTON PIERS (AUT)","6151061","2024-05-23 07:00","2024","05","23","07:00","","18.2","","","M","","M","","","21","","7","","","","100.37","","","","","","NA"
"-79.80","43.30","BURLINGTON PIERS (AUT)","6151061","2024-05-23 08:00","2024","05","23","08:00","","19.2","","","M","","M","","","24","","9","","","","100.43","","","","","","NA"
"-79.80","43.30","BURLINGTON PIERS (AUT)","6151061","2024-05-23 09:00","2024","05","23","09:00","","19.8","","","M","","M","","","22","","10","","","","100.43","","","","","","NA"
"-79.80","43.30","BURLINGTON PIERS (AUT)","6151061","2024-05-23 10:00","2024","05","23","10:00","","21.3","","","M","","M","","","22","","10","","","","100.40","","","","","","NA"
"-79.80","43.30","BURLINGTON PIERS (AUT)","6151061","2024-05-23 11:00","2024","05","23","11:00","","22.4","","","M","","M","","","21","","12","","","","100.37","","","","","","NA"
"-79.80","43.30","BURLINGTON PIERS (AUT)","6151061","2024-05-23 12:00","2024","05","23","12:00","","23.2","","","M","","M","","","21","","10","","","","100.29","","","","","","NA"
"-79.80","43.30","BURLINGTON PIERS (AUT)","6151061","2024-05-23 13:00","2024","05","23","13:00","","24.0","","","M","","M","","","22","","15","","","","100.27","","","","","","NA"
"-79.80","43.30","BURLINGTON PIERS (AUT)","6151061","2024-05-23 14:00","2024","05","23","14:00","","23.7","","","M","","M","","","18","","20","","","","100.23","","","","","","NA"
"-79.80","43.30","BURLINGTON PIERS (AUT)","6151061","2024-05-23 15:00","2024","05","23","15:00","","24.3","","","M","","M","","","22","","21","","","","100.19","","","","","","NA"
"-79.80","43.30","BURLINGTON PIERS (AUT)","6151061","2024-05-23 16:00","2024","05","23","16:00","","24.5","","","M","","M","","","21","","20","","","","100.16","","","","","","NA"
"-79.80","43.30","BURLINGTON PIERS (AUT)","6151061","2024-05-23 17:00","2024","05","23","17:00","","24.5","","","M","","M","","","23","","14","","","","100.16","","","","","","NA"
"-79.80","43.30","BURLINGTON PIERS (AUT)","6151061","2024-05-23 18:00","2024","05","23","18:00","","24.1","","","M","","M","","","22","","14","","","","100.15","","","","","","NA"
"-79.80","43.30","BURLINGTON PIERS (AUT)","6151061","2024-05-23 19:00","2024","05","23","19:00","","24.0","","","M","","M","","","21","","16","","","","100.12","","","","","","NA"
"-79.80","43.30","BURLINGTON PIERS (AUT)","6151061","2024-05-23 20:00","2024","05","23","20:00","","22.8","","","M","","M","","","21","","11","","","","100.15","","","","","","NA"
"-79.80","43.30","BURLINGTON PIERS (AUT)","6151061","2024-05-23 21:00","2024","05","23","21:00","","20.8","","","M","","M","","","29","","5","","","","100.20","","","","","","NA"
"-79.80","43.30","BURLINGTON PIERS (AUT)","6151061","2024-05-23 22:00","2024","05","23","22:00","","20.5","","","M","","M","","","25","","6","","","","100.21","","","","","","NA"
"-79.80","43.30","BURLINGTON PIERS (AUT)","6151061","2024-05-23 23:00","2024","05","23","23:00","","19.2","","","M","","M","","","25","","7","","","","100.21","","","","","","NA"
"-79.80","43.30","BURLINGTON PIERS (AUT)","6151061","2024-05-24 00:00","2024","05","24","00:00","","18.1","","","M","","M","","","26","","8","","","","100.20","","","","","","NA"
"-79.80","43.30","BURLINGTON PIERS (AUT)","6151061","2024-05-24 01:00","2024","05","24","01:00","","17.7","","","M","","M","","","24","","7","","","","100.17","","","","","","NA"
"-79.80","43.30","BURLINGTON PIERS (AUT)","6151061","2024-05-24 02:00","2024","05","24","02:00","","17.5","","","M","","M","","","25","","9","","","","100.17","","","","","","NA"
"-79.80","43.30","BURLINGTON PIERS (AUT)","6151061","2024-05-24 03:00","2024","05","24","03:00","","17.3","","","M","","M","","","23","","10","","","","100.16","","","","","","NA"
"-79.80","43.30","BURLINGTON PIERS (AUT)","6151061","2024-05-24 04:00","2024","05","24","04:00","","16.7","","","M","","M","","","23","","10","","","","100.16","","","","","","NA"
"-79.80","43.30","BURLINGTON PIERS (AUT)","6151061","2024-05-24 05:00","2024","05","24","05:00","","16.5","","","M","","M","","","23","","6","","","","100.20","","","","","","NA"
"-79.80","43.30","BURLINGTON PIERS (AUT)","6151061","2024-05-24 06:00","2024","05","24","06:00","","17.0","","","M","","M","","","26","","4","","","","100.26","","","","","","NA"
"-79.80","43.30","BURLINGTON PIERS (AUT)","6151061","2024-05-24 07:00","2024","05","24","07:00","","16.9","","","M","","M","","","21","","3","","","","100.32","","","","","","NA"
"-79.80","43.30","BURLINGTON PIERS (AUT)","6151061","2024-05-24 08:00","2024","05","24","08:00","","17.2","","","M","","M","","","20","","6","","","","100.31","","","","","","NA"
"-79.80","43.30","BURLINGTON PIERS (AUT)","6151061","2024-05-24 09:00","2024","05","24","09:00","","15.0","","","M","","M","","","11","","8","","","","100.27","","","","","","NA"
"-79.80","43.30","BURLINGTON PIERS (AUT)","6151061","2024-05-24 10:00","2024","05","24","10:00","","15.9","","","M","","M","","","10","","11","","","","100.24","","","","","","NA"
"-79.80","43.30","BURLINGTON PIERS (AUT)","6151061","2024-05-24 11:00","2024","05","24","11:00","","21.8","","","M","","M","","","22","","12","","","","100.24","","","","","","NA"
"-79.80","43.30","BURLINGTON PIERS (AUT)","6151061","2024-05-24 12:00","2024","05","24","12:00","","23.5","","","M","","M","","","22","","14","","","","100.25","","","","","","NA"
"-79.80","43.30","BURLINGTON PIERS (AUT)","6151061","2024-05-24 13:00","2024","05","24","13:00","","25.1","","","M","","M","","","24","","13","","","","100.24","","","","","","NA"
"-79.80","43.30","BURLINGTON PIERS (AUT)","6151061","2024-05-24 14:00","2024","05","24","14:00","","25.5","","","M","","M","","","27","","12","","","","100.18","","","","","","NA"
"-79.80","43.30","BURLINGTON PIERS (AUT)","6151061","2024-05-24 15:00","2024","05","24","15:00","","25.6","","","M","","M","","","26","","8","","","","100.09","","","","","","NA"
"-79.80","43.30","BURLINGTON PIERS (AUT)","6151061","2024-05-24 16:00","2024","05","24","16:00","","25.9","","","M","","M","","","28","","11","","","","100.15","","","","","","NA"
"-79.80","43.30","BURLINGTON PIERS (AUT)","6151061","2024-05-24 17:00","2024","05","24","17:00","","25.7","","","M","","M","","","30","","15","","","","100.13","","","","","","NA"
"-79.80","43.30","BURLINGTON PIERS (AUT)","6151061","2024-05-24 18:00","2024","05","24","18:00","","25.7","","","M","","M","","","30","","13","","","","100.09","","","","","","NA"
"-79.80","43.30","BURLINGTON PIERS (AUT)","6151061","2024-05-24 19:00","2024","05","24","19:00","","24.8","","","M","","M","","","32","","21","","","","100.11","","","","","","NA"
"-79.80","43.30","BURLINGTON PIERS (AUT)","6151061","2024-05-24 20:00","2024","05","24","20:00","","23.4","","","M","","M","","","31","","14","","","","100.14","","","","","","NA"
"-79.80","43.30","BURLINGTON PIERS (AUT)","6151061","2024-05-24 21:00","2024","05","24","21:00","","15.1","","","M","","M","","","3","","10","","","","100.19","","","","","","NA"
"-79.80","43.30","BURLINGTON PIERS (AUT)","6151061","2024-05-24 22:00","2024","05","24","22:00","","16.4","","","M","","M","","","3","","20","","","","100.19","","","","","","NA"
"-79.80","43.30","BURLINGTON PIERS (AUT)","6151061","2024-05-24 23:00","2024","05","24","23:00","","15.7","","","M","","M","","","4","","12","","","","100.19","","","","","","NA"
"-79.80","43.30","BURLINGTON PIERS (AUT)","6151061","2024-05-25 00:00","2024","05","25","00:00","","15.1","","","M","","M","","","7","","11","","","","100.23","","","","","","NA"
"-79.80","43.30","BURLINGTON PIERS (AUT)","6151061","2024-05-25 01:00","2024","05","25","01:00","","15.3","","","M","","M","","","6","","10","","","","100.23","","","","","","NA"
"-79.80","43.30","BURLINGTON PIERS (AUT)","6151061","2024-05-25 02:00","2024","05","25","02:00","","15.1","","","M","","M","","","3","","10","","","","100.19","","","","","","NA"
"-79.80","43.30","BURLINGTON PIERS (AUT)","6151061","2024-05-25 03:00","2024","05","25","03:00","","14.7","","","M","","M","","","1","","7","","","","100.15","","","","","","NA"
"-79.80","43.30","BURLINGTON PIERS (AUT)","6151061","2024-05-25 04:00","2024","05","25","04:00","","14.8","","","M","","M","","","1","","15","","","","100.08","","","","","","NA"
"-79.80","43.30","BURLINGTON PIERS (AUT)","6151061","2024-05-25 05:00","2024","05","25","05:00","","13.8","","","M","","M","","","2","","16","","","","100.07","","","","","","NA"
"-79.80","43.30","BURLINGTON PIERS (AUT)","6151061","2024-05-25 06:00","2024","05","25","06:00","","14.5","","","M","","M","","","1","","20","","","","100.08","","","","","","NA"
"-79.80","43.30","BURLINGTON PIERS (AUT)","6151061","2024-05-25 07:00","2024","05","25","07:00","","14.1","","","M","","M","","","3","","21","","","","100.12","","","","","","NA"
"-79.80","43.30","BURLINGTON PIERS (AUT)","6151061","2024-05-25 08:00","2024","05","25","08:00","","13.9","","","M","","M","","","2","","23","","","","100.17","","","","","","NA"
"-79.80","43.30","BURLINGTON PIERS (AUT)","6151061","2024-05-25 09:00","2024","05","25","09:00","","13.6","","","M","","M","","","2","","27","","","","100.11","","","","","","NA"
"-79.80","43.30","BURLINGTON PIERS (AUT)","6151061","2024-05-25 10:00","2024","05","25","10:00","","13.5","","","M","","M","","","2","","13","","","","100.21","","","","","","NA"
"-79.80","43.30","BURLINGTON PIERS (AUT)","6151061","2024-05-25 11:00","2024","05","25","11:00","","12.6","","","M","","M","","","5","","15","","","","100.22","","","","","","NA"
"-79.80","43.30","BURLINGTON PIERS (AUT)","6151061","2024-05-25 12:00","2024","05","25","12:00","","13.3","","","M","","M","","","5","","13","","","","100.03","","","","","","NA"
"-79.80","43.30","BURLINGTON PIERS (AUT)","6151061","2024-05-25 13:00","2024","05","25","13:00","","13.4","","","M","","M","","","5","","13","","","","99.97","","","","","","NA"
"-79.80","43.30","BURLINGTON PIERS (AUT)","6151061","2024-05-25 14:00","2024","05","25","14:00","","14.6","","","M","","M","","","34","","13","","","","100.08","","","","","","NA"
"-79.80","43.30","BURLINGTON PIERS (AUT)","6151061","2024-05-25 15:00","2024","05","25","15:00","","15.5","","","M","","M","","","8","","4","","","","100.09","","","","","","NA"
"-79.80","43.30","BURLINGTON PIERS (AUT)","6151061","2024-05-25 16:00","2024","05","25","16:00","","14.7","","","M","","M","","","5","","9","","","","100.07","","","","","","NA"
"-79.80","43.30","BURLINGTON PIERS (AUT)","6151061","2024-05-25 17:00","2024","05","25","17:00","","14.5","","","M","","M","","","7","","13","","","","100.05","","","","","","NA"
"-79.80","43.30","BURLINGTON PIERS (AUT)","6151061","2024-05-25 18:00","2024","05","25","18:00","","14.5","","","M","","M","","","6","","9","","","","100.05","","","","","","NA"
"-79.80","43.30","BURLINGTON PIERS (AUT)","6151061","2024-05-25 19:00","2024","05","25","19:00","","14.3","","","M","","M","","","8","","5","","","","100.09","","","","","","NA"
"-79.80","43.30","BURLINGTON PIERS (AUT)","6151061","2024-05-25 20:00","2024","05","25","20:00","","14.0","","","M","","M","","","4","","7","","","","100.10","","","","","","NA"
"-79.80","43.30","BURLINGTON PIERS (AUT)","6151061","2024-05-25 21:00","2024","05","25","21:00","","13.9","","","M","","M","","","2","","5","","","","100.18","","","","","","NA"
"-79.80","43.30","BURLINGTON PIERS (AUT)","6151061","2024-05-25 22:00","2024","05","25","22:00","","14.4","","","M","","M","","","","","0","","","","100.24","","","","","","NA"
"-79.80","43.30","BURLINGTON PIERS (AUT)","6151061","2024-05-25 23:00","2024","05","25","23:00","","14.6","","","M","","M","","","29","","5","","","","100.26","","","","","","NA"
"-79.80","43.30","BURLINGTON PIERS (AUT)","6151061","2024-05-26 00:00","2024","05","26","00:00","","14.8","","","M","","M","","","24","","9","","","","100.28","","","","","","NA"
"-79.80","43.30","BURLINGTON PIERS (AUT)","6151061","2024-05-26 01:00","2024","05","26","01:00","","13.9","","","M","","M","","","7","","4","","","","100.30","","","","","","NA"
"-79.80","43.30","BURLINGTON PIERS (AUT)","6151061","2024-05-26 02:00","2024","05","26","02:00","","13.5","","","M","","M","","","","","0","","","","100.32","","","","","","NA"
"-79.80","43.30","BURLINGTON PIERS (AUT)","6151061","2024-05-26 03:00","2024","05","26","03:00","","13.7","","","M","","M","","","","","0","","","","100.36","","","","","","NA"
"-79.80","43.30","BURLINGTON PIERS (AUT)","6151061","2024-05-26 04:00","2024","05","26","04:00","","13.7","","","M","","M","","","","","0","","","","100.34","","","","","","NA"
"-79.80","43.30","BURLINGTON PIERS (AUT)","6151061","2024-05-26 05:00","2024","05","26","05:00","","13.7","","","M","","M","","","35","","9","","","","100.42","","","","","","NA"
"-79.80","43.30","BURLINGTON PIERS (AUT)","6151061","2024-05-26 06:00","2024","05","26","06:00","","13.8","","","M","","M","","","7","","7","","","","100.45","","","","","","NA"
"-79.80","43.30","BURLINGTON PIERS (AUT)","6151061","2024-05-26 07:00","2024","05","26","07:00","","13.0","","","M","","M","","","4","","14","","","","100.47","","","","","","NA"
"-79.80","43.30","BURLINGTON PIERS (AUT)","6151061","2024-05-26 08:00","2024","05","26","08:00","","12.9","","","M","","M","","","5","","11","","","","100.53","","","","","","NA"
"-79.80","43.30","BURLINGTON PIERS (AUT)","6151061","2024-05-26 09:00","2024","05","26","09:00","","13.7","","","M","","M","","","4","","5","","","","100.52","","","","","","NA"
"-79.80","43.30","BURLINGTON PIERS (AUT)","6151061","2024-05-26 10:00","2024","05","26","10:00","","13.9","","","M","","M","","","10","","13","","","","100.53","","","","","","NA"
"-79.80","43.30","BURLINGTON PIERS (AUT)","6151061","2024-05-26 11:00","2024","05","26","11:00","","14.1","","","M","","M","","","10","","10","","","","100.53","","","","","","NA"
"-79.80","43.30","BURLINGTON PIERS (AUT)","6151061","2024-05-26 12:00","2024","05","26","12:00","","14.3","","","M","","M","","","11","","16","","","","100.49","","","","","","NA"
"-79.80","43.30","BURLINGTON PIERS (AUT)","6151061","2024-05-26 13:00","2024","05","26","13:00","","13.7","","","M","","M","","","11","","14","","","","100.46","","","","","","NA"
"-79.80","43.30","BURLINGTON PIERS (AUT)","6151061","2024-05-26 14:00","2024","05","26","14:00","","13.8","","","M","","M","","","6","","8","","","","100.36","","","","","","NA"
"-79.80","43.30","BURLINGTON PIERS (AUT)","6151061","2024-05-26 15:00","2024","05","26","15:00","","15.0","","","M","","M","","","7","","7","","","","100.27","","","","","","NA"
"-79.80","43.30","BURLINGTON PIERS (AUT)","6151061","2024-05-26 16:00","2024","05","26","16:00","","15.3","","","M","","M","","","8","","15","","","","100.17","","","","","","NA"
"-79.80","43.30","BURLINGTON PIERS (AUT)","6151061","2024-05-26 17:00","2024","05","26","17:00","","14.9","","","M","","M","","","9","","12","","","","100.13","","","","","","NA"
"-79.80","43.30","BURLINGTON PIERS (AUT)","6151061","2024-05-26 18:00","2024","05","26","18:00","","15.1","","","M","","M","","","3","","14","","","","100.01","","","","","","NA"
"-79.80","43.30","BURLINGTON PIERS (AUT)","6151061","2024-05-26 19:00","2024","05","26","19:00","","14.9","","","M","","M","","","3","","15","","","","99.90","","","","","","NA"
"-79.80","43.30","BURLINGTON PIERS (AUT)","6151061","2024-05-26 20:00","2024","05","26","20:00","","15.2","","","M","","M","","","2","","20","","","","99.83","","","","","","NA"
"-79.80","43.30","BURLINGTON PIERS (AUT)","6151061","2024-05-26 21:00","2024","05","26","21:00","","15.5","","","M","","M","","","2","","29","","","","99.69","","","","","","NA"
"-79.80","43.30","BURLINGTON PIERS (AUT)","6151061","2024-05-26 22:00","2024","05","26","22:00","","15.3","","","M","","M","","","2","","31","","","","99.57","","","","","","NA"
"-79.80","43.30","BURLINGTON PIERS (AUT)","6151061","2024-05-26 23:00","2024","05","26","23:00","","16.0","","","M","","M","","","3","","17","","","","99.52","","","","","","NA"
"-79.80","43.30","BURLINGTON PIERS (AUT)","6151061","2024-05-27 00:00","2024","05","27","00:00","","16.3","","","M","","M","","","2","","18","","","","99.30","","","","","","NA"
"-79.80","43.30","BURLINGTON PIERS (AUT)","6151061","2024-05-27 01:00","2024","05","27","01:00","","15.9","","","M","","M","","","13","","18","","","","99.20","","","","","","NA"
"-79.80","43.30","BURLINGTON PIERS (AUT)","6151061","2024-05-27 02:00","2024","05","27","02:00","","19.2","","","M","","M","","","16","","35","","","","99.01","","","","","","NA"
"-79.80","43.30","BURLINGTON PIERS (AUT)","6151061","2024-05-27 03:00","2024","05","27","03:00","","19.7","","","M","","M","","","17","","23","","","","99.01","","","","","","NA"
"-79.80","43.30","BURLINGTON PIERS (AUT)","6151061","2024-05-27 04:00","2024","05","27","04:00","","19.6","","","M","","M","","","18","","20","","","","99.03","","","","","","NA"
"-79.80","43.30","BURLINGTON PIERS (AUT)","6151061","2024-05-27 05:00","2024","05","27","05:00","","19.5","","","M","","M","","","18","","20","","","","99.09","","","","","","NA"
"-79.80","43.30","BURLINGTON PIERS (AUT)","6151061","2024-05-27 06:00","2024","05","27","06:00","","19.5","","","M","","M","","","18","","20","","","","99.06","","","","","","NA"
"-79.80","43.30","BURLINGTON PIERS (AUT)","6151061","2024-05-27 07:00","2024","05","27","07:00","","19.6","","","M","","M","","","18","","20","","","","99.06","","","","","","NA"
"-79.80","43.30","BURLINGTON PIERS (AUT)","6151061","2024-05-27 08:00","2024","05","27","08:00","","19.0","","","M","","M","","","16","","12","","","","98.97","","","","","","NA"
"-79.80","43.30","BURLINGTON PIERS (AUT)","6151061","2024-05-27 09:00","2024","05","27","09:00","","18.6","","","M","","M","","","16","","24","","","","98.92","","","","","","NA"
"-79.80","43.30","BURLINGTON PIERS (AUT)","6151061","2024-05-27 10:00","2024","05","27","10:00","","18.5","","","M","","M","","","19","","15","","","","98.92","","","","","","NA"
"-79.80","43.30","BURLINGTON PIERS (AUT)","6151061","2024-05-27 11:00","2024","05","27","11:00","","19.2","","","M","","M","","","20","","19","","","","98.89","","","","","","NA"
"-79.80","43.30","BURLINGTON PIERS (AUT)","6151061","2024-05-27 12:00","2024","05","27","12:00","","20.1","","","M","","M","","","21","","19","","","","98.95","","","","","","NA"
"-79.80","43.30","BURLINGTON PIERS (AUT)","6151061","2024-05-27 13:00","2024","05","27","13:00","","21.9","","","M","","M","","","21","","21","","","","98.96","","","","","","NA"
"-79.80","43.30","BURLINGTON PIERS (AUT)","6151061","2024-05-27 14:00","2024","05","27","14:00","","23.0","","","M","","M","","","22","","22","","","","98.93","","","","","","NA"
"-79.80","43.30","BURLINGTON PIERS (AUT)","6151061","2024-05-27 15:00","2024","05","27","15:00","","24.1","","","M","","M","","","21","","24","","","","98.86","","","","","","NA"
"-79.80","43.30","BURLINGTON PIERS (AUT)","6151061","2024-05-27 16:00","2024","05","27","16:00","","23.0","","","M","","M","","","21","","37","","","","98.93","","","","","","NA"
"-79.80","43.30","BURLINGTON PIERS (AUT)","6151061","2024-05-27 17:00","2024","05","27","17:00","","21.4","","","M","","M","","","22","","37","","","","98.97","","","","","","NA"
"-79.80","43.30","BURLINGTON PIERS (AUT)","6151061","2024-05-27 18:00","2024","05","27","18:00","","20.0","","","M","","M","","","22","","21","","","","99.09","","","","","","NA"
"-79.80","43.30","BURLINGTON PIERS (AUT)","6151061","2024-05-27 19:00","2024","05","27","19:00","","19.4","","","M","","M","","","22","","17","","","","99.17","","","","","","NA"
"-79.80","43.30","BURLINGTON PIERS (AUT)","6151061","2024-05-27 20:00","2024","05","27","20:00","","17.9","","","M","","M","","","23","","13","","","","99.24","","","","","","NA"
"-79.80","43.30","BURLINGTON PIERS (AUT)","6151061","2024-05-27 21:00","2024","05","27","21:00","","16.9","","","M","","M","","","23","","12","","","","99.35","","","","","","NA"
"-79.80","43.30","BURLINGTON PIERS (AUT)","6151061","2024-05-27 22:00","2024","05","27","22:00","","16.8","","","M","","M","","","23","","14","","","","99.40","","","","","","NA"
"-79.80","43.30","BURLINGTON PIERS (AUT)","6151061","2024-05-27 23:00","2024","05","27","23:00","","16.8","","","M","","M","","","24","","9","","","","99.43","","","","","","NA"
"-79.80","43.30","BURLINGTON PIERS (AUT)","6151061","2024-05-28 00:00","2024","05","28","00:00","","16.8","","","M","","M","","","22","","11","","","","99.44","","","","","","NA"
"-79.80","43.30","BURLINGTON PIERS (AUT)","6151061","2024-05-28 01:00","2024","05","28","01:00","","16.7","","","M","","M","","","23","","12","","","","99.43","","","","","","NA"
"-79.80","43.30","BURLINGTON PIERS (AUT)","6151061","2024-05-28 02:00","2024","05","28","02:00","","16.2","","","M","","M","","","26","","10","","","","99.46","","","","","","NA"
"-79.80","43.30","BURLINGTON PIERS (AUT)","6151061","2024-05-28 03:00","2024","05","28","03:00","","15.9","","","M","","M","","","25","","13","","","","99.49","","","","","","NA"
"-79.80","43.30","BURLINGTON PIERS (AUT)","6151061","2024-05-28 04:00","2024","05","28","04:00","","16.0","","","M","","M","","","25","","14","","","","99.56","","","","","","NA"
"-79.80","43.30","BURLINGTON PIERS (AUT)","6151061","2024-05-28 05:00","2024","05","28","05:00","","16.0","","","M","","M","","","25","","16","","","","99.62","","","","","","NA"
"-79.80","43.30","BURLINGTON PIERS (AUT)","6151061","2024-05-28 06:00","2024","05","28","06:00","","16.1","","","M","","M","","","25","","13","","","","99.69","","","","","","NA"
"-79.80","43.30","BURLINGTON PIERS (AUT)","6151061","2024-05-28 07:00","2024","05","28","07:00","","16.4","","","M","","M","","","26","","8","","","","99.77","","","","","","NA"
"-79.80","43.30","BURLINGTON PIERS (AUT)","6151061","2024-05-28 08:00","2024","05","28","08:00","","17.1","","","M","","M","","","28","","13","","","","99.81","","","","","","NA"
"-79.80","43.30","BURLINGTON PIERS (AUT)","6151061","2024-05-28 09:00","2024","05","28","09:00","","17.1","","","M","","M","","","28","","15","","","","99.87","","","","","","NA"
"-79.80","43.30","BURLINGTON PIERS (AUT)","6151061","2024-05-28 10:00","2024","05","28","10:00","","16.9","","","M","","M","","","28","","17","","","","99.92","","","","","","NA"
"-79.80","43.30","BURLINGTON PIERS (AUT)","6151061","2024-05-28 11:00","2024","05","28","11:00","","17.0","","","M","","M","","","26","","10","","","","99.98","","","","","","NA"
"-79.80","43.30","BURLINGTON PIERS (AUT)","6151061","2024-05-28 12:00","2024","05","28","12:00","","16.8","","","M","","M","","","25","","13","","","","100.00","","","","","","NA"
"-79.80","43.30","BURLINGTON PIERS (AUT)","6151061","2024-05-28 13:00","2024","05","28","13:00","","17.8","","","M","","M","","","26","","13","","","","100.01","","","","","","NA"
"-79.80","43.30","BURLINGTON PIERS (AUT)","6151061","2024-05-28 14:00","2024","05","28","14:00","","18.4","","","M","","M","","","26","","14","","","","100.04","","","","","","NA"
"-79.80","43.30","BURLINGTON PIERS (AUT)","6151061","2024-05-28 15:00","2024","05","28","15:00","","19.5","","","M","","M","","","25","","12","","","","100.07","","","","","","NA"
"-79.80","43.30","BURLINGTON PIERS (AUT)","6151061","2024-05-28 16:00","2024","05","28","16:00","","19.6","","","M","","M","","","24","","12","","","","100.06","","","","","","NA"
"-79.80","43.30","BURLINGTON PIERS (AUT)","6151061","2024-05-28 17:00","2024","05","28","17:00","","20.1","","","M","","M","","","28","","13","","","","100.10","","","","","","NA"
"-79.80","43.30","BURLINGTON PIERS (AUT)","6151061","2024-05-28 18:00","2024","05","28","18:00","","14.2","","","M","","M","","","2","","26","","","","100.18","","","","","","NA"
"-79.80","43.30","BURLINGTON PIERS (AUT)","6151061","2024-05-28 19:00","2024","05","28","19:00","","13.8","","","M","","M","","","14","","20","","","","100.26","","","","","","NA"
"-79.80","43.30","BURLINGTON PIERS (AUT)","6151061","2024-05-28 20:00","2024","05","28","20:00","","14.7","","","M","","M","","","20","","9","","","","100.32","","","","","","NA"
"-79.80","43.30","BURLINGTON PIERS (AUT)","6151061","2024-05-28 21:00","2024","05","28","21:00","","14.9","","","M","","M","","","23","","10","","","","100.38","","","","","","NA"
"-79.80","43.30","BURLINGTON PIERS (AUT)","6151061","2024-05-28 22:00","2024","05","28","22:00","","14.5","","","M","","M","","","23","","9","","","","100.41","","","","","","NA"
"-79.80","43.30","BURLINGTON PIERS (AUT)","6151061","2024-05-28 23:00","2024","05","28","23:00","","14.5","","","M","","M","","","24","","12","","","","100.39","","","","","","NA"
"-79.80","43.30","BURLINGTON PIERS (AUT)","6151061","2024-05-29 00:00","2024","05","29","00:00","","14.7","","","M","","M","","","26","","7","","","","100.36","","","","","","NA"
"-79.80","43.30","BURLINGTON PIERS (AUT)","6151061","2024-05-29 01:00","2024","05","29","01:00","","14.2","","","M","","M","","","27","","5","","","","100.37","","","","","","NA"
"-79.80","43.30","BURLINGTON PIERS (AUT)","6151061","2024-05-29 02:00","2024","05","29","02:00","","14.1","","","M","","M","","","24","","12","","","","100.40","","","","","","NA"
"-79.80","43.30","BURLINGTON PIERS (AUT)","6151061","2024-05-29 03:00","2024","05","29","03:00","","14.1","","","M","","M","","","26","","6","","","","100.41","","","","","","NA"
"-79.80","43.30","BURLINGTON PIERS (AUT)","6151061","2024-05-29 04:00","2024","05","29","04:00","","14.7","","","M","","M","","","26","","4","","","","100.44","","","","","","NA"
"-79.80","43.30","BURLINGTON PIERS (AUT)","6151061","2024-05-29 05:00","2024","05","29","05:00","","14.3","","","M","","M","","","34","","6","","","","100.50","","","","","","NA"
"-79.80","43.30","BURLINGTON PIERS (AUT)","6151061","2024-05-29 06:00","2024","05","29","06:00","","14.1","","","M","","M","","","35","","11","","","","100.54","","","","","","NA"
"-79.80","43.30","BURLINGTON PIERS (AUT)","6151061","2024-05-29 07:00","2024","05","29","07:00","","14.6","","","M","","M","","","36","","16","","","","100.60","","","","","","NA"
"-79.80","43.30","BURLINGTON PIERS (AUT)","6151061","2024-05-29 08:00","2024","05","29","08:00","","14.8","","","M","","M","","","4","","12","","","","100.66","","","","","","NA"
"-79.80","43.30","BURLINGTON PIERS (AUT)","6151061","2024-05-29 09:00","2024","05","29","09:00","","14.1","","","M","","M","","","6","","11","","","","100.70","","","","","","NA"
"-79.80","43.30","BURLINGTON PIERS (AUT)","6151061","2024-05-29 10:00","2024","05","29","10:00","","13.8","","","M","","M","","","8","","11","","","","100.73","","","","","","NA"
"-79.80","43.30","BURLINGTON PIERS (AUT)","6151061","2024-05-29 11:00","2024","05","29","11:00","","13.7","","","M","","M","","","8","","15","","","","100.74","","","","","","NA"
"-79.80","43.30","BURLINGTON PIERS (AUT)","6151061","2024-05-29 12:00","2024","05","29","12:00","","13.9","","","M","","M","","","11","","13","","","","100.72","","","","","","NA"
"-79.80","43.30","BURLINGTON PIERS (AUT)","6151061","2024-05-29 13:00","2024","05","29","13:00","","13.9","","","M","","M","","","10","","12","","","","100.69","","","","","","NA"
"-79.80","43.30","BURLINGTON PIERS (AUT)","6151061","2024-05-29 14:00","2024","05","29","14:00","","14.3","","","M","","M","","","10","","13","","","","100.66","","","","","","NA"
"-79.80","43.30","BURLINGTON PIERS (AUT)","6151061","2024-05-29 15:00","2024","05","29","15:00","","14.9","","","M","","M","","","10","","14","","","","100.66","","","","","","NA"
"-79.80","43.30","BURLINGTON PIERS (AUT)","6151061","2024-05-29 16:00","2024","05","29","16:00","","15.6","","","M","","M","","","9","","9","","","","100.71","","","","","","NA"
"-79.80","43.30","BURLINGTON PIERS (AUT)","6151061","2024-05-29 17:00","2024","05","29","17:00","","17.1","","","M","","M","","","2","","3","","","","100.73","","","","","","NA"
"-79.80","43.30","BURLINGTON PIERS (AUT)","6151061","2024-05-29 18:00","2024","05","29","18:00","","17.9","","","M","","M","","","36","","28","","","","100.72","","","","","","NA"
"-79.80","43.30","BURLINGTON PIERS (AUT)","6151061","2024-05-29 19:00","2024","05","29","19:00","","17.4","","","M","","M","","","34","","27","","","","100.76","","","","","","NA"
"-79.80","43.30","BURLINGTON PIERS (AUT)","6151061","2024-05-29 20:00","2024","05","29","20:00","","16.2","","","M","","M","","","33","","19","","","","100.78","","","","","","NA"
"-79.80","43.30","BURLINGTON PIERS (AUT)","6151061","2024-05-29 21:00","2024","05","29","21:00","","14.9","","","M","","M","","","33","","19","","","","100.83","","","","","","NA"
"-79.80","43.30","BURLINGTON PIERS (AUT)","6151061","2024-05-29 22:00","2024","05","29","22:00","","14.0","","","M","","M","","","31","","16","","","","100.84","","","","","","NA"
"-79.80","43.30","BURLINGTON PIERS (AUT)","6151061","2024-05-29 23:00","2024","05","29","23:00","","13.6","","","M","","M","","","33","","26","","","","100.86","","","","","","NA"
"-79.80","43.30","BURLINGTON PIERS (AUT)","6151061","2024-05-30 00:00","2024","05","30","00:00","","13.1","","","M","","M","","","33","","26","","","","100.88","","","","","","NA"
"-79.80","43.30","BURLINGTON PIERS (AUT)","6151061","2024-05-30 01:00","2024","05","30","01:00","","12.3","","","M","","M","","","33","","21","","","","100.94","","","","","","NA"
"-79.80","43.30","BURLINGTON PIERS (AUT)","6151061","2024-05-30 02:00","2024","05","30","02:00","","11.9","","","M","","M","","","32","","18","","","","100.97","","","","","","NA"
"-79.80","43.30","BURLINGTON PIERS (AUT)","6151061","2024-05-30 03:00","2024","05","30","03:00","","11.8","","","M","","M","","","32","","22","","","","101.00","","","","","","NA"
"-79.80","43.30","BURLINGTON PIERS (AUT)","6151061","2024-05-30 04:00","2024","05","30","04:00","","11.6","","","M","","M","","","33","","22","","","","101.06","","","","","","NA"
"-79.80","43.30","BURLINGTON PIERS (AUT)","6151061","2024-05-30 05:00","2024","05","30","05:00","","11.3","","","M","","M","","","33","","23","","","","101.11","","","","","","NA"
"-79.80","43.30","BURLINGTON PIERS (AUT)","6151061","2024-05-30 06:00","2024","05","30","06:00","","12.1","","","M","","M","","","32","","19","","","","101.16","","","","","","NA"
"-79.80","43.30","BURLINGTON PIERS (AUT)","6151061","2024-05-30 07:00","2024","05","30","07:00","","12.8","","","M","","M","","","34","","21","","","","101.21","","","","","","NA"
"-79.80","43.30","BURLINGTON PIERS (AUT)","6151061","2024-05-30 08:00","2024","05","30","08:00","","14.0","","","M","","M","","","34","","18","","","","101.24","","","","","","NA"
"-79.80","43.30","BURLINGTON PIERS (AUT)","6151061","2024-05-30 09:00","2024","05","30","09:00","","14.6","","","M","","M","","","35","","18","","","","101.25","","","","","","NA"
"-79.80","43.30","BURLINGTON PIERS (AUT)","6151061","2024-05-30 10:00","2024","05","30","10:00"
"-79.80","43.30","BURLINGTON PIERS (AUT)","6151061","2024-05-30 11:00","2024","05","30","11:00"
"-79.80","43.30","BURLINGTON PIERS (AUT)","6151061","2024-05-30 12:00","2024","05","30","12:00"
"-79.80","43.30","BURLINGTON PIERS (AUT)","6151061","2024-05-30 13:00","2024","05","30","13:00","","15.2","","","M","","M","","","11","","16","","","","101.13","","","","","","NA"
"-79.80","43.30","BURLINGTON PIERS (AUT)","6151061","2024-05-30 14:00","2024","05","30","14:00","","15.6","","","M","","M","","","12","","13","","","","101.13","","","","","","NA"
"-79.80","43.30","BURLINGTON PIERS (AUT)","6151061","2024-05-30 15:00","2024","05","30","15:00","","15.8","","","M","","M","","","11","","14","","","","101.13","","","","","","NA"
"-79.80","43.30","BURLINGTON PIERS (AUT)","6151061","2024-05-30 16:00","2024","05","30","16:00","","16.2","","","M","","M","","","10","","14","","","","101.14","","","","","","NA"
"-79.80","43.30","BURLINGTON PIERS (AUT)","6151061","2024-05-30 17:00","2024","05","30","17:00","","15.9","","","M","","M","","","13","","14","","","","101.15","","","","","","NA"
"-79.80","43.30","BURLINGTON PIERS (AUT)","6151061","2024-05-30 18:00","2024","05","30","18:00","","16.3","","","M","","M","","","13","","11","","","","101.16","","","","","","NA"
"-79.80","43.30","BURLINGTON PIERS (AUT)","6151061","2024-05-30 19:00","2024","05","30","19:00","","17.0","","","M","","M","","","12","","10","","","","101.17","","","","","","NA"
"-79.80","43.30","BURLINGTON PIERS (AUT)","6151061","2024-05-30 20:00","2024","05","30","20:00","","16.3","","","M","","M","","","36","","3","","","","101.18","","","","","","NA"
"-79.80","43.30","BURLINGTON PIERS (AUT)","6151061","2024-05-30 21:00","2024","05","30","21:00","","16.0","","","M","","M","","","33","","6","","","","101.23","","","","","","NA"
"-79.80","43.30","BURLINGTON PIERS (AUT)","6151061","2024-05-30 22:00","2024","05","30","22:00","","15.2","","","M","","M","","","25","","4","","","","101.23","","","","","","NA"
"-79.80","43.30","BURLINGTON PIERS (AUT)","6151061","2024-05-30 23:00","2024","05","30","23:00","","14.1","","","M","","M","","","26","","6","","","","101.28","","","","","","NA"
"-79.80","43.30","BURLINGTON PIERS (AUT)","6151061","2024-05-31 00:00","2024","05","31","00:00","","13.4","","","M","","M","","","25","","6","","","","101.32","","","","","","NA"
"-79.80","43.30","BURLINGTON PIERS (AUT)","6151061","2024-05-31 01:00","2024","05","31","01:00","","12.5","","","M","","M","","","22","","6","","","","101.29","","","","","","NA"
"-79.80","43.30","BURLINGTON PIERS (AUT)","6151061","2024-05-31 02:00","2024","05","31","02:00","","12.1","","","M","","M","","","24","","10","","","","101.30","","","","","","NA"
"-79.80","43.30","BURLINGTON PIERS (AUT)","6151061","2024-05-31 03:00","2024","05","31","03:00","","11.7","","","M","","M","","","23","","10","","","","101.31","","","","","","NA"
"-79.80","43.30","BURLINGTON PIERS (AUT)","6151061","2024-05-31 04:00","2024","05","31","04:00","","11.2","","","M","","M","","","23","","9","","","","101.38","","","","","","NA"
"-79.80","43.30","BURLINGTON PIERS (AUT)","6151061","2024-05-31 05:00","2024","05","31","05:00","","10.3","","","M","","M","","","24","","13","","","","101.50","","","","","","NA"
"-79.80","43.30","BURLINGTON PIERS (AUT)","6151061","2024-05-31 06:00","2024","05","31","06:00","","10.9","","","M","","M","","","24","","11","","","","101.59","","","","","","NA"
"-79.80","43.30","BURLINGTON PIERS (AUT)","6151061","2024-05-31 07:00","2024","05","31","07:00","","12.1","","","M","","M","","","23","","13","","","","101.65","","","","","","NA"
"-79.80","43.30","BURLINGTON PIERS (AUT)","6151061","2024-05-31 08:00","2024","05","31","08:00","","14.3","","","M","","M","","","22","","11","","","","101.67","","","","","","NA"
"-79.80","43.30","BURLINGTON PIERS (AUT)","6151061","2024-05-31 09:00","2024","05","31","09:00","","17.0","","","M","","M","","","22","","10","","","","101.67","","","","","","NA"
"-79.80","43.30","BURLINGTON PIERS (AUT)","6151061","2024-05-31 10:00","2024","05","31","10:00","","18.2","","","M","","M","","","22","","10","","","","101.62","","","","","","NA"
"-79.80","43.30","BURLINGTON PIERS (AUT)","6151061","2024-05-31 11:00","2024","05","31","11:00","","19.3","","","M","","M","","","22","","10","","","","101.58","","","","","","NA"
"-79.80","43.30","BURLINGTON PIERS (AUT)","6151061","2024-05-31 12:00","2024","05","31","12:00","","20.1","","","M","","M","","","26","","7","","","","101.52","","","","","","NA"
"-79.80","43.30","BURLINGTON PIERS (AUT)","6151061","2024-05-31 13:00","2024","05","31","13:00","","19.7","","","M","","M","","","10","","8","","","","101.47","","","","","","NA"
"-79.80","43.30","BURLINGTON PIERS (AUT)","6151061","2024-05-31 14:00","2024","05","31","14:00","","20.1","","","M","","M","","","10","","12","","","","101.45","","","","","","NA"
"-79.80","43.30","BURLINGTON PIERS (AUT)","6151061","2024-05-31 15:00","2024","05","31","15:00","","20.6","","","M","","M","","","15","","7","","","","101.39","","","","","","NA"
"-79.80","43.30","BURLINGTON PIERS (AUT)","6151061","2024-05-31 16:00","2024","05","31","16:00","","22.7","","","M","","M","","","22","","11","","","","101.38","","","","","","NA"
"-79.80","43.30","BURLINGTON PIERS (AUT)","6151061","2024-05-31 17:00","2024","05","31","17:00","","23.3","","","M","","M","","","22","","10","","","","101.32","","","","","","NA"
"-79.80","43.30","BURLINGTON PIERS (AUT)","6151061","2024-05-31 18:00","2024","05","31","18:00","","22.8","","","M","","M","","","20","","11","","","","101.29","","","","","","NA"
"-79.80","43.30","BURLINGTON PIERS (AUT)","6151061","2024-05-31 19:00","2024","05","31","19:00","","21.2","","","M","","M","","","17","","19","","","","101.22","","","","","","NA"
"-79.80","43.30","BURLINGTON PIERS (AUT)","6151061","2024-05-31 20:00","2024","05","31","20:00","","19.4","","","M","","M","","","20","","13","","","","101.23","","","","","","NA"
"-79.80","43.30","BURLINGTON PIERS (AUT)","6151061","2024-05-31 21:00","2024","05","31","21:00","","18.6","","","M","","M","","","22","","11","","","","101.28","","","","","","NA"
"-79.80","43.30","BURLINGTON PIERS (AUT)","6151061","2024-05-31 22:00","2024","05","31","22:00","","17.6","","","M","","M","","","25","","9","","","","101.31","","","","","","NA"
"-79.80","43.30","BURLINGTON PIERS (AUT)","6151061","2024-05-31 23:00","2024","05","31","23:00","","16.4","","","M","","M","","","25","","12","","","","101.36","","","","","","NA"
