"Longitude (x)","Latitude (y)","Station Name","Climate ID","Date/Time (LST)","Year","Month","Day","Time (LST)","Flag","Temp (°C)","Temp Flag","Dew Point Temp (°C)","Dew Point Temp Flag","Rel Hum (%)","Rel Hum Flag","Precip. Amount (mm)","Precip. Amount Flag","Wind Dir (10s deg)","Wind Dir Flag","Wind Spd (km/h)","Wind Spd Flag","Visibility (km)","Visibility Flag","Stn Press (kPa)","Stn Press Flag","Hmdx","Hmdx Flag","Wind Chill","Wind Chill Flag","Weather"
"-79.80","43.30","BURLINGTON PIERS (AUT)","6151061","2024-11-01 00:00","2024","11","01","00:00","","17.9","","12.5","","71","","","","21","","23","","","","99.92","","","","","","NA"
"-79.80","43.30","BURLINGTON PIERS (AUT)","6151061","2024-11-01 01:00","2024","11","01","01:00","","17.4","","12.2","","71","","","","22","","23","","","","99.96","","","","","","NA"
"-79.80","43.30","BURLINGTON PIERS (AUT)","6151061","2024-11-01 02:00","2024","11","01","02:00","","16.9","","11.3","","70","","","","23","","18","","","","99.94","","","","","","NA"
"-79.80","43.30","BURLINGTON PIERS (AUT)","6151061","2024-11-01 03:00","2024","11","01","03:00","","16.2","","10.6","","69","","","","22","","22","","","","99.95","","","","","","NA"
"-79.80","43.30","BURLINGTON PIERS (AUT)","6151061","2024-11-01 04:00","2024","11","01","04:00","","14.7","","7.2","","61","","","","26","","15","","","","100.09","","","","","","NA"
"-79.80","43.30","BURLINGTON PIERS (AUT)","6151061","2024-11-01 05:00","2024","11","01","05:00","","13.1","","6.1","","63","","","","26","","15","","","","100.23","","","","","","NA"
"-79.80","43.30","BURLINGTON PIERS (AUT)","6151061","2024-11-01 06:00","2024","11","01","06:00","","12.6","","4.8","","59","","","","26","","18","","","","100.33","","","","","","NA"
"-79.80","43.30","BURLINGTON PIERS (AUT)","6151061","2024-11-01 07:00","2024","11","01","07:00","","11.6","","3.5","","57","","","","25","","25","","","","100.50","","","","","","NA"
"-79.80","43.30","BURLINGTON PIERS (AUT)","6151061","2024-11-01 08:00","2024","11","01","08:00","","11.2","","3.6","","60","","","","25","","19","","","","100.68","","","","","","NA"
"-79.80","43.30","BURLINGTON PIERS (AUT)","6151061","2024-11-01 09:00","2024","11","01","09:00","","11.0","","4.2","","63","","","","24","","17","","","","100.78","","","","","","NA"
"-79.80","43.30","BURLINGTON PIERS (AUT)","6151061","2024-11-01 10:00","2024","11","01","10:00","","10.7","","3.5","","61","","","","24","","18","","","","100.85","","","","","","NA"
"-79.80","43.30","BURLINGTON PIERS (AUT)","6151061","2024-11-01 11:00","2024","11","01","11:00","","10.7","","4.6","","66","","","","26","","14","","","","100.92","","","","","","NA"
"-79.80","43.30","BURLINGTON PIERS (AUT)","6151061","2024-11-01 12:00","2024","11","01","12:00","","10.6","","4.2","","64","","","","25","","19","","","","100.96","","","","","","NA"
"-79.80","43.30","BURLINGTON PIERS (AUT)","6151061","2024-11-01 13:00","2024","11","01","13:00","","10.7","","3.7","","62","","","","25","","19","","","","100.99","","","","","","NA"
"-79.80","43.30","BURLINGTON PIERS (AUT)","6151061","2024-11-01 14:00","2024","11","01","14:00","","10.2","","4.4","","67","","","","27","","16","","","","101.07","","","","","","NA"
"-79.80","43.30","BURLINGTON PIERS (AUT)","6151061","2024-11-01 15:00","2024","11","01","15:00","","9.9","","2.7","","61","","","","26","","16","","","","101.14","","","","","","NA"
"-79.80","43.30","BURLINGTON PIERS (AUT)","6151061","2024-11-01 16:00","2024","11","01","16:00","","9.8","","1.4","","56","","","","28","","20","","","","101.21","","","","","","NA"
"-79.80","43.30","BURLINGTON PIERS (AUT)","6151061","2024-11-01 17:00","2024","11","01","17:00","","9.5","","1.1","","56","","","","28","","14","","","","101.30","","","","","","NA"
"-79.80","43.30","BURLINGTON PIERS (AUT)","6151061","2024-11-01 18:00","2024","11","01","18:00","","9.0","","1.1","","57","","","","29","","17","","","","101.41","","","","","","NA"
"-79.80","43.30","BURLINGTON PIERS (AUT)","6151061","2024-11-01 19:00","2024","11","01","19:00","","8.2","","1.1","","61","","","","30","","22","","","","101.48","","","","","","NA"
"-79.80","43.30","BURLINGTON PIERS (AUT)","6151061","2024-11-01 20:00","2024","11","01","20:00","","7.4","","1.8","","67","","","","28","","18","","","","101.57","","","","","","NA"
"-79.80","43.30","BURLINGTON PIERS (AUT)","6151061","2024-11-01 21:00","2024","11","01","21:00","","6.9","","1.7","","70","","","","29","","14","","","","101.64","","","","","","NA"
"-79.80","43.30","BURLINGTON PIERS (AUT)","6151061","2024-11-01 22:00","2024","11","01","22:00","","6.3","","1.6","","72","","","","28","","13","","","","101.68","","","","","","NA"
"-79.80","43.30","BURLINGTON PIERS (AUT)","6151061","2024-11-01 23:00","2024","11","01","23:00","","6.0","","0.0","","65","","","","29","","16","","","","101.69","","","","","","NA"
"-79.80","43.30","BURLINGTON PIERS (AUT)","6151061","2024-11-02 00:00","2024","11","02","00:00","","5.6","","0.2","","68","","","","29","","8","","","","101.76","","","","","","NA"
"-79.80","43.30","BURLINGTON PIERS (AUT)","6151061","2024-11-02 01:00","2024","11","02","01:00","","5.0","","0.1","","70","","","","29","","10","","","","101.80","","","","","","NA"
"-79.80","43.30","BURLINGTON PIERS (AUT)","6151061","2024-11-02 02:00","2024","11","02","02:00","","4.3","","-0.2","","73","","","","30","","7","","","","101.87","","","","","","NA"
"-79.80","43.30","BURLINGTON PIERS (AUT)","6151061","2024-11-02 03:00","2024","11","02","03:00","","3.8","","-0.1","","76","","","","31","","9","","","","101.90","","","","","","NA"
"-79.80","43.30","BURLINGTON PIERS (AUT)","6151061","2024-11-02 04:00","2024","11","02","04:00","","3.4","","0.1","","79","","","","30","","7","","","","101.95","","","","","","NA"
"-79.80","43.30","BURLINGTON PIERS (AUT)","6151061","2024-11-02 05:00","2024","11","02","05:00","","3.1","","0.1","","81","","","","30","","8","","","","102.00","","","","","","NA"
"-79.80","43.30","BURLINGTON PIERS (AUT)","6151061","2024-11-02 06:00","2024","11","02","06:00","","2.9","","0.1","","82","","","","30","","7","","","","102.05","","","","","","NA"
"-79.80","43.30","BURLINGTON PIERS (AUT)","6151061","2024-11-02 07:00","2024","11","02","07:00","","3.5","","0.0","","78","","","","25","","4","","","","102.12","","","","","","NA"
"-79.80","43.30","BURLINGTON PIERS (AUT)","6151061","2024-11-02 08:00","2024","11","02","08:00","","3.8","","1.0","","82","","","","25","","6","","","","102.16","","","","","","NA"
"-79.80","43.30","BURLINGTON PIERS (AUT)","6151061","2024-11-02 09:00","2024","11","02","09:00","","4.9","","0.4","","73","","","","","","0","","","","102.20","","","","","","NA"
"-79.80","43.30","BURLINGTON PIERS (AUT)","6151061","2024-11-02 10:00","2024","11","02","10:00","","5.6","","-0.5","","65","","","","11","","3","","","","102.18","","","","","","NA"
"-79.80","43.30","BURLINGTON PIERS (AUT)","6151061","2024-11-02 11:00","2024","11","02","11:00","","5.4","","-0.4","","66","","","","9","","5","","","","102.20","","","","","","NA"
"-79.80","43.30","BURLINGTON PIERS (AUT)","6151061","2024-11-02 12:00","2024","11","02","12:00","","6.0","","0.1","","66","","","","9","","5","","","","102.17","","","","","","NA"
"-79.80","43.30","BURLINGTON PIERS (AUT)","6151061","2024-11-02 13:00","2024","11","02","13:00","","6.5","","0.7","","67","","","","10","","12","","","","102.10","","","","","","NA"
"-79.80","43.30","BURLINGTON PIERS (AUT)","6151061","2024-11-02 14:00","2024","11","02","14:00","","6.7","","1.3","","68","","","","8","","15","","","","102.07","","","","","","NA"
"-79.80","43.30","BURLINGTON PIERS (AUT)","6151061","2024-11-02 15:00","2024","11","02","15:00","","7.1","","1.7","","68","","","","10","","15","","","","102.06","","","","","","NA"
"-79.80","43.30","BURLINGTON PIERS (AUT)","6151061","2024-11-02 16:00","2024","11","02","16:00","","7.6","","1.8","","67","","","","10","","14","","","","102.06","","","","","","NA"
"-79.80","43.30","BURLINGTON PIERS (AUT)","6151061","2024-11-02 17:00","2024","11","02","17:00","","8.0","","2.2","","67","","","","10","","9","","","","102.10","","","","","","NA"
"-79.80","43.30","BURLINGTON PIERS (AUT)","6151061","2024-11-02 18:00","2024","11","02","18:00","","8.1","","2.1","","66","","","","","","0","","","","102.13","","","","","","NA"
"-79.80","43.30","BURLINGTON PIERS (AUT)","6151061","2024-11-02 19:00","2024","11","02","19:00","","7.9","","2.9","","71","","","","35","","4","","","","102.14","","","","","","NA"
"-79.80","43.30","BURLINGTON PIERS (AUT)","6151061","2024-11-02 20:00","2024","11","02","20:00","","7.4","","1.2","","64","","","","34","","11","","","","102.12","","","","","","NA"
"-79.80","43.30","BURLINGTON PIERS (AUT)","6151061","2024-11-02 21:00","2024","11","02","21:00","","6.8","","0.6","","64","","","","33","","16","","","","102.15","","","","","","NA"
"-79.80","43.30","BURLINGTON PIERS (AUT)","6151061","2024-11-02 22:00","2024","11","02","22:00","","6.4","","1.2","","69","","","","34","","14","","","","102.15","","","","","","NA"
"-79.80","43.30","BURLINGTON PIERS (AUT)","6151061","2024-11-02 23:00","2024","11","02","23:00","","5.9","","1.3","","72","","","","33","","9","","","","102.14","","","","","","NA"
"-79.80","43.30","BURLINGTON PIERS (AUT)","6151061","2024-11-03 00:00","2024","11","03","00:00","","5.7","","1.4","","74","","","","28","","5","","","","102.16","","","","","","NA"
"-79.80","43.30","BURLINGTON PIERS (AUT)","6151061","2024-11-03 01:00","2024","11","03","01:00","","5.7","","1.6","","75","","","","33","","10","","","","102.18","","","","","","NA"
"-79.80","43.30","BURLINGTON PIERS (AUT)","6151061","2024-11-03 02:00","2024","11","03","02:00","","5.3","","1.3","","76","","","","34","","12","","","","102.18","","","","","","NA"
"-79.80","43.30","BURLINGTON PIERS (AUT)","6151061","2024-11-03 03:00","2024","11","03","03:00","","5.2","","1.0","","74","","","","33","","9","","","","102.20","","","","","","NA"
"-79.80","43.30","BURLINGTON PIERS (AUT)","6151061","2024-11-03 04:00","2024","11","03","04:00","","4.9","","0.4","","73","","","","29","","6","","","","102.20","","","","","","NA"
"-79.80","43.30","BURLINGTON PIERS (AUT)","6151061","2024-11-03 05:00","2024","11","03","05:00","","4.4","","0.4","","75","","","","32","","8","","","","102.22","","","","","","NA"
"-79.80","43.30","BURLINGTON PIERS (AUT)","6151061","2024-11-03 06:00","2024","11","03","06:00","","4.5","","0.8","","77","","","","33","","8","","","","102.21","","","","","","NA"
"-79.80","43.30","BURLINGTON PIERS (AUT)","6151061","2024-11-03 07:00","2024","11","03","07:00","","4.2","","0.7","","78","","","","33","","9","","","","102.28","","","","","","NA"
"-79.80","43.30","BURLINGTON PIERS (AUT)","6151061","2024-11-03 08:00","2024","11","03","08:00","","4.8","","0.9","","76","","","","36","","9","","","","102.27","","","","","","NA"
"-79.80","43.30","BURLINGTON PIERS (AUT)","6151061","2024-11-03 09:00","2024","11","03","09:00","","6.6","","2.3","","74","","","","35","","6","","","","102.31","","","","","","NA"
"-79.80","43.30","BURLINGTON PIERS (AUT)","6151061","2024-11-03 10:00","2024","11","03","10:00","","7.9","","1.0","","62","","","","10","","24","","","","102.26","","","","","","NA"
"-79.80","43.30","BURLINGTON PIERS (AUT)","6151061","2024-11-03 11:00","2024","11","03","11:00","","7.8","","1.7","","66","","","","8","","21","","","","102.24","","","","","","NA"
"-79.80","43.30","BURLINGTON PIERS (AUT)","6151061","2024-11-03 12:00","2024","11","03","12:00","","8.1","","3.4","","72","","","","7","","22","","","","102.19","","","","","","NA"
"-79.80","43.30","BURLINGTON PIERS (AUT)","6151061","2024-11-03 13:00","2024","11","03","13:00","","8.4","","3.7","","72","","","","6","","23","","","","102.12","","","","","","NA"
"-79.80","43.30","BURLINGTON PIERS (AUT)","6151061","2024-11-03 14:00","2024","11","03","14:00","","8.3","","1.9","","64","","","","4","","24","","","","102.08","","","","","","NA"
"-79.80","43.30","BURLINGTON PIERS (AUT)","6151061","2024-11-03 15:00","2024","11","03","15:00","","8.8","","2.7","","66","","","","4","","26","","","","102.02","","","","","","NA"
"-79.80","43.30","BURLINGTON PIERS (AUT)","6151061","2024-11-03 16:00","2024","11","03","16:00","","9.2","","4.0","","70","","","","5","","29","","","","101.98","","","","","","NA"
"-79.80","43.30","BURLINGTON PIERS (AUT)","6151061","2024-11-03 17:00","2024","11","03","17:00","","9.6","","5.0","","73","","","","4","","26","","","","101.94","","","","","","NA"
"-79.80","43.30","BURLINGTON PIERS (AUT)","6151061","2024-11-03 18:00","2024","11","03","18:00","","9.8","","5.9","","77","","","","4","","28","","","","101.93","","","","","","NA"
"-79.80","43.30","BURLINGTON PIERS (AUT)","6151061","2024-11-03 19:00","2024","11","03","19:00","","10.1","","6.9","","80","","","","5","","26","","","","101.92","","","","","","NA"
"-79.80","43.30","BURLINGTON PIERS (AUT)","6151061","2024-11-03 20:00","2024","11","03","20:00","","10.4","","5.4","","71","","","","6","","26","","","","101.83","","","","","","NA"
"-79.80","43.30","BURLINGTON PIERS (AUT)","6151061","2024-11-03 21:00","2024","11","03","21:00","","9.9","","4.3","","68","","","","7","","27","","","","101.83","","","","","","NA"
"-79.80","43.30","BURLINGTON PIERS (AUT)","6151061","2024-11-03 22:00","2024","11","03","22:00","","9.5","","4.2","","69","","","","7","","25","","","","101.79","","","","","","NA"
"-79.80","43.30","BURLINGTON PIERS (AUT)","6151061","2024-11-03 23:00","2024","11","03","23:00","","9.5","","4.3","","70","","","","7","","21","","","","101.73","","","","","","NA"
"-79.80","43.30","BURLINGTON PIERS (AUT)","6151061","2024-11-04 00:00","2024","11","04","00:00","","9.4","","3.7","","68","","","","7","","24","","","","101.67","","","","","","NA"
"-79.80","43.30","BURLINGTON PIERS (AUT)","6151061","2024-11-04 01:00","2024","11","04","01:00","","9.5","","4.0","","69","","","","7","","22","","","","101.62","","","","","","NA"
"-79.80","43.30","BURLINGTON PIERS (AUT)","6151061","2024-11-04 02:00","2024","11","04","02:00","","9.7","","4.2","","69","","","","7","","25","","","","101.55","","","","","","NA"
"-79.80","43.30","BURLINGTON PIERS (AUT)","6151061","2024-11-04 03:00","2024","11","04","03:00","","9.5","","4.2","","69","","","","8","","19","","","","101.54","","","","","","NA"
"-79.80","43.30","BURLINGTON PIERS (AUT)","6151061","2024-11-04 04:00","2024","11","04","04:00","","9.2","","2.9","","65","","","","8","","16","","","","101.45","","","","","","NA"
"-79.80","43.30","BURLINGTON PIERS (AUT)","6151061","2024-11-04 05:00","2024","11","04","05:00","","9.2","","3.6","","68","","","","8","","15","","","","101.43","","","","","","NA"
"-79.80","43.30","BURLINGTON PIERS (AUT)","6151061","2024-11-04 06:00","2024","11","04","06:00","","9.7","","4.3","","69","","","","8","","12","","","","101.36","","","","","","NA"
"-79.80","43.30","BURLINGTON PIERS (AUT)","6151061","2024-11-04 07:00","2024","11","04","07:00","","10.0","","5.2","","72","","","","7","","10","","","","101.32","","","","","","NA"
"-79.80","43.30","BURLINGTON PIERS (AUT)","6151061","2024-11-04 08:00","2024","11","04","08:00","","10.1","","6.2","","76","","","","8","","5","","","","101.34","","","","","","NA"
"-79.80","43.30","BURLINGTON PIERS (AUT)","6151061","2024-11-04 09:00","2024","11","04","09:00","","10.2","","6.6","","78","","","","1","","5","","","","101.26","","","","","","NA"
"-79.80","43.30","BURLINGTON PIERS (AUT)","6151061","2024-11-04 10:00","2024","11","04","10:00","","10.3","","7.6","","83","","","","34","","5","","","","101.19","","","","","","NA"
"-79.80","43.30","BURLINGTON PIERS (AUT)","6151061","2024-11-04 11:00","2024","11","04","11:00","","14.2","","6.8","","61","","","","20","","16","","","","101.15","","","","","","NA"
"-79.80","43.30","BURLINGTON PIERS (AUT)","6151061","2024-11-04 12:00","2024","11","04","12:00","","15.2","","6.8","","57","","","","19","","16","","","","101.01","","","","","","NA"
"-79.80","43.30","BURLINGTON PIERS (AUT)","6151061","2024-11-04 13:00","2024","11","04","13:00","","16.1","","6.5","","53","","","","18","","12","","","","100.93","","","","","","NA"
"-79.80","43.30","BURLINGTON PIERS (AUT)","6151061","2024-11-04 14:00","2024","11","04","14:00","","16.9","","6.6","","51","","","","18","","12","","","","100.84","","","","","","NA"
"-79.80","43.30","BURLINGTON PIERS (AUT)","6151061","2024-11-04 15:00","2024","11","04","15:00","","17.9","","6.9","","48","","","","17","","15","","","","100.78","","","","","","NA"
"-79.80","43.30","BURLINGTON PIERS (AUT)","6151061","2024-11-04 16:00","2024","11","04","16:00","","18.4","","7.7","","49","","","","16","","11","","","","100.70","","","","","","NA"
"-79.80","43.30","BURLINGTON PIERS (AUT)","6151061","2024-11-04 17:00","2024","11","04","17:00","","14.5","","8.1","","66","","","","2","","14","","","","100.71","","","","","","NA"
"-79.80","43.30","BURLINGTON PIERS (AUT)","6151061","2024-11-04 18:00","2024","11","04","18:00","","12.1","","9.1","","82","","","","3","","17","","","","100.69","","","","","","NA"
"-79.80","43.30","BURLINGTON PIERS (AUT)","6151061","2024-11-04 19:00","2024","11","04","19:00","","11.8","","9.6","","87","","","","1","","4","","","","100.68","","","","","","NA"
"-79.80","43.30","BURLINGTON PIERS (AUT)","6151061","2024-11-04 20:00","2024","11","04","20:00","","12.1","","9.4","","84","","","","","","0","","","","100.63","","","","","","NA"
"-79.80","43.30","BURLINGTON PIERS (AUT)","6151061","2024-11-04 21:00","2024","11","04","21:00","","18.6","","8.3","","51","","","","20","","13","","","","100.61","","","","","","NA"
"-79.80","43.30","BURLINGTON PIERS (AUT)","6151061","2024-11-04 22:00","2024","11","04","22:00","","18.2","","8.1","","52","","","","20","","14","","","","100.64","","","","","","NA"
"-79.80","43.30","BURLINGTON PIERS (AUT)","6151061","2024-11-04 23:00","2024","11","04","23:00","","18.0","","7.9","","52","","","","19","","15","","","","100.61","","","","","","NA"
"-79.80","43.30","BURLINGTON PIERS (AUT)","6151061","2024-11-05 00:00","2024","11","05","00:00","","18.2","","7.8","","51","","","","21","","13","","","","100.61","","","","","","NA"
"-79.80","43.30","BURLINGTON PIERS (AUT)","6151061","2024-11-05 01:00","2024","11","05","01:00","","18.0","","8.2","","53","","","","20","","13","","","","100.58","","","","","","NA"
"-79.80","43.30","BURLINGTON PIERS (AUT)","6151061","2024-11-05 02:00","2024","11","05","02:00","","18.2","","8.5","","53","","","","20","","14","","","","100.59","","","","","","NA"
"-79.80","43.30","BURLINGTON PIERS (AUT)","6151061","2024-11-05 03:00","2024","11","05","03:00","","18.1","","8.4","","53","","","","20","","14","","","","100.56","","","","","","NA"
"-79.80","43.30","BURLINGTON PIERS (AUT)","6151061","2024-11-05 04:00","2024","11","05","04:00","","18.7","","8.5","","52","","","","20","","13","","","","100.54","","","","","","NA"
"-79.80","43.30","BURLINGTON PIERS (AUT)","6151061","2024-11-05 05:00","2024","11","05","05:00","","18.8","","9.6","","55","","","","19","","14","","","","100.53","","","","","","NA"
"-79.80","43.30","BURLINGTON PIERS (AUT)","6151061","2024-11-05 06:00","2024","11","05","06:00","","18.7","","10.4","","58","","","","20","","15","","","","100.51","","","","","","NA"
"-79.80","43.30","BURLINGTON PIERS (AUT)","6151061","2024-11-05 07:00","2024","11","05","07:00","","18.5","","11.3","","63","","","","20","","17","","","","100.49","","","","","","NA"
"-79.80","43.30","BURLINGTON PIERS (AUT)","6151061","2024-11-05 08:00","2024","11","05","08:00","","18.5","","11.5","","64","","","","20","","21","","","","100.52","","","","","","NA"
"-79.80","43.30","BURLINGTON PIERS (AUT)","6151061","2024-11-05 09:00","2024","11","05","09:00","","19.3","","11.8","","62","","","","20","","19","","","","100.49","","","","","","NA"
"-79.80","43.30","BURLINGTON PIERS (AUT)","6151061","2024-11-05 10:00","2024","11","05","10:00","","20.3","","12.0","","59","","","","19","","22","","","","100.49","","","","","","NA"
"-79.80","43.30","BURLINGTON PIERS (AUT)","6151061","2024-11-05 11:00","2024","11","05","11:00","","20.0","","12.3","","61","","","","19","","19","","","","100.46","","","","","","NA"
"-79.80","43.30","BURLINGTON PIERS (AUT)","6151061","2024-11-05 12:00","2024","11","05","12:00","","21.5","","12.5","","56","","","","19","","24","","","","100.37","","","","","","NA"
"-79.80","43.30","BURLINGTON PIERS (AUT)","6151061","2024-11-05 13:00","2024","11","05","13:00","","22.8","","12.9","","53","","","","22","","28","","","","100.31","","26","","","","NA"
"-79.80","43.30","BURLINGTON PIERS (AUT)","6151061","2024-11-05 14:00","2024","11","05","14:00","","23.1","","12.8","","52","","","","21","","30","","","","100.27","","26","","","","NA"
"-79.80","43.30","BURLINGTON PIERS (AUT)","6151061","2024-11-05 15:00","2024","11","05","15:00","","23.1","","12.8","","52","","","","21","","25","","","","100.25","","26","","","","NA"
"-79.80","43.30","BURLINGTON PIERS (AUT)","6151061","2024-11-05 16:00","2024","11","05","16:00","","23.0","","12.7","","52","","","","20","","24","","","","100.20","","26","","","","NA"
"-79.80","43.30","BURLINGTON PIERS (AUT)","6151061","2024-11-05 17:00","2024","11","05","17:00","","22.3","","13.0","","55","","","","21","","14","","","","100.17","","25","","","","NA"
"-79.80","43.30","BURLINGTON PIERS (AUT)","6151061","2024-11-05 18:00","2024","11","05","18:00","","21.7","","13.1","","58","","","","21","","8","","","","100.18","","25","","","","NA"
"-79.80","43.30","BURLINGTON PIERS (AUT)","6151061","2024-11-05 19:00","2024","11","05","19:00","","20.9","","13.0","","61","","","","17","","11","","","","100.12","","","","","","NA"
"-79.80","43.30","BURLINGTON PIERS (AUT)","6151061","2024-11-05 20:00","2024","11","05","20:00","","20.7","","12.5","","59","","","","19","","17","","","","100.06","","","","","","NA"
"-79.80","43.30","BURLINGTON PIERS (AUT)","6151061","2024-11-05 21:00","2024","11","05","21:00","","20.9","","12.3","","58","","","","20","","16","","","","100.03","","","","","","NA"
"-79.80","43.30","BURLINGTON PIERS (AUT)","6151061","2024-11-05 22:00","2024","11","05","22:00","","20.5","","12.1","","59","","","","20","","17","","","","99.98","","","","","","NA"
"-79.80","43.30","BURLINGTON PIERS (AUT)","6151061","2024-11-05 23:00","2024","11","05","23:00","","21.1","","11.9","","56","","","","20","","20","","","","99.94","","","","","","NA"
"-79.80","43.30","BURLINGTON PIERS (AUT)","6151061","2024-11-06 00:00","2024","11","06","00:00","","21.2","","11.8","","55","","","","20","","19","","","","99.92","","","","","","NA"
"-79.80","43.30","BURLINGTON PIERS (AUT)","6151061","2024-11-06 01:00","2024","11","06","01:00","","20.9","","12.1","","57","","","","20","","23","","","","99.91","","","","","","NA"
"-79.80","43.30","BURLINGTON PIERS (AUT)","6151061","2024-11-06 02:00","2024","11","06","02:00","","20.8","","12.6","","59","","","","20","","20","","","","99.93","","","","","","NA"
"-79.80","43.30","BURLINGTON PIERS (AUT)","6151061","2024-11-06 03:00","2024","11","06","03:00","","21.2","","12.5","","57","","","","20","","18","","","","99.93","","","","","","NA"
"-79.80","43.30","BURLINGTON PIERS (AUT)","6151061","2024-11-06 04:00","2024","11","06","04:00","","20.3","","14.2","","68","","","","22","","20","","","","99.98","","","","","","NA"
"-79.80","43.30","BURLINGTON PIERS (AUT)","6151061","2024-11-06 05:00","2024","11","06","05:00","","18.2","","15.8","","86","","","","22","","16","","","","100.06","","","","","","NA"
"-79.80","43.30","BURLINGTON PIERS (AUT)","6151061","2024-11-06 06:00","2024","11","06","06:00","","18.3","","15.9","","86","","","","21","","15","","","","100.08","","","","","","NA"
"-79.80","43.30","BURLINGTON PIERS (AUT)","6151061","2024-11-06 07:00","2024","11","06","07:00","","16.8","","15.8","","94","","","","29","","16","","","","100.15","","","","","","NA"
"-79.80","43.30","BURLINGTON PIERS (AUT)","6151061","2024-11-06 08:00","2024","11","06","08:00","","16.2","","14.7","","90","","","","24","","10","","","","100.23","","","","","","NA"
"-79.80","43.30","BURLINGTON PIERS (AUT)","6151061","2024-11-06 09:00","2024","11","06","09:00","","17.0","","14.2","","84","","","","25","","7","","","","100.34","","","","","","NA"
"-79.80","43.30","BURLINGTON PIERS (AUT)","6151061","2024-11-06 10:00","2024","11","06","10:00","","16.9","","13.8","","82","","","","23","","9","","","","100.40","","","","","","NA"
"-79.80","43.30","BURLINGTON PIERS (AUT)","6151061","2024-11-06 11:00","2024","11","06","11:00","","17.8","","12.8","","73","","","","24","","10","","","","100.46","","","","","","NA"
"-79.80","43.30","BURLINGTON PIERS (AUT)","6151061","2024-11-06 12:00","2024","11","06","12:00","","17.5","","13.3","","76","","","","23","","9","","","","100.48","","","","","","NA"
"-79.80","43.30","BURLINGTON PIERS (AUT)","6151061","2024-11-06 13:00","2024","11","06","13:00","","18.3","","12.3","","68","","","","24","","11","","","","100.47","","","","","","NA"
"-79.80","43.30","BURLINGTON PIERS (AUT)","6151061","2024-11-06 14:00","2024","11","06","14:00","","19.2","","11.5","","61","","","","25","","11","","","","100.47","","","","","","NA"
"-79.80","43.30","BURLINGTON PIERS (AUT)","6151061","2024-11-06 15:00","2024","11","06","15:00","","18.8","","11.6","","63","","","","24","","8","","","","100.49","","","","","","NA"
"-79.80","43.30","BURLINGTON PIERS (AUT)","6151061","2024-11-06 16:00","2024","11","06","16:00","","19.2","","10.8","","58","","","","27","","11","","","","100.55","","","","","","NA"
"-79.80","43.30","BURLINGTON PIERS (AUT)","6151061","2024-11-06 17:00","2024","11","06","17:00","","18.9","","10.2","","57","","","","28","","11","","","","100.61","","","","","","NA"
"-79.80","43.30","BURLINGTON PIERS (AUT)","6151061","2024-11-06 18:00","2024","11","06","18:00","","18.1","","10.5","","61","","","","28","","6","","","","100.67","","","","","","NA"
"-79.80","43.30","BURLINGTON PIERS (AUT)","6151061","2024-11-06 19:00","2024","11","06","19:00","","17.2","","10.6","","65","","","","30","","11","","","","100.76","","","","","","NA"
"-79.80","43.30","BURLINGTON PIERS (AUT)","6151061","2024-11-06 20:00","2024","11","06","20:00","","16.4","","10.5","","68","","","","27","","7","","","","100.80","","","","","","NA"
"-79.80","43.30","BURLINGTON PIERS (AUT)","6151061","2024-11-06 21:00","2024","11","06","21:00","","15.6","","9.6","","68","","","","25","","7","","","","100.83","","","","","","NA"
"-79.80","43.30","BURLINGTON PIERS (AUT)","6151061","2024-11-06 22:00","2024","11","06","22:00","","15.1","","9.1","","67","","","","25","","8","","","","100.85","","","","","","NA"
"-79.80","43.30","BURLINGTON PIERS (AUT)","6151061","2024-11-06 23:00","2024","11","06","23:00","","14.5","","9.3","","71","","","","25","","6","","","","100.87","","","","","","NA"
"-79.80","43.30","BURLINGTON PIERS (AUT)","6151061","2024-11-07 00:00","2024","11","07","00:00","","13.8","","8.8","","72","","","","28","","9","","","","100.89","","","","","","NA"
"-79.80","43.30","BURLINGTON PIERS (AUT)","6151061","2024-11-07 01:00","2024","11","07","01:00","","13.1","","8.2","","72","","","","27","","8","","","","100.96","","","","","","NA"
"-79.80","43.30","BURLINGTON PIERS (AUT)","6151061","2024-11-07 02:00","2024","11","07","02:00","","12.5","","8.0","","74","","","","25","","10","","","","101.00","","","","","","NA"
"-79.80","43.30","BURLINGTON PIERS (AUT)","6151061","2024-11-07 03:00","2024","11","07","03:00","","12.0","","7.6","","74","","","","29","","16","","","","101.03","","","","","","NA"
"-79.80","43.30","BURLINGTON PIERS (AUT)","6151061","2024-11-07 04:00","2024","11","07","04:00","","11.8","","6.8","","71","","","","31","","20","","","","101.09","","","","","","NA"
"-79.80","43.30","BURLINGTON PIERS (AUT)","6151061","2024-11-07 05:00","2024","11","07","05:00","","11.5","","5.7","","68","","","","31","","13","","","","101.14","","","","","","NA"
"-79.80","43.30","BURLINGTON PIERS (AUT)","6151061","2024-11-07 06:00","2024","11","07","06:00","","11.1","","4.3","","63","","","","31","","17","","","","101.21","","","","","","NA"
"-79.80","43.30","BURLINGTON PIERS (AUT)","6151061","2024-11-07 07:00","2024","11","07","07:00","","10.6","","5.3","","70","","","","30","","15","","","","101.29","","","","","","NA"
"-79.80","43.30","BURLINGTON PIERS (AUT)","6151061","2024-11-07 08:00","2024","11","07","08:00","","10.1","","5.6","","73","","","","33","","12","","","","101.39","","","","","","NA"
"-79.80","43.30","BURLINGTON PIERS (AUT)","6151061","2024-11-07 09:00","2024","11","07","09:00","","10.8","","4.7","","66","","","","26","","9","","","","101.44","","","","","","NA"
"-79.80","43.30","BURLINGTON PIERS (AUT)","6151061","2024-11-07 10:00","2024","11","07","10:00","","10.9","","4.3","","64","","","","32","","6","","","","101.44","","","","","","NA"
"-79.80","43.30","BURLINGTON PIERS (AUT)","6151061","2024-11-07 11:00","2024","11","07","11:00","","11.4","","2.9","","56","","","","29","","10","","","","101.45","","","","","","NA"
"-79.80","43.30","BURLINGTON PIERS (AUT)","6151061","2024-11-07 12:00","2024","11","07","12:00","","12.1","","2.6","","52","","","","29","","9","","","","101.40","","","","","","NA"
"-79.80","43.30","BURLINGTON PIERS (AUT)","6151061","2024-11-07 13:00","2024","11","07","13:00","","12.9","","3.4","","53","","","","20","","9","","","","101.31","","","","","","NA"
"-79.80","43.30","BURLINGTON PIERS (AUT)","6151061","2024-11-07 14:00","2024","11","07","14:00","","13.7","","3.0","","48","","","","22","","10","","","","101.25","","","","","","NA"
"-79.80","43.30","BURLINGTON PIERS (AUT)","6151061","2024-11-07 15:00","2024","11","07","15:00","","14.3","","2.7","","45","","","","24","","10","","","","101.22","","","","","","NA"
"-79.80","43.30","BURLINGTON PIERS (AUT)","6151061","2024-11-07 16:00","2024","11","07","16:00","","14.3","","2.4","","45","","","","24","","14","","","","101.20","","","","","","NA"
"-79.80","43.30","BURLINGTON PIERS (AUT)","6151061","2024-11-07 17:00","2024","11","07","17:00","","13.7","","3.2","","49","","","","26","","11","","","","101.15","","","","","","NA"
"-79.80","43.30","BURLINGTON PIERS (AUT)","6151061","2024-11-07 18:00","2024","11","07","18:00","","13.0","","3.9","","54","","","","25","","8","","","","101.16","","","","","","NA"
"-79.80","43.30","BURLINGTON PIERS (AUT)","6151061","2024-11-07 19:00","2024","11","07","19:00","","11.9","","3.7","","57","","","","26","","6","","","","101.16","","","","","","NA"
"-79.80","43.30","BURLINGTON PIERS (AUT)","6151061","2024-11-07 20:00","2024","11","07","20:00","","11.1","","3.2","","58","","","","25","","9","","","","101.14","","","","","","NA"
"-79.80","43.30","BURLINGTON PIERS (AUT)","6151061","2024-11-07 21:00","2024","11","07","21:00","","10.9","","3.5","","60","","","","24","","10","","","","101.06","","","","","","NA"
"-79.80","43.30","BURLINGTON PIERS (AUT)","6151061","2024-11-07 22:00","2024","11","07","22:00","","10.6","","4.6","","66","","","","24","","9","","","","100.99","","","","","","NA"
"-79.80","43.30","BURLINGTON PIERS (AUT)","6151061","2024-11-07 23:00","2024","11","07","23:00","","11.0","","4.0","","62","","","","22","","15","","","","100.89","","","","","","NA"
"-79.80","43.30","BURLINGTON PIERS (AUT)","6151061","2024-11-08 00:00","2024","11","08","00:00","","10.6","","4.5","","66","","","","23","","12","","","","100.83","","","","","","NA"
"-79.80","43.30","BURLINGTON PIERS (AUT)","6151061","2024-11-08 01:00","2024","11","08","01:00","","10.3","","4.7","","68","","","","25","","14","","","","100.79","","","","","","NA"
"-79.80","43.30","BURLINGTON PIERS (AUT)","6151061","2024-11-08 02:00","2024","11","08","02:00","","9.9","","5.2","","72","","","","25","","14","","","","100.76","","","","","","NA"
"-79.80","43.30","BURLINGTON PIERS (AUT)","6151061","2024-11-08 03:00","2024","11","08","03:00","","9.6","","5.1","","73","","","","24","","12","","","","100.75","","","","","","NA"
"-79.80","43.30","BURLINGTON PIERS (AUT)","6151061","2024-11-08 04:00","2024","11","08","04:00","","9.2","","5.3","","77","","","","25","","16","","","","100.68","","","","","","NA"
"-79.80","43.30","BURLINGTON PIERS (AUT)","6151061","2024-11-08 05:00","2024","11","08","05:00","","9.3","","5.2","","76","","","","25","","17","","","","100.65","","","","","","NA"
"-79.80","43.30","BURLINGTON PIERS (AUT)","6151061","2024-11-08 06:00","2024","11","08","06:00","","8.8","","5.1","","78","","","","25","","12","","","","100.66","","","","","","NA"
"-79.80","43.30","BURLINGTON PIERS (AUT)","6151061","2024-11-08 07:00","2024","11","08","07:00","","8.9","","5.6","","80","","","","23","","16","","","","100.62","","","","","","NA"
"-79.80","43.30","BURLINGTON PIERS (AUT)","6151061","2024-11-08 08:00","2024","11","08","08:00","","9.1","","5.9","","80","","","","24","","15","","","","100.63","","","","","","NA"
"-79.80","43.30","BURLINGTON PIERS (AUT)","6151061","2024-11-08 09:00","2024","11","08","09:00","","10.0","","5.7","","75","","","","25","","18","","","","100.70","","","","","","NA"
"-79.80","43.30","BURLINGTON PIERS (AUT)","6151061","2024-11-08 10:00","2024","11","08","10:00","","12.1","","4.9","","61","","","","27","","17","","","","100.68","","","","","","NA"
"-79.80","43.30","BURLINGTON PIERS (AUT)","6151061","2024-11-08 11:00","2024","11","08","11:00","","12.1","","4.0","","58","","","","28","","27","","","","100.74","","","","","","NA"
"-79.80","43.30","BURLINGTON PIERS (AUT)","6151061","2024-11-08 12:00","2024","11","08","12:00","","12.2","","4.7","","60","","","","28","","15","","","","100.74","","","","","","NA"
"-79.80","43.30","BURLINGTON PIERS (AUT)","6151061","2024-11-08 13:00","2024","11","08","13:00","","12.0","","4.5","","60","","","","27","","17","","","","100.75","","","","","","NA"
"-79.80","43.30","BURLINGTON PIERS (AUT)","6151061","2024-11-08 14:00","2024","11","08","14:00","","12.2","","4.0","","58","","","","28","","22","","","","100.78","","","","","","NA"
"-79.80","43.30","BURLINGTON PIERS (AUT)","6151061","2024-11-08 15:00","2024","11","08","15:00","","12.8","","2.6","","50","","","","29","","27","","","","100.79","","","","","","NA"
"-79.80","43.30","BURLINGTON PIERS (AUT)","6151061","2024-11-08 16:00","2024","11","08","16:00","","12.7","","2.0","","48","","","","29","","23","","","","100.89","","","","","","NA"
"-79.80","43.30","BURLINGTON PIERS (AUT)","6151061","2024-11-08 17:00","2024","11","08","17:00","","12.0","","0.9","","46","","","","30","","28","","","","101.03","","","","","","NA"
"-79.80","43.30","BURLINGTON PIERS (AUT)","6151061","2024-11-08 18:00","2024","11","08","18:00","","11.4","","2.0","","52","","","","30","","19","","","","101.17","","","","","","NA"
"-79.80","43.30","BURLINGTON PIERS (AUT)","6151061","2024-11-08 19:00","2024","11","08","19:00","","10.1","","2.3","","58","","","","32","","21","","","","101.35","","","","","","NA"
"-79.80","43.30","BURLINGTON PIERS (AUT)","6151061","2024-11-08 20:00","2024","11","08","20:00","","9.4","","0.6","","54","","","","32","","13","","","","101.46","","","","","","NA"
"-79.80","43.30","BURLINGTON PIERS (AUT)","6151061","2024-11-08 21:00","2024","11","08","21:00","","8.7","","0.8","","58","","","","31","","8","","","","101.52","","","","","","NA"
"-79.80","43.30","BURLINGTON PIERS (AUT)","6151061","2024-11-08 22:00","2024","11","08","22:00","","8.0","","0.7","","60","","","","32","","8","","","","101.63","","","","","","NA"
"-79.80","43.30","BURLINGTON PIERS (AUT)","6151061","2024-11-08 23:00","2024","11","08","23:00","","7.7","","-1.4","","53","","","","36","","13","","","","101.70","","","","","","NA"
"-79.80","43.30","BURLINGTON PIERS (AUT)","6151061","2024-11-09 00:00","2024","11","09","00:00","","6.9","","-1.3","","56","","","","33","","17","","","","101.69","","","","","","NA"
"-79.80","43.30","BURLINGTON PIERS (AUT)","6151061","2024-11-09 01:00","2024","11","09","01:00","","5.8","","-2.3","","56","","","","33","","20","","","","101.74","","","","","","NA"
"-79.80","43.30","BURLINGTON PIERS (AUT)","6151061","2024-11-09 02:00","2024","11","09","02:00","","5.4","","-3.5","","53","","","","33","","19","","","","101.80","","","","","","NA"
"-79.80","43.30","BURLINGTON PIERS (AUT)","6151061","2024-11-09 03:00","2024","11","09","03:00","","4.6","","-3.7","","55","","","","34","","22","","","","101.86","","","","","","NA"
"-79.80","43.30","BURLINGTON PIERS (AUT)","6151061","2024-11-09 04:00","2024","11","09","04:00","","4.0","","-3.8","","57","","","","33","","20","","","","101.89","","","","","","NA"
"-79.80","43.30","BURLINGTON PIERS (AUT)","6151061","2024-11-09 05:00","2024","11","09","05:00","","4.2","","-3.9","","56","","","","34","","19","","","","101.94","","","","","","NA"
"-79.80","43.30","BURLINGTON PIERS (AUT)","6151061","2024-11-09 06:00","2024","11","09","06:00","","4.0","","-3.6","","57","","","","34","","19","","","","101.99","","","","","","NA"
"-79.80","43.30","BURLINGTON PIERS (AUT)","6151061","2024-11-09 07:00","2024","11","09","07:00","","3.7","","-3.9","","57","","","","34","","16","","","","102.05","","","","","","NA"
"-79.80","43.30","BURLINGTON PIERS (AUT)","6151061","2024-11-09 08:00","2024","11","09","08:00","","3.8","","-3.9","","57","","","","36","","15","","","","102.06","","","","","","NA"
"-79.80","43.30","BURLINGTON PIERS (AUT)","6151061","2024-11-09 09:00","2024","11","09","09:00","","4.7","","-4.1","","53","","","","34","","10","","","","102.17","","","","","","NA"
"-79.80","43.30","BURLINGTON PIERS (AUT)","6151061","2024-11-09 10:00","2024","11","09","10:00","","5.5","","-2.6","","56","","","","2","","8","","","","102.15","","","","","","NA"
"-79.80","43.30","BURLINGTON PIERS (AUT)","6151061","2024-11-09 11:00","2024","11","09","11:00","","5.8","","-1.9","","58","","","","4","","11","","","","102.17","","","","","","NA"
"-79.80","43.30","BURLINGTON PIERS (AUT)","6151061","2024-11-09 12:00","2024","11","09","12:00","","6.1","","-1.7","","57","","","","7","","13","","","","102.11","","","","","","NA"
"-79.80","43.30","BURLINGTON PIERS (AUT)","6151061","2024-11-09 13:00","2024","11","09","13:00","","6.3","","-1.6","","57","","","","7","","11","","","","102.03","","","","","","NA"
"-79.80","43.30","BURLINGTON PIERS (AUT)","6151061","2024-11-09 14:00","2024","11","09","14:00","","6.7","","-1.5","","56","","","","9","","11","","","","101.99","","","","","","NA"
"-79.80","43.30","BURLINGTON PIERS (AUT)","6151061","2024-11-09 15:00","2024","11","09","15:00","","6.9","","-0.7","","59","","","","6","","11","","","","101.91","","","","","","NA"
"-79.80","43.30","BURLINGTON PIERS (AUT)","6151061","2024-11-09 16:00","2024","11","09","16:00","","7.1","","-1.2","","55","","","","7","","10","","","","101.89","","","","","","NA"
"-79.80","43.30","BURLINGTON PIERS (AUT)","6151061","2024-11-09 17:00","2024","11","09","17:00","","7.0","","0.0","","61","","","","8","","10","","","","101.84","","","","","","NA"
"-79.80","43.30","BURLINGTON PIERS (AUT)","6151061","2024-11-09 18:00","2024","11","09","18:00","","7.2","","1.3","","66","","","","9","","7","","","","101.87","","","","","","NA"
"-79.80","43.30","BURLINGTON PIERS (AUT)","6151061","2024-11-09 19:00","2024","11","09","19:00","","7.2","","0.9","","64","","","","6","","10","","","","101.80","","","","","","NA"
"-79.80","43.30","BURLINGTON PIERS (AUT)","6151061","2024-11-09 20:00","2024","11","09","20:00","","6.5","","1.7","","71","","","","1","","10","","","","101.73","","","","","","NA"
"-79.80","43.30","BURLINGTON PIERS (AUT)","6151061","2024-11-09 21:00","2024","11","09","21:00","","8.1","","3.8","","74","","","","7","","16","","","","101.67","","","","","","NA"
"-79.80","43.30","BURLINGTON PIERS (AUT)","6151061","2024-11-09 22:00","2024","11","09","22:00","","7.7","","3.8","","76","","","","13","","9","","","","101.63","","","","","","NA"
"-79.80","43.30","BURLINGTON PIERS (AUT)","6151061","2024-11-09 23:00","2024","11","09","23:00","","6.6","","2.6","","75","","","","36","","11","","","","101.53","","","","","","NA"
"-79.80","43.30","BURLINGTON PIERS (AUT)","6151061","2024-11-10 00:00","2024","11","10","00:00","","8.1","","2.8","","69","","","","8","","14","","","","101.44","","","","","","NA"
"-79.80","43.30","BURLINGTON PIERS (AUT)","6151061","2024-11-10 01:00","2024","11","10","01:00","","7.0","","3.7","","79","","","","15","","6","","","","101.35","","","","","","NA"
"-79.80","43.30","BURLINGTON PIERS (AUT)","6151061","2024-11-10 02:00","2024","11","10","02:00","","6.8","","2.9","","76","","","","36","","7","","","","101.30","","","","","","NA"
"-79.80","43.30","BURLINGTON PIERS (AUT)","6151061","2024-11-10 03:00","2024","11","10","03:00","","6.6","","2.6","","76","","","","35","","11","","","","101.17","","","","","","NA"
"-79.80","43.30","BURLINGTON PIERS (AUT)","6151061","2024-11-10 04:00","2024","11","10","04:00","","6.9","","2.9","","75","","","","33","","10","","","","101.14","","","","","","NA"
"-79.80","43.30","BURLINGTON PIERS (AUT)","6151061","2024-11-10 05:00","2024","11","10","05:00","","7.1","","2.9","","74","","","","35","","11","","","","101.03","","","","","","NA"
"-79.80","43.30","BURLINGTON PIERS (AUT)","6151061","2024-11-10 06:00","2024","11","10","06:00","","7.0","","3.2","","77","","","","33","","6","","","","100.95","","","","","","NA"
"-79.80","43.30","BURLINGTON PIERS (AUT)","6151061","2024-11-10 07:00","2024","11","10","07:00","","7.2","","3.4","","77","","","","31","","3","","","","100.87","","","","","","NA"
"-79.80","43.30","BURLINGTON PIERS (AUT)","6151061","2024-11-10 08:00","2024","11","10","08:00","","7.6","","3.5","","75","","","","33","","7","","","","100.85","","","","","","NA"
"-79.80","43.30","BURLINGTON PIERS (AUT)","6151061","2024-11-10 09:00","2024","11","10","09:00","","7.9","","3.6","","75","","","","34","","5","","","","100.80","","","","","","NA"
"-79.80","43.30","BURLINGTON PIERS (AUT)","6151061","2024-11-10 10:00","2024","11","10","10:00","","8.1","","3.8","","74","","","","5","","4","","","","100.70","","","","","","NA"
"-79.80","43.30","BURLINGTON PIERS (AUT)","6151061","2024-11-10 11:00","2024","11","10","11:00","","8.2","","4.6","","78","","","","3","","7","","","","100.62","","","","","","NA"
"-79.80","43.30","BURLINGTON PIERS (AUT)","6151061","2024-11-10 12:00","2024","11","10","12:00","","8.1","","5.9","","86","","","","1","","9","","","","100.48","","","","","","NA"
"-79.80","43.30","BURLINGTON PIERS (AUT)","6151061","2024-11-10 13:00","2024","11","10","13:00","","7.8","","6.2","","90","","","","5","","12","","","","100.28","","","","","","NA"
"-79.80","43.30","BURLINGTON PIERS (AUT)","6151061","2024-11-10 14:00","2024","11","10","14:00","","8.2","","7.3","","94","","","","11","","5","","","","100.19","","","","","","NA"
"-79.80","43.30","BURLINGTON PIERS (AUT)","6151061","2024-11-10 15:00","2024","11","10","15:00","","8.8","","8.3","","97","","","","1","","9","","","","99.98","","","","","","NA"
"-79.80","43.30","BURLINGTON PIERS (AUT)","6151061","2024-11-10 16:00","2024","11","10","16:00","","9.1","","8.7","","97","","","","8","","4","","","","99.91","","","","","","NA"
"-79.80","43.30","BURLINGTON PIERS (AUT)","6151061","2024-11-10 17:00","2024","11","10","17:00","","9.9","","9.5","","97","","","","","","0","","","","99.79","","","","","","NA"
"-79.80","43.30","BURLINGTON PIERS (AUT)","6151061","2024-11-10 18:00","2024","11","10","18:00","","13.4","","11.9","","90","","","","19","","18","","","","99.68","","","","","","NA"
"-79.80","43.30","BURLINGTON PIERS (AUT)","6151061","2024-11-10 19:00","2024","11","10","19:00","","13.8","","11.9","","88","","","","21","","21","","","","99.69","","","","","","NA"
"-79.80","43.30","BURLINGTON PIERS (AUT)","6151061","2024-11-10 20:00","2024","11","10","20:00","","13.9","","12.0","","88","","","","20","","20","","","","99.61","","","","","","NA"
"-79.80","43.30","BURLINGTON PIERS (AUT)","6151061","2024-11-10 21:00","2024","11","10","21:00","","14.4","","12.3","","87","","","","21","","16","","","","99.54","","","","","","NA"
"-79.80","43.30","BURLINGTON PIERS (AUT)","6151061","2024-11-10 22:00","2024","11","10","22:00","","14.4","","12.6","","89","","","","20","","12","","","","99.41","","","","","","NA"
"-79.80","43.30","BURLINGTON PIERS (AUT)","6151061","2024-11-10 23:00","2024","11","10","23:00","","15.1","","12.6","","85","","","","19","","23","","","","99.26","","","","","","NA"
"-79.80","43.30","BURLINGTON PIERS (AUT)","6151061","2024-11-11 00:00","2024","11","11","00:00","","14.0","","9.6","","75","","","","25","","20","","","","99.36","","","","","","NA"
"-79.80","43.30","BURLINGTON PIERS (AUT)","6151061","2024-11-11 01:00","2024","11","11","01:00","","13.3","","8.2","","71","","","","25","","23","","","","99.38","","","","","","NA"
"-79.80","43.30","BURLINGTON PIERS (AUT)","6151061","2024-11-11 02:00","2024","11","11","02:00","","13.0","","8.5","","74","","","","24","","18","","","","99.43","","","","","","NA"
"-79.80","43.30","BURLINGTON PIERS (AUT)","6151061","2024-11-11 03:00","2024","11","11","03:00","","12.8","","9.1","","78","","","","24","","14","","","","99.48","","","","","","NA"
"-79.80","43.30","BURLINGTON PIERS (AUT)","6151061","2024-11-11 04:00","2024","11","11","04:00","","12.5","","7.5","","71","","","","24","","13","","","","99.52","","","","","","NA"
"-79.80","43.30","BURLINGTON PIERS (AUT)","6151061","2024-11-11 05:00","2024","11","11","05:00","","12.4","","7.9","","74","","","","21","","15","","","","99.55","","","","","","NA"
"-79.80","43.30","BURLINGTON PIERS (AUT)","6151061","2024-11-11 06:00","2024","11","11","06:00","","12.4","","7.5","","72","","","","23","","15","","","","99.56","","","","","","NA"
"-79.80","43.30","BURLINGTON PIERS (AUT)","6151061","2024-11-11 07:00","2024","11","11","07:00","","12.1","","7.8","","75","","","","23","","14","","","","99.58","","","","","","NA"
"-79.80","43.30","BURLINGTON PIERS (AUT)","6151061","2024-11-11 08:00","2024","11","11","08:00","","11.9","","8.1","","77","","","","21","","15","","","","99.60","","","","","","NA"
"-79.80","43.30","BURLINGTON PIERS (AUT)","6151061","2024-11-11 09:00","2024","11","11","09:00","","11.5","","7.6","","77","","","","21","","19","","","","99.60","","","","","","NA"
"-79.80","43.30","BURLINGTON PIERS (AUT)","6151061","2024-11-11 10:00","2024","11","11","10:00","","11.9","","7.1","","72","","","","22","","18","","","","99.58","","","","","","NA"
"-79.80","43.30","BURLINGTON PIERS (AUT)","6151061","2024-11-11 11:00","2024","11","11","11:00","","12.1","","7.5","","73","","","","22","","18","","","","99.54","","","","","","NA"
"-79.80","43.30","BURLINGTON PIERS (AUT)","6151061","2024-11-11 12:00","2024","11","11","12:00","","12.1","","7.2","","72","","","","23","","16","","","","99.47","","","","","","NA"
"-79.80","43.30","BURLINGTON PIERS (AUT)","6151061","2024-11-11 13:00","2024","11","11","13:00","","12.4","","6.7","","68","","","","23","","18","","","","99.41","","","","","","NA"
"-79.80","43.30","BURLINGTON PIERS (AUT)","6151061","2024-11-11 14:00","2024","11","11","14:00","","11.7","","7.2","","74","","","","24","","21","","","","99.41","","","","","","NA"
"-79.80","43.30","BURLINGTON PIERS (AUT)","6151061","2024-11-11 15:00","2024","11","11","15:00","","12.2","","7.6","","73","","","","24","","14","","","","99.41","","","","","","NA"
"-79.80","43.30","BURLINGTON PIERS (AUT)","6151061","2024-11-11 16:00","2024","11","11","16:00","","12.7","","6.7","","67","","","","23","","18","","","","99.40","","","","","","NA"
"-79.80","43.30","BURLINGTON PIERS (AUT)","6151061","2024-11-11 17:00","2024","11","11","17:00","","12.6","","7.0","","69","","","","23","","17","","","","99.44","","","","","","NA"
"-79.80","43.30","BURLINGTON PIERS (AUT)","6151061","2024-11-11 18:00","2024","11","11","18:00","","9.1","","4.6","","74","","","","29","","18","","","","99.70","","","","","","NA"
"-79.80","43.30","BURLINGTON PIERS (AUT)","6151061","2024-11-11 19:00","2024","11","11","19:00","","8.9","","3.5","","69","","","","27","","21","","","","99.77","","","","","","NA"
"-79.80","43.30","BURLINGTON PIERS (AUT)","6151061","2024-11-11 20:00","2024","11","11","20:00","","8.7","","2.5","","65","","","","27","","19","","","","99.88","","","","","","NA"
"-79.80","43.30","BURLINGTON PIERS (AUT)","6151061","2024-11-11 21:00","2024","11","11","21:00","","8.7","","3.2","","68","","","","26","","16","","","","99.93","","","","","","NA"
"-79.80","43.30","BURLINGTON PIERS (AUT)","6151061","2024-11-11 22:00","2024","11","11","22:00","","8.8","","3.6","","70","","","","27","","15","","","","100.08","","","","","","NA"
"-79.80","43.30","BURLINGTON PIERS (AUT)","6151061","2024-11-11 23:00","2024","11","11","23:00","","8.9","","3.2","","68","","","","31","","23","","","","100.21","","","","","","NA"
"-79.80","43.30","BURLINGTON PIERS (AUT)","6151061","2024-11-12 00:00","2024","11","12","00:00","","7.5","","1.2","","64","","","","32","","31","","","","100.44","","","","","","NA"
"-79.80","43.30","BURLINGTON PIERS (AUT)","6151061","2024-11-12 01:00","2024","11","12","01:00","","6.0","","0.5","","68","","","","32","","26","","","","100.64","","","","","","NA"
"-79.80","43.30","BURLINGTON PIERS (AUT)","6151061","2024-11-12 02:00","2024","11","12","02:00","","5.0","","0.1","","71","","","","34","","25","","","","100.82","","","","","","NA"
"-79.80","43.30","BURLINGTON PIERS (AUT)","6151061","2024-11-12 03:00","2024","11","12","03:00","","4.6","","0.0","","72","","","","33","","31","","","","100.96","","","","","","NA"
"-79.80","43.30","BURLINGTON PIERS (AUT)","6151061","2024-11-12 04:00","2024","11","12","04:00","","3.8","","-1.2","","70","","","","33","","35","","","","101.05","","","","","","NA"
"-79.80","43.30","BURLINGTON PIERS (AUT)","6151061","2024-11-12 05:00","2024","11","12","05:00","","3.5","","-2.1","","67","","","","33","","25","","","","101.22","","","","","","NA"
"-79.80","43.30","BURLINGTON PIERS (AUT)","6151061","2024-11-12 06:00","2024","11","12","06:00","","3.5","","-1.6","","69","","","","33","","27","","","","101.36","","","","","","NA"
"-79.80","43.30","BURLINGTON PIERS (AUT)","6151061","2024-11-12 07:00","2024","11","12","07:00","","3.1","","-2.2","","68","","","","33","","26","","","","101.49","","","","","","NA"
"-79.80","43.30","BURLINGTON PIERS (AUT)","6151061","2024-11-12 08:00","2024","11","12","08:00","","3.2","","-3.1","","63","","","","34","","28","","","","101.65","","","","","","NA"
"-79.80","43.30","BURLINGTON PIERS (AUT)","6151061","2024-11-12 09:00","2024","11","12","09:00","","3.5","","-3.2","","61","","","","35","","33","","","","101.71","","","","","","NA"
"-79.80","43.30","BURLINGTON PIERS (AUT)","6151061","2024-11-12 10:00","2024","11","12","10:00","","4.5","","-2.6","","60","","","","35","","23","","","","101.80","","","","","","NA"
"-79.80","43.30","BURLINGTON PIERS (AUT)","6151061","2024-11-12 11:00","2024","11","12","11:00","","5.2","","-2.8","","56","","","","34","","16","","","","101.87","","","","","","NA"
"-79.80","43.30","BURLINGTON PIERS (AUT)","6151061","2024-11-12 12:00","2024","11","12","12:00","","6.0","","-2.3","","55","","","","36","","12","","","","101.89","","","","","","NA"
"-79.80","43.30","BURLINGTON PIERS (AUT)","6151061","2024-11-12 13:00","2024","11","12","13:00","","6.6","","-3.0","","50","","","","33","","18","","","","101.88","","","","","","NA"
"-79.80","43.30","BURLINGTON PIERS (AUT)","6151061","2024-11-12 14:00","2024","11","12","14:00","","7.1","","-3.3","","47","","","","35","","17","","","","101.87","","","","","","NA"
"-79.80","43.30","BURLINGTON PIERS (AUT)","6151061","2024-11-12 15:00","2024","11","12","15:00","","7.5","","-3.9","","44","","","","35","","11","","","","101.90","","","","","","NA"
"-79.80","43.30","BURLINGTON PIERS (AUT)","6151061","2024-11-12 16:00","2024","11","12","16:00","","7.5","","-3.9","","44","","","","1","","17","","","","101.95","","","","","","NA"
"-79.80","43.30","BURLINGTON PIERS (AUT)","6151061","2024-11-12 17:00","2024","11","12","17:00","","7.1","","-3.6","","46","","","","35","","18","","","","101.99","","","","","","NA"
"-79.80","43.30","BURLINGTON PIERS (AUT)","6151061","2024-11-12 18:00","2024","11","12","18:00","","6.7","","-2.6","","52","","","","35","","15","","","","102.04","","","","","","NA"
"-79.80","43.30","BURLINGTON PIERS (AUT)","6151061","2024-11-12 19:00","2024","11","12","19:00","","5.7","","-1.3","","60","","","","35","","22","","","","102.06","","","","","","NA"
"-79.80","43.30","BURLINGTON PIERS (AUT)","6151061","2024-11-12 20:00","2024","11","12","20:00","","4.8","","-0.8","","67","","","","35","","19","","","","102.11","","","","","","NA"
"-79.80","43.30","BURLINGTON PIERS (AUT)","6151061","2024-11-12 21:00","2024","11","12","21:00","","3.8","","-1.1","","70","","","","35","","21","","","","102.17","","","","","","NA"
"-79.80","43.30","BURLINGTON PIERS (AUT)","6151061","2024-11-12 22:00","2024","11","12","22:00","","3.7","","-0.8","","72","","","","35","","17","","","","102.15","","","","","","NA"
"-79.80","43.30","BURLINGTON PIERS (AUT)","6151061","2024-11-12 23:00","2024","11","12","23:00","","3.3","","-0.7","","75","","","","36","","22","","","","102.17","","","","","","NA"
"-79.80","43.30","BURLINGTON PIERS (AUT)","6151061","2024-11-13 00:00","2024","11","13","00:00","","4.6","","0.7","","76","","","","2","","25","","","","102.21","","","","","","NA"
"-79.80","43.30","BURLINGTON PIERS (AUT)","6151061","2024-11-13 01:00","2024","11","13","01:00","","3.5","","-0.4","","76","","","","4","","17","","","","102.25","","","","","","NA"
"-79.80","43.30","BURLINGTON PIERS (AUT)","6151061","2024-11-13 02:00","2024","11","13","02:00","","2.9","","-1.2","","74","","","","34","","15","","","","102.31","","","","","","NA"
"-79.80","43.30","BURLINGTON PIERS (AUT)","6151061","2024-11-13 03:00","2024","11","13","03:00","","4.9","","0.6","","73","","","","12","","26","","","","102.30","","","","","","NA"
"-79.80","43.30","BURLINGTON PIERS (AUT)","6151061","2024-11-13 04:00","2024","11","13","04:00","","5.0","","-0.6","","67","","","","9","","25","","","","102.29","","","","","","NA"
"-79.80","43.30","BURLINGTON PIERS (AUT)","6151061","2024-11-13 05:00","2024","11","13","05:00","","5.3","","-0.3","","67","","","","8","","21","","","","102.30","","","","","","NA"
"-79.80","43.30","BURLINGTON PIERS (AUT)","6151061","2024-11-13 06:00","2024","11","13","06:00","","4.7","","0.3","","73","","","","10","","17","","","","102.36","","","","","","NA"
"-79.80","43.30","BURLINGTON PIERS (AUT)","6151061","2024-11-13 07:00","2024","11","13","07:00","","4.7","","-0.1","","71","","","","11","","24","","","","102.35","","","","","","NA"
"-79.80","43.30","BURLINGTON PIERS (AUT)","6151061","2024-11-13 08:00","2024","11","13","08:00","","4.7","","0.5","","74","","","","12","","25","","","","102.39","","","","","","NA"
"-79.80","43.30","BURLINGTON PIERS (AUT)","6151061","2024-11-13 09:00","2024","11","13","09:00","","4.0","","-1.7","","66","","","","10","","28","","","","102.46","","","","","","NA"
"-79.80","43.30","BURLINGTON PIERS (AUT)","6151061","2024-11-13 10:00","2024","11","13","10:00","","4.3","","-1.5","","66","","","","10","","27","","","","102.44","","","","","","NA"
"-79.80","43.30","BURLINGTON PIERS (AUT)","6151061","2024-11-13 11:00","2024","11","13","11:00","","4.9","","-0.3","","69","","","","9","","28","","","","102.40","","","","","","NA"
"-79.80","43.30","BURLINGTON PIERS (AUT)","6151061","2024-11-13 12:00","2024","11","13","12:00","","5.0","","-0.2","","69","","","","7","","24","","","","102.30","","","","","","NA"
"-79.80","43.30","BURLINGTON PIERS (AUT)","6151061","2024-11-13 13:00","2024","11","13","13:00","","5.1","","-1.4","","63","","","","7","","27","","","","102.16","","","","","","NA"
"-79.80","43.30","BURLINGTON PIERS (AUT)","6151061","2024-11-13 14:00","2024","11","13","14:00","","5.9","","-0.4","","64","","","","5","","30","","","","102.09","","","","","","NA"
"-79.80","43.30","BURLINGTON PIERS (AUT)","6151061","2024-11-13 15:00","2024","11","13","15:00","","6.6","","0.6","","66","","","","5","","34","","","","101.98","","","","","","NA"
"-79.80","43.30","BURLINGTON PIERS (AUT)","6151061","2024-11-13 16:00","2024","11","13","16:00","","7.0","","1.1","","66","","","","5","","34","","","","101.94","","","","","","NA"
"-79.80","43.30","BURLINGTON PIERS (AUT)","6151061","2024-11-13 17:00","2024","11","13","17:00","","7.4","","1.7","","67","","","","6","","38","","","","101.89","","","","","","NA"
"-79.80","43.30","BURLINGTON PIERS (AUT)","6151061","2024-11-13 18:00","2024","11","13","18:00","","7.5","","1.4","","65","","","","6","","35","","","","101.88","","","","","","NA"
"-79.80","43.30","BURLINGTON PIERS (AUT)","6151061","2024-11-13 19:00","2024","11","13","19:00","","7.1","","0.6","","63","","","","6","","34","","","","101.81","","","","","","NA"
"-79.80","43.30","BURLINGTON PIERS (AUT)","6151061","2024-11-13 20:00","2024","11","13","20:00","","6.8","","0.6","","65","","","","7","","34","","","","101.68","","","","","","NA"
"-79.80","43.30","BURLINGTON PIERS (AUT)","6151061","2024-11-13 21:00","2024","11","13","21:00","","6.9","","1.0","","66","","","","7","","35","","","","101.58","","","","","","NA"
"-79.80","43.30","BURLINGTON PIERS (AUT)","6151061","2024-11-13 22:00","2024","11","13","22:00","","6.9","","0.2","","62","","","","7","","33","","","","101.50","","","","","","NA"
"-79.80","43.30","BURLINGTON PIERS (AUT)","6151061","2024-11-13 23:00","2024","11","13","23:00","","7.0","","0.0","","61","","","","7","","31","","","","101.45","","","","","","NA"
"-79.80","43.30","BURLINGTON PIERS (AUT)","6151061","2024-11-14 00:00","2024","11","14","00:00","","7.0","","-0.2","","60","","","","7","","30","","","","101.35","","","","","","NA"
"-79.80","43.30","BURLINGTON PIERS (AUT)","6151061","2024-11-14 01:00","2024","11","14","01:00","","6.9","","0.0","","62","","","","7","","31","","","","101.30","","","","","","NA"
"-79.80","43.30","BURLINGTON PIERS (AUT)","6151061","2024-11-14 02:00","2024","11","14","02:00","","7.1","","1.1","","65","","","","7","","31","","","","101.20","","","","","","NA"
"-79.80","43.30","BURLINGTON PIERS (AUT)","6151061","2024-11-14 03:00","2024","11","14","03:00","","7.2","","0.6","","63","","","","7","","35","","","","101.06","","","","","","NA"
"-79.80","43.30","BURLINGTON PIERS (AUT)","6151061","2024-11-14 04:00","2024","11","14","04:00","","7.5","","0.5","","61","","","","8","","31","","","","101.04","","","","","","NA"
"-79.80","43.30","BURLINGTON PIERS (AUT)","6151061","2024-11-14 05:00","2024","11","14","05:00","","7.9","","0.7","","61","","","","8","","28","","","","101.05","","","","","","NA"
"-79.80","43.30","BURLINGTON PIERS (AUT)","6151061","2024-11-14 06:00","2024","11","14","06:00","","8.1","","-1.4","","51","","","","9","","29","","","","100.98","","","","","","NA"
"-79.80","43.30","BURLINGTON PIERS (AUT)","6151061","2024-11-14 07:00","2024","11","14","07:00","","8.1","","-0.2","","56","","","","9","","29","","","","100.90","","","","","","NA"
"-79.80","43.30","BURLINGTON PIERS (AUT)","6151061","2024-11-14 08:00","2024","11","14","08:00","","8.2","","-1.7","","50","","","","10","","26","","","","100.91","","","","","","NA"
"-79.80","43.30","BURLINGTON PIERS (AUT)","6151061","2024-11-14 09:00","2024","11","14","09:00","","7.5","","1.3","","65","","","","10","","23","","","","100.86","","","","","","NA"
"-79.80","43.30","BURLINGTON PIERS (AUT)","6151061","2024-11-14 10:00","2024","11","14","10:00","","7.8","","-0.8","","54","","","","9","","28","","","","100.76","","","","","","NA"
"-79.80","43.30","BURLINGTON PIERS (AUT)","6151061","2024-11-14 11:00","2024","11","14","11:00","","8.4","","0.0","","55","","","","8","","24","","","","100.71","","","","","","NA"
"-79.80","43.30","BURLINGTON PIERS (AUT)","6151061","2024-11-14 12:00","2024","11","14","12:00","","9.1","","-2.0","","46","","","","9","","21","","","","100.63","","","","","","NA"
"-79.80","43.30","BURLINGTON PIERS (AUT)","6151061","2024-11-14 13:00","2024","11","14","13:00","","9.3","","-1.6","","46","","","","11","","17","","","","100.57","","","","","","NA"
"-79.80","43.30","BURLINGTON PIERS (AUT)","6151061","2024-11-14 14:00","2024","11","14","14:00","","9.6","","-0.1","","51","","","","9","","18","","","","100.49","","","","","","NA"
"-79.80","43.30","BURLINGTON PIERS (AUT)","6151061","2024-11-14 15:00","2024","11","14","15:00","","9.7","","2.1","","59","","","","8","","14","","","","100.45","","","","","","NA"
"-79.80","43.30","BURLINGTON PIERS (AUT)","6151061","2024-11-14 16:00","2024","11","14","16:00","","9.6","","2.9","","63","","","","5","","16","","","","100.47","","","","","","NA"
"-79.80","43.30","BURLINGTON PIERS (AUT)","6151061","2024-11-14 17:00","2024","11","14","17:00","","10.1","","0.6","","52","","","","9","","13","","","","100.46","","","","","","NA"
"-79.80","43.30","BURLINGTON PIERS (AUT)","6151061","2024-11-14 18:00","2024","11","14","18:00","","8.3","","3.3","","71","","","","12","","27","","","","100.51","","","","","","NA"
"-79.80","43.30","BURLINGTON PIERS (AUT)","6151061","2024-11-14 19:00","2024","11","14","19:00","","7.7","","4.6","","81","","","","10","","15","","","","100.55","","","","","","NA"
"-79.80","43.30","BURLINGTON PIERS (AUT)","6151061","2024-11-14 20:00","2024","11","14","20:00","","7.4","","4.7","","83","","","","8","","16","","","","100.53","","","","","","NA"
"-79.80","43.30","BURLINGTON PIERS (AUT)","6151061","2024-11-14 21:00","2024","11","14","21:00","","7.0","","5.4","","90","","","","8","","24","","","","100.53","","","","","","NA"
"-79.80","43.30","BURLINGTON PIERS (AUT)","6151061","2024-11-14 22:00","2024","11","14","22:00","","7.1","","5.3","","88","","","","9","","21","","","","100.52","","","","","","NA"
"-79.80","43.30","BURLINGTON PIERS (AUT)","6151061","2024-11-14 23:00","2024","11","14","23:00","","7.2","","5.5","","89","","","","9","","18","","","","100.49","","","","","","NA"
"-79.80","43.30","BURLINGTON PIERS (AUT)","6151061","2024-11-15 00:00","2024","11","15","00:00","","7.3","","5.5","","88","","","","8","","17","","","","100.49","","","","","","NA"
"-79.80","43.30","BURLINGTON PIERS (AUT)","6151061","2024-11-15 01:00","2024","11","15","01:00","","7.4","","5.9","","90","","","","8","","16","","","","100.49","","","","","","NA"
"-79.80","43.30","BURLINGTON PIERS (AUT)","6151061","2024-11-15 02:00","2024","11","15","02:00","","7.2","","6.0","","93","","","","8","","17","","","","100.50","","","","","","NA"
"-79.80","43.30","BURLINGTON PIERS (AUT)","6151061","2024-11-15 03:00","2024","11","15","03:00","","7.4","","6.0","","91","","","","8","","12","","","","100.54","","","","","","NA"
"-79.80","43.30","BURLINGTON PIERS (AUT)","6151061","2024-11-15 04:00","2024","11","15","04:00","","7.3","","6.3","","93","","","","8","","12","","","","100.55","","","","","","NA"
"-79.80","43.30","BURLINGTON PIERS (AUT)","6151061","2024-11-15 05:00","2024","11","15","05:00","","7.4","","6.4","","93","","","","8","","8","","","","100.58","","","","","","NA"
"-79.80","43.30","BURLINGTON PIERS (AUT)","6151061","2024-11-15 06:00","2024","11","15","06:00","","8.0","","6.4","","89","","","","7","","13","","","","100.60","","","","","","NA"
"-79.80","43.30","BURLINGTON PIERS (AUT)","6151061","2024-11-15 07:00","2024","11","15","07:00","","8.0","","5.9","","87","","","","5","","12","","","","100.64","","","","","","NA"
"-79.80","43.30","BURLINGTON PIERS (AUT)","6151061","2024-11-15 08:00","2024","11","15","08:00","","8.0","","5.7","","86","","","","4","","16","","","","100.66","","","","","","NA"
"-79.80","43.30","BURLINGTON PIERS (AUT)","6151061","2024-11-15 09:00","2024","11","15","09:00","","7.8","","5.7","","86","","","","3","","20","","","","100.70","","","","","","NA"
"-79.80","43.30","BURLINGTON PIERS (AUT)","6151061","2024-11-15 10:00","2024","11","15","10:00","","7.9","","5.7","","86","","","","3","","21","","","","100.71","","","","","","NA"
"-79.80","43.30","BURLINGTON PIERS (AUT)","6151061","2024-11-15 11:00","2024","11","15","11:00","","7.6","","5.4","","86","","","","4","","22","","","","100.72","","","","","","NA"
"-79.80","43.30","BURLINGTON PIERS (AUT)","6151061","2024-11-15 12:00","2024","11","15","12:00","","7.5","","5.2","","85","","","","3","","20","","","","100.71","","","","","","NA"
"-79.80","43.30","BURLINGTON PIERS (AUT)","6151061","2024-11-15 13:00","2024","11","15","13:00","","7.4","","5.1","","85","","","","2","","17","","","","100.69","","","","","","NA"
"-79.80","43.30","BURLINGTON PIERS (AUT)","6151061","2024-11-15 14:00","2024","11","15","14:00","","7.4","","5.1","","85","","","","2","","16","","","","100.70","","","","","","NA"
"-79.80","43.30","BURLINGTON PIERS (AUT)","6151061","2024-11-15 15:00","2024","11","15","15:00","","7.4","","4.8","","83","","","","1","","9","","","","100.69","","","","","","NA"
"-79.80","43.30","BURLINGTON PIERS (AUT)","6151061","2024-11-15 16:00","2024","11","15","16:00","","7.9","","5.1","","83","","","","1","","3","","","","100.71","","","","","","NA"
"-79.80","43.30","BURLINGTON PIERS (AUT)","6151061","2024-11-15 17:00","2024","11","15","17:00","","8.2","","5.3","","82","","","","30","","5","","","","100.73","","","","","","NA"
"-79.80","43.30","BURLINGTON PIERS (AUT)","6151061","2024-11-15 18:00","2024","11","15","18:00","","8.3","","5.5","","83","","","","28","","4","","","","100.75","","","","","","NA"
"-79.80","43.30","BURLINGTON PIERS (AUT)","6151061","2024-11-15 19:00","2024","11","15","19:00","","8.4","","6.1","","86","","","","25","","7","","","","100.76","","","","","","NA"
"-79.80","43.30","BURLINGTON PIERS (AUT)","6151061","2024-11-15 20:00","2024","11","15","20:00","","8.5","","6.6","","88","","","","25","","9","","","","100.73","","","","","","NA"
"-79.80","43.30","BURLINGTON PIERS (AUT)","6151061","2024-11-15 21:00","2024","11","15","21:00","","8.7","","6.8","","88","","","","25","","6","","","","100.73","","","","","","NA"
"-79.80","43.30","BURLINGTON PIERS (AUT)","6151061","2024-11-15 22:00","2024","11","15","22:00","","8.9","","5.2","","77","","","","30","","15","","","","100.73","","","","","","NA"
"-79.80","43.30","BURLINGTON PIERS (AUT)","6151061","2024-11-15 23:00","2024","11","15","23:00","","8.4","","4.0","","73","","","","30","","20","","","","100.76","","","","","","NA"
"-79.80","43.30","BURLINGTON PIERS (AUT)","6151061","2024-11-16 00:00","2024","11","16","00:00","","7.9","","2.8","","70","","","","30","","16","","","","100.78","","","","","","NA"
"-79.80","43.30","BURLINGTON PIERS (AUT)","6151061","2024-11-16 01:00","2024","11","16","01:00","","7.4","","2.8","","73","","","","29","","7","","","","100.82","","","","","","NA"
"-79.80","43.30","BURLINGTON PIERS (AUT)","6151061","2024-11-16 02:00","2024","11","16","02:00","","6.8","","2.0","","71","","","","29","","6","","","","100.85","","","","","","NA"
"-79.80","43.30","BURLINGTON PIERS (AUT)","6151061","2024-11-16 03:00","2024","11","16","03:00","","6.4","","1.9","","73","","","","27","","10","","","","100.88","","","","","","NA"
"-79.80","43.30","BURLINGTON PIERS (AUT)","6151061","2024-11-16 04:00","2024","11","16","04:00","","6.4","","2.0","","73","","","","28","","11","","","","100.93","","","","","","NA"
"-79.80","43.30","BURLINGTON PIERS (AUT)","6151061","2024-11-16 05:00","2024","11","16","05:00","","6.5","","2.1","","73","","","","25","","9","","","","100.94","","","","","","NA"
"-79.80","43.30","BURLINGTON PIERS (AUT)","6151061","2024-11-16 06:00","2024","11","16","06:00","","6.3","","2.8","","78","","","","25","","10","","","","100.98","","","","","","NA"
"-79.80","43.30","BURLINGTON PIERS (AUT)","6151061","2024-11-16 07:00","2024","11","16","07:00","","6.0","","3.1","","81","","","","26","","10","","","","101.06","","","","","","NA"
"-79.80","43.30","BURLINGTON PIERS (AUT)","6151061","2024-11-16 08:00","2024","11","16","08:00","","6.3","","2.6","","78","","","","25","","12","","","","101.12","","","","","","NA"
"-79.80","43.30","BURLINGTON PIERS (AUT)","6151061","2024-11-16 09:00","2024","11","16","09:00","","6.6","","2.7","","76","","","","25","","10","","","","101.15","","","","","","NA"
"-79.80","43.30","BURLINGTON PIERS (AUT)","6151061","2024-11-16 10:00","2024","11","16","10:00","","7.3","","3.1","","75","","","","25","","9","","","","101.17","","","","","","NA"
"-79.80","43.30","BURLINGTON PIERS (AUT)","6151061","2024-11-16 11:00","2024","11","16","11:00","","8.1","","3.7","","74","","","","24","","8","","","","101.18","","","","","","NA"
"-79.80","43.30","BURLINGTON PIERS (AUT)","6151061","2024-11-16 12:00","2024","11","16","12:00","","8.9","","3.3","","68","","","","29","","17","","","","101.13","","","","","","NA"
"-79.80","43.30","BURLINGTON PIERS (AUT)","6151061","2024-11-16 13:00","2024","11","16","13:00","","9.1","","3.1","","66","","","","28","","13","","","","101.11","","","","","","NA"
"-79.80","43.30","BURLINGTON PIERS (AUT)","6151061","2024-11-16 14:00","2024","11","16","14:00","","9.4","","3.0","","64","","","","28","","13","","","","101.10","","","","","","NA"
"-79.80","43.30","BURLINGTON PIERS (AUT)","6151061","2024-11-16 15:00","2024","11","16","15:00","","9.5","","2.8","","63","","","","31","","15","","","","101.11","","","","","","NA"
"-79.80","43.30","BURLINGTON PIERS (AUT)","6151061","2024-11-16 16:00","2024","11","16","16:00","","9.5","","3.0","","64","","","","31","","10","","","","101.10","","","","","","NA"
"-79.80","43.30","BURLINGTON PIERS (AUT)","6151061","2024-11-16 17:00","2024","11","16","17:00","","9.3","","2.6","","63","","","","32","","10","","","","101.15","","","","","","NA"
"-79.80","43.30","BURLINGTON PIERS (AUT)","6151061","2024-11-16 18:00","2024","11","16","18:00","","9.2","","2.8","","64","","","","32","","10","","","","101.15","","","","","","NA"
"-79.80","43.30","BURLINGTON PIERS (AUT)","6151061","2024-11-16 19:00","2024","11","16","19:00","","9.1","","3.0","","65","","","","31","","9","","","","101.18","","","","","","NA"
"-79.80","43.30","BURLINGTON PIERS (AUT)","6151061","2024-11-16 20:00","2024","11","16","20:00","","9.0","","3.0","","66","","","","32","","4","","","","101.15","","","","","","NA"
"-79.80","43.30","BURLINGTON PIERS (AUT)","6151061","2024-11-16 21:00","2024","11","16","21:00","","8.9","","3.2","","67","","","","1","","5","","","","101.14","","","","","","NA"
"-79.80","43.30","BURLINGTON PIERS (AUT)","6151061","2024-11-16 22:00","2024","11","16","22:00","","8.9","","3.1","","67","","","","32","","3","","","","101.13","","","","","","NA"
"-79.80","43.30","BURLINGTON PIERS (AUT)","6151061","2024-11-16 23:00","2024","11","16","23:00","","8.4","","4.5","","76","","","","","","0","","","","101.11","","","","","","NA"
"-79.80","43.30","BURLINGTON PIERS (AUT)","6151061","2024-11-17 00:00","2024","11","17","00:00","","8.2","","4.3","","77","","","","4","","4","","","","101.08","","","","","","NA"
"-79.80","43.30","BURLINGTON PIERS (AUT)","6151061","2024-11-17 01:00","2024","11","17","01:00","","8.0","","3.5","","73","","","","","","0","","","","101.09","","","","","","NA"
"-79.80","43.30","BURLINGTON PIERS (AUT)","6151061","2024-11-17 02:00","2024","11","17","02:00","","8.7","","3.9","","72","","","","28","","3","","","","101.10","","","","","","NA"
"-79.80","43.30","BURLINGTON PIERS (AUT)","6151061","2024-11-17 03:00","2024","11","17","03:00","","8.8","","2.6","","65","","","","23","","8","","","","101.12","","","","","","NA"
"-79.80","43.30","BURLINGTON PIERS (AUT)","6151061","2024-11-17 04:00","2024","11","17","04:00","","8.4","","2.1","","65","","","","","","0","","","","101.05","","","","","","NA"
"-79.80","43.30","BURLINGTON PIERS (AUT)","6151061","2024-11-17 05:00","2024","11","17","05:00","","8.5","","2.6","","66","","","","8","","5","","","","101.01","","","","","","NA"
"-79.80","43.30","BURLINGTON PIERS (AUT)","6151061","2024-11-17 06:00","2024","11","17","06:00","","8.2","","3.1","","70","","","","15","","5","","","","101.01","","","","","","NA"
"-79.80","43.30","BURLINGTON PIERS (AUT)","6151061","2024-11-17 07:00","2024","11","17","07:00","","8.3","","3.6","","72","","","","13","","6","","","","100.99","","","","","","NA"
"-79.80","43.30","BURLINGTON PIERS (AUT)","6151061","2024-11-17 08:00","2024","11","17","08:00","","8.4","","3.6","","72","","","","10","","7","","","","100.99","","","","","","NA"
"-79.80","43.30","BURLINGTON PIERS (AUT)","6151061","2024-11-17 09:00","2024","11","17","09:00","","8.5","","3.8","","72","","","","11","","12","","","","100.94","","","","","","NA"
"-79.80","43.30","BURLINGTON PIERS (AUT)","6151061","2024-11-17 10:00","2024","11","17","10:00","","8.8","","4.4","","74","","","","13","","7","","","","100.90","","","","","","NA"
"-79.80","43.30","BURLINGTON PIERS (AUT)","6151061","2024-11-17 11:00","2024","11","17","11:00","","10.4","","4.9","","69","","","","21","","10","","","","100.86","","","","","","NA"
"-79.80","43.30","BURLINGTON PIERS (AUT)","6151061","2024-11-17 12:00","2024","11","17","12:00","","10.4","","4.1","","65","","","","18","","19","","","","100.66","","","","","","NA"
"-79.80","43.30","BURLINGTON PIERS (AUT)","6151061","2024-11-17 13:00","2024","11","17","13:00","","10.3","","4.8","","69","","","","19","","15","","","","100.55","","","","","","NA"
"-79.80","43.30","BURLINGTON PIERS (AUT)","6151061","2024-11-17 14:00","2024","11","17","14:00","","10.4","","4.4","","66","","","","21","","16","","","","100.55","","","","","","NA"
"-79.80","43.30","BURLINGTON PIERS (AUT)","6151061","2024-11-17 15:00","2024","11","17","15:00","","10.4","","4.8","","68","","","","20","","13","","","","100.58","","","","","","NA"
"-79.80","43.30","BURLINGTON PIERS (AUT)","6151061","2024-11-17 16:00","2024","11","17","16:00","","10.4","","5.0","","69","","","","19","","15","","","","100.43","","","","","","NA"
"-79.80","43.30","BURLINGTON PIERS (AUT)","6151061","2024-11-17 17:00","2024","11","17","17:00","","10.3","","5.1","","70","","","","19","","14","","","","100.44","","","","","","NA"
"-79.80","43.30","BURLINGTON PIERS (AUT)","6151061","2024-11-17 18:00","2024","11","17","18:00","","10.4","","5.4","","71","","","","20","","10","","","","100.45","","","","","","NA"
"-79.80","43.30","BURLINGTON PIERS (AUT)","6151061","2024-11-17 19:00","2024","11","17","19:00","","10.6","","6.0","","73","","","","20","","10","","","","100.34","","","","","","NA"
"-79.80","43.30","BURLINGTON PIERS (AUT)","6151061","2024-11-17 20:00","2024","11","17","20:00","","10.8","","6.7","","75","","","","22","","12","","","","100.37","","","","","","NA"
"-79.80","43.30","BURLINGTON PIERS (AUT)","6151061","2024-11-17 21:00","2024","11","17","21:00","","11.0","","6.8","","75","","","","22","","9","","","","100.35","","","","","","NA"
"-79.80","43.30","BURLINGTON PIERS (AUT)","6151061","2024-11-17 22:00","2024","11","17","22:00","","11.1","","6.8","","75","","","","25","","8","","","","100.33","","","","","","NA"
"-79.80","43.30","BURLINGTON PIERS (AUT)","6151061","2024-11-17 23:00","2024","11","17","23:00","","11.3","","7.8","","79","","","","20","","12","","","","100.21","","","","","","NA"
"-79.80","43.30","BURLINGTON PIERS (AUT)","6151061","2024-11-18 00:00","2024","11","18","00:00","","11.1","","8.6","","85","","","","24","","12","","","","100.20","","","","","","NA"
"-79.80","43.30","BURLINGTON PIERS (AUT)","6151061","2024-11-18 01:00","2024","11","18","01:00","","11.1","","8.9","","86","","","","24","","11","","","","100.22","","","","","","NA"
"-79.80","43.30","BURLINGTON PIERS (AUT)","6151061","2024-11-18 02:00","2024","11","18","02:00","","11.4","","9.1","","86","","","","24","","11","","","","100.21","","","","","","NA"
"-79.80","43.30","BURLINGTON PIERS (AUT)","6151061","2024-11-18 03:00","2024","11","18","03:00","","10.7","","8.4","","86","","","","26","","7","","","","100.25","","","","","","NA"
"-79.80","43.30","BURLINGTON PIERS (AUT)","6151061","2024-11-18 04:00","2024","11","18","04:00","","10.3","","7.7","","84","","","","24","","5","","","","100.31","","","","","","NA"
"-79.80","43.30","BURLINGTON PIERS (AUT)","6151061","2024-11-18 05:00","2024","11","18","05:00","","9.9","","7.4","","84","","","","22","","7","","","","100.35","","","","","","NA"
"-79.80","43.30","BURLINGTON PIERS (AUT)","6151061","2024-11-18 06:00","2024","11","18","06:00","","9.6","","7.3","","86","","","","23","","8","","","","100.41","","","","","","NA"
"-79.80","43.30","BURLINGTON PIERS (AUT)","6151061","2024-11-18 07:00","2024","11","18","07:00","","8.6","","6.8","","89","","","","26","","8","","","","100.45","","","","","","NA"
"-79.80","43.30","BURLINGTON PIERS (AUT)","6151061","2024-11-18 08:00","2024","11","18","08:00","","8.1","","6.5","","90","","","","26","","8","","","","100.47","","","","","","NA"
"-79.80","43.30","BURLINGTON PIERS (AUT)","6151061","2024-11-18 09:00","2024","11","18","09:00","","8.5","","6.5","","87","","","","25","","10","","","","100.50","","","","","","NA"
"-79.80","43.30","BURLINGTON PIERS (AUT)","6151061","2024-11-18 10:00","2024","11","18","10:00","","9.8","","6.3","","79","","","","29","","12","","","","100.57","","","","","","NA"
"-79.80","43.30","BURLINGTON PIERS (AUT)","6151061","2024-11-18 11:00","2024","11","18","11:00","","11.4","","6.8","","73","","","","24","","10","","","","100.61","","","","","","NA"
"-79.80","43.30","BURLINGTON PIERS (AUT)","6151061","2024-11-18 12:00","2024","11","18","12:00","","12.2","","6.9","","70","","","","22","","8","","","","100.51","","","","","","NA"
"-79.80","43.30","BURLINGTON PIERS (AUT)","6151061","2024-11-18 13:00","2024","11","18","13:00","","13.4","","4.0","","53","","","","27","","11","","","","100.49","","","","","","NA"
"-79.80","43.30","BURLINGTON PIERS (AUT)","6151061","2024-11-18 14:00","2024","11","18","14:00","","13.1","","3.0","","50","","","","29","","17","","","","100.47","","","","","","NA"
"-79.80","43.30","BURLINGTON PIERS (AUT)","6151061","2024-11-18 15:00","2024","11","18","15:00","","13.2","","3.1","","50","","","","28","","13","","","","100.49","","","","","","NA"
"-79.80","43.30","BURLINGTON PIERS (AUT)","6151061","2024-11-18 16:00","2024","11","18","16:00","","13.2","","2.0","","47","","","","28","","12","","","","100.56","","","","","","NA"
"-79.80","43.30","BURLINGTON PIERS (AUT)","6151061","2024-11-18 17:00","2024","11","18","17:00","","12.4","","2.4","","50","","","","28","","6","","","","100.62","","","","","","NA"
"-79.80","43.30","BURLINGTON PIERS (AUT)","6151061","2024-11-18 18:00","2024","11","18","18:00","","11.3","","2.2","","53","","","","29","","5","","","","100.66","","","","","","NA"
"-79.80","43.30","BURLINGTON PIERS (AUT)","6151061","2024-11-18 19:00","2024","11","18","19:00","","10.5","","1.2","","52","","","","31","","12","","","","100.67","","","","","","NA"
"-79.80","43.30","BURLINGTON PIERS (AUT)","6151061","2024-11-18 20:00","2024","11","18","20:00","","9.6","","1.7","","58","","","","33","","12","","","","100.69","","","","","","NA"
"-79.80","43.30","BURLINGTON PIERS (AUT)","6151061","2024-11-18 21:00","2024","11","18","21:00","","8.3","","3.5","","72","","","","34","","12","","","","100.70","","","","","","NA"
"-79.80","43.30","BURLINGTON PIERS (AUT)","6151061","2024-11-18 22:00","2024","11","18","22:00","","7.4","","3.6","","77","","","","31","","5","","","","100.72","","","","","","NA"
"-79.80","43.30","BURLINGTON PIERS (AUT)","6151061","2024-11-18 23:00","2024","11","18","23:00","","7.2","","3.7","","79","","","","33","","10","","","","100.70","","","","","","NA"
"-79.80","43.30","BURLINGTON PIERS (AUT)","6151061","2024-11-19 00:00","2024","11","19","00:00","","7.0","","3.6","","79","","","","36","","14","","","","100.69","","","","","","NA"
"-79.80","43.30","BURLINGTON PIERS (AUT)","6151061","2024-11-19 01:00","2024","11","19","01:00","","7.0","","3.6","","79","","","","32","","8","","","","100.70","","","","","","NA"
"-79.80","43.30","BURLINGTON PIERS (AUT)","6151061","2024-11-19 02:00","2024","11","19","02:00","","6.7","","3.2","","78","","","","34","","7","","","","100.68","","","","","","NA"
"-79.80","43.30","BURLINGTON PIERS (AUT)","6151061","2024-11-19 03:00","2024","11","19","03:00","","6.4","","3.5","","81","","","","36","","13","","","","100.64","","","","","","NA"
"-79.80","43.30","BURLINGTON PIERS (AUT)","6151061","2024-11-19 04:00","2024","11","19","04:00","","6.3","","3.3","","81","","","","35","","11","","","","100.63","","","","","","NA"
"-79.80","43.30","BURLINGTON PIERS (AUT)","6151061","2024-11-19 05:00","2024","11","19","05:00","","6.7","","4.2","","84","","","","1","","14","","","","100.60","","","","","","NA"
"-79.80","43.30","BURLINGTON PIERS (AUT)","6151061","2024-11-19 06:00","2024","11","19","06:00","","8.4","","5.5","","82","","","","6","","19","","","","100.54","","","","","","NA"
"-79.80","43.30","BURLINGTON PIERS (AUT)","6151061","2024-11-19 07:00","2024","11","19","07:00","","8.5","","5.4","","80","","","","7","","22","","","","100.60","","","","","","NA"
"-79.80","43.30","BURLINGTON PIERS (AUT)","6151061","2024-11-19 08:00","2024","11","19","08:00","","8.5","","5.7","","82","","","","7","","29","","","","100.52","","","","","","NA"
"-79.80","43.30","BURLINGTON PIERS (AUT)","6151061","2024-11-19 09:00","2024","11","19","09:00","","8.7","","4.9","","77","","","","7","","29","","","","100.51","","","","","","NA"
"-79.80","43.30","BURLINGTON PIERS (AUT)","6151061","2024-11-19 10:00","2024","11","19","10:00","","8.8","","5.3","","79","","","","7","","26","","","","100.48","","","","","","NA"
"-79.80","43.30","BURLINGTON PIERS (AUT)","6151061","2024-11-19 11:00","2024","11","19","11:00","","8.7","","4.9","","77","","","","6","","29","","","","100.37","","","","","","NA"
"-79.80","43.30","BURLINGTON PIERS (AUT)","6151061","2024-11-19 12:00","2024","11","19","12:00","","8.6","","5.2","","79","","","","6","","30","","","","100.24","","","","","","NA"
"-79.80","43.30","BURLINGTON PIERS (AUT)","6151061","2024-11-19 13:00","2024","11","19","13:00","","8.6","","5.9","","83","","","","5","","30","","","","100.16","","","","","","NA"
"-79.80","43.30","BURLINGTON PIERS (AUT)","6151061","2024-11-19 14:00","2024","11","19","14:00","","8.7","","6.3","","85","","","","5","","33","","","","100.09","","","","","","NA"
"-79.80","43.30","BURLINGTON PIERS (AUT)","6151061","2024-11-19 15:00","2024","11","19","15:00","","8.8","","6.4","","84","","","","5","","31","","","","100.06","","","","","","NA"
"-79.80","43.30","BURLINGTON PIERS (AUT)","6151061","2024-11-19 16:00","2024","11","19","16:00","","8.8","","6.1","","83","","","","5","","32","","","","100.02","","","","","","NA"
"-79.80","43.30","BURLINGTON PIERS (AUT)","6151061","2024-11-19 17:00","2024","11","19","17:00","","8.9","","6.2","","84","","","","5","","33","","","","99.96","","","","","","NA"
"-79.80","43.30","BURLINGTON PIERS (AUT)","6151061","2024-11-19 18:00","2024","11","19","18:00","","9.0","","6.4","","84","","","","5","","32","","","","99.96","","","","","","NA"
"-79.80","43.30","BURLINGTON PIERS (AUT)","6151061","2024-11-19 19:00","2024","11","19","19:00","","9.1","","6.6","","84","","","","4","","28","","","","99.93","","","","","","NA"
"-79.80","43.30","BURLINGTON PIERS (AUT)","6151061","2024-11-19 20:00","2024","11","19","20:00","","9.2","","6.6","","84","","","","5","","24","","","","99.92","","","","","","NA"
"-79.80","43.30","BURLINGTON PIERS (AUT)","6151061","2024-11-19 21:00","2024","11","19","21:00","","8.8","","6.6","","86","","","","4","","22","","","","99.93","","","","","","NA"
"-79.80","43.30","BURLINGTON PIERS (AUT)","6151061","2024-11-19 22:00","2024","11","19","22:00","","8.5","","6.6","","88","","","","4","","20","","","","99.91","","","","","","NA"
"-79.80","43.30","BURLINGTON PIERS (AUT)","6151061","2024-11-19 23:00","2024","11","19","23:00","","8.4","","6.9","","90","","","","5","","15","","","","99.87","","","","","","NA"
"-79.80","43.30","BURLINGTON PIERS (AUT)","6151061","2024-11-20 00:00","2024","11","20","00:00","","8.6","","7.2","","91","","","","5","","10","","","","99.86","","","","","","NA"
"-79.80","43.30","BURLINGTON PIERS (AUT)","6151061","2024-11-20 01:00","2024","11","20","01:00","","8.6","","7.4","","92","","","","4","","12","","","","99.83","","","","","","NA"
"-79.80","43.30","BURLINGTON PIERS (AUT)","6151061","2024-11-20 02:00","2024","11","20","02:00","","8.4","","7.8","","96","","","","3","","10","","","","99.83","","","","","","NA"
"-79.80","43.30","BURLINGTON PIERS (AUT)","6151061","2024-11-20 03:00","2024","11","20","03:00","","8.2","","7.7","","96","","","","1","","9","","","","99.86","","","","","","NA"
"-79.80","43.30","BURLINGTON PIERS (AUT)","6151061","2024-11-20 04:00","2024","11","20","04:00","","8.3","","7.6","","96","","","","36","","7","","","","99.85","","","","","","NA"
"-79.80","43.30","BURLINGTON PIERS (AUT)","6151061","2024-11-20 05:00","2024","11","20","05:00","","8.7","","7.2","","90","","","","35","","10","","","","99.81","","","","","","NA"
"-79.80","43.30","BURLINGTON PIERS (AUT)","6151061","2024-11-20 06:00","2024","11","20","06:00","","8.8","","7.0","","89","","","","1","","5","","","","99.83","","","","","","NA"
"-79.80","43.30","BURLINGTON PIERS (AUT)","6151061","2024-11-20 07:00","2024","11","20","07:00","","8.6","","7.7","","94","","","","3","","21","","","","99.77","","","","","","NA"
"-79.80","43.30","BURLINGTON PIERS (AUT)","6151061","2024-11-20 08:00","2024","11","20","08:00","","8.6","","7.4","","93","","","","2","","18","","","","99.79","","","","","","NA"
"-79.80","43.30","BURLINGTON PIERS (AUT)","6151061","2024-11-20 09:00","2024","11","20","09:00","","8.8","","8.2","","96","","","","4","","10","","","","99.77","","","","","","NA"
"-79.80","43.30","BURLINGTON PIERS (AUT)","6151061","2024-11-20 10:00","2024","11","20","10:00","","8.6","","7.6","","93","","","","1","","12","","","","99.76","","","","","","NA"
"-79.80","43.30","BURLINGTON PIERS (AUT)","6151061","2024-11-20 11:00","2024","11","20","11:00","","8.8","","7.8","","94","","","","1","","14","","","","99.70","","","","","","NA"
"-79.80","43.30","BURLINGTON PIERS (AUT)","6151061","2024-11-20 12:00","2024","11","20","12:00","","8.7","","8.1","","96","","","","1","","6","","","","99.64","","","","","","NA"
"-79.80","43.30","BURLINGTON PIERS (AUT)","6151061","2024-11-20 13:00","2024","11","20","13:00","","8.4","","7.9","","96","","","","2","","21","","","","99.51","","","","","","NA"
"-79.80","43.30","BURLINGTON PIERS (AUT)","6151061","2024-11-20 14:00","2024","11","20","14:00","","8.6","","8.2","","97","","","","3","","21","","","","99.41","","","","","","NA"
"-79.80","43.30","BURLINGTON PIERS (AUT)","6151061","2024-11-20 15:00","2024","11","20","15:00","","8.4","","8.0","","98","","","","2","","20","","","","99.36","","","","","","NA"
"-79.80","43.30","BURLINGTON PIERS (AUT)","6151061","2024-11-20 16:00","2024","11","20","16:00","","8.7","","8.4","","98","","","","1","","19","","","","99.26","","","","","","NA"
"-79.80","43.30","BURLINGTON PIERS (AUT)","6151061","2024-11-20 17:00","2024","11","20","17:00","","9.0","","8.7","","98","","","","3","","27","","","","99.07","","","","","","NA"
"-79.80","43.30","BURLINGTON PIERS (AUT)","6151061","2024-11-20 18:00","2024","11","20","18:00","","9.1","","8.8","","98","","","","6","","20","","","","99.00","","","","","","NA"
"-79.80","43.30","BURLINGTON PIERS (AUT)","6151061","2024-11-20 19:00","2024","11","20","19:00","","9.3","","8.9","","98","","","","5","","22","","","","98.97","","","","","","NA"
"-79.80","43.30","BURLINGTON PIERS (AUT)","6151061","2024-11-20 20:00","2024","11","20","20:00","","7.5","","5.6","","88","","","","26","","21","","","","99.18","","","","","","NA"
"-79.80","43.30","BURLINGTON PIERS (AUT)","6151061","2024-11-20 21:00","2024","11","20","21:00","","7.2","","4.8","","85","","","","25","","21","","","","99.28","","","","","","NA"
"-79.80","43.30","BURLINGTON PIERS (AUT)","6151061","2024-11-20 22:00","2024","11","20","22:00","","6.2","","3.7","","84","","","","24","","16","","","","99.45","","","","","","NA"
"-79.80","43.30","BURLINGTON PIERS (AUT)","6151061","2024-11-20 23:00","2024","11","20","23:00","","6.1","","3.3","","82","","","","25","","16","","","","99.45","","","","","","NA"
"-79.80","43.30","BURLINGTON PIERS (AUT)","6151061","2024-11-21 00:00","2024","11","21","00:00","","5.7","","2.4","","80","","","","24","","16","","","","99.44","","","","","","NA"
"-79.80","43.30","BURLINGTON PIERS (AUT)","6151061","2024-11-21 01:00","2024","11","21","01:00","","5.4","","2.2","","80","","","","24","","13","","","","99.38","","","","","","NA"
"-79.80","43.30","BURLINGTON PIERS (AUT)","6151061","2024-11-21 02:00","2024","11","21","02:00","","5.4","","2.6","","82","","","","24","","7","","","","99.40","","","","","","NA"
"-79.80","43.30","BURLINGTON PIERS (AUT)","6151061","2024-11-21 03:00","2024","11","21","03:00","","4.8","","1.8","","81","","","","21","","8","","","","99.33","","","","","","NA"
"-79.80","43.30","BURLINGTON PIERS (AUT)","6151061","2024-11-21 04:00","2024","11","21","04:00","","4.4","","1.6","","82","","","","18","","11","","","","99.36","","","","","","NA"
"-79.80","43.30","BURLINGTON PIERS (AUT)","6151061","2024-11-21 05:00","2024","11","21","05:00","","4.4","","1.0","","79","","","","18","","9","","","","99.30","","","","","","NA"
"-79.80","43.30","BURLINGTON PIERS (AUT)","6151061","2024-11-21 06:00","2024","11","21","06:00","","4.4","","0.9","","78","","","","18","","8","","","","99.30","","","","","","NA"
"-79.80","43.30","BURLINGTON PIERS (AUT)","6151061","2024-11-21 07:00","2024","11","21","07:00","","4.3","","0.7","","78","","","","21","","7","","","","99.32","","","","","","NA"
"-79.80","43.30","BURLINGTON PIERS (AUT)","6151061","2024-11-21 08:00","2024","11","21","08:00","","4.2","","1.6","","83","","","","32","","4","","","","99.30","","","","","","NA"
"-79.80","43.30","BURLINGTON PIERS (AUT)","6151061","2024-11-21 09:00","2024","11","21","09:00","","4.4","","1.4","","81","","","","34","","4","","","","99.32","","","","","","NA"
"-79.80","43.30","BURLINGTON PIERS (AUT)","6151061","2024-11-21 10:00","2024","11","21","10:00","","4.9","","1.5","","78","","","","1","","4","","","","99.32","","","","","","NA"
"-79.80","43.30","BURLINGTON PIERS (AUT)","6151061","2024-11-21 11:00","2024","11","21","11:00","","5.2","","-1.9","","60","","","","14","","8","","","","99.35","","","","","","NA"
"-79.80","43.30","BURLINGTON PIERS (AUT)","6151061","2024-11-21 12:00","2024","11","21","12:00","","4.6","","0.1","","72","","","","19","","8","","","","99.33","","","","","","NA"
"-79.80","43.30","BURLINGTON PIERS (AUT)","6151061","2024-11-21 13:00","2024","11","21","13:00","","4.7","","0.0","","72","","","","17","","9","","","","99.34","","","","","","NA"
"-79.80","43.30","BURLINGTON PIERS (AUT)","6151061","2024-11-21 14:00","2024","11","21","14:00","","5.4","","-0.7","","65","","","","21","","10","","","","99.34","","","","","","NA"
"-79.80","43.30","BURLINGTON PIERS (AUT)","6151061","2024-11-21 15:00","2024","11","21","15:00","","5.4","","0.6","","71","","","","18","","9","","","","99.35","","","","","","NA"
"-79.80","43.30","BURLINGTON PIERS (AUT)","6151061","2024-11-21 16:00","2024","11","21","16:00","","5.4","","1.0","","73","","","","21","","8","","","","99.41","","","","","","NA"
"-79.80","43.30","BURLINGTON PIERS (AUT)","6151061","2024-11-21 17:00","2024","11","21","17:00","","5.1","","0.6","","72","","","","26","","6","","","","99.43","","","","","","NA"
"-79.80","43.30","BURLINGTON PIERS (AUT)","6151061","2024-11-21 18:00","2024","11","21","18:00","","5.2","","0.8","","73","","","","25","","6","","","","99.47","","","","","","NA"
"-79.80","43.30","BURLINGTON PIERS (AUT)","6151061","2024-11-21 19:00","2024","11","21","19:00","","5.1","","0.6","","73","","","","26","","7","","","","99.49","","","","","","NA"
"-79.80","43.30","BURLINGTON PIERS (AUT)","6151061","2024-11-21 20:00","2024","11","21","20:00","","4.4","","1.1","","79","","","","28","","8","","","","99.51","","","","","","NA"
"-79.80","43.30","BURLINGTON PIERS (AUT)","6151061","2024-11-21 21:00","2024","11","21","21:00","","4.6","","1.4","","80","","","","26","","5","","","","99.47","","","","","","NA"
"-79.80","43.30","BURLINGTON PIERS (AUT)","6151061","2024-11-21 22:00","2024","11","21","22:00","","4.6","","1.2","","78","","","","26","","4","","","","99.47","","","","","","NA"
"-79.80","43.30","BURLINGTON PIERS (AUT)","6151061","2024-11-21 23:00","2024","11","21","23:00","","4.7","","1.8","","81","","","","26","","7","","","","99.42","","","","","","NA"
"-79.80","43.30","BURLINGTON PIERS (AUT)","6151061","2024-11-22 00:00","2024","11","22","00:00","","4.9","","0.6","","74","","","","29","","15","","","","99.35","","","","","","NA"
"-79.80","43.30","BURLINGTON PIERS (AUT)","6151061","2024-11-22 01:00","2024","11","22","01:00","","5.0","","1.4","","78","","","","29","","14","","","","99.32","","","","","","NA"
"-79.80","43.30","BURLINGTON PIERS (AUT)","6151061","2024-11-22 02:00","2024","11","22","02:00","","5.0","","1.6","","79","","","","28","","12","","","","99.25","","","","","","NA"
"-79.80","43.30","BURLINGTON PIERS (AUT)","6151061","2024-11-22 03:00","2024","11","22","03:00","","5.2","","1.6","","78","","","","28","","13","","","","99.18","","","","","","NA"
"-79.80","43.30","BURLINGTON PIERS (AUT)","6151061","2024-11-22 04:00","2024","11","22","04:00","","5.2","","2.2","","81","","","","30","","14","","","","99.14","","","","","","NA"
"-79.80","43.30","BURLINGTON PIERS (AUT)","6151061","2024-11-22 05:00","2024","11","22","05:00","","5.6","","2.7","","82","","","","30","","11","","","","99.12","","","","","","NA"
"-79.80","43.30","BURLINGTON PIERS (AUT)","6151061","2024-11-22 06:00","2024","11","22","06:00","","5.8","","2.7","","80","","","","33","","24","","","","99.12","","","","","","NA"
"-79.80","43.30","BURLINGTON PIERS (AUT)","6151061","2024-11-22 07:00","2024","11","22","07:00","","5.5","","2.2","","79","","","","33","","21","","","","99.08","","","","","","NA"
"-79.80","43.30","BURLINGTON PIERS (AUT)","6151061","2024-11-22 08:00","2024","11","22","08:00","","5.6","","2.9","","83","","","","33","","20","","","","99.04","","","","","","NA"
"-79.80","43.30","BURLINGTON PIERS (AUT)","6151061","2024-11-22 09:00","2024","11","22","09:00","","5.6","","2.7","","82","","","","33","","25","","","","99.01","","","","","","NA"
"-79.80","43.30","BURLINGTON PIERS (AUT)","6151061","2024-11-22 10:00","2024","11","22","10:00","","6.3","","3.0","","79","","","","33","","27","","","","98.99","","","","","","NA"
"-79.80","43.30","BURLINGTON PIERS (AUT)","6151061","2024-11-22 11:00","2024","11","22","11:00","","7.0","","3.5","","78","","","","34","","25","","","","99.00","","","","","","NA"
"-79.80","43.30","BURLINGTON PIERS (AUT)","6151061","2024-11-22 12:00","2024","11","22","12:00","","7.3","","3.7","","77","","","","34","","31","","","","98.92","","","","","","NA"
"-79.80","43.30","BURLINGTON PIERS (AUT)","6151061","2024-11-22 13:00","2024","11","22","13:00","","7.3","","3.7","","78","","","","34","","34","","","","98.89","","","","","","NA"
"-79.80","43.30","BURLINGTON PIERS (AUT)","6151061","2024-11-22 14:00","2024","11","22","14:00","","7.6","","3.8","","77","","","","34","","29","","","","98.85","","","","","","NA"
"-79.80","43.30","BURLINGTON PIERS (AUT)","6151061","2024-11-22 15:00","2024","11","22","15:00","","7.8","","3.3","","73","","","","34","","29","","","","98.90","","","","","","NA"
"-79.80","43.30","BURLINGTON PIERS (AUT)","6151061","2024-11-22 16:00","2024","11","22","16:00","","7.3","","4.5","","82","","","","35","","24","","","","98.98","","","","","","NA"
"-79.80","43.30","BURLINGTON PIERS (AUT)","6151061","2024-11-22 17:00","2024","11","22","17:00","","7.6","","4.1","","78","","","","34","","26","","","","99.04","","","","","","NA"
"-79.80","43.30","BURLINGTON PIERS (AUT)","6151061","2024-11-22 18:00","2024","11","22","18:00","","7.2","","4.5","","83","","","","34","","25","","","","99.14","","","","","","NA"
"-79.80","43.30","BURLINGTON PIERS (AUT)","6151061","2024-11-22 19:00","2024","11","22","19:00","","7.5","","4.1","","79","","","","33","","26","","","","99.22","","","","","","NA"
"-79.80","43.30","BURLINGTON PIERS (AUT)","6151061","2024-11-22 20:00","2024","11","22","20:00","","7.6","","4.2","","79","","","","35","","26","","","","99.29","","","","","","NA"
"-79.80","43.30","BURLINGTON PIERS (AUT)","6151061","2024-11-22 21:00","2024","11","22","21:00","","7.1","","3.2","","76","","","","36","","24","","","","99.32","","","","","","NA"
"-79.80","43.30","BURLINGTON PIERS (AUT)","6151061","2024-11-22 22:00","2024","11","22","22:00","","6.9","","3.9","","81","","","","33","","20","","","","99.38","","","","","","NA"
"-79.80","43.30","BURLINGTON PIERS (AUT)","6151061","2024-11-22 23:00","2024","11","22","23:00","","6.6","","3.5","","80","","","","33","","21","","","","99.43","","","","","","NA"
"-79.80","43.30","BURLINGTON PIERS (AUT)","6151061","2024-11-23 00:00","2024","11","23","00:00","","6.4","","3.2","","80","","","","32","","21","","","","99.48","","","","","","NA"
"-79.80","43.30","BURLINGTON PIERS (AUT)","6151061","2024-11-23 01:00","2024","11","23","01:00","","6.3","","3.1","","80","","","","33","","19","","","","99.49","","","","","","NA"
"-79.80","43.30","BURLINGTON PIERS (AUT)","6151061","2024-11-23 02:00","2024","11","23","02:00","","6.4","","3.2","","80","","","","33","","19","","","","99.56","","","","","","NA"
"-79.80","43.30","BURLINGTON PIERS (AUT)","6151061","2024-11-23 03:00","2024","11","23","03:00","","6.3","","3.1","","80","","","","32","","13","","","","99.64","","","","","","NA"
"-79.80","43.30","BURLINGTON PIERS (AUT)","6151061","2024-11-23 04:00","2024","11","23","04:00","","5.3","","2.3","","81","","","","29","","9","","","","99.69","","","","","","NA"
"-79.80","43.30","BURLINGTON PIERS (AUT)","6151061","2024-11-23 05:00","2024","11","23","05:00","","5.4","","2.8","","83","","","","25","","9","","","","99.71","","","","","","NA"
"-79.80","43.30","BURLINGTON PIERS (AUT)","6151061","2024-11-23 06:00","2024","11","23","06:00","","5.7","","2.7","","81","","","","25","","6","","","","99.73","","","","","","NA"
"-79.80","43.30","BURLINGTON PIERS (AUT)","6151061","2024-11-23 07:00","2024","11","23","07:00","","5.8","","3.2","","83","","","","25","","5","","","","99.80","","","","","","NA"
"-79.80","43.30","BURLINGTON PIERS (AUT)","6151061","2024-11-23 08:00","2024","11","23","08:00","","6.2","","3.4","","82","","","","25","","8","","","","99.84","","","","","","NA"
"-79.80","43.30","BURLINGTON PIERS (AUT)","6151061","2024-11-23 09:00","2024","11","23","09:00","","6.5","","4.3","","85","","","","25","","10","","","","99.87","","","","","","NA"
"-79.80","43.30","BURLINGTON PIERS (AUT)","6151061","2024-11-23 10:00","2024","11","23","10:00","","7.4","","4.8","","83","","","","24","","9","","","","99.88","","","","","","NA"
"-79.80","43.30","BURLINGTON PIERS (AUT)","6151061","2024-11-23 11:00","2024","11","23","11:00","","8.3","","4.3","","76","","","","25","","10","","","","99.89","","","","","","NA"
"-79.80","43.30","BURLINGTON PIERS (AUT)","6151061","2024-11-23 12:00","2024","11","23","12:00","","8.7","","3.6","","70","","","","28","","16","","","","99.86","","","","","","NA"
"-79.80","43.30","BURLINGTON PIERS (AUT)","6151061","2024-11-23 13:00","2024","11","23","13:00","","9.2","","2.7","","64","","","","29","","25","","","","99.83","","","","","","NA"
"-79.80","43.30","BURLINGTON PIERS (AUT)","6151061","2024-11-23 14:00","2024","11","23","14:00","","9.1","","1.6","","59","","","","28","","27","","","","99.87","","","","","","NA"
"-79.80","43.30","BURLINGTON PIERS (AUT)","6151061","2024-11-23 15:00","2024","11","23","15:00","","9.2","","1.1","","57","","","","28","","24","","","","99.90","","","","","","NA"
"-79.80","43.30","BURLINGTON PIERS (AUT)","6151061","2024-11-23 16:00","2024","11","23","16:00","","8.5","","2.5","","66","","","","28","","19","","","","99.94","","","","","","NA"
"-79.80","43.30","BURLINGTON PIERS (AUT)","6151061","2024-11-23 17:00","2024","11","23","17:00","","8.0","","1.9","","65","","","","28","","14","","","","100.03","","","","","","NA"
"-79.80","43.30","BURLINGTON PIERS (AUT)","6151061","2024-11-23 18:00","2024","11","23","18:00","","7.1","","1.5","","68","","","","27","","12","","","","100.11","","","","","","NA"
"-79.80","43.30","BURLINGTON PIERS (AUT)","6151061","2024-11-23 19:00","2024","11","23","19:00","","6.6","","1.8","","71","","","","27","","12","","","","100.16","","","","","","NA"
"-79.80","43.30","BURLINGTON PIERS (AUT)","6151061","2024-11-23 20:00","2024","11","23","20:00","","6.3","","1.8","","73","","","","25","","12","","","","100.20","","","","","","NA"
"-79.80","43.30","BURLINGTON PIERS (AUT)","6151061","2024-11-23 21:00","2024","11","23","21:00","","6.4","","2.2","","75","","","","25","","11","","","","100.19","","","","","","NA"
"-79.80","43.30","BURLINGTON PIERS (AUT)","6151061","2024-11-23 22:00","2024","11","23","22:00","","6.2","","2.6","","78","","","","25","","13","","","","100.21","","","","","","NA"
"-79.80","43.30","BURLINGTON PIERS (AUT)","6151061","2024-11-23 23:00","2024","11","23","23:00","","6.1","","2.9","","80","","","","25","","13","","","","100.23","","","","","","NA"
"-79.80","43.30","BURLINGTON PIERS (AUT)","6151061","2024-11-24 00:00","2024","11","24","00:00","","6.1","","2.6","","78","","","","25","","14","","","","100.23","","","","","","NA"
"-79.80","43.30","BURLINGTON PIERS (AUT)","6151061","2024-11-24 01:00","2024","11","24","01:00","","5.9","","2.3","","78","","","","25","","14","","","","100.22","","","","","","NA"
"-79.80","43.30","BURLINGTON PIERS (AUT)","6151061","2024-11-24 02:00","2024","11","24","02:00","","5.7","","2.3","","79","","","","25","","12","","","","100.25","","","","","","NA"
"-79.80","43.30","BURLINGTON PIERS (AUT)","6151061","2024-11-24 03:00","2024","11","24","03:00","","5.1","","1.8","","79","","","","25","","12","","","","100.31","","","","","","NA"
"-79.80","43.30","BURLINGTON PIERS (AUT)","6151061","2024-11-24 04:00","2024","11","24","04:00","","4.8","","1.6","","80","","","","25","","12","","","","100.34","","","","","","NA"
"-79.80","43.30","BURLINGTON PIERS (AUT)","6151061","2024-11-24 05:00","2024","11","24","05:00","","4.7","","1.7","","81","","","","25","","11","","","","100.35","","","","","","NA"
"-79.80","43.30","BURLINGTON PIERS (AUT)","6151061","2024-11-24 06:00","2024","11","24","06:00","","4.7","","1.8","","81","","","","24","","10","","","","100.35","","","","","","NA"
"-79.80","43.30","BURLINGTON PIERS (AUT)","6151061","2024-11-24 07:00","2024","11","24","07:00","","5.1","","1.6","","78","","","","25","","13","","","","100.38","","","","","","NA"
"-79.80","43.30","BURLINGTON PIERS (AUT)","6151061","2024-11-24 08:00","2024","11","24","08:00","","5.0","","1.0","","75","","","","25","","14","","","","100.45","","","","","","NA"
"-79.80","43.30","BURLINGTON PIERS (AUT)","6151061","2024-11-24 09:00","2024","11","24","09:00","","5.3","","1.1","","74","","","","25","","12","","","","100.51","","","","","","NA"
"-79.80","43.30","BURLINGTON PIERS (AUT)","6151061","2024-11-24 10:00","2024","11","24","10:00","","5.7","","0.4","","69","","","","25","","12","","","","100.53","","","","","","NA"
"-79.80","43.30","BURLINGTON PIERS (AUT)","6151061","2024-11-24 11:00","2024","11","24","11:00","","6.3","","-0.4","","62","","","","25","","17","","","","100.53","","","","","","NA"
"-79.80","43.30","BURLINGTON PIERS (AUT)","6151061","2024-11-24 12:00","2024","11","24","12:00","","7.1","","-0.2","","60","","","","25","","17","","","","100.48","","","","","","NA"
"-79.80","43.30","BURLINGTON PIERS (AUT)","6151061","2024-11-24 13:00","2024","11","24","13:00","","7.6","","0.4","","60","","","","24","","14","","","","100.44","","","","","","NA"
"-79.80","43.30","BURLINGTON PIERS (AUT)","6151061","2024-11-24 14:00","2024","11","24","14:00","","8.3","","-0.9","","52","","","","26","","13","","","","100.42","","","","","","NA"
"-79.80","43.30","BURLINGTON PIERS (AUT)","6151061","2024-11-24 15:00","2024","11","24","15:00","","7.2","","0.7","","64","","","","30","","19","","","","100.48","","","","","","NA"
"-79.80","43.30","BURLINGTON PIERS (AUT)","6151061","2024-11-24 16:00","2024","11","24","16:00","","7.7","","-0.7","","55","","","","26","","10","","","","100.54","","","","","","NA"
"-79.80","43.30","BURLINGTON PIERS (AUT)","6151061","2024-11-24 17:00","2024","11","24","17:00","","6.9","","0.0","","61","","","","29","","13","","","","100.59","","","","","","NA"
"-79.80","43.30","BURLINGTON PIERS (AUT)","6151061","2024-11-24 18:00","2024","11","24","18:00","","6.4","","0.0","","64","","","","28","","8","","","","100.68","","","","","","NA"
"-79.80","43.30","BURLINGTON PIERS (AUT)","6151061","2024-11-24 19:00","2024","11","24","19:00","","5.7","","0.4","","69","","","","28","","8","","","","100.73","","","","","","NA"
"-79.80","43.30","BURLINGTON PIERS (AUT)","6151061","2024-11-24 20:00","2024","11","24","20:00","","5.2","","0.2","","70","","","","29","","7","","","","100.79","","","","","","NA"
"-79.80","43.30","BURLINGTON PIERS (AUT)","6151061","2024-11-24 21:00","2024","11","24","21:00","","4.2","","-0.4","","72","","","","30","","13","","","","100.83","","","","","","NA"
"-79.80","43.30","BURLINGTON PIERS (AUT)","6151061","2024-11-24 22:00","2024","11","24","22:00","","3.6","","-0.5","","74","","","","29","","10","","","","100.87","","","","","","NA"
"-79.80","43.30","BURLINGTON PIERS (AUT)","6151061","2024-11-24 23:00","2024","11","24","23:00","","3.6","","-0.5","","74","","","","31","","8","","","","100.87","","","","","","NA"
"-79.80","43.30","BURLINGTON PIERS (AUT)","6151061","2024-11-25 00:00","2024","11","25","00:00","","3.7","","-0.7","","73","","","","30","","6","","","","100.88","","","","","","NA"
"-79.80","43.30","BURLINGTON PIERS (AUT)","6151061","2024-11-25 01:00","2024","11","25","01:00","","3.6","","-1.3","","70","","","","33","","12","","","","100.87","","","","","","NA"
"-79.80","43.30","BURLINGTON PIERS (AUT)","6151061","2024-11-25 02:00","2024","11","25","02:00","","3.5","","-1.2","","71","","","","31","","6","","","","100.90","","","","","","NA"
"-79.80","43.30","BURLINGTON PIERS (AUT)","6151061","2024-11-25 03:00","2024","11","25","03:00","","3.4","","-1.7","","69","","","","","","0","","","","100.92","","","","","","NA"
"-79.80","43.30","BURLINGTON PIERS (AUT)","6151061","2024-11-25 04:00","2024","11","25","04:00","","3.0","","-1.6","","72","","","","36","","8","","","","100.87","","","","","","NA"
"-79.80","43.30","BURLINGTON PIERS (AUT)","6151061","2024-11-25 05:00","2024","11","25","05:00","","2.7","","-1.5","","74","","","","33","","10","","","","100.91","","","","","","NA"
"-79.80","43.30","BURLINGTON PIERS (AUT)","6151061","2024-11-25 06:00","2024","11","25","06:00","","3.2","","-1.1","","73","","","","36","","16","","","","100.86","","","","","","NA"
"-79.80","43.30","BURLINGTON PIERS (AUT)","6151061","2024-11-25 07:00","2024","11","25","07:00","","3.1","","-0.4","","78","","","","1","","16","","","","100.83","","","","","","NA"
"-79.80","43.30","BURLINGTON PIERS (AUT)","6151061","2024-11-25 08:00","2024","11","25","08:00","","3.7","","0.7","","81","","","","2","","13","","","","100.86","","","","","","NA"
"-79.80","43.30","BURLINGTON PIERS (AUT)","6151061","2024-11-25 09:00","2024","11","25","09:00","","5.4","","1.7","","77","","","","11","","22","","","","100.82","","","","","","NA"
"-79.80","43.30","BURLINGTON PIERS (AUT)","6151061","2024-11-25 10:00","2024","11","25","10:00","","5.3","","1.4","","76","","","","10","","22","","","","100.78","","","","","","NA"
"-79.80","43.30","BURLINGTON PIERS (AUT)","6151061","2024-11-25 11:00","2024","11","25","11:00","","5.4","","1.3","","75","","","","8","","23","","","","100.71","","","","","","NA"
"-79.80","43.30","BURLINGTON PIERS (AUT)","6151061","2024-11-25 12:00","2024","11","25","12:00","","5.7","","1.4","","74","","","","7","","21","","","","100.64","","","","","","NA"
"-79.80","43.30","BURLINGTON PIERS (AUT)","6151061","2024-11-25 13:00","2024","11","25","13:00","","6.0","","1.7","","74","","","","6","","24","","","","100.51","","","","","","NA"
"-79.80","43.30","BURLINGTON PIERS (AUT)","6151061","2024-11-25 14:00","2024","11","25","14:00","","6.0","","2.0","","75","","","","5","","27","","","","100.43","","","","","","NA"
"-79.80","43.30","BURLINGTON PIERS (AUT)","6151061","2024-11-25 15:00","2024","11","25","15:00","","6.3","","2.8","","78","","","","5","","29","","","","100.39","","","","","","NA"
"-79.80","43.30","BURLINGTON PIERS (AUT)","6151061","2024-11-25 16:00","2024","11","25","16:00","","6.4","","3.2","","80","","","","4","","31","","","","100.40","","","","","","NA"
"-79.80","43.30","BURLINGTON PIERS (AUT)","6151061","2024-11-25 17:00","2024","11","25","17:00","","6.6","","3.6","","81","","","","6","","31","","","","100.34","","","","","","NA"
"-79.80","43.30","BURLINGTON PIERS (AUT)","6151061","2024-11-25 18:00","2024","11","25","18:00","","6.7","","3.9","","82","","","","5","","24","","","","100.37","","","","","","NA"
"-79.80","43.30","BURLINGTON PIERS (AUT)","6151061","2024-11-25 19:00","2024","11","25","19:00","","6.9","","4.5","","85","","","","5","","29","","","","100.28","","","","","","NA"
"-79.80","43.30","BURLINGTON PIERS (AUT)","6151061","2024-11-25 20:00","2024","11","25","20:00","","7.2","","4.2","","81","","","","8","","20","","","","100.25","","","","","","NA"
"-79.80","43.30","BURLINGTON PIERS (AUT)","6151061","2024-11-25 21:00","2024","11","25","21:00","","6.8","","4.6","","85","","","","8","","13","","","","100.12","","","","","","NA"
"-79.80","43.30","BURLINGTON PIERS (AUT)","6151061","2024-11-25 22:00","2024","11","25","22:00","","6.6","","5.0","","89","","","","8","","9","","","","100.03","","","","","","NA"
"-79.80","43.30","BURLINGTON PIERS (AUT)","6151061","2024-11-25 23:00","2024","11","25","23:00","","6.5","","5.1","","91","","","","7","","8","","","","99.93","","","","","","NA"
"-79.80","43.30","BURLINGTON PIERS (AUT)","6151061","2024-11-26 00:00","2024","11","26","00:00","","6.8","","5.6","","92","","","","8","","7","","","","99.83","","","","","","NA"
"-79.80","43.30","BURLINGTON PIERS (AUT)","6151061","2024-11-26 01:00","2024","11","26","01:00","","7.1","","6.0","","93","","","","","","0","","","","99.73","","","","","","NA"
"-79.80","43.30","BURLINGTON PIERS (AUT)","6151061","2024-11-26 02:00","2024","11","26","02:00","","7.0","","6.3","","95","","","","31","","8","","","","99.69","","","","","","NA"
"-79.80","43.30","BURLINGTON PIERS (AUT)","6151061","2024-11-26 03:00","2024","11","26","03:00","","7.2","","6.4","","95","","","","24","","6","","","","99.69","","","","","","NA"
"-79.80","43.30","BURLINGTON PIERS (AUT)","6151061","2024-11-26 04:00","2024","11","26","04:00","","7.7","","6.4","","91","","","","25","","11","","","","99.71","","","","","","NA"
"-79.80","43.30","BURLINGTON PIERS (AUT)","6151061","2024-11-26 05:00","2024","11","26","05:00","","8.2","","5.8","","85","","","","25","","11","","","","99.76","","","","","","NA"
"-79.80","43.30","BURLINGTON PIERS (AUT)","6151061","2024-11-26 06:00","2024","11","26","06:00","","8.1","","4.8","","80","","","","25","","16","","","","99.84","","","","","","NA"
"-79.80","43.30","BURLINGTON PIERS (AUT)","6151061","2024-11-26 07:00","2024","11","26","07:00","","7.4","","3.5","","76","","","","25","","22","","","","99.93","","","","","","NA"
"-79.80","43.30","BURLINGTON PIERS (AUT)","6151061","2024-11-26 08:00","2024","11","26","08:00","","7.2","","2.8","","74","","","","25","","22","","","","100.01","","","","","","NA"
"-79.80","43.30","BURLINGTON PIERS (AUT)","6151061","2024-11-26 09:00","2024","11","26","09:00","","7.2","","3.3","","76","","","","24","","18","","","","100.08","","","","","","NA"
"-79.80","43.30","BURLINGTON PIERS (AUT)","6151061","2024-11-26 10:00","2024","11","26","10:00","","6.8","","2.8","","76","","","","24","","19","","","","100.14","","","","","","NA"
"-79.80","43.30","BURLINGTON PIERS (AUT)","6151061","2024-11-26 11:00","2024","11","26","11:00","","7.0","","2.1","","71","","","","24","","20","","","","100.20","","","","","","NA"
"-79.80","43.30","BURLINGTON PIERS (AUT)","6151061","2024-11-26 12:00","2024","11","26","12:00","","7.1","","2.0","","70","","","","24","","21","","","","100.22","","","","","","NA"
"-79.80","43.30","BURLINGTON PIERS (AUT)","6151061","2024-11-26 13:00","2024","11","26","13:00","","7.4","","1.7","","67","","","","24","","19","","","","100.22","","","","","","NA"
"-79.80","43.30","BURLINGTON PIERS (AUT)","6151061","2024-11-26 14:00","2024","11","26","14:00","","6.6","","0.9","","67","","","","23","","21","","","","100.29","","","","","","NA"
"-79.80","43.30","BURLINGTON PIERS (AUT)","6151061","2024-11-26 15:00","2024","11","26","15:00","","6.1","","-0.5","","63","","","","23","","21","","","","100.34","","","","","","NA"
"-79.80","43.30","BURLINGTON PIERS (AUT)","6151061","2024-11-26 16:00","2024","11","26","16:00","","6.3","","-1.3","","58","","","","24","","14","","","","100.36","","","","","","NA"
"-79.80","43.30","BURLINGTON PIERS (AUT)","6151061","2024-11-26 17:00","2024","11","26","17:00","","6.3","","-0.9","","60","","","","25","","10","","","","100.38","","","","","","NA"
"-79.80","43.30","BURLINGTON PIERS (AUT)","6151061","2024-11-26 18:00","2024","11","26","18:00","","6.1","","-2.7","","54","","","","24","","13","","","","100.41","","","","","","NA"
"-79.80","43.30","BURLINGTON PIERS (AUT)","6151061","2024-11-26 19:00","2024","11","26","19:00","","5.5","","-0.9","","63","","","","23","","12","","","","100.41","","","","","","NA"
"-79.80","43.30","BURLINGTON PIERS (AUT)","6151061","2024-11-26 20:00","2024","11","26","20:00","","5.1","","-0.8","","65","","","","22","","14","","","","100.41","","","","","","NA"
"-79.80","43.30","BURLINGTON PIERS (AUT)","6151061","2024-11-26 21:00","2024","11","26","21:00","","5.1","","-0.3","","68","","","","22","","18","","","","100.37","","","","","","NA"
"-79.80","43.30","BURLINGTON PIERS (AUT)","6151061","2024-11-26 22:00","2024","11","26","22:00","","4.7","","-0.2","","71","","","","24","","18","","","","100.40","","","","","","NA"
"-79.80","43.30","BURLINGTON PIERS (AUT)","6151061","2024-11-26 23:00","2024","11","26","23:00","","3.7","","-2.8","","62","","","","25","","18","","","","100.43","","","","","","NA"
"-79.80","43.30","BURLINGTON PIERS (AUT)","6151061","2024-11-27 00:00","2024","11","27","00:00","","3.7","","-2.5","","64","","","","25","","16","","","","100.48","","","","","","NA"
"-79.80","43.30","BURLINGTON PIERS (AUT)","6151061","2024-11-27 01:00","2024","11","27","01:00","","3.3","","-4.2","","58","","","","25","","20","","","","100.49","","","","","","NA"
"-79.80","43.30","BURLINGTON PIERS (AUT)","6151061","2024-11-27 02:00","2024","11","27","02:00","","3.1","","-4.6","","57","","","","26","","15","","","","100.57","","","","","","NA"
"-79.80","43.30","BURLINGTON PIERS (AUT)","6151061","2024-11-27 03:00","2024","11","27","03:00","","2.9","","-4.9","","56","","","","25","","15","","","","100.62","","","","","","NA"
"-79.80","43.30","BURLINGTON PIERS (AUT)","6151061","2024-11-27 04:00","2024","11","27","04:00","","2.5","","-4.4","","60","","","","25","","11","","","","100.62","","","","","","NA"
"-79.80","43.30","BURLINGTON PIERS (AUT)","6151061","2024-11-27 05:00","2024","11","27","05:00","","1.6","","-3.7","","68","","","","20","","17","","","","100.65","","","","","","NA"
"-79.80","43.30","BURLINGTON PIERS (AUT)","6151061","2024-11-27 06:00","2024","11","27","06:00","","1.2","","-3.6","","70","","","","21","","15","","","","100.72","","","","","","NA"
"-79.80","43.30","BURLINGTON PIERS (AUT)","6151061","2024-11-27 07:00","2024","11","27","07:00","","1.1","","-3.3","","72","","","","22","","13","","","","100.72","","","","","","NA"
"-79.80","43.30","BURLINGTON PIERS (AUT)","6151061","2024-11-27 08:00","2024","11","27","08:00","","1.2","","-4.2","","68","","","","21","","12","","","","100.72","","","","","","NA"
"-79.80","43.30","BURLINGTON PIERS (AUT)","6151061","2024-11-27 09:00","2024","11","27","09:00","","1.9","","-3.0","","70","","","","22","","13","","","","100.72","","","","","","NA"
"-79.80","43.30","BURLINGTON PIERS (AUT)","6151061","2024-11-27 10:00","2024","11","27","10:00","","2.2","","-3.6","","66","","","","24","","12","","","","100.67","","","","","","NA"
"-79.80","43.30","BURLINGTON PIERS (AUT)","6151061","2024-11-27 11:00","2024","11","27","11:00","","2.9","","-2.9","","66","","","","24","","12","","","","100.69","","","","","","NA"
"-79.80","43.30","BURLINGTON PIERS (AUT)","6151061","2024-11-27 12:00","2024","11","27","12:00","","3.1","","-3.7","","61","","","","23","","14","","","","100.61","","","","","","NA"
"-79.80","43.30","BURLINGTON PIERS (AUT)","6151061","2024-11-27 13:00","2024","11","27","13:00","","3.9","","-3.1","","60","","","","21","","15","","","","100.54","","","","","","NA"
"-79.80","43.30","BURLINGTON PIERS (AUT)","6151061","2024-11-27 14:00","2024","11","27","14:00","","4.2","","-3.9","","56","","","","23","","13","","","","100.48","","","","","","NA"
"-79.80","43.30","BURLINGTON PIERS (AUT)","6151061","2024-11-27 15:00","2024","11","27","15:00","","4.1","","-3.8","","56","","","","25","","11","","","","100.46","","","","","","NA"
"-79.80","43.30","BURLINGTON PIERS (AUT)","6151061","2024-11-27 16:00","2024","11","27","16:00","","4.1","","-3.7","","57","","","","22","","9","","","","100.43","","","","","","NA"
"-79.80","43.30","BURLINGTON PIERS (AUT)","6151061","2024-11-27 17:00","2024","11","27","17:00","","3.8","","-4.0","","57","","","","26","","8","","","","100.44","","","","","","NA"
"-79.80","43.30","BURLINGTON PIERS (AUT)","6151061","2024-11-27 18:00","2024","11","27","18:00","","3.7","","-3.2","","61","","","","26","","6","","","","100.42","","","","","","NA"
"-79.80","43.30","BURLINGTON PIERS (AUT)","6151061","2024-11-27 19:00","2024","11","27","19:00","","3.3","","-3.1","","63","","","","25","","6","","","","100.33","","","","","","NA"
"-79.80","43.30","BURLINGTON PIERS (AUT)","6151061","2024-11-27 20:00","2024","11","27","20:00","","3.1","","-2.9","","65","","","","26","","4","","","","100.32","","","","","","NA"
"-79.80","43.30","BURLINGTON PIERS (AUT)","6151061","2024-11-27 21:00","2024","11","27","21:00","","3.0","","-2.7","","66","","","","29","","3","","","","100.25","","","","","","NA"
"-79.80","43.30","BURLINGTON PIERS (AUT)","6151061","2024-11-27 22:00","2024","11","27","22:00","","3.2","","-2.6","","66","","","","31","","3","","","","100.22","","","","","","NA"
"-79.80","43.30","BURLINGTON PIERS (AUT)","6151061","2024-11-27 23:00","2024","11","27","23:00","","3.3","","-2.4","","66","","","","1","","6","","","","100.18","","","","","","NA"
"-79.80","43.30","BURLINGTON PIERS (AUT)","6151061","2024-11-28 00:00","2024","11","28","00:00","","3.2","","-2.0","","68","","","","36","","8","","","","100.15","","","","","","NA"
"-79.80","43.30","BURLINGTON PIERS (AUT)","6151061","2024-11-28 01:00","2024","11","28","01:00","","3.0","","-2.0","","69","","","","1","","9","","","","100.04","","","","","","NA"
"-79.80","43.30","BURLINGTON PIERS (AUT)","6151061","2024-11-28 02:00","2024","11","28","02:00","","3.3","","0.1","","79","","","","3","","11","","","","99.98","","","","","","NA"
"-79.80","43.30","BURLINGTON PIERS (AUT)","6151061","2024-11-28 03:00","2024","11","28","03:00","","3.4","","0.3","","80","","","","2","","15","","","","99.92","","","","","","NA"
"-79.80","43.30","BURLINGTON PIERS (AUT)","6151061","2024-11-28 04:00","2024","11","28","04:00","","3.0","","0.6","","84","","","","36","","18","","","","99.84","","","","","","NA"
"-79.80","43.30","BURLINGTON PIERS (AUT)","6151061","2024-11-28 05:00","2024","11","28","05:00","","2.4","","0.3","","86","","","","35","","21","","","","99.79","","","","","","NA"
"-79.80","43.30","BURLINGTON PIERS (AUT)","6151061","2024-11-28 06:00","2024","11","28","06:00","","2.0","","-0.1","","86","","","","35","","21","","","","99.77","","","","","","NA"
"-79.80","43.30","BURLINGTON PIERS (AUT)","6151061","2024-11-28 07:00","2024","11","28","07:00","","1.9","","-0.2","","86","","","","35","","20","","","","99.76","","","","","","NA"
"-79.80","43.30","BURLINGTON PIERS (AUT)","6151061","2024-11-28 08:00","2024","11","28","08:00","","1.9","","0.1","","88","","","","36","","16","","","","99.78","","","","","","NA"
"-79.80","43.30","BURLINGTON PIERS (AUT)","6151061","2024-11-28 09:00","2024","11","28","09:00","","2.1","","-0.5","","83","","","","34","","14","","","","99.83","","","","","","NA"
"-79.80","43.30","BURLINGTON PIERS (AUT)","6151061","2024-11-28 10:00","2024","11","28","10:00","","2.4","","-0.5","","81","","","","31","","14","","","","99.83","","","","","","NA"
"-79.80","43.30","BURLINGTON PIERS (AUT)","6151061","2024-11-28 11:00","2024","11","28","11:00","","3.8","","-1.7","","68","","","","31","","14","","","","99.81","","","","","","NA"
"-79.80","43.30","BURLINGTON PIERS (AUT)","6151061","2024-11-28 12:00","2024","11","28","12:00","","4.8","","-1.7","","62","","","","27","","9","","","","99.77","","","","","","NA"
"-79.80","43.30","BURLINGTON PIERS (AUT)","6151061","2024-11-28 13:00","2024","11","28","13:00","","5.2","","-1.8","","61","","","","30","","14","","","","99.77","","","","","","NA"
"-79.80","43.30","BURLINGTON PIERS (AUT)","6151061","2024-11-28 14:00","2024","11","28","14:00","","5.4","","-3.4","","53","","","","30","","25","","","","99.79","","","","","","NA"
"-79.80","43.30","BURLINGTON PIERS (AUT)","6151061","2024-11-28 15:00","2024","11","28","15:00","","4.8","","-3.4","","55","","","","28","","16","","","","99.88","","","","","","NA"
"-79.80","43.30","BURLINGTON PIERS (AUT)","6151061","2024-11-28 16:00","2024","11","28","16:00","","4.5","","-2.8","","59","","","","28","","13","","","","99.96","","","","","","NA"
"-79.80","43.30","BURLINGTON PIERS (AUT)","6151061","2024-11-28 17:00","2024","11","28","17:00","","4.2","","-3.4","","58","","","","26","","12","","","","100.03","","","","","","NA"
"-79.80","43.30","BURLINGTON PIERS (AUT)","6151061","2024-11-28 18:00","2024","11","28","18:00","","3.9","","-3.6","","58","","","","25","","16","","","","100.10","","","","","","NA"
"-79.80","43.30","BURLINGTON PIERS (AUT)","6151061","2024-11-28 19:00","2024","11","28","19:00","","3.4","","-3.1","","62","","","","27","","14","","","","100.11","","","","","","NA"
"-79.80","43.30","BURLINGTON PIERS (AUT)","6151061","2024-11-28 20:00","2024","11","28","20:00","","3.3","","-2.6","","65","","","","25","","16","","","","100.13","","","","","","NA"
"-79.80","43.30","BURLINGTON PIERS (AUT)","6151061","2024-11-28 21:00","2024","11","28","21:00","","3.2","","-3.4","","62","","","","24","","14","","","","100.13","","","","","","NA"
"-79.80","43.30","BURLINGTON PIERS (AUT)","6151061","2024-11-28 22:00","2024","11","28","22:00","","2.8","","-4.4","","59","","","","24","","15","","","","100.15","","","","","","NA"
"-79.80","43.30","BURLINGTON PIERS (AUT)","6151061","2024-11-28 23:00","2024","11","28","23:00","","3.0","","-3.5","","62","","","","24","","16","","","","100.15","","","","","","NA"
"-79.80","43.30","BURLINGTON PIERS (AUT)","6151061","2024-11-29 00:00","2024","11","29","00:00","","2.7","","-4.3","","60","","","","23","","16","","","","100.14","","","","","","NA"
"-79.80","43.30","BURLINGTON PIERS (AUT)","6151061","2024-11-29 01:00","2024","11","29","01:00","","2.4","","-4.0","","63","","","","23","","13","","","","100.10","","","","","","NA"
"-79.80","43.30","BURLINGTON PIERS (AUT)","6151061","2024-11-29 02:00","2024","11","29","02:00","","1.8","","-4.0","","65","","","","26","","13","","","","100.08","","","","","","NA"
"-79.80","43.30","BURLINGTON PIERS (AUT)","6151061","2024-11-29 03:00","2024","11","29","03:00","","1.8","","-5.4","","59","","","","27","","12","","","","100.05","","","","","","NA"
"-79.80","43.30","BURLINGTON PIERS (AUT)","6151061","2024-11-29 04:00","2024","11","29","04:00","","1.5","","-5.3","","60","","","","25","","16","","","","100.03","","","","","","NA"
"-79.80","43.30","BURLINGTON PIERS (AUT)","6151061","2024-11-29 05:00","2024","11","29","05:00","","1.7","","-5.0","","61","","","","23","","14","","","","100.03","","","","","","NA"
"-79.80","43.30","BURLINGTON PIERS (AUT)","6151061","2024-11-29 06:00","2024","11","29","06:00","","1.6","","-5.0","","61","","","","22","","15","","","","100.06","","","","","","NA"
"-79.80","43.30","BURLINGTON PIERS (AUT)","6151061","2024-11-29 07:00","2024","11","29","07:00","","1.1","","-4.3","","67","","","","23","","15","","","","100.09","","","","","","NA"
"-79.80","43.30","BURLINGTON PIERS (AUT)","6151061","2024-11-29 08:00","2024","11","29","08:00","","0.8","","-4.1","","70","","","","24","","13","","","","100.08","","","","","","NA"
"-79.80","43.30","BURLINGTON PIERS (AUT)","6151061","2024-11-29 09:00","2024","11","29","09:00","","0.3","","-3.3","","77","","","","24","","16","","","","100.13","","","","","","NA"
"-79.80","43.30","BURLINGTON PIERS (AUT)","6151061","2024-11-29 10:00","2024","11","29","10:00","","0.4","","-4.6","","69","","","","25","","19","","","","100.13","","","","","","NA"
"-79.80","43.30","BURLINGTON PIERS (AUT)","6151061","2024-11-29 11:00","2024","11","29","11:00","","1.1","","-5.5","","61","","","","25","","17","","","","100.12","","","","","","NA"
"-79.80","43.30","BURLINGTON PIERS (AUT)","6151061","2024-11-29 12:00","2024","11","29","12:00","","1.6","","-6.1","","57","","","","25","","21","","","","100.06","","","","","","NA"
"-79.80","43.30","BURLINGTON PIERS (AUT)","6151061","2024-11-29 13:00","2024","11","29","13:00","","1.6","","-6.6","","55","","","","25","","21","","","","100.06","","","","","","NA"
"-79.80","43.30","BURLINGTON PIERS (AUT)","6151061","2024-11-29 14:00","2024","11","29","14:00","","1.4","","-6.2","","57","","","","25","","25","","","","100.07","","","","","","NA"
"-79.80","43.30","BURLINGTON PIERS (AUT)","6151061","2024-11-29 15:00","2024","11","29","15:00","","1.4","","-3.7","","69","","","","23","","19","","","","100.07","","","","","","NA"
"-79.80","43.30","BURLINGTON PIERS (AUT)","6151061","2024-11-29 16:00","2024","11","29","16:00","","1.4","","-6.3","","56","","","","25","","24","","","","100.09","","","","","","NA"
"-79.80","43.30","BURLINGTON PIERS (AUT)","6151061","2024-11-29 17:00","2024","11","29","17:00","","0.8","","-6.6","","57","","","","25","","23","","","","100.15","","","","","","NA"
"-79.80","43.30","BURLINGTON PIERS (AUT)","6151061","2024-11-29 18:00","2024","11","29","18:00","","0.6","","-6.0","","61","","","","25","","16","","","","100.19","","","","","","NA"
"-79.80","43.30","BURLINGTON PIERS (AUT)","6151061","2024-11-29 19:00","2024","11","29","19:00","","0.7","","-4.7","","67","","","","24","","21","","","","100.19","","","","","","NA"
"-79.80","43.30","BURLINGTON PIERS (AUT)","6151061","2024-11-29 20:00","2024","11","29","20:00","","0.1","","-5.9","","64","","","","25","","23","","","","100.22","","","","","","NA"
"-79.80","43.30","BURLINGTON PIERS (AUT)","6151061","2024-11-29 21:00","2024","11","29","21:00","","-0.2","","-5.6","","67","","","","25","","23","","","","100.23","","","","-6","","NA"
"-79.80","43.30","BURLINGTON PIERS (AUT)","6151061","2024-11-29 22:00","2024","11","29","22:00","","-0.3","","-6.0","","65","","","","25","","19","","","","100.25","","","","-5","","NA"
"-79.80","43.30","BURLINGTON PIERS (AUT)","6151061","2024-11-29 23:00","2024","11","29","23:00","","-0.2","","-4.9","","71","","","","24","","22","","","","100.27","","","","-6","","NA"
"-79.80","43.30","BURLINGTON PIERS (AUT)","6151061","2024-11-30 00:00","2024","11","30","00:00","","-0.5","","-5.0","","71","","","","24","","18","","","","100.29","","","","-6","","NA"
"-79.80","43.30","BURLINGTON PIERS (AUT)","6151061","2024-11-30 01:00","2024","11","30","01:00","","-0.4","","-5.8","","66","","","","25","","20","","","","100.26","","","","-6","","NA"
"-79.80","43.30","BURLINGTON PIERS (AUT)","6151061","2024-11-30 02:00","2024","11","30","02:00","","-0.2","","-4.7","","71","","","","23","","22","","","","100.27","","","","-6","","NA"
"-79.80","43.30","BURLINGTON PIERS (AUT)","6151061","2024-11-30 03:00","2024","11","30","03:00","","-0.7","","-5.6","","69","","","","24","","19","","","","100.32","","","","-6","","NA"
"-79.80","43.30","BURLINGTON PIERS (AUT)","6151061","2024-11-30 04:00","2024","11","30","04:00","","-0.7","","-5.4","","70","","","","23","","21","","","","100.29","","","","-6","","NA"
"-79.80","43.30","BURLINGTON PIERS (AUT)","6151061","2024-11-30 05:00","2024","11","30","05:00","","-0.6","","-5.3","","70","","","","24","","20","","","","100.29","","","","-6","","NA"
"-79.80","43.30","BURLINGTON PIERS (AUT)","6151061","2024-11-30 06:00","2024","11","30","06:00","","-0.1","","-4.0","","75","","","","24","","19","","","","100.34","","","","-5","","NA"
"-79.80","43.30","BURLINGTON PIERS (AUT)","6151061","2024-11-30 07:00","2024","11","30","07:00","","-0.7","","-5.1","","72","","","","24","","20","","","","100.39","","","","-6","","NA"
"-79.80","43.30","BURLINGTON PIERS (AUT)","6151061","2024-11-30 08:00","2024","11","30","08:00","","-0.8","","-5.0","","73","","","","23","","20","","","","100.40","","","","-6","","NA"
"-79.80","43.30","BURLINGTON PIERS (AUT)","6151061","2024-11-30 09:00","2024","11","30","09:00","","-0.7","","-4.7","","74","","","","24","","22","","","","100.43","","","","-6","","NA"
"-79.80","43.30","BURLINGTON PIERS (AUT)","6151061","2024-11-30 10:00","2024","11","30","10:00","","-1.1","","-6.0","","69","","","","25","","19","","","","100.46","","","","-6","","NA"
"-79.80","43.30","BURLINGTON PIERS (AUT)","6151061","2024-11-30 11:00","2024","11","30","11:00","","0.0","","-4.2","","73","","","","24","","20","","","","100.47","","","","-5","","NA"
"-79.80","43.30","BURLINGTON PIERS (AUT)","6151061","2024-11-30 12:00","2024","11","30","12:00","","0.0","","-5.9","","64","","","","25","","25","","","","100.42","","","","-6","","NA"
"-79.80","43.30","BURLINGTON PIERS (AUT)","6151061","2024-11-30 13:00","2024","11","30","13:00","","0.1","","-6.5","","61","","","","24","","23","","","","100.40","","","","","","NA"
"-79.80","43.30","BURLINGTON PIERS (AUT)","6151061","2024-11-30 14:00","2024","11","30","14:00","","-0.3","","-7.4","","59","","","","25","","23","","","","100.40","","","","-6","","NA"
"-79.80","43.30","BURLINGTON PIERS (AUT)","6151061","2024-11-30 15:00","2024","11","30","15:00","","0.3","","-6.3","","61","","","","25","","16","","","","100.40","","","","","","NA"
"-79.80","43.30","BURLINGTON PIERS (AUT)","6151061","2024-11-30 16:00","2024","11","30","16:00","","-0.4","","-6.5","","63","","","","25","","16","","","","100.46","","","","-5","","NA"
"-79.80","43.30","BURLINGTON PIERS (AUT)","6151061","2024-11-30 17:00","2024","11","30","17:00","","-0.7","","-7.0","","62","","","","22","","17","","","","100.48","","","","-6","","NA"
"-79.80","43.30","BURLINGTON PIERS (AUT)","6151061","2024-11-30 18:00","2024","11","30","18:00","","-1.1","","-6.3","","68","","","","24","","19","","","","100.52","","","","-6","","NA"
"-79.80","43.30","BURLINGTON PIERS (AUT)","6151061","2024-11-30 19:00","2024","11","30","19:00","","-1.3","","-4.9","","76","","","","23","","16","","","","100.56","","","","-6","","NA"
"-79.80","43.30","BURLINGTON PIERS (AUT)","6151061","2024-11-30 20:00","2024","11","30","20:00","","-1.7","","-5.5","","75","","","","24","","15","","","","100.56","","","","-7","","NA"
"-79.80","43.30","BURLINGTON PIERS (AUT)","6151061","2024-11-30 21:00","2024","11","30","21:00","","-1.8","","-5.6","","75","","","","22","","20","","","","100.53","","","","-8","","NA"
"-79.80","43.30","BURLINGTON PIERS (AUT)","6151061","2024-11-30 22:00","2024","11","30","22:00","","-1.8","","-5.3","","77","","","","23","","20","","","","100.49","","","","-8","","NA"
"-79.80","43.30","BURLINGTON PIERS (AUT)","6151061","2024-11-30 23:00","2024","11","30","23:00","","-1.8","","-5.5","","76","","","","23","","18","","","","100.49","","","","-7","","NA"
