latitude,longitude,secchi
43.25853532,-79.770266,NA
43.26079259,-79.7708366,NA
43.26215621,-79.77204127,NA
43.26264596,-79.77572776,0.900371611
43.26261295,-79.77264814,NA
43.26323381,-79.78865328,1.057235479
43.26311585,-79.77756652,0.900793314
43.26310927,-79.77695059,0.900624692
43.2630829,-79.77448688,0.900277674
43.26306969,-79.77325502,NA
43.26368394,-79.78864435,1.057236433
43.26367742,-79.78802841,1.057237029
43.26357257,-79.77817345,0.900942028
43.26352643,-79.77386192,0.90025878
43.26413408,-79.78863542,1.057232261
43.26412755,-79.78801948,1.057232261
43.26404899,-79.7806282,0.900453508
43.26404242,-79.78001226,0.900717914
43.2640227,-79.77816444,0.900775075
43.26481691,-79.8108007,1.257215977
43.26457768,-79.78801055,1.057208657
43.26451225,-79.7818511,0.898995817
43.26450569,-79.78123516,0.899423182
43.26449912,-79.78061921,0.899803817
43.26449255,-79.78000327,0.900099397
43.26655593,-79.94199545,0.377766699
43.26502782,-79.78800162,1.057145119
43.26496238,-79.78184212,0.89792949
43.26495582,-79.78122618,0.898278415
43.26494925,-79.78061023,0.898634613
43.26494269,-79.77999428,0.898994088
43.26493611,-79.77937833,0.899332821
43.26492954,-79.77876238,0.899632275
43.26699469,-79.94075564,0.377766699
43.26571718,-79.81078317,1.278235793
43.26547795,-79.78799269,1.05704987
43.26547142,-79.78737673,1.057020307
43.26541251,-79.78183315,0.89626497
43.26540595,-79.78121719,0.896473587
43.26539939,-79.78060124,0.896794021
43.26539282,-79.77998529,0.897250295
43.26538625,-79.77936934,0.897820413
43.26537967,-79.77875338,0.898448527
43.26743343,-79.93951582,0.377766699
43.26742772,-79.93889981,0.377766699
43.26592155,-79.7873678,1.056982875
43.26587576,-79.78305609,0.894301772
43.2658692,-79.78244013,0.894088686
43.26586264,-79.78182417,0.893907309
43.26585608,-79.78120821,0.893868923
43.26584952,-79.78059226,0.894113123
43.26584295,-79.7799763,0.894702375
43.26583638,-79.77936034,0.895583093
43.2658298,-79.77874438,0.89661628
43.26787216,-79.93827598,0.377766699
43.26786644,-79.93765997,0.377766699
43.26637169,-79.78735886,1.057275414
43.26631934,-79.78243115,0.891532898
43.26631278,-79.78181519,0.890832186
43.26630621,-79.78119923,0.890377283
43.26629965,-79.78058327,0.890454292
43.26629308,-79.77996731,0.89118731
43.26627993,-79.77873538,0.893908679
43.26831087,-79.93703613,0.377766699
43.2681609,-79.92101978,0.377766699
43.26696469,-79.80090128,1.568453908
43.26682182,-79.78734992,1.058402658
43.26681529,-79.78673396,1.058757424
43.26676291,-79.78180622,0.887158215
43.26675635,-79.78119025,0.886062205
43.26674978,-79.78057428,0.885843992
43.26674321,-79.77995832,0.88669461
43.26874383,-79.93518023,0.377766699
43.2687381,-79.93456421,0.377766699
43.26861106,-79.92101183,0.377766699
43.26860524,-79.92039581,0.377766699
43.26741483,-79.80089245,1.568453908
43.26740837,-79.80027647,1.568453908
43.26727195,-79.78734099,1.061220169
43.26726542,-79.78672501,1.061984062
43.26720648,-79.78118127,0.881300807
43.26719991,-79.7805653,0.880720019
43.26718677,-79.77933335,0.883794606
43.26918251,-79.93394034,0.377766699
43.26917677,-79.93332431,0.377766699
43.2690554,-79.92038786,0.377766699
43.26904958,-79.91977184,0.377766699
43.26795505,-79.80950738,1.612247825
43.26786496,-79.80088361,1.568453908
43.2678585,-79.80026763,1.568453908
43.26772208,-79.78733205,0.986610472
43.26771555,-79.78671607,1.06843996
43.26765004,-79.78055631,0.876404583
43.26764347,-79.77994033,0.877017379
43.26961543,-79.9320844,0.377766699
43.26960968,-79.93146837,0.377766699
43.26960392,-79.93085234,0.377766699
43.26959816,-79.93023631,0.377766699
43.26950555,-79.9203799,0.377766699
43.26949973,-79.91976388,0.377766699
43.26949391,-79.91914785,0.377766699
43.26948809,-79.91853183,0.377766699
43.26948226,-79.9179158,0.377766699
43.26947643,-79.91729978,0.377766699
43.2694706,-79.91668376,0.377766699
43.26936504,-79.90559537,0.377766609
43.26840518,-79.8094986,1.325582981
43.26830864,-79.80025878,1.568454146
43.26816568,-79.78670713,1.078887224
43.26810674,-79.7811633,0.875863373
43.26810017,-79.78054732,0.875140488
43.27007133,-79.93269256,0.377766699
43.27006558,-79.93207652,0.377766699
43.27005983,-79.93146049,0.377766699
43.27005407,-79.93084446,0.377766699
43.27004831,-79.93022843,0.377766699
43.27004255,-79.9296124,0.377766699
43.27003678,-79.92899637,0.377766699
43.27001368,-79.92653224,0.377766699
43.26994989,-79.91975591,0.377766699
43.26994407,-79.91913989,0.377766699
43.26993824,-79.91852386,0.377766699
43.26993242,-79.91790783,0.377766699
43.26992659,-79.9172918,0.377766699
43.26992075,-79.91667577,0.377766699
43.26991492,-79.91605975,0.377766699
43.26990908,-79.91544372,0.377766699
43.26969664,-79.89326685,0.377849609
43.26949813,-79.87293828,1.479511499
43.26949206,-79.87232226,1.488669991
43.26948599,-79.87170625,1.492723584
43.26875877,-79.80024994,1.568454385
43.26875231,-79.79963395,1.568454385
43.26861582,-79.78669819,1.089740038
43.26860928,-79.7860822,1.089327216
43.26858965,-79.78423424,0.984068573
43.2685831,-79.78361826,0.995305896
43.26857655,-79.78300227,0.959012091
43.26856999,-79.78238629,0.891657472
43.26856343,-79.7817703,0.888317704
43.26855687,-79.78115432,0.881200016
43.27052149,-79.93268469,0.377766699
43.27051574,-79.93206865,0.377766699
43.27050999,-79.93145262,0.377766699
43.27050423,-79.93083658,0.377766699
43.27049847,-79.93022054,0.377766699
43.2704927,-79.92960451,0.377766699
43.27048694,-79.92898847,0.377766699
43.27046384,-79.92652433,0.377766699
43.27039422,-79.91913192,0.377766699
43.2703884,-79.91851589,0.377766699
43.27038257,-79.91789985,0.377766699
43.27037674,-79.91728382,0.377766699
43.27037091,-79.91666779,0.377766699
43.27036507,-79.91605176,0.377766699
43.27035923,-79.91543572,0.377766699
43.27035339,-79.91481969,0.377766699
43.26996648,-79.87477803,1.503670931
43.26996041,-79.87416201,1.483545423
43.26995435,-79.87354599,1.46844101
43.26994828,-79.87292997,1.475386858
43.26993613,-79.87169793,1.491889715
43.2692089,-79.8002411,1.568454385
43.26920244,-79.7996251,1.568454266
43.26906595,-79.78668925,1.098444343
43.26905941,-79.78607326,1.094767094
43.26904633,-79.78484127,1.007683635
43.26903978,-79.78422528,0.96394223
43.26903323,-79.78360929,0.99894762
43.26902668,-79.7829933,1.000994325
43.26902012,-79.78237731,0.92985338
43.26901357,-79.78176132,0.910097599
43.27096589,-79.93206078,0.377766699
43.27096014,-79.93144474,0.377766699
43.27095438,-79.9308287,0.377766699
43.27094862,-79.93021266,0.377766699
43.27094286,-79.92959662,0.377766699
43.27093709,-79.92898058,0.377766699
43.27091399,-79.92651642,0.377766699
43.27085601,-79.92035603,0.377766699
43.27085019,-79.91973999,0.377766699
43.27084437,-79.91912395,0.377766699
43.27083855,-79.91850792,0.377766699
43.27083272,-79.91789188,0.377766699
43.27082689,-79.91727584,0.377766699
43.27082106,-79.9166598,0.377766699
43.27081522,-79.91604377,0.377766699
43.27080938,-79.91542773,0.377766699
43.27080354,-79.91481169,0.377766699
43.27079769,-79.91419566,0.377766699
43.2707037,-79.9043391,0.377766699
43.27043479,-79.87661781,1.664857864
43.27042874,-79.87600178,1.383152485
43.27042268,-79.87538576,1.449706197
43.27041662,-79.87476973,1.514714599
43.27041056,-79.87415371,1.497272968
43.27037412,-79.87045757,NA
43.27036803,-79.86984155,1.292463064
43.27000313,-79.83349656,2.162120581
43.26965258,-79.79961626,1.568452358
43.26951608,-79.7866803,1.104977608
43.26950954,-79.78606431,1.103601694
43.269503,-79.78544831,1.088175535
43.26949646,-79.78483232,1.035956502
43.26948992,-79.78421632,0.929034114
43.26948337,-79.78360033,0.937416375
43.26947681,-79.78298433,0.975375116
43.26947026,-79.78236834,0.966925502
43.27140454,-79.93082082,0.377766699
43.27139878,-79.93020477,0.377766699
43.27139301,-79.92958873,0.377766699
43.27138725,-79.92897268,0.377766699
43.2713294,-79.92281224,0.377766699
43.27131198,-79.92096411,0.377766699
43.27130616,-79.92034807,0.377766699
43.27130035,-79.91973203,0.377766699
43.27129453,-79.91911599,0.377766699
43.2712887,-79.91849994,0.377766699
43.27128288,-79.9178839,0.377766699
43.27127705,-79.91726786,0.377766699
43.27127121,-79.91665182,0.377766699
43.27126538,-79.91603578,0.377766699
43.27125954,-79.91541974,0.377766699
43.27125369,-79.9148037,0.377766699
43.27124785,-79.91418765,0.377766699
43.271242,-79.91357161,0.377766699
43.27123614,-79.91295557,0.377766699
43.27121856,-79.91110745,0.377766699
43.2711892,-79.90802726,0.377766609
43.27115385,-79.90433103,0.377766699
43.27114795,-79.90371499,0.377766907
43.27114204,-79.90309895,0.377767086
43.27091515,-79.87968967,1.664008498
43.27090911,-79.87907364,1.712979555
43.27090307,-79.87845761,1.76980412
43.27089703,-79.87784158,1.863209009
43.27089098,-79.87722555,1.917630553
43.27088494,-79.87660953,1.835578322
43.27087888,-79.8759935,1.638543129
43.27081818,-79.86983322,1.195071101
43.27081209,-79.86921719,1.231716275
43.27054091,-79.8421122,2.602395773
43.27045327,-79.83348796,2.161948681
43.27019931,-79.8088475,NA
43.27010271,-79.79960741,1.568446875
43.27009624,-79.79899141,1.568443775
43.26997275,-79.78728736,1.102115035
43.26996621,-79.78667136,1.10728693
43.26995968,-79.78605536,1.111065984
43.26995314,-79.78543936,1.090085149
43.26994659,-79.78482336,1.079226017
43.26994005,-79.78420736,0.977214575
43.2699335,-79.78359136,0.933956206
43.26992694,-79.78297536,0.949293911
43.27182008,-79.92711664,0.377766699
43.27178535,-79.92342035,0.377766699
43.27177955,-79.9228043,0.377766699
43.27176213,-79.92095616,0.377766699
43.27175631,-79.92034011,0.377766699
43.2717505,-79.91972407,0.377766699
43.27174468,-79.91910802,0.377766699
43.27173885,-79.91849197,0.377766699
43.27173303,-79.91787593,0.377766699
43.2717272,-79.91725988,0.377766699
43.27172136,-79.91664383,0.377766699
43.27171553,-79.91602779,0.377766699
43.27170969,-79.91541174,0.377766699
43.27170384,-79.9147957,0.377766699
43.271698,-79.91417965,0.377766699
43.27169215,-79.91356361,0.377766699
43.27168629,-79.91294756,0.377766699
43.27168044,-79.91233152,0.377766699
43.27167458,-79.91171547,0.377766699
43.27166872,-79.91109943,0.377766699
43.27166285,-79.91048338,0.377766699
43.27165698,-79.90986734,0.377766699
43.27165111,-79.9092513,0.377766609
43.27164523,-79.90863525,0.377766609
43.27163935,-79.90801921,0.377766609
43.27163347,-79.90740317,0.37776649
43.27162758,-79.90678712,0.37776649
43.27162169,-79.90617108,0.37776649
43.27159219,-79.90309087,0.377767414
43.2713894,-79.88214556,1.3883847
43.27138338,-79.88152952,1.436708093
43.27137736,-79.88091349,1.486383438
43.27137133,-79.88029745,1.541932344
43.27136529,-79.87968142,1.617642999
43.27135926,-79.87906538,1.688514829
43.27135322,-79.87844935,1.724560618
43.27134718,-79.87783331,1.820833087
43.27134113,-79.87721728,1.923182964
43.27131692,-79.87475314,1.176246285
43.27126832,-79.86982489,1.510298967
43.27126224,-79.86920885,1.489311457
43.27125614,-79.86859282,1.591217995
43.27125005,-79.86797679,1.644525409
43.27102841,-79.8457998,2.788620234
43.27099105,-79.84210366,2.603096008
43.27098481,-79.84148764,2.603303671
43.27090341,-79.83347936,2.161262751
43.27089713,-79.83286334,2.159953594
43.27055284,-79.79959856,1.568438649
43.27054638,-79.79898255,1.56843257
43.27042941,-79.78789443,1.115457535
43.27042288,-79.78727842,1.103550434
43.27041634,-79.78666242,1.104618073
43.27040981,-79.78604641,1.098994017
43.27040327,-79.78543041,0.996913791
43.27039672,-79.78481441,1.032299161
43.27039018,-79.7841984,0.995284379
43.27038363,-79.7835824,0.950810075
43.27225288,-79.92526057,0.377766699
43.27220647,-79.92033215,0.377766699
43.27220065,-79.9197161,0.377766699
43.27219483,-79.91910005,0.377766699
43.27218901,-79.918484,0.377766699
43.27218318,-79.91786795,0.377766699
43.27217735,-79.9172519,0.377766699
43.27217152,-79.91663585,0.377766699
43.27216568,-79.9160198,0.377766699
43.27215984,-79.91540375,0.377766699
43.272154,-79.9147877,0.377766699
43.27214815,-79.91417165,0.377766699
43.2721423,-79.9135556,0.377766699
43.27213645,-79.91293955,0.377766699
43.27213059,-79.9123235,0.377766699
43.27212473,-79.91170745,0.377766699
43.27211887,-79.9110914,0.377766699
43.272113,-79.91047535,0.377766699
43.27210713,-79.9098593,0.377766699
43.27210126,-79.90924326,0.377766609
43.27209538,-79.90862721,0.377766609
43.2720895,-79.90801116,0.37776649
43.27208362,-79.90739511,0.37776649
43.27207773,-79.90677907,0.37776649
43.27207184,-79.90616302,0.37776649
43.27206595,-79.90554697,0.37776649
43.27204234,-79.90308278,0.377767801
43.27203643,-79.90246674,0.377768308
43.27203052,-79.90185069,0.377768695
43.27185159,-79.8833694,1.339164734
43.27184557,-79.88275336,1.338091135
43.27183955,-79.88213732,1.348529577
43.27183353,-79.88152128,1.36999321
43.2718275,-79.88090524,1.396626353
43.27182147,-79.8802892,1.433006525
43.27181544,-79.87967316,1.502192378
43.2718094,-79.87905712,1.619368315
43.27180337,-79.87844108,1.64470315
43.27179732,-79.87782504,1.684089303
43.27179128,-79.877209,1.795812607
43.27178523,-79.87659296,1.677403808
43.27177918,-79.87597693,1.28205955
43.27177312,-79.87536089,1.176137447
43.27176706,-79.87474485,1.194094419
43.27171847,-79.86981656,1.507783771
43.27171238,-79.86920052,1.564309239
43.27170629,-79.86858448,1.622547507
43.27170019,-79.86796845,1.651328921
43.27153436,-79.85133556,2.680180073
43.27147855,-79.84579129,2.78858304
43.27144119,-79.84209513,2.604686737
43.27143495,-79.8414791,2.605117798
43.27135983,-79.83408679,2.163503408
43.27135355,-79.83347076,2.159991503
43.27134727,-79.83285474,2.157463312
43.27109317,-79.80821392,1.612247825
43.27099651,-79.7989737,1.568441749
43.27089259,-79.78911751,1.169303656
43.27088607,-79.7885015,1.147348762
43.27087954,-79.78788549,1.12563324
43.27087301,-79.78726949,1.106779695
43.27086648,-79.78665348,1.101317406
43.27085994,-79.78603747,1.079812169
43.2708534,-79.78542146,1.033957481
43.27084686,-79.78480545,1.02588594
43.27084031,-79.78418944,1.010771275
43.27267405,-79.92217236,0.377766699
43.2726508,-79.91970814,0.377766699
43.27264498,-79.91909208,0.377766699
43.27263916,-79.91847603,0.377766699
43.27263333,-79.91785997,0.377766699
43.2726275,-79.91724392,0.377766699
43.27262167,-79.91662786,0.377766699
43.27261583,-79.91601181,0.377766699
43.27260999,-79.91539575,0.377766699
43.27260415,-79.9147797,0.377766699
43.2725983,-79.91416364,0.377766699
43.27259245,-79.91354759,0.377766699
43.2725866,-79.91293154,0.377766699
43.27258074,-79.91231548,0.377766699
43.27257488,-79.91169943,0.377766699
43.27256902,-79.91108338,0.377766699
43.27256315,-79.91046732,0.377766699
43.27255728,-79.90985127,0.377766609
43.27255141,-79.90923522,0.377766609
43.27254553,-79.90861916,0.377766609
43.27253965,-79.90800311,0.37776649
43.27253377,-79.90738706,0.37776649
43.27252788,-79.90677101,0.377766401
43.27252199,-79.90615495,0.37776649
43.2725161,-79.9055389,0.377766609
43.27248658,-79.90245865,0.377768993
43.27248067,-79.9018426,0.3777695
43.27239754,-79.89321791,0.377860993
43.27230775,-79.88397721,1.366900563
43.27230173,-79.88336117,1.335872412
43.27229572,-79.88274512,1.312478662
43.2722897,-79.88212908,1.296578884
43.27228368,-79.88151303,1.28711617
43.27227765,-79.88089699,1.279764891
43.27227162,-79.88028094,1.275291204
43.27226559,-79.8796649,1.286593556
43.27225955,-79.87904886,1.314205408
43.27225351,-79.87843281,1.32195735
43.27224747,-79.87781677,1.367831469
43.27224142,-79.87720073,1.459050894
43.27223538,-79.87658468,1.291525245
43.27222932,-79.87596864,1.066853523
43.27222327,-79.8753526,1.278966546
43.27221721,-79.87473656,1.250580788
43.2721747,-79.87042427,1.476929188
43.27216862,-79.86980823,1.498758554
43.27216253,-79.86919218,1.597720265
43.27215643,-79.86857614,1.644269705
43.27215034,-79.8679601,1.661349654
43.27197832,-79.85071106,2.679956436
43.27192869,-79.84578279,2.788476944
43.27189133,-79.84208659,2.606675625
43.27188509,-79.84147056,2.607011318
43.2718288,-79.83592628,2.196602821
43.27182253,-79.83531025,2.182847023
43.27181625,-79.83469422,2.171945572
43.27180997,-79.83407819,2.16388011
43.27180369,-79.83346217,2.158174276
43.2715433,-79.80820514,1.351844072
43.27144665,-79.79896485,1.568515658
43.27134272,-79.78910859,1.191357851
43.2713362,-79.78849257,1.167474508
43.27132967,-79.78787656,1.14218533
43.27132314,-79.78726055,1.118569136
43.27131661,-79.78664453,1.105352044
43.27131007,-79.78602852,1.095404387
43.27130353,-79.78541251,1.071809053
43.27129699,-79.78479649,1.050768256
43.27311259,-79.9209323,0.377766699
43.27309514,-79.91908412,0.377766699
43.27308931,-79.91846806,0.377766699
43.27308349,-79.917852,0.377766699
43.27307766,-79.91723594,0.377766699
43.27307182,-79.91661988,0.377766699
43.27306599,-79.91600382,0.377766699
43.27306014,-79.91538776,0.377766699
43.2730543,-79.9147717,0.377766699
43.27304845,-79.91415564,0.377766699
43.2730426,-79.91353958,0.377766699
43.27303675,-79.91292352,0.377766699
43.27303089,-79.91230746,0.377766699
43.27302503,-79.91169141,0.377766699
43.27301917,-79.91107535,0.377766699
43.2730133,-79.91045929,0.377766699
43.27300743,-79.90984323,0.377766609
43.27300156,-79.90922718,0.377766609
43.27299568,-79.90861112,0.37776649
43.2729898,-79.90799506,0.37776649
43.27298392,-79.907379,0.377766401
43.27297803,-79.90676295,0.377766401
43.27297214,-79.90614689,0.377766401
43.27296625,-79.90553084,0.377766609
43.27296035,-79.90491478,0.377766997
43.27293082,-79.9018345,0.377770394
43.2729249,-79.90121845,0.377770007
43.27290713,-79.89937028,0.377765507
43.27284769,-79.89320975,0.377864391
43.2727639,-79.88458503,1.45011127
43.27275789,-79.88396898,1.390633106
43.27275188,-79.88335294,1.335908175
43.27274586,-79.88273689,1.286643386
43.27273985,-79.88212084,1.242808819
43.27273382,-79.88150479,1.202273726
43.2727278,-79.88088874,1.159891725
43.27272177,-79.88027269,1.111936569
43.27271573,-79.87965664,1.06067729
43.2727097,-79.87904059,1.008368611
43.27270366,-79.87842455,0.941726089
43.27269762,-79.8778085,1.00767684
43.27269157,-79.87719245,1.17534256
43.27268552,-79.8765764,1.260579109
43.27267947,-79.87596036,1.399703026
43.27267341,-79.87534431,1.846055508
43.27262485,-79.87041594,1.486597896
43.27261876,-79.86979989,1.595557094
43.27242846,-79.85070259,2.679498672
43.27237883,-79.84577428,2.788252354
43.27233523,-79.84146202,2.607506037
43.27232899,-79.84084598,2.605378389
43.27229147,-79.83714977,2.231982946
43.27228521,-79.83653374,2.218430519
43.27227894,-79.8359177,2.201409817
43.27227267,-79.83530167,2.185716391
43.27226639,-79.83468563,2.17291522
43.27226011,-79.8340696,2.162988663
43.27198702,-79.80758033,1.612247825
43.27189678,-79.798956,1.56869638
43.27189031,-79.79833997,1.568795562
43.27179937,-79.78971568,1.256494164
43.27179285,-79.78909966,1.222041607
43.27178633,-79.78848364,1.192653179
43.2717798,-79.78786763,1.166229367
43.27177327,-79.78725161,1.14325273
43.27176674,-79.78663559,1.127322435
43.2717602,-79.78601957,1.115003943
43.27175366,-79.78540355,1.097098589
43.27353364,-79.91784402,0.377766699
43.27352781,-79.91722795,0.377766699
43.27352197,-79.91661189,0.377766699
43.27351614,-79.91599583,0.377766699
43.2735103,-79.91537976,0.377766699
43.27350445,-79.9147637,0.377766699
43.27349861,-79.91414764,0.377766699
43.27349276,-79.91353157,0.377766699
43.2734869,-79.91291551,0.377766699
43.27348105,-79.91229945,0.377766699
43.27347519,-79.91168338,0.377766699
43.27346932,-79.91106732,0.377766699
43.27346345,-79.91045126,0.377766699
43.27345758,-79.9098352,0.377766609
43.27345171,-79.90921914,0.37776649
43.27344583,-79.90860307,0.37776649
43.27343995,-79.90798701,0.377766401
43.27343407,-79.90737095,0.377766311
43.27342818,-79.90675489,0.377766311
43.27342229,-79.90613883,0.377766401
43.2734164,-79.90552277,0.377766699
43.2734105,-79.90490671,0.377767295
43.2734046,-79.90429065,0.377768099
43.27338097,-79.90182641,0.377771288
43.27337505,-79.90121035,0.377770185
43.27336913,-79.90059429,0.377767712
43.27322006,-79.88519287,1.590433121
43.27321405,-79.88457681,1.507183909
43.27320804,-79.88396076,1.423189163
43.27320203,-79.8833447,1.343127489
43.27319601,-79.88272865,1.267854452
43.27318999,-79.8821126,1.197639823
43.27318397,-79.88149654,1.129989982
43.27317794,-79.88088049,1.060011148
43.27317191,-79.88026444,0.983511627
43.27316588,-79.87964838,0.90083909
43.27315985,-79.87903233,0.819119811
43.27315381,-79.87841628,0.750720084
43.27314776,-79.87780023,0.837355375
43.27314172,-79.87718417,1.066233039
43.27313567,-79.87656812,1.298703194
43.27312962,-79.87595207,1.529720545
43.27310537,-79.87348787,1.559599876
43.2730993,-79.87287181,1.388317108
43.27308107,-79.87102366,1.029123187
43.27307499,-79.87040761,1.458639979
43.27306891,-79.86979156,1.591639519
43.27306282,-79.86917551,1.767590642
43.27305672,-79.86855946,1.839568973
43.2728786,-79.85069411,2.678347111
43.27282897,-79.84576577,1.016996622
43.27282275,-79.84514973,2.787718296
43.27278537,-79.84145348,2.605716228
43.27277913,-79.84083744,2.599451542
43.27274161,-79.8371412,2.250725031
43.27273535,-79.83652516,2.227472544
43.27272908,-79.83590912,2.206554651
43.27272281,-79.83529308,2.188234568
43.27243715,-79.80757154,1.612247825
43.27234691,-79.79894714,1.569073439
43.27234044,-79.79833112,1.569246411
43.27225602,-79.79032279,1.310518622
43.27224951,-79.78970676,1.282296181
43.27224299,-79.78909074,1.251621723
43.27223646,-79.78847471,1.222064853
43.27222994,-79.78785869,1.195127845
43.27222341,-79.78724267,1.171432018
43.27221687,-79.78662665,1.151373029
43.27221034,-79.78601062,1.133673072
43.27398379,-79.91783604,0.377766699
43.27397213,-79.9166039,0.377766699
43.27396629,-79.91598784,0.377766699
43.27396045,-79.91537177,0.377766699
43.27395461,-79.9147557,0.377766699
43.27394876,-79.91413963,0.377766699
43.27394291,-79.91352356,0.377766699
43.27393705,-79.9129075,0.377766699
43.2739312,-79.91229143,0.377766699
43.27392534,-79.91167536,0.377766699
43.27391947,-79.91105929,0.377766699
43.27391361,-79.91044323,0.377766699
43.27390774,-79.90982716,0.377766609
43.27390186,-79.90921109,0.37776649
43.27389599,-79.90859503,0.377766401
43.27389011,-79.90797896,0.377766311
43.27388422,-79.9073629,0.377766192
43.27387833,-79.90674683,0.377766311
43.27387244,-79.90613077,0.37776649
43.27386655,-79.9055147,0.377766907
43.27386065,-79.90489863,0.377767712
43.27385475,-79.90428257,0.377768815
43.27384885,-79.90366651,0.377770096
43.27384294,-79.90305044,0.377771407
43.27383703,-79.90243438,0.377772301
43.27383112,-79.90181831,0.377772301
43.2738252,-79.90120225,0.377770513
43.27381928,-79.90058618,0.377766699
43.27381336,-79.89997012,0.377761602
43.2737718,-79.89565768,0.377767205
43.27376585,-79.89504162,0.37779811
43.2737599,-79.89442556,0.377836704
43.27375394,-79.89380949,0.377875209
43.27367621,-79.88580071,1.774895072
43.2736702,-79.88518465,1.683870792
43.2736642,-79.88456859,1.576338887
43.27365819,-79.88395253,1.465322733
43.27365218,-79.88333647,1.358763933
43.27364616,-79.88272041,1.259148479
43.27364014,-79.88210436,1.166549444
43.27363412,-79.8814883,1.078764677
43.27362809,-79.88087224,0.992354274
43.27362206,-79.88025618,0.905542374
43.27361603,-79.87964013,0.822520375
43.27360999,-79.87902407,0.758043885
43.27360395,-79.87840801,0.746082425
43.27359791,-79.87779195,0.844085813
43.27359186,-79.8771759,1.046610713
43.27358581,-79.87655984,1.265161872
43.27357976,-79.87594378,1.435454726
43.27357371,-79.87532773,1.567675591
43.27356765,-79.87471167,1.647188306
43.27356158,-79.87409562,1.662471414
43.27355552,-79.87347956,1.606470585
43.27354945,-79.87286351,1.492683887
43.27354338,-79.87224745,1.259334326
43.2735373,-79.8716314,1.04711616
43.27353122,-79.87101534,1.089532614
43.27352514,-79.87039929,1.460565805
43.27351905,-79.86978323,1.709284663
43.27351296,-79.86916718,1.803877115
43.27350687,-79.86855112,1.889324665
43.27332255,-79.85006959,2.673909426
43.2732729,-79.84514122,2.787643194
43.27323551,-79.84144494,2.603184938
43.27322927,-79.8408289,2.589417934
43.27320427,-79.83836472,2.353702307
43.27319801,-79.83774867,2.307547808
43.27319175,-79.83713263,2.267789125
43.27318549,-79.83651659,2.236952066
43.27317922,-79.83590054,2.211672068
43.27313525,-79.83158824,2.123949051
43.27288729,-79.80756275,1.612247825
43.27288086,-79.80694672,1.612247825
43.27279058,-79.79832226,1.569977403
43.27271267,-79.7909299,1.361742139
43.27270616,-79.79031387,1.338084102
43.27269964,-79.78969784,1.31163764
43.27269312,-79.78908181,1.283430576
43.2726866,-79.78846578,1.255346775
43.27268007,-79.78784976,1.228915334
43.27267354,-79.78723373,1.204344273
43.272667,-79.7866177,1.180003881
43.27445723,-79.92029236,0.377766699
43.27442228,-79.91659592,0.377766699
43.27440476,-79.9147477,0.377766699
43.27439891,-79.91413163,0.377766699
43.27439306,-79.91351555,0.377766699
43.27438721,-79.91289948,0.377766699
43.27438135,-79.91228341,0.377766699
43.27437549,-79.91166734,0.377766699
43.27436962,-79.91105127,0.377766699
43.27436376,-79.9104352,0.377766609
43.27435789,-79.90981912,0.377766609
43.27435201,-79.90920305,0.37776649
43.27434614,-79.90858698,0.377766311
43.27434026,-79.90797091,0.377766192
43.27433437,-79.90735484,0.377766103
43.27432849,-79.90673877,0.377766192
43.2743226,-79.9061227,0.37776649
43.2743167,-79.90550663,0.377767086
43.2743108,-79.90489056,0.377768189
43.2743049,-79.90427449,0.377769589
43.274299,-79.90365842,0.377771288
43.27429309,-79.90304235,0.377772897
43.27428718,-79.90242629,0.377773911
43.27428127,-79.90181022,0.377773404
43.27427535,-79.90119415,0.377770692
43.27426943,-79.90057808,0.377764791
43.27426351,-79.89996201,0.377755493
43.27425758,-79.89934594,0.377741098
43.27425165,-79.89872988,0.37772131
43.2742279,-79.89626561,0.377726912
43.27422195,-79.89564954,0.377760291
43.274216,-79.89503347,0.377807289
43.27421005,-79.89441741,0.377863407
43.27420409,-79.89380134,0.377918988
43.27412635,-79.88579249,1.912785888
43.27412035,-79.88517643,1.795740604
43.27411435,-79.88456037,1.652327776
43.27410834,-79.8839443,1.509428382
43.27410232,-79.88332824,1.377654672
43.27409631,-79.88271218,1.257920504
43.27409029,-79.88209612,1.148980379
43.27408426,-79.88148005,1.048949242
43.27407824,-79.88086399,0.956128418
43.27407221,-79.88024793,0.871326089
43.27406617,-79.87963187,0.801525772
43.27406014,-79.8790158,0.762912214
43.2740541,-79.87839974,0.780706823
43.27404806,-79.87778368,0.877946675
43.27404201,-79.87716762,1.04537642
43.27403596,-79.87655156,1.235635042
43.27402991,-79.8759355,1.401679277
43.27402385,-79.87531944,1.527701139
43.27401779,-79.87470338,1.605363488
43.27401173,-79.87408732,1.636829138
43.27400566,-79.87347126,1.615234256
43.27399959,-79.8728552,1.527317882
43.27399352,-79.87223914,1.389441848
43.27398744,-79.87162308,1.278421164
43.27398137,-79.87100702,1.335759163
43.27397528,-79.87039096,1.574694991
43.2739692,-79.8697749,1.79670918
43.27396311,-79.86915884,1.883452296
43.27395701,-79.86854278,1.921235204
43.27395092,-79.86792673,1.904914975
43.27377269,-79.85006112,2.660781145
43.27372304,-79.8451327,2.789963961
43.27367941,-79.84082035,2.580501318
43.27367317,-79.8402043,2.540164948
43.27366692,-79.83958825,2.477047205
43.27366067,-79.8389722,2.418756962
43.27365441,-79.83835615,2.366599798
43.27364815,-79.83774011,2.320063829
43.27364189,-79.83712406,2.279401302
43.27363563,-79.83650801,2.245156765
43.27362936,-79.83589196,2.216428518
43.27362309,-79.83527591,2.192204952
43.27358539,-79.83157963,2.111926794
43.27333742,-79.80755396,1.612247944
43.273331,-79.80693792,1.612247944
43.27324071,-79.7983134,1.57088685
43.27323424,-79.79769737,1.571180463
43.27316931,-79.79153702,1.416720748
43.2731628,-79.79092099,1.391953349
43.27315629,-79.79030495,1.368021607
43.27314977,-79.78968892,1.342944026
43.27314325,-79.78907289,1.317068577
43.27313673,-79.78845685,1.291366577
43.2731302,-79.78784082,1.266952276
43.27312367,-79.78722479,1.243976355
43.27491901,-79.92151656,0.377766699
43.27484906,-79.91412362,0.377766699
43.27484321,-79.91350755,0.377766699
43.27483736,-79.91289147,0.377766699
43.2748315,-79.91227539,0.377766699
43.27482564,-79.91165932,0.377766699
43.27481978,-79.91104324,0.377766699
43.27481391,-79.91042716,0.377766609
43.27480804,-79.90981109,0.37776649
43.27480216,-79.90919501,0.377766401
43.27479629,-79.90857894,0.377766192
43.27479041,-79.90796286,0.377766013
43.27478452,-79.90734679,0.377766013
43.27477864,-79.90673071,0.377766103
43.27477275,-79.90611464,0.377766609
43.27476685,-79.90549856,0.377767503
43.27476096,-79.90488249,0.377768904
43.27475505,-79.90426642,0.377770692
43.27474915,-79.90365034,0.377772808
43.27474324,-79.90303427,0.377774596
43.27473733,-79.90241819,0.37777549
43.27473142,-79.90180212,0.377774507
43.2747255,-79.90118605,0.377770394
43.27471958,-79.90056998,0.377762109
43.27471366,-79.8999539,0.377748907
43.27470773,-79.89933783,0.377730489
43.2747018,-79.89872176,0.377708197
43.27469587,-79.89810569,0.377687186
43.27467805,-79.89625747,0.377710789
43.2746721,-79.8956414,0.377757907
43.27466615,-79.89502533,0.377826095
43.2746602,-79.89440926,0.377907813
43.27465424,-79.89379319,0.37798661
43.2745825,-79.88640035,2.11686945
43.2745765,-79.88578428,2.048977137
43.2745705,-79.88516821,1.892297149
43.27456449,-79.88455214,1.705949426
43.27455848,-79.88393608,1.535970569
43.27455247,-79.88332001,1.388122916
43.27454645,-79.88270394,1.257300496
43.27454043,-79.88208787,1.140136719
43.27453441,-79.88147181,1.035293102
43.27452838,-79.88085574,0.942839384
43.27452235,-79.88023967,0.86534071
43.27451632,-79.87962361,0.809975386
43.27451029,-79.87900754,0.789523602
43.27450425,-79.87839148,0.819115579
43.2744982,-79.87777541,0.907078385
43.27449216,-79.87715934,1.044028282
43.27448611,-79.87654328,1.202358365
43.27448005,-79.87592721,1.34983325
43.274474,-79.87531115,1.465380907
43.27446794,-79.87469508,1.542936206
43.27446188,-79.87407902,1.58530724
43.27445581,-79.87346295,1.589645505
43.27444974,-79.87284689,1.550327897
43.27444367,-79.87223082,1.483643293
43.27443759,-79.87161476,1.443186998
43.27443151,-79.8709987,1.498284578
43.27442543,-79.87038263,1.660064578
43.27441934,-79.86976657,1.834014177
43.27441325,-79.86915051,1.904940486
43.27440716,-79.86853444,1.901346087
43.27440106,-79.86791838,1.849567294
43.27438886,-79.86668626,1.032896161
43.27438276,-79.86607019,1.124510407
43.27437665,-79.86545413,1.215628147
43.27437053,-79.86483807,1.291433811
43.27422284,-79.85005264,2.638582706
43.27417318,-79.84512419,2.795739889
43.27416696,-79.84450814,2.79873848
43.27414827,-79.84265997,2.692546606
43.27414203,-79.84204392,2.657185078
43.2741358,-79.84142786,2.620153904
43.27412955,-79.84081181,2.58045125
43.27412331,-79.84019575,2.534840345
43.27411706,-79.8395797,2.482580662
43.27411081,-79.83896364,2.428814888
43.27410455,-79.83834759,2.377778053
43.27409829,-79.83773154,2.330895424
43.27409203,-79.83711548,2.288939476
43.27408577,-79.83649943,2.252314329
43.2740795,-79.83588338,2.220722198
43.27407323,-79.83526733,2.193565845
43.27404182,-79.83218707,2.108233452
43.27403553,-79.83157102,2.099630833
43.27378114,-79.80692913,1.612248302
43.27369085,-79.79830454,1.571575642
43.27368437,-79.7976885,1.571695685
43.27362595,-79.79214415,1.463074446
43.27361945,-79.79152811,1.441645384
43.27361294,-79.79091207,1.419570804
43.27360642,-79.79029604,1.397080541
43.2735999,-79.78968,1.374009728
43.27359338,-79.78906396,1.350631237
43.27358686,-79.78844792,1.327527165
43.27358033,-79.78783189,1.305201411
43.2735738,-79.78721585,1.283655167
43.27535172,-79.91966036,0.377766699
43.2753459,-79.91904428,0.377766699
43.27531675,-79.91596386,0.377766699
43.27529921,-79.91411562,0.377766699
43.27529336,-79.91349954,0.377766699
43.27528751,-79.91288345,0.377766699
43.27528165,-79.91226737,0.377766699
43.27527579,-79.91165129,0.377766699
43.27526993,-79.91103521,0.377766699
43.27526406,-79.91041913,0.377766609
43.27525819,-79.90980305,0.37776649
43.27525232,-79.90918697,0.377766311
43.27524644,-79.90857089,0.377766013
43.27524056,-79.90795481,0.377765894
43.27523467,-79.90733873,0.377765805
43.27522879,-79.90672265,0.377766103
43.2752229,-79.90610657,0.377766699
43.275217,-79.9054905,0.377767891
43.27521111,-79.90487442,0.377769709
43.27520521,-79.90425834,0.377772003
43.2751993,-79.90364226,0.377774507
43.27519339,-79.90302618,0.377776593
43.27518748,-79.9024101,0.377777308
43.27518157,-79.90179403,0.37777549
43.27517565,-79.90117795,0.377769589
43.27516973,-79.90056187,0.377758294
43.27516381,-79.89994579,0.377741009
43.27515788,-79.89932972,0.377718002
43.27515195,-79.89871364,0.377691805
43.27514602,-79.89809756,0.377668202
43.27514008,-79.89748149,0.377655894
43.27512225,-79.89563326,0.377762914
43.2751163,-79.89501718,0.377858907
43.27511035,-79.89440111,0.377975494
43.27510439,-79.89378503,0.378088295
43.27503265,-79.88639214,2.097068548
43.27502665,-79.88577607,2.083420992
43.27502065,-79.88515999,1.891632199
43.27501464,-79.88454392,1.686423063
43.27500863,-79.88392785,1.518467784
43.27500262,-79.88331178,1.376763225
43.2749966,-79.88269571,1.249656796
43.27499058,-79.88207963,1.134060383
43.27498456,-79.88146356,1.031046271
43.27497853,-79.88084749,0.943104208
43.2749725,-79.88023142,0.874139786
43.27496647,-79.87961535,0.830471218
43.27496043,-79.87899928,0.820847213
43.27495439,-79.87838321,0.853556573
43.27494835,-79.87776714,0.93077302
43.2749423,-79.87715107,1.043915272
43.27493625,-79.876535,1.174449444
43.2749302,-79.87591893,1.300484776
43.27492414,-79.87530286,1.405518055
43.27491808,-79.87468679,1.483149529
43.27491202,-79.87407072,1.533641577
43.27490595,-79.87345465,1.556723833
43.27489988,-79.87283858,1.553157568
43.27489381,-79.87222251,1.535700202
43.27488774,-79.87160644,1.533133984
43.27488166,-79.87099037,1.574564099
43.27487557,-79.87037431,1.658527136
43.27486949,-79.86975824,1.731378555
43.2748634,-79.86914217,1.801191449
43.2748573,-79.8685261,1.817561388
43.27484511,-79.86729397,1.002895951
43.27483901,-79.8666779,1.02754879
43.2748329,-79.86606183,1.166728377
43.27482679,-79.86544577,1.297019482
43.27482068,-79.8648297,1.404079437
43.27480844,-79.86359757,1.547981739
43.27479619,-79.86236544,1.609602332
43.27479006,-79.86174937,1.612549424
43.27478393,-79.86113331,1.616204381
43.27470391,-79.85312448,2.141030312
43.27467298,-79.85004416,2.618573427
43.27462332,-79.84511568,2.802494764
43.2746171,-79.84449962,2.792569876
43.27461087,-79.84388356,2.767686605
43.27460464,-79.8432675,2.737136364
43.27459841,-79.84265144,2.704592228
43.27459218,-79.84203538,2.668801308
43.27458594,-79.84141932,2.629635811
43.27457969,-79.84080326,2.587013245
43.27457345,-79.8401872,2.54037118
43.2745672,-79.83957114,2.490121365
43.27456095,-79.83895509,2.438562155
43.27455469,-79.83833903,2.388234377
43.27454843,-79.83772297,2.34087348
43.27454217,-79.83710691,2.297557354
43.27453591,-79.83649086,2.258777618
43.27452964,-79.8358748,2.22450757
43.27452337,-79.83525874,2.194443941
43.27451709,-79.83464268,2.168226957
43.27451081,-79.83402663,2.145561218
43.27450453,-79.83341057,2.126223564
43.27449825,-79.83279451,2.109987259
43.27449196,-79.83217846,2.096705198
43.27448566,-79.8315624,2.086504698
43.27447937,-79.83094635,2.079569101
43.27423127,-79.80692033,1.612249017
43.2741345,-79.79767964,1.571663499
43.27412803,-79.7970636,1.571034789
43.27408259,-79.79275129,1.495426893
43.27407609,-79.79213525,1.480068207
43.27406958,-79.7915192,1.462529063
43.27406307,-79.79090316,1.443735719
43.27405655,-79.79028712,1.423962593
43.27405004,-79.78967108,1.403434038
43.27404352,-79.78905503,1.382519722
43.27403699,-79.78843899,1.361631632
43.27403046,-79.78782295,1.340149164
43.2757669,-79.91595587,0.377766699
43.27576106,-79.91533978,0.377766699
43.2757318,-79.91225936,0.377766699
43.27572594,-79.91164327,0.377766699
43.27572008,-79.91102718,0.377766699
43.27571421,-79.9104111,0.37776649
43.27570834,-79.90979501,0.377766401
43.27570247,-79.90917893,0.377766103
43.27569659,-79.90856285,0.377765805
43.27569071,-79.90794676,0.377765685
43.27568483,-79.90733068,0.377765685
43.27567894,-79.90671459,0.377766013
43.27567305,-79.90609851,0.377766788
43.27566715,-79.90548243,0.377768397
43.27566126,-79.90486634,0.377770603
43.27565536,-79.90425026,0.377773404
43.27564945,-79.90363418,0.377776414
43.27564354,-79.90301809,0.377778709
43.27563763,-79.90240201,0.377779096
43.27563172,-79.90178593,0.377776086
43.2756258,-79.90116985,0.377767891
43.27561988,-79.90055377,0.377753109
43.27561396,-79.89993768,0.377730995
43.27560803,-79.8993216,0.377702385
43.2756021,-79.89870552,0.377671093
43.27559617,-79.89808944,0.377643585
43.27559023,-79.89747336,0.377629995
43.2755724,-79.89562512,0.377775908
43.27556645,-79.89500904,0.377908498
43.2755605,-79.89439296,0.378072202
43.27555454,-79.89377688,0.3782368
43.27548879,-79.88700001,1.57180357
43.2754828,-79.88638393,1.651162982
43.2754768,-79.88576785,1.819100738
43.27547079,-79.88515178,1.674934745
43.27546479,-79.8845357,1.551634431
43.27545878,-79.88391962,1.443996549
43.27545276,-79.88330355,1.339102626
43.27544675,-79.88268747,1.231924415
43.27544073,-79.88207139,1.126886368
43.2754347,-79.88145532,1.030859709
43.27542868,-79.88083924,0.949896574
43.27542265,-79.88022316,0.889277577
43.27541661,-79.87960709,0.854448378
43.27541058,-79.87899101,0.851114094
43.27540454,-79.87837494,0.883461773
43.2753985,-79.87775886,0.950998187
43.27539245,-79.87714279,1.046329021
43.2753864,-79.87652671,1.156088471
43.27538035,-79.87591064,1.264978886
43.27537429,-79.87529457,1.36086452
43.27536823,-79.87467849,1.437723994
43.27536217,-79.87406242,1.494391799
43.2753561,-79.87344634,1.531492591
43.27535003,-79.87283027,1.551662803
43.27534396,-79.8722142,1.563030958
43.27533788,-79.87159812,1.578909278
43.2753318,-79.87098205,1.60916841
43.27532572,-79.87036598,1.649218321
43.27531963,-79.86974991,1.681928158
43.27531354,-79.86913383,1.71006012
43.27530745,-79.86851776,1.708405018
43.27529525,-79.86728562,1.17515862
43.27528915,-79.86666955,1.171548843
43.27528304,-79.86605347,1.264445782
43.27527694,-79.8654374,1.378238559
43.27527082,-79.86482133,1.476217866
43.27526471,-79.86420526,1.54499495
43.27525859,-79.86358919,1.588831306
43.27525246,-79.86297312,1.612844706
43.27524634,-79.86235705,1.620632648
43.27524021,-79.86174098,1.621537089
43.27523408,-79.86112491,1.621040106
43.27522794,-79.86050884,1.62097609
43.2751664,-79.85434816,2.141301632
43.27516022,-79.85373209,2.141222239
43.27515405,-79.85311602,2.141541004
43.27511692,-79.84941962,2.617507935
43.27509211,-79.84695536,2.791143179
43.2750859,-79.84633929,2.807391882
43.27507968,-79.84572323,2.812682152
43.27507346,-79.84510716,2.808576107
43.27506724,-79.8444911,2.796604633
43.27506101,-79.84387503,2.776223183
43.27505478,-79.84325897,2.749287605
43.27504855,-79.84264291,2.717522144
43.27504232,-79.84202684,2.681296825
43.27503608,-79.84141078,2.640971899
43.27502983,-79.84079472,2.596963644
43.27502359,-79.84017865,2.549616098
43.27501734,-79.83956259,2.499690056
43.27501109,-79.83894653,2.448675632
43.27500483,-79.83833046,2.398354053
43.27499857,-79.8377144,2.350264072
43.27499231,-79.83709834,2.305477619
43.27498605,-79.83648228,2.264566183
43.27497978,-79.83586622,2.227699757
43.27497351,-79.83525015,2.194805861
43.27496723,-79.83463409,2.165715456
43.27496095,-79.83401803,2.140266895
43.27495467,-79.83340197,2.118336916
43.27494838,-79.83278591,2.099766731
43.2749421,-79.83216985,2.084420681
43.2749358,-79.83155379,2.072617531
43.27492951,-79.83093773,2.064995527
43.27468141,-79.80691154,1.612250209
43.27467498,-79.80629549,1.612250566
43.27458464,-79.79767078,1.572220564
43.27457816,-79.79705473,1.571644425
43.27457168,-79.79643868,1.570645213
43.2745652,-79.79582263,1.569221377
43.27453922,-79.79335844,1.522124052
43.27453272,-79.79274239,1.510120273
43.27452622,-79.79212634,1.496704102
43.27451971,-79.79151029,1.481974959
43.2745132,-79.79089425,1.466063619
43.27450669,-79.7902782,1.448987842
43.27450017,-79.78966215,1.430952311
43.27449365,-79.78904611,1.412536263
43.27448712,-79.78843006,1.393701434
43.27621705,-79.91594788,0.377766699
43.27620537,-79.9147157,0.377766699
43.27618196,-79.91225134,0.377766699
43.27617609,-79.91163525,0.377766699
43.27617023,-79.91101916,0.377766609
43.27616436,-79.91040307,0.37776649
43.27615849,-79.90978698,0.377766311
43.27615262,-79.90917089,0.377765894
43.27614674,-79.9085548,0.377765596
43.27614086,-79.90793871,0.377765387
43.27613498,-79.90732262,0.377765387
43.27612909,-79.90670653,0.377765894
43.2761232,-79.90609045,0.377766997
43.2761173,-79.90547436,0.377768993
43.27611141,-79.90485827,0.377771705
43.27610551,-79.90424218,0.377775013
43.2760996,-79.90362609,0.377778411
43.27609369,-79.90301001,0.377780914
43.27608778,-79.90239392,0.377780795
43.27608187,-79.90177783,0.377776414
43.27607595,-79.90116175,0.377765387
43.27607003,-79.90054566,0.377746314
43.27606411,-79.89992957,0.377718508
43.27605818,-79.89931349,0.377683401
43.27605225,-79.8986974,0.377645493
43.27604632,-79.89808132,0.377613187
43.27604038,-79.89746523,0.377598494
43.2760285,-79.89623306,0.377678186
43.27602255,-79.89561697,0.377796888
43.2760166,-79.89500089,0.377976507
43.27601065,-79.89438481,0.37819919
43.27600469,-79.89376872,0.378420293
43.27593894,-79.8869918,1.169475317
43.27593295,-79.88637572,0.973968923
43.27592695,-79.88575964,1.170993447
43.27592094,-79.88514356,1.316508532
43.27591494,-79.88452748,1.358345866
43.27590892,-79.88391139,1.344728827
43.27590291,-79.88329531,1.290467262
43.27589689,-79.88267923,1.209516406
43.27589087,-79.88206315,1.118593216
43.27588485,-79.88144707,1.031776667
43.27587882,-79.88083099,0.958786488
43.27587279,-79.88021491,0.906048596
43.27586676,-79.87959883,0.878247678
43.27586072,-79.87898275,0.879012525
43.27585468,-79.87836667,0.910171211
43.27584864,-79.87775059,0.970104575
43.2758426,-79.87713451,1.052655697
43.27583655,-79.87651843,1.147880435
43.27583049,-79.87590235,1.244635463
43.27582444,-79.87528627,1.333724022
43.27581838,-79.8746702,1.409810424
43.27581231,-79.87405412,1.471143842
43.27580625,-79.87343804,1.518160343
43.27580018,-79.87282196,1.553022504
43.2757941,-79.87220588,1.580188751
43.27578803,-79.87158981,1.605387211
43.27578195,-79.87097373,1.631576419
43.27577586,-79.87035765,1.655674338
43.27576978,-79.86974157,1.670777798
43.27576369,-79.8691255,1.668672085
43.27575759,-79.86850942,1.633724332
43.2757515,-79.86789334,1.506738186
43.2757454,-79.86727727,1.384445906
43.2757393,-79.86666119,1.357623339
43.27573319,-79.86604512,1.402441859
43.27572708,-79.86542904,1.478721023
43.27572097,-79.86481296,1.549811602
43.27571485,-79.86419689,1.599992633
43.27570873,-79.86358081,1.629077196
43.27570261,-79.86296474,1.641532898
43.27569648,-79.86234866,1.642479062
43.27569035,-79.86173259,1.637106419
43.27568422,-79.86111652,1.630569696
43.27567808,-79.86050044,1.626673579
43.27562888,-79.85557185,2.14463973
43.27562271,-79.85495578,2.143850803
43.27561654,-79.85433971,2.143085957
43.27561037,-79.85372364,2.142757893
43.27560419,-79.85310757,2.142847061
43.27556707,-79.84941114,2.616672516
43.27556087,-79.84879507,2.663125277
43.27555466,-79.848179,2.715379238
43.27554846,-79.84756293,2.758078814
43.27554225,-79.84694686,2.789429903
43.27553604,-79.84633079,2.809553385
43.27552982,-79.84571472,2.81850791
43.2755236,-79.84509865,2.816994905
43.27551738,-79.84448258,2.80633378
43.27551115,-79.84386651,2.787595272
43.27550492,-79.84325044,2.761970282
43.27549869,-79.84263438,2.730531216
43.27549246,-79.84201831,2.693990707
43.27548622,-79.84140224,2.652993202
43.27547998,-79.84078617,2.608171463
43.27547373,-79.8401701,2.560190201
43.27546748,-79.83955404,2.509953022
43.27546123,-79.83893797,2.4587152
43.27545497,-79.8383219,2.407906532
43.27544871,-79.83770583,2.358836412
43.27544245,-79.83708977,2.312493563
43.27543619,-79.8364737,2.269498348
43.27542992,-79.83585763,2.230160713
43.27542365,-79.83524157,2.194577932
43.27541737,-79.8346255,2.162729263
43.27541109,-79.83400944,2.134562254
43.27540481,-79.83339337,2.110039234
43.27539852,-79.83277731,2.089075327
43.27539224,-79.83216124,2.071567059
43.27538594,-79.83154518,2.057947874
43.27537965,-79.83092911,2.049397945
43.27512511,-79.80628669,1.612251163
43.27503477,-79.79766191,1.573852897
43.27502829,-79.79704586,1.573642731
43.27502181,-79.79642981,1.572624683
43.27501533,-79.79581375,1.570552111
43.27500884,-79.7951977,1.567249179
43.27499586,-79.79396559,1.545717955
43.27498936,-79.79334954,1.535602331
43.27498286,-79.79273349,1.525011182
43.27497635,-79.79211744,1.513315558
43.27496984,-79.79150139,1.50071466
43.27496333,-79.79088533,1.487120748
43.27495682,-79.79026928,1.472363949
43.2749503,-79.78965323,1.4565624
43.27494378,-79.78903718,1.440752149
43.27493726,-79.78842113,1.425582528
43.27665552,-79.9147077,0.377766699
43.27664967,-79.9140916,0.377766699
43.27664382,-79.91347551,0.377766699
43.27663796,-79.91285941,0.377766699
43.27663211,-79.91224332,0.377766699
43.27662625,-79.91162722,0.377766699
43.27662038,-79.91101113,0.377766609
43.27661451,-79.91039503,0.377766401
43.27660864,-79.90977894,0.377766103
43.27660277,-79.90916285,0.377765685
43.27659689,-79.90854675,0.377765208
43.27659101,-79.90793066,0.377765
43.27658513,-79.90731457,0.377765089
43.27657924,-79.90669847,0.377765805
43.27657335,-79.90608238,0.377767205
43.27656745,-79.90546629,0.377769589
43.27656156,-79.9048502,0.377772897
43.27655566,-79.9042341,0.377776802
43.27654975,-79.90361801,0.377780586
43.27654385,-79.90300192,0.37778309
43.27653793,-79.90238583,0.377782404
43.27653202,-79.90176974,0.377776206
43.2765261,-79.90115365,0.37776199
43.27652018,-79.90053755,0.377737999
43.27651426,-79.89992146,0.377703488
43.27650833,-79.89930537,0.377660602
43.2765024,-79.89868928,0.377614796
43.27649647,-79.89807319,0.377576411
43.27649053,-79.8974571,0.377560407
43.27648459,-79.89684101,0.377584785
43.27647865,-79.89622492,0.377667397
43.2764727,-79.89560883,0.3778238
43.27646675,-79.89499274,0.378060997
43.27646079,-79.89437665,0.378350109
43.27645484,-79.89376057,0.378614604
43.27639508,-79.88759969,1.51903379
43.27638909,-79.8869836,1.316165686
43.27638309,-79.88636751,1.032930136
43.27637709,-79.88575143,1.025139213
43.27637109,-79.88513534,1.150570631
43.27636508,-79.88451925,1.24985373
43.27635907,-79.88390317,1.284627438
43.27635306,-79.88328708,1.258508444
43.27634704,-79.882671,1.193016648
43.27634102,-79.88205491,1.111728191
43.276335,-79.88143882,1.032577634
43.27632897,-79.88082274,0.966997325
43.27632294,-79.88020665,0.921575606
43.27631691,-79.87959057,0.900024891
43.27631087,-79.87897449,0.904409528
43.27630483,-79.8783584,0.935130417
43.27629879,-79.87774232,0.990116119
43.27629274,-79.87712623,1.064265251
43.27628669,-79.87651015,1.149980426
43.27628064,-79.87589407,1.238827348
43.27627458,-79.87527798,1.323556423
43.27626852,-79.8746619,1.399440289
43.27626246,-79.87404582,1.464378357
43.27625639,-79.87342973,1.518188834
43.27625032,-79.87281365,1.561992764
43.27624425,-79.87219757,1.597921014
43.27623817,-79.87158149,1.628345609
43.27623209,-79.8709654,1.654180288
43.27622601,-79.87034932,1.673563838
43.27621992,-79.86973324,1.68244338
43.27621383,-79.86911716,1.67544508
43.27620774,-79.86850108,1.646532774
43.27620164,-79.867885,1.593182445
43.27618944,-79.86665284,1.518139601
43.27618333,-79.86603676,1.538764834
43.27617722,-79.86542068,1.581977487
43.27617111,-79.8648046,1.625504613
43.27616499,-79.86418852,1.657364488
43.27615888,-79.86357244,1.675324321
43.27615275,-79.86295636,1.681025624
43.27614663,-79.86234028,1.674461722
43.2761405,-79.8617242,1.659785032
43.27613436,-79.86110812,1.64289546
43.27612823,-79.86049204,1.633183002
43.27607902,-79.85556342,2.148210764
43.27607285,-79.85494734,2.14913106
43.27606668,-79.85433126,2.14788413
43.27606051,-79.85371519,2.144771576
43.27605433,-79.85309911,2.144061804
43.27604197,-79.85186696,2.369769573
43.27603579,-79.85125088,2.426249027
43.2760296,-79.85063481,2.486496687
43.2760234,-79.85001873,2.547225714
43.27601721,-79.84940266,2.602983236
43.27601101,-79.84878658,2.656407833
43.27600481,-79.84817051,2.708565474
43.2759986,-79.84755443,2.753746271
43.27599239,-79.84693836,2.788720369
43.27598618,-79.84632228,2.812418461
43.27597996,-79.84570621,2.824446201
43.27597374,-79.84509014,2.825250149
43.27596752,-79.84447406,2.816049814
43.27596129,-79.84385799,2.798249483
43.27595507,-79.84324192,2.773150682
43.27594883,-79.84262584,2.741831303
43.2759426,-79.84200977,2.705131054
43.27593636,-79.8413937,2.663768291
43.27593012,-79.84077763,2.618444681
43.27592387,-79.84016155,2.569947958
43.27591762,-79.83954548,2.5192523
43.27591137,-79.83892941,2.467531681
43.27590511,-79.83831334,2.416038513
43.27589885,-79.83769727,2.365920544
43.27589259,-79.83708119,2.318089962
43.27588633,-79.83646512,2.273186207
43.27588006,-79.83584905,2.231606245
43.27587379,-79.83523298,2.193563938
43.27586751,-79.83461691,2.159151316
43.27586123,-79.83400084,2.128406048
43.27585495,-79.83338477,2.10136795
43.27584866,-79.8327687,2.0780406
43.27584237,-79.83215263,2.058367729
43.27583608,-79.83153656,2.042684793
43.27582979,-79.83092049,2.031949043
43.27557525,-79.80627789,1.612248421
43.27547843,-79.79703699,1.577481508
43.27547195,-79.79642093,1.57681334
43.27546546,-79.79580488,1.57479918
43.27545897,-79.79518882,1.571018457
43.27545248,-79.79457276,1.564992309
43.27544599,-79.7939567,1.557146311
43.27543949,-79.79334065,1.548631907
43.27543299,-79.79272459,1.539350986
43.27542648,-79.79210853,1.52928102
43.27541998,-79.79149248,1.518483043
43.27541347,-79.79087642,1.506843805
43.27540695,-79.79026037,1.494073153
43.27540043,-79.78964431,1.480032682
43.27539391,-79.78902825,1.464791656
43.27709397,-79.9134675,0.377766699
43.27708812,-79.9128514,0.377766699
43.27708226,-79.9122353,0.377766699
43.2770764,-79.9116192,0.377766699
43.27707053,-79.9110031,0.37776649
43.27703528,-79.90730651,0.377764791
43.27702939,-79.90669041,0.377765685
43.2770235,-79.90607432,0.377767414
43.2770176,-79.90545822,0.377770185
43.27701171,-79.90484212,0.37777409
43.27700581,-79.90422603,0.37777859
43.2769999,-79.90360993,0.377782911
43.276994,-79.90299383,0.377785414
43.27698808,-79.90237774,0.377783895
43.27698217,-79.90176164,0.377775609
43.27697625,-79.90114554,0.377757788
43.27697033,-79.90052945,0.377728105
43.27696441,-79.89991335,0.377686203
43.27695848,-79.89929726,0.377634287
43.27695255,-79.89868116,0.377579004
43.27694662,-79.89806507,0.37753281
43.27694068,-79.89744897,0.377514094
43.27693474,-79.89683288,0.377545714
43.27692879,-79.89621679,0.377651304
43.27692285,-79.89560069,0.377852589
43.2769169,-79.8949846,0.37815699
43.27691094,-79.8943685,0.378519386
43.27690499,-79.89375241,0.378820688
43.27684523,-79.88759148,1.781886458
43.27683924,-79.88697539,1.71810782
43.27683324,-79.8863593,1.386793852
43.27682724,-79.88574321,1.203217506
43.27682124,-79.88512712,1.211745262
43.27681523,-79.88451103,1.270098448
43.27680922,-79.88389494,1.2909863
43.27680321,-79.88327885,1.257947683
43.27679719,-79.88266276,1.189204931
43.27679117,-79.88204667,1.108155966
43.27678515,-79.88143058,1.032326341
43.27677912,-79.88081449,0.972327828
43.27677309,-79.8801984,0.93353951
43.27676705,-79.87958231,0.91817677
43.27676102,-79.87896622,0.926821887
43.27675498,-79.87835013,0.958811581
43.27674893,-79.87773404,1.011825442
43.27674289,-79.87711796,1.081530452
43.27673684,-79.87650187,1.161911726
43.27673078,-79.87588578,1.246335745
43.27672473,-79.87526969,1.328879237
43.27671867,-79.8746536,1.405287862
43.2767126,-79.87403752,1.47320497
43.27670654,-79.87342143,1.531813502
43.27670047,-79.87280534,1.581326365
43.27669439,-79.87218925,1.622565746
43.27668832,-79.87157317,1.656481862
43.27668224,-79.87095708,1.683468819
43.27667615,-79.870341,1.702807426
43.27667007,-79.86972491,1.712722778
43.27666398,-79.86910882,1.711109757
43.27665788,-79.86849274,1.697012424
43.27665179,-79.86787665,1.673461199
43.27664569,-79.86726057,1.650306463
43.27663958,-79.86664448,1.640887618
43.27662737,-79.86541231,1.673025846
43.27662126,-79.86479623,1.697100997
43.27661514,-79.86418014,1.716003418
43.27660902,-79.86356406,1.727494359
43.2766029,-79.86294797,1.730975389
43.27659677,-79.86233189,1.71113646
43.27652916,-79.85555498,2.153151035
43.27652299,-79.8549389,2.159388781
43.27651065,-79.85370674,2.215255499
43.27650448,-79.85309066,2.254889727
43.2764983,-79.85247458,2.29884243
43.27649211,-79.8518585,2.347939968
43.27648593,-79.85124241,2.402353048
43.27647974,-79.85062633,2.461399794
43.27647355,-79.85001025,2.522930861
43.27646735,-79.84939417,2.584119558
43.27646115,-79.8487781,2.643671036
43.27645495,-79.84816202,2.699736595
43.27644874,-79.84754594,2.748785257
43.27644253,-79.84692986,2.787766457
43.27643632,-79.84631378,2.814823627
43.2764301,-79.8456977,2.829239607
43.27642388,-79.84508162,2.831504107
43.27641766,-79.84446554,2.823016644
43.27641144,-79.84384947,2.805487871
43.27640521,-79.84323339,2.780477285
43.27639897,-79.84261731,2.749187708
43.27639274,-79.84200123,2.712476969
43.2763865,-79.84138516,2.671018362
43.27638026,-79.84076908,2.625488997
43.27637401,-79.840153,2.576705694
43.27636776,-79.83953693,2.525674343
43.27636151,-79.83892085,2.473539114
43.27635525,-79.83830477,2.42146039
43.27634899,-79.8376887,2.370483398
43.27634273,-79.83707262,2.321453094
43.27633647,-79.83645655,2.274998188
43.2763302,-79.83584047,2.231556416
43.27632392,-79.8352244,2.191414595
43.27631765,-79.83460832,2.154749155
43.27631137,-79.83399225,2.121675253
43.27630509,-79.83337617,2.092303991
43.2762988,-79.8327601,2.066738605
43.27629251,-79.83214402,2.045009375
43.27628622,-79.83152795,2.027264118
43.27627993,-79.83091187,2.013901472
43.27627363,-79.8302958,2.005251646
43.27602538,-79.80626909,1.612234473
43.27601895,-79.80565302,1.61222887
43.27592856,-79.79702812,1.583355069
43.27592208,-79.79641206,1.583329201
43.27591559,-79.795796,1.581784248
43.27590911,-79.79517994,1.578734279
43.27590262,-79.79456388,1.574134946
43.27589612,-79.79394781,1.568154216
43.27588962,-79.79333175,1.561091542
43.27588312,-79.79271569,1.553140998
43.27587662,-79.79209963,1.544461966
43.27587011,-79.79148357,1.535158873
43.2758636,-79.79086751,1.525189638
43.27585708,-79.79025145,1.514198065
43.27585057,-79.78963539,1.501650333
43.27584404,-79.78901933,1.487079859
43.27747954,-79.90668235,0.377765507
43.27747365,-79.90606625,0.377767712
43.27746776,-79.90545015,0.377770901
43.27746186,-79.90483405,0.377775311
43.27745596,-79.90421795,0.377780408
43.27745005,-79.90360185,0.377785087
43.27744415,-79.90298575,0.37778759
43.27743823,-79.90236964,0.377785206
43.27743232,-79.90175354,0.377774686
43.2774264,-79.90113744,0.37775299
43.27742048,-79.90052134,0.377717406
43.27741456,-79.89990524,0.377667308
43.27740863,-79.89928914,0.3776052
43.2774027,-79.89867304,0.3775388
43.27739677,-79.89805694,0.377482086
43.27739083,-79.89744085,0.377457708
43.27738489,-79.89682475,0.377494901
43.27737894,-79.89620865,0.377626091
43.277373,-79.89559255,0.377880394
43.27736705,-79.89497645,0.378265411
43.27736109,-79.89436035,0.378724813
43.27735513,-79.89374425,0.379133612
43.27730137,-79.88819938,1.771422267
43.27729538,-79.88758328,1.887779951
43.27728939,-79.88696719,1.869386911
43.27728339,-79.88635109,1.566302896
43.27727739,-79.885735,1.366204262
43.27727138,-79.8851189,1.345175743
43.27726538,-79.88450281,1.35524857
43.27725937,-79.88388671,1.340206385
43.27725335,-79.88327062,1.282800198
43.27724734,-79.88265452,1.196897149
43.27724132,-79.88203843,1.106739044
43.27723529,-79.88142233,1.029018283
43.27722926,-79.88080624,0.972292185
43.27722323,-79.88019014,0.939568698
43.2772172,-79.87957405,0.930913091
43.27721116,-79.87895796,0.945224106
43.27720512,-79.87834186,0.980787873
43.27719908,-79.87772577,1.03497982
43.27719303,-79.87710968,1.103917241
43.27718698,-79.87649358,1.18259871
43.27718093,-79.87587749,1.26557672
43.27717487,-79.8752614,1.347844362
43.27716881,-79.87464531,1.425525665
43.27716275,-79.87402922,1.496120811
43.27715668,-79.87341312,1.558346033
43.27715061,-79.87279703,1.611791849
43.27714454,-79.87218094,1.656587601
43.27713846,-79.87156485,1.693104386
43.27713238,-79.87094876,1.721663117
43.2771263,-79.87033267,1.742305636
43.27712021,-79.86971658,1.754764438
43.27711412,-79.86910049,1.758800745
43.27710803,-79.8684844,1.755031943
43.27710193,-79.86786831,1.746008992
43.27709583,-79.86725222,1.736705065
43.27708973,-79.86663613,1.733008504
43.27708362,-79.86602004,1.73780632
43.27707751,-79.86540395,1.74892962
43.2770714,-79.86478786,1.761865258
43.27705916,-79.86355568,1.782570481
43.27705304,-79.86293959,1.788223147
43.27704691,-79.8623235,1.78933084
43.27698547,-79.85616263,2.130562782
43.2769793,-79.85554654,2.146217823
43.27697314,-79.85493046,2.161328793
43.27696697,-79.85431437,2.180132151
43.27696079,-79.85369829,2.205824137
43.27695462,-79.8530822,2.238329172
43.27694844,-79.85246612,2.27700901
43.27694226,-79.85185003,2.322175503
43.27693607,-79.85123395,2.374109983
43.27692988,-79.85061786,2.432348013
43.27692369,-79.85000178,2.495371103
43.27691749,-79.84938569,2.560861826
43.27691129,-79.84876961,2.626119137
43.27690509,-79.84815352,2.687860727
43.27689888,-79.84753744,2.742237091
43.27689267,-79.84692136,2.785696745
43.27688646,-79.84630527,2.815797806
43.27688024,-79.84568919,2.831684113
43.27687403,-79.84507311,2.834146976
43.2768678,-79.84445703,2.825131178
43.27686158,-79.84384094,2.806926727
43.27685535,-79.84322486,2.781489372
43.27684911,-79.84260878,2.750133991
43.27684288,-79.8419927,2.713607073
43.27683664,-79.84137661,2.672391891
43.2768304,-79.84076053,2.627026081
43.27682415,-79.84014445,2.578289986
43.2768179,-79.83952837,2.52721262
43.27681165,-79.83891229,2.474951029
43.27680539,-79.83829621,2.422631741
43.27679913,-79.83768013,2.371229887
43.27679287,-79.83706405,2.321518421
43.27678661,-79.83644797,2.274080038
43.27678034,-79.83583189,2.229345083
43.27677406,-79.83521581,2.187631607
43.27676779,-79.83459973,2.149173737
43.27676151,-79.83398365,2.114156246
43.27675523,-79.83336757,2.082761049
43.27674894,-79.83275149,2.055184364
43.27674265,-79.83213541,2.03156662
43.27673636,-79.83151933,2.011980772
43.27673006,-79.83090326,1.996565461
43.27672377,-79.83028718,1.985314369
43.27647552,-79.80626029,1.612201691
43.27646909,-79.80564422,1.612188458
43.27637869,-79.79701926,1.591539264
43.27637221,-79.79640319,1.591852188
43.27636573,-79.79578712,1.590787888
43.27635924,-79.79517106,1.588350296
43.27635275,-79.79455499,1.584590316
43.27634625,-79.79393892,1.57960248
43.27633976,-79.79332286,1.573538542
43.27633325,-79.79270679,1.566585541
43.27632675,-79.79209072,1.558930874
43.27632024,-79.79147466,1.550738573
43.27631373,-79.79085859,1.542090416
43.27630722,-79.79024253,1.532683015
43.2763007,-79.78962646,1.522193909
43.27792969,-79.90667429,0.377765387
43.2779238,-79.90605819,0.377767891
43.27791791,-79.90544208,0.377771586
43.27791201,-79.90482597,0.377776593
43.27790611,-79.90420987,0.377782196
43.2779002,-79.90359376,0.377787292
43.2778943,-79.90297766,0.377789706
43.27788838,-79.90236155,0.377786398
43.27788247,-79.90174545,0.377773911
43.27787655,-79.90112934,0.377748311
43.27787063,-79.90051324,0.377706587
43.27786471,-79.89989713,0.377647996
43.27785878,-79.89928103,0.37757501
43.27785285,-79.89866492,0.377495289
43.27784691,-79.89804882,0.377424985
43.27784098,-79.89743272,0.377390891
43.27783504,-79.89681661,0.377431214
43.27782909,-79.89620051,0.377591312
43.27782314,-79.89558441,0.377911389
43.27781719,-79.8949683,0.378399909
43.27781124,-79.8943522,0.378988713
43.27780528,-79.8937361,0.379542798
43.27775152,-79.88819118,1.668195724
43.27774553,-79.88757508,1.762619853
43.27773953,-79.88695898,1.699281216
43.27773354,-79.88634288,1.515847325
43.27772754,-79.88572678,1.405588865
43.27772153,-79.88511068,1.422459126
43.27771552,-79.88449458,1.438259959
43.27770951,-79.88387848,1.40497005
43.2777035,-79.88326238,1.319869041
43.27769748,-79.88264628,1.208763719
43.27769146,-79.88203018,1.102279782
43.27768544,-79.88141409,1.01845336
43.27767941,-79.88079799,0.963479817
43.27767338,-79.88018189,0.93704617
43.27766735,-79.87956579,0.936404228
43.27766131,-79.87894969,0.958468795
43.27765527,-79.87833359,1.000349402
43.27764923,-79.8777175,1.058971047
43.27764318,-79.8771014,1.130612254
43.27763713,-79.8764853,1.210862637
43.27763108,-79.8758692,1.295030475
43.27762502,-79.87525311,1.378742576
43.27761896,-79.87463701,1.458443046
43.2776129,-79.87402091,1.531612277
43.27760683,-79.87340482,1.596712947
43.27760076,-79.87278872,1.652983904
43.27759468,-79.87217263,1.700213671
43.27758861,-79.87155653,1.738551378
43.27758253,-79.87094043,1.768355489
43.27757644,-79.87032434,1.790080786
43.27757036,-79.86970824,1.804231763
43.27756427,-79.86909215,1.811457634
43.27755817,-79.86847605,1.812854171
43.27755208,-79.86785996,1.810350776
43.27754598,-79.86724386,1.806791782
43.27753987,-79.86662777,1.805206418
43.27753377,-79.86601168,1.807315111
43.27752766,-79.86539558,1.812721133
43.27752154,-79.86477949,1.819870353
43.27751543,-79.8641634,1.827700019
43.27750931,-79.8635473,1.836043119
43.27750318,-79.86293121,1.844242334
43.27749706,-79.86231512,1.850552559
43.27745408,-79.85800247,2.082239628
43.27744793,-79.85738638,2.0960536
43.27744177,-79.85677029,2.110160351
43.27743561,-79.8561542,2.124667406
43.27742945,-79.85553811,2.139455557
43.27742328,-79.85492202,2.154616594
43.27741711,-79.85430593,2.171493053
43.27741094,-79.85368984,2.192173958
43.27740476,-79.85307375,2.218415976
43.27739858,-79.85245766,2.251334667
43.2773924,-79.85184157,2.291887999
43.27738621,-79.85122548,2.340797663
43.27738002,-79.85060939,2.398127317
43.27737383,-79.8499933,2.462871075
43.27736763,-79.84937721,2.532749653
43.27736143,-79.84876112,2.604271412
43.27735523,-79.84814503,2.672939777
43.27734902,-79.84752894,2.73374176
43.27734281,-79.84691286,2.782046795
43.2773366,-79.84629677,2.814673185
43.27733039,-79.84568068,2.830698729
43.27732417,-79.84506459,2.831566572
43.27731794,-79.84444851,2.820288658
43.27731172,-79.84383242,2.800162077
43.27730549,-79.84321633,2.773706913
43.27729926,-79.84260025,2.742269039
43.27729302,-79.84198416,2.706263542
43.27728678,-79.84136807,2.665752888
43.27728054,-79.84075199,2.620990515
43.27727429,-79.8401359,2.572680235
43.27726804,-79.83951982,2.521916628
43.27726179,-79.83890373,2.469941139
43.27725553,-79.83828764,2.417900324
43.27724927,-79.83767156,2.366712809
43.27724301,-79.83705547,2.317055225
43.27723675,-79.83643939,2.269414663
43.27723048,-79.83582331,2.224159002
43.2772242,-79.83520722,2.181588411
43.27721793,-79.83459114,2.141965628
43.27721165,-79.83397505,2.105535746
43.27720537,-79.83335897,2.072554111
43.27719908,-79.83274289,2.043303728
43.27719279,-79.8321268,2.01803422
43.2771865,-79.83151072,1.996865511
43.2771802,-79.83089464,1.979891419
43.2771739,-79.83027855,1.967232585
43.27691922,-79.80563541,1.612132668
43.27682883,-79.79701039,1.600795865
43.27682235,-79.79639432,1.601938128
43.27681586,-79.79577824,1.601350427
43.27680937,-79.79516217,1.599309206
43.27680288,-79.7945461,1.596017122
43.27679639,-79.79393003,1.591597319
43.27678989,-79.79331396,1.5861516
43.27678339,-79.79269789,1.579827309
43.27677688,-79.79208182,1.572805285
43.27677037,-79.79146575,1.565267324
43.27676386,-79.79084968,1.557389021
43.27675735,-79.79023361,1.549433589
43.27838573,-79.90728234,0.377763808
43.27837984,-79.90666623,0.377765387
43.27837395,-79.90605012,0.377768189
43.27836806,-79.90543401,0.377772301
43.27836216,-79.9048179,0.377777815
43.27835626,-79.90420179,0.377784014
43.27835035,-79.90358568,0.377789497
43.27834445,-79.90296957,0.377791911
43.27833853,-79.90235346,0.377787888
43.27833262,-79.90173735,0.377773315
43.2783267,-79.90112124,0.377744198
43.27832078,-79.90050513,0.377696902
43.27831486,-79.89988902,0.377630115
43.27830893,-79.89927291,0.377545714
43.278303,-79.89865681,0.37745139
43.27829706,-79.8980407,0.377364486
43.27829113,-79.89742459,0.377316505
43.27828519,-79.89680848,0.377357602
43.27827924,-79.89619237,0.377551705
43.27827329,-79.89557626,0.377956599
43.27826734,-79.89496016,0.378585011
43.27826139,-79.89434405,0.379349202
43.27825543,-79.89372794,0.380042702
43.27820765,-79.88879909,1.200722814
43.27820166,-79.88818299,1.400283813
43.27819567,-79.88756688,1.564876914
43.27818968,-79.88695078,1.513667583
43.27818368,-79.88633467,1.406998515
43.27817768,-79.88571857,1.414203882
43.27817168,-79.88510246,1.483031392
43.27816567,-79.88448636,1.517361879
43.27815966,-79.88387025,1.469836235
43.27815365,-79.88325415,1.352466345
43.27814763,-79.88263805,1.210540771
43.27814161,-79.88202194,1.084202051
43.27813559,-79.88140584,0.993476689
43.27812956,-79.88078974,0.941394329
43.27812353,-79.88017363,0.923343599
43.27811749,-79.87955753,0.933248997
43.27811146,-79.87894143,0.965898395
43.27810542,-79.87832532,1.01719451
43.27809937,-79.87770922,1.083529115
43.27809333,-79.87709312,1.161142468
43.27808728,-79.87647702,1.245922565
43.27808122,-79.87586092,1.33363533
43.27807516,-79.87524482,1.420344472
43.2780691,-79.87462871,1.502776265
43.27806304,-79.87401261,1.578498006
43.27805697,-79.87339651,1.645910025
43.2780509,-79.87278041,1.704122305
43.27804483,-79.87216431,1.752805352
43.27803875,-79.87154821,1.792059302
43.27803267,-79.87093211,1.822313666
43.27802659,-79.87031601,1.844245791
43.2780205,-79.86969991,1.858723879
43.27801441,-79.86908381,1.866797447
43.27800832,-79.86846771,1.869762301
43.27800222,-79.86785161,1.869259119
43.27799612,-79.86723551,1.867242336
43.27799002,-79.86661941,1.865631461
43.27798391,-79.86600332,1.865713954
43.2779778,-79.86538722,1.867823243
43.27797169,-79.86477112,1.871685743
43.27796557,-79.86415502,1.877159357
43.27795945,-79.86353892,1.884547234
43.27795333,-79.86292283,1.893936276
43.2779472,-79.86230673,1.905392289
43.27794107,-79.86169063,1.922513247
43.27792266,-79.85984234,2.032454014
43.27791652,-79.85922624,2.049572468
43.27791037,-79.85861015,2.064910412
43.27790422,-79.85799405,2.079047441
43.27789807,-79.85737796,2.092526197
43.27789191,-79.85676186,2.105714083
43.27788575,-79.85614576,2.11874795
43.27787959,-79.85552967,2.131590366
43.27787342,-79.85491357,2.144381523
43.27786725,-79.85429748,2.157947302
43.27786108,-79.85368138,2.173915386
43.2778549,-79.85306529,2.194336414
43.27784872,-79.8524492,2.221242905
43.27784254,-79.8518331,2.256513834
43.27783635,-79.85121701,2.301746607
43.27783016,-79.85060091,2.357847929
43.27782397,-79.84998482,2.42440486
43.27781777,-79.84936873,2.499165535
43.27781158,-79.84875263,2.577914953
43.27780537,-79.84813654,2.654813766
43.27779917,-79.84752045,2.723193169
43.27779296,-79.84690436,2.776785612
43.27778674,-79.84628826,2.811264277
43.27778053,-79.84567217,2.825619221
43.27777431,-79.84505608,2.822454453
43.27776808,-79.84443999,2.806641817
43.27776186,-79.8438239,2.783094168
43.27775563,-79.8432078,2.755072832
43.2777494,-79.84259171,2.723747015
43.27774316,-79.84197562,2.688813925
43.27773692,-79.84135953,2.649568796
43.27773068,-79.84074344,2.605813742
43.27772443,-79.84012735,2.558207273
43.27771818,-79.83951126,2.50804615
43.27771193,-79.83889517,2.456783295
43.27770567,-79.83827908,2.405640125
43.27769941,-79.83766299,2.355465412
43.27769315,-79.8370469,2.306783915
43.27768689,-79.83643081,2.259918928
43.27768062,-79.83581472,2.215107441
43.27767434,-79.83519863,2.172577143
43.27766807,-79.83458255,2.132580996
43.27766179,-79.83396646,2.095408916
43.27765551,-79.83335037,2.061392069
43.27764922,-79.83273428,2.030905008
43.27764293,-79.83211819,2.004308701
43.27763664,-79.83150211,1.981829047
43.27763034,-79.83088602,1.963588715
43.27762404,-79.83026993,1.949729323
43.27761774,-79.82965384,1.940251231
43.27736936,-79.80562661,1.612100601
43.27730485,-79.79946582,0.931154788
43.27727896,-79.79700152,1.611612797
43.27727248,-79.79638544,1.613876104
43.27726599,-79.79576937,1.613389015
43.27725951,-79.79515329,1.611403942
43.27725301,-79.79453722,1.608261943
43.27724652,-79.79392114,1.604097486
43.27724002,-79.79330506,1.598963261
43.27723352,-79.79268899,1.59295404
43.27722701,-79.79207292,1.586232781
43.27722051,-79.79145684,1.578944921
43.277214,-79.79084077,1.571131229
43.27720748,-79.79022469,1.562651396
43.27884176,-79.9078904,0.377762705
43.27883588,-79.90727429,0.377763689
43.27882999,-79.90665817,0.377765507
43.2788241,-79.90604206,0.377768487
43.27881821,-79.90542594,0.377773106
43.27881231,-79.90480983,0.377779096
43.27880641,-79.90419371,0.377785802
43.2788005,-79.9035776,0.377791703
43.2787946,-79.90296148,0.377794206
43.27878868,-79.90234537,0.377789587
43.27878277,-79.90172925,0.377773494
43.27877685,-79.90111314,0.377741396
43.27877093,-79.90049703,0.377689511
43.27876501,-79.89988091,0.377615392
43.27875908,-79.8992648,0.377520412
43.27875315,-79.89864869,0.377411395
43.27874721,-79.89803257,0.377306402
43.27874128,-79.89741646,0.377241999
43.27873533,-79.89680035,0.377281696
43.27872939,-79.89618423,0.377512515
43.27872344,-79.89556812,0.378017604
43.27871749,-79.89495201,0.378827989
43.27871154,-79.8943359,0.379841298
43.27870558,-79.89371979,0.3806898
43.2786578,-79.8887909,0.768241405
43.27865181,-79.88817479,0.994940698
43.27864582,-79.88755868,1.409091949
43.27863983,-79.88694257,1.395496368
43.27863383,-79.88632646,1.383592725
43.27862783,-79.88571035,1.457223773
43.27862183,-79.88509424,1.552227378
43.27861582,-79.88447813,1.588201284
43.27860981,-79.88386202,1.508750916
43.27860379,-79.88324592,1.35080862
43.27859778,-79.88262981,1.178180575
43.27859176,-79.8820137,1.036586404
43.27858573,-79.88139759,0.945045173
43.2785797,-79.88078148,0.901626408
43.27857367,-79.88016538,0.89678961
43.27856764,-79.87954927,0.921247482
43.2785616,-79.87893316,0.968001902
43.27855556,-79.87831705,1.032018661
43.27854952,-79.87770095,1.109251142
43.27854347,-79.87708484,1.195826769
43.27853742,-79.87646873,1.28775084
43.27853137,-79.87585263,1.381048679
43.27852531,-79.87523652,1.472085714
43.27851925,-79.87462042,1.557845116
43.27851319,-79.87400431,1.636064291
43.27850712,-79.87338821,1.705232739
43.27850105,-79.8727721,1.764507771
43.27849498,-79.872156,1.813603878
43.2784889,-79.87153989,1.852690578
43.27848282,-79.87092379,1.882307649
43.27847673,-79.87030768,1.903290987
43.27847065,-79.86969158,1.916708469
43.27846456,-79.86907547,1.92381084
43.27845846,-79.86845937,1.926008224
43.27845237,-79.86784327,1.924854279
43.27844627,-79.86722716,1.921977282
43.27844016,-79.86661106,1.918894053
43.27843406,-79.86599496,1.916749001
43.27842795,-79.86537885,1.916175604
43.27842183,-79.86476275,1.917425752
43.27841572,-79.86414665,1.920699716
43.2784096,-79.86353054,1.926383138
43.27840347,-79.86291444,1.934906721
43.27839734,-79.86229834,1.946915865
43.27839121,-79.86168224,1.96434021
43.27838508,-79.86106614,1.98859942
43.27837894,-79.86045004,2.01229167
43.2783728,-79.85983393,2.032292128
43.27836666,-79.85921783,2.049412251
43.27836051,-79.85860173,2.064508915
43.27835436,-79.85798563,2.07809639
43.27834821,-79.85736953,2.090632439
43.27834205,-79.85675343,2.102369785
43.27833589,-79.85613733,2.113322258
43.27832973,-79.85552123,2.123406649
43.27832356,-79.85490513,2.132737875
43.2783174,-79.85428903,2.141991854
43.27831122,-79.85367293,2.152612209
43.27830505,-79.85305683,2.166725874
43.27829887,-79.85244074,2.18689537
43.27829268,-79.85182464,2.215914011
43.2782865,-79.85120854,2.256518602
43.27828031,-79.85059244,2.310758591
43.27827411,-79.84997634,2.379043579
43.27826792,-79.84936024,2.459259748
43.27826172,-79.84874415,2.546438217
43.27825551,-79.84812805,2.633178234
43.27824931,-79.84751195,2.710700274
43.2782431,-79.84689585,2.770413637
43.27823688,-79.84627976,2.806117535
43.27823067,-79.84566366,2.816505909
43.27822445,-79.84504756,2.806116819
43.27821823,-79.84443147,2.782948971
43.278212,-79.84381537,2.754390478
43.27820577,-79.84319928,2.72453928
43.27819954,-79.84258318,2.693926334
43.2781933,-79.84196708,2.660879374
43.27818706,-79.84135099,2.623424768
43.27818082,-79.84073489,2.580773592
43.27817457,-79.8401188,2.533748627
43.27816832,-79.8395027,2.484177828
43.27816207,-79.83888661,2.433940172
43.27815581,-79.83827052,2.384361029
43.27814955,-79.83765442,2.336133242
43.27814329,-79.83703833,2.289515972
43.27813702,-79.83642223,2.244570494
43.27813076,-79.83580614,2.201328993
43.27812448,-79.83519005,2.159887552
43.27811821,-79.83457395,2.120448351
43.27811193,-79.83395786,2.083322287
43.27810564,-79.83334177,2.048912764
43.27809936,-79.83272568,2.017692804
43.27809307,-79.83210958,1.990145326
43.27808678,-79.83149349,1.966622591
43.27808048,-79.8308774,1.947291255
43.27807418,-79.83026131,1.932309031
43.27806788,-79.82964522,1.921718359
43.27781949,-79.8056178,1.612172484
43.27781305,-79.80500172,1.612305403
43.27772261,-79.79637657,1.628157258
43.27771613,-79.79576049,1.626789212
43.27770964,-79.79514441,1.62435317
43.27770315,-79.79452833,1.621091604
43.27769665,-79.79391225,1.616956234
43.27769015,-79.79329617,1.61190486
43.27768365,-79.79268009,1.60596621
43.27767715,-79.79206401,1.599324346
43.27767064,-79.79144793,1.592197061
43.27766413,-79.79083185,1.584401369
43.27929192,-79.90788235,0.377762586
43.27928603,-79.90726623,0.377763599
43.27928014,-79.90665011,0.377765685
43.27927425,-79.90603399,0.377769113
43.27926836,-79.90541787,0.37777409
43.27926246,-79.90480175,0.377780497
43.27925065,-79.90356951,0.377793998
43.27924474,-79.90295339,0.37779659
43.27923883,-79.90233727,0.377791613
43.27923292,-79.90172116,0.377774507
43.279227,-79.90110504,0.377740413
43.27922108,-79.90048892,0.37768501
43.27921516,-79.8998728,0.377605796
43.27920923,-79.89925668,0.377502501
43.2792033,-79.89864057,0.377380908
43.27919736,-79.89802445,0.377258986
43.27919142,-79.89740833,0.377177298
43.27918548,-79.89679221,0.377210885
43.27917954,-79.8961761,0.377468109
43.27917359,-79.89555998,0.378060013
43.27916764,-79.89494386,0.379046589
43.27916169,-79.89432775,0.380317599
43.27915573,-79.89371163,0.381261408
43.27910795,-79.88878271,0.419965595
43.27910196,-79.88816659,0.510302305
43.27909597,-79.88755048,1.008386493
43.27908998,-79.88693436,1.265850782
43.27908398,-79.88631825,1.338173866
43.27907798,-79.88570214,1.468390465
43.27907197,-79.88508602,1.584490895
43.27906597,-79.88446991,1.606036544
43.27905995,-79.8838538,1.472691059
43.27905394,-79.88323768,1.277234435
43.27904792,-79.88262157,1.085824966
43.2790419,-79.88200546,0.944803596
43.27903588,-79.88138934,0.867073298
43.27902985,-79.88077323,0.842961073
43.27902382,-79.88015712,0.858454883
43.27901779,-79.87954101,0.90238601
43.27901175,-79.8789249,0.966995001
43.27900571,-79.87830878,1.046911359
43.27899966,-79.87769267,1.13790834
43.27899362,-79.87707656,1.236018658
43.27898757,-79.87646045,1.337257743
43.27898151,-79.87584434,1.437775016
43.27897546,-79.87522823,1.534144282
43.2789694,-79.87461212,1.623592138
43.27896333,-79.87399601,1.704091668
43.27895726,-79.8733799,1.774342299
43.27895119,-79.87276379,1.83368814
43.27894512,-79.87214768,1.88201797
43.27893904,-79.87153157,1.919670701
43.27893296,-79.87091546,1.947353125
43.27892688,-79.87029935,1.966065645
43.27892079,-79.86968324,1.977033257
43.2789147,-79.86906713,1.981645346
43.27890861,-79.86845103,1.981401205
43.27890251,-79.86783492,1.977855921
43.27889641,-79.86721881,1.972542524
43.27889031,-79.8666027,1.966850758
43.2788842,-79.86598659,1.961891651
43.27887809,-79.86537049,1.958425403
43.27887198,-79.86475438,1.956913114
43.27886586,-79.86413827,1.957665324
43.27885974,-79.86352217,1.960983038
43.27885362,-79.86290606,1.967167377
43.27884749,-79.86228995,1.976469755
43.27884136,-79.86167385,1.989040732
43.27883522,-79.86105774,2.004416227
43.27882909,-79.86044163,2.021310806
43.27882295,-79.85982553,2.037844896
43.2788168,-79.85920942,2.05315733
43.27881066,-79.85859332,2.067003727
43.27880451,-79.85797721,2.079464674
43.27879835,-79.85736111,2.09068203
43.2787922,-79.856745,2.100639343
43.27878604,-79.8561289,2.109156132
43.27877987,-79.85551279,2.116036654
43.27877371,-79.85489669,2.121320486
43.27876754,-79.85428059,2.125573397
43.27876136,-79.85366448,2.130114317
43.27875519,-79.85304838,2.137098312
43.27874901,-79.85243227,2.149492979
43.27874282,-79.85181617,2.1709795
43.27873664,-79.85120007,2.205593586
43.27873045,-79.85058397,2.256856203
43.27872425,-79.84996786,2.326386452
43.27871806,-79.84935176,2.412436247
43.27871186,-79.84873566,2.509237528
43.27870566,-79.84811956,2.60761857
43.27869945,-79.84750345,2.696337938
43.27869324,-79.84688735,2.763735294
43.27868703,-79.84627125,2.800431728
43.27868081,-79.84565515,2.804054737
43.27867459,-79.84503905,2.782342196
43.27866837,-79.84442295,2.74861455
43.27866214,-79.84380685,2.713847399
43.27865591,-79.84319075,2.68271184
43.27864968,-79.84257465,2.654157639
43.27864344,-79.84195855,2.624104261
43.2786372,-79.84134245,2.588616371
43.27863096,-79.84072635,2.546308994
43.27862471,-79.84011025,2.498780251
43.27861846,-79.83949415,2.44912219
43.27861221,-79.83887805,2.399988651
43.27860595,-79.83826195,2.352711916
43.27859969,-79.83764585,2.307555437
43.27859343,-79.83702975,2.264281273
43.27858716,-79.83641365,2.222552061
43.2785809,-79.83579756,2.182123899
43.27857462,-79.83518146,2.142920732
43.27856835,-79.83456536,2.105059862
43.27856207,-79.83394926,2.06884861
43.27855578,-79.83333317,2.034753561
43.2785495,-79.83271707,2.003349781
43.27854321,-79.83210097,1.975247145
43.27853692,-79.83148488,1.950930715
43.27853062,-79.83086878,1.930640221
43.27852432,-79.83025268,1.914647222
43.27851802,-79.82963659,1.903563976
43.27826319,-79.80499291,1.612787008
43.27819865,-79.79883204,1.674402475
43.27817275,-79.7963677,1.643747687
43.27816626,-79.79575161,1.640660405
43.27815977,-79.79513553,1.637587905
43.27815328,-79.79451944,1.634106636
43.27814678,-79.79390336,1.62990284
43.27814029,-79.79328727,1.624798298
43.27813378,-79.79267119,1.618743062
43.27812728,-79.7920551,1.61199379
43.27812077,-79.79143902,1.605178714
43.27973618,-79.90725817,0.377763897
43.27973029,-79.90664205,0.377766192
43.2797244,-79.90602592,0.377770007
43.27971851,-79.9054098,0.377775401
43.27971261,-79.90479368,0.377782196
43.27970671,-79.90417755,0.377789795
43.2797008,-79.90356143,0.377796292
43.27969489,-79.9029453,0.377799004
43.27968898,-79.90232918,0.3777937
43.27968307,-79.90171306,0.377775699
43.27967715,-79.90109694,0.377740413
43.27967123,-79.90048081,0.37768361
43.27966531,-79.89986469,0.377601892
43.27965938,-79.89924857,0.377494186
43.27965345,-79.89863244,0.377364814
43.27964751,-79.89801632,0.377230406
43.27964157,-79.8974002,0.377131999
43.27963563,-79.89678408,0.377149403
43.27962969,-79.89616796,0.377401292
43.27962374,-79.89555184,0.378013194
43.27961779,-79.89493571,0.379062712
43.27961183,-79.89431959,0.380433291
43.27960588,-79.89370347,0.381353289
43.27959992,-79.89308735,0.379717588
43.27959395,-79.89247123,0.370826215
43.27958798,-79.89185511,0.347236305
43.27958201,-79.89123899,0.333954811
43.27956408,-79.88939063,0.284789503
43.2795581,-79.88877451,0.321317196
43.27955211,-79.88815839,0.477518797
43.27954612,-79.88754228,0.766075015
43.27954012,-79.88692616,1.014385819
43.27953413,-79.88631004,1.195765853
43.27952812,-79.88569392,1.420033097
43.27952212,-79.8850778,1.542615294
43.27951611,-79.88446168,1.500483155
43.2795101,-79.88384557,1.330668449
43.27950409,-79.88322945,1.116195083
43.27949807,-79.88261333,0.924817324
43.27949205,-79.88199721,0.807760775
43.27948603,-79.8813811,0.763888717
43.27948,-79.88076498,0.771234989
43.27947397,-79.88014886,0.813906372
43.27946793,-79.87953275,0.88153863
43.2794619,-79.87891663,0.967065215
43.27945585,-79.87830051,1.065434575
43.27944981,-79.8776844,1.172472119
43.27944376,-79.87706828,1.284116149
43.27943771,-79.87645217,1.396289587
43.27943166,-79.87583605,1.505151868
43.2794256,-79.87521994,1.607414842
43.27941954,-79.87460382,1.70054543
43.27941348,-79.87398771,1.782814622
43.27940741,-79.87337159,1.853236079
43.27940134,-79.87275548,1.911459446
43.27939527,-79.87213936,1.957658291
43.27938919,-79.87152325,1.992431045
43.27938311,-79.87090714,2.016714096
43.27937702,-79.87029102,2.031705618
43.27937094,-79.86967491,2.03879571
43.27936485,-79.8690588,2.039503574
43.27935875,-79.86844268,2.035417318
43.27935266,-79.86782657,2.028131485
43.27934655,-79.86721046,2.019172668
43.27934045,-79.86659435,2.009908438
43.27933434,-79.86597823,2.001460791
43.27932823,-79.86536212,1.994655967
43.27932212,-79.86474601,1.990044594
43.279316,-79.8641299,1.987971067
43.27930988,-79.86351379,1.988651872
43.27930376,-79.86289768,1.992209077
43.27929763,-79.86228156,1.998648643
43.2792915,-79.86166545,2.00780654
43.27928537,-79.86104934,2.019274235
43.27927923,-79.86043323,2.032333136
43.27927309,-79.85981712,2.045985222
43.27926695,-79.85920101,2.059305668
43.2792608,-79.8585849,2.071726799
43.27925465,-79.85796879,2.082974672
43.2792485,-79.85735268,2.092823505
43.27924234,-79.85673657,2.100954533
43.27923618,-79.85612046,2.106976509
43.27923002,-79.85550436,2.110555172
43.27922385,-79.85488825,2.111612082
43.27921768,-79.85427214,2.110571384
43.27921151,-79.85365603,2.108598709
43.27920533,-79.85303992,2.107805967
43.27919915,-79.85242381,2.111443758
43.27919297,-79.85180771,2.123989582
43.27918678,-79.8511916,2.150822163
43.27918059,-79.85057549,2.197275639
43.2791744,-79.84995938,2.266868114
43.2791682,-79.84934328,2.358630419
43.279162,-79.84872717,2.465749025
43.2791558,-79.84811106,2.577069521
43.27914959,-79.84749496,2.679061651
43.27914338,-79.84687885,2.756774426
43.27913717,-79.84626275,2.795375824
43.27913095,-79.84564664,2.788762331
43.27912473,-79.84503053,2.750261068
43.27911851,-79.84441443,2.702818394
43.27911228,-79.84379832,2.662243843
43.27910605,-79.84318222,2.63233614
43.27909982,-79.84256611,2.608516455
43.27909358,-79.84195001,2.582810402
43.27908734,-79.8413339,2.548543215
43.2790811,-79.8407178,2.504077911
43.27907485,-79.8401017,2.453134298
43.2790686,-79.83948559,2.401548624
43.27906235,-79.83886949,2.353311539
43.27905609,-79.83825339,2.309331179
43.27904983,-79.83763728,2.268755674
43.27904357,-79.83702118,2.230407476
43.2790373,-79.83640508,2.193370342
43.27903103,-79.83578897,2.157085419
43.27902476,-79.83517287,2.121308804
43.27901849,-79.83455677,2.086073399
43.27901221,-79.83394067,2.051673412
43.27900592,-79.83332456,2.018628836
43.27899964,-79.83270846,1.987619042
43.27899335,-79.83209236,1.959385037
43.27898705,-79.83147626,1.93455708
43.27898076,-79.83086016,1.913480401
43.27897446,-79.83024406,1.896530509
43.27896816,-79.82962796,1.884650826
43.27896185,-79.82901186,1.878840923
43.27871332,-79.8049841,1.613595486
43.27864879,-79.79882318,1.673987389
43.27862288,-79.79635882,1.657748461
43.27861639,-79.79574273,1.653695226
43.2786099,-79.79512664,1.650365829
43.27860341,-79.79451055,1.64681828
43.27859692,-79.79389446,1.642586112
43.27859042,-79.79327838,1.637406826
43.27858392,-79.79266229,1.631163001
43.27857741,-79.7920462,1.624007702
43.2785709,-79.79143011,1.617192149
43.28017455,-79.90601786,0.377771407
43.28016866,-79.90540173,0.3777771
43.28016276,-79.9047856,0.377784103
43.28015686,-79.90416947,0.377791703
43.28015095,-79.90355334,0.3777982
43.28014504,-79.90293722,0.377800614
43.28013913,-79.90232109,0.377794802
43.28013322,-79.90170496,0.377775997
43.2801273,-79.90108883,0.377739996
43.28012138,-79.90047271,0.377683401
43.28011545,-79.89985658,0.377602786
43.28010953,-79.89924045,0.377496004
43.2801036,-79.89862432,0.37736541
43.28009766,-79.8980082,0.377225101
43.28009172,-79.89739207,0.377112508
43.28008578,-79.89677594,0.377102107
43.28007984,-79.89615982,0.377304912
43.28007389,-79.89554369,0.377837896
43.28006794,-79.89492757,0.378770709
43.28006198,-79.89431144,0.379999787
43.28005603,-79.89369532,0.380847603
43.28005006,-79.89307919,0.379775405
43.28001423,-79.88938244,0.353837907
43.28000824,-79.88876632,0.467051297
43.28000226,-79.8881502,0.532063782
43.27999626,-79.88753407,0.655628026
43.27999027,-79.88691795,0.80118531
43.27998427,-79.88630183,0.960522413
43.27997827,-79.8856857,1.24093163
43.27997227,-79.88506958,1.450519204
43.27996626,-79.88445346,1.303819776
43.27996025,-79.88383734,1.113950253
43.27995423,-79.88322121,0.898790181
43.27994822,-79.88260509,0.723547816
43.2799422,-79.88198897,0.651478171
43.27993617,-79.88137285,0.655811012
43.27993014,-79.88075673,0.70076102
43.27992411,-79.88014061,0.773158908
43.27991808,-79.87952449,0.866061389
43.27991204,-79.87890836,0.973938525
43.279906,-79.87829224,1.092252851
43.27989996,-79.87767612,1.216818452
43.27989391,-79.87706,1.343324184
43.27988786,-79.87644388,1.467433572
43.2798818,-79.87582776,1.585185528
43.27987575,-79.87521164,1.693365693
43.27986969,-79.87459552,1.789692283
43.27986362,-79.87397941,1.872806787
43.27985756,-79.87336329,1.942144275
43.27985148,-79.87274717,1.997772813
43.27984541,-79.87213105,2.040251255
43.27983933,-79.87151493,2.070517063
43.27983325,-79.87089881,2.089794397
43.27982717,-79.87028269,2.099517345
43.27982108,-79.86966658,2.101261616
43.27981499,-79.86905046,2.096684456
43.2798089,-79.86843434,2.087470055
43.2798028,-79.86781822,2.075270653
43.2797967,-79.86720211,2.061642647
43.2797906,-79.86658599,2.047973871
43.27978449,-79.86596987,2.03541708
43.27977838,-79.86535376,2.024848938
43.27977226,-79.86473764,2.016870022
43.27976615,-79.86412152,2.011841059
43.27976003,-79.86350541,2.009929895
43.2797539,-79.86288929,2.011149406
43.27974778,-79.86227318,2.015377045
43.27974165,-79.86165706,2.022352219
43.27973551,-79.86104095,2.031651735
43.27972937,-79.86042483,2.042653322
43.27972323,-79.85980872,2.054558516
43.27971709,-79.8591926,2.066560984
43.27971094,-79.85857649,2.077999592
43.27970479,-79.85796037,2.088336468
43.27969864,-79.85734426,2.097047806
43.27969248,-79.85672814,2.1035707
43.27968632,-79.85611203,2.107337952
43.27968016,-79.85549592,2.10787797
43.27967399,-79.8548798,2.104975939
43.27966782,-79.85426369,2.098879814
43.27966165,-79.85364758,2.090540648
43.27965547,-79.85303147,2.081902981
43.27964929,-79.85241535,2.076302528
43.27964311,-79.85179924,2.078714609
43.27963692,-79.85118313,2.095458031
43.27963073,-79.85056702,2.133880615
43.27962454,-79.8499509,2.2011168
43.27961834,-79.84933479,2.297979593
43.27961214,-79.84871868,2.415170431
43.27960594,-79.84810257,2.538855314
43.27959973,-79.84748646,2.654507399
43.27959352,-79.84687035,2.745612383
43.27958731,-79.84625424,2.789332628
43.27958109,-79.84563813,2.767454624
43.27957487,-79.84502202,2.704325438
43.27956865,-79.84440591,2.641098738
43.27956242,-79.8437898,2.599467754
43.27955619,-79.84317369,2.577826262
43.27954996,-79.84255758,2.563718796
43.27954372,-79.84194147,2.543566704
43.27953748,-79.84132536,2.507889271
43.27953124,-79.84070925,2.456080437
43.27952499,-79.84009314,2.396207333
43.27951874,-79.83947704,2.339370728
43.27951249,-79.83886093,2.291747808
43.27950623,-79.83824482,2.252728462
43.27949997,-79.83762871,2.218955278
43.27949371,-79.8370126,2.1875875
43.27948744,-79.8363965,2.156948566
43.27948117,-79.83578039,2.12620163
43.2794749,-79.83516428,2.095017672
43.27946862,-79.83454818,2.063406467
43.27946234,-79.83393207,2.031672001
43.27945606,-79.83331596,2.000392437
43.27944978,-79.83269986,1.970352411
43.27944349,-79.83208375,1.942430019
43.27943719,-79.83146765,1.917416573
43.2794309,-79.83085154,1.895804405
43.2794246,-79.83023543,1.877986073
43.27941829,-79.82961933,1.864886045
43.27941199,-79.82900322,1.857752204
43.27916346,-79.80497529,1.614733338
43.27915702,-79.80435919,1.615111113
43.27909892,-79.79881433,1.673940539
43.27909245,-79.79819823,1.674118161
43.27908597,-79.79758214,1.673412681
43.27907949,-79.79696604,1.671257496
43.27907301,-79.79634995,1.668005109
43.27906653,-79.79573385,1.665023923
43.27906004,-79.79511776,1.662139177
43.27905355,-79.79450167,1.658809423
43.27904705,-79.79388557,1.654665112
43.27904055,-79.79326948,1.649488449
43.27903405,-79.79265339,1.643234134
43.27902754,-79.79203729,1.635820985
43.2806247,-79.90600979,0.377773315
43.28061881,-79.90539366,0.377779186
43.28061291,-79.90477753,0.377786011
43.28060701,-79.90416139,0.377793193
43.2806011,-79.90354526,0.377799213
43.28059519,-79.90292913,0.377800912
43.28058928,-79.90231299,0.377793998
43.28058337,-79.90169686,0.377773196
43.28057745,-79.90108073,0.377735794
43.28057153,-79.9004646,0.377680808
43.2805656,-79.89984847,0.377605408
43.28055968,-79.89923234,0.3775056
43.28055374,-79.8986162,0.377381414
43.28054781,-79.89800007,0.377243191
43.28054187,-79.89738394,0.377121389
43.28053593,-79.89676781,0.377077311
43.28052999,-79.89615168,0.377200991
43.28052404,-79.89553555,0.377584398
43.28051809,-79.89491942,0.378275305
43.28051213,-79.89430329,0.379203796
43.28050617,-79.89368716,0.379983693
43.28050021,-79.89307103,0.379927605
43.28046438,-79.88937426,0.4380427
43.28045839,-79.88875813,0.543832183
43.2804524,-79.888142,0.557568789
43.28044641,-79.88752587,0.591595173
43.28044042,-79.88690974,0.645779192
43.28043442,-79.88629362,0.687603712
43.28042842,-79.88567749,0.716976583
43.28042241,-79.88506136,0.957195997
43.28041641,-79.88444523,0.991332293
43.2804104,-79.88382911,0.870217204
43.28040438,-79.88321298,0.701129913
43.28039836,-79.88259685,0.566889107
43.28039234,-79.88198073,0.53498131
43.28038632,-79.8813646,0.574768782
43.28038029,-79.88074848,0.649264693
43.28037426,-79.88013235,0.747388422
43.28036823,-79.87951622,0.863820314
43.28036219,-79.8789001,0.993671
43.28035615,-79.87828397,1.132335901
43.2803501,-79.87766785,1.275152326
43.28034406,-79.87705172,1.417206883
43.280338,-79.8764356,1.553651571
43.28033195,-79.87581948,1.680242658
43.28032589,-79.87520335,1.793774009
43.28031983,-79.87458723,1.892247677
43.28031377,-79.8739711,1.974778414
43.2803077,-79.87335498,2.041352272
43.28030163,-79.87273886,2.092576265
43.28029556,-79.87212273,2.129490852
43.28028948,-79.87150661,2.153440952
43.2802834,-79.87089049,2.165986538
43.28027731,-79.87027436,2.168827534
43.28027123,-79.86965824,2.163741827
43.28026514,-79.86904212,2.152532101
43.28025904,-79.868426,2.136982679
43.28025294,-79.86780988,2.118811846
43.28024684,-79.86719375,2.099620819
43.28024074,-79.86657763,2.080834627
43.28023463,-79.86596151,2.063646793
43.28022852,-79.86534539,2.048980713
43.28022241,-79.86472927,2.037475824
43.28021629,-79.86411315,2.029505014
43.28021017,-79.86349703,2.025206566
43.28020405,-79.86288091,2.024520397
43.28019792,-79.86226479,2.027224064
43.28019179,-79.86164867,2.032954454
43.28018566,-79.86103255,2.041208029
43.28017952,-79.86041643,2.051334858
43.28017338,-79.85980031,2.062569141
43.28016723,-79.85918419,2.074114561
43.28016109,-79.85856807,2.085209846
43.28015494,-79.85795195,2.095126867
43.28014878,-79.85733583,2.103139162
43.28014263,-79.85671972,2.108515978
43.28013647,-79.8561036,2.110560417
43.2801303,-79.85548748,2.108690977
43.28012413,-79.85487136,2.10256815
43.28011796,-79.85425524,2.092261791
43.28011179,-79.85363913,2.078462601
43.28010561,-79.85302301,2.062819958
43.28009943,-79.85240689,2.048469543
43.28009325,-79.85179077,2.040165424
43.28008706,-79.85117466,2.043784142
43.28008087,-79.85055854,2.068232536
43.28007468,-79.84994243,2.128577232
43.28006848,-79.84932631,2.230481386
43.28006228,-79.84871019,2.356622458
43.28005608,-79.84809408,2.488489389
43.28004987,-79.84747796,2.612396002
43.28004366,-79.84686185,2.713585854
43.28003745,-79.84624573,2.773970842
43.28003123,-79.84562962,2.728351116
43.28002501,-79.8450135,2.62682271
43.28001879,-79.84439739,2.550081968
43.28001256,-79.84378127,2.521144867
43.28000633,-79.84316516,2.523034573
43.2800001,-79.84254905,2.526962519
43.27999386,-79.84193293,2.512724638
43.27998762,-79.84131682,2.470089912
43.27998138,-79.84070071,2.402686119
43.27997513,-79.84008459,2.32572794
43.27996888,-79.83946848,2.259330988
43.27996263,-79.83885237,2.212823391
43.27995637,-79.83823625,2.181732416
43.27995011,-79.83762014,2.157949686
43.27994385,-79.83700403,2.136113882
43.27993758,-79.83638792,2.113757372
43.27993131,-79.83577181,2.089938164
43.27992504,-79.83515569,2.06441474
43.27991876,-79.83453958,2.037295818
43.27991248,-79.83392347,2.008961678
43.2799062,-79.83330736,1.980074167
43.27989991,-79.83269125,1.951531649
43.27989362,-79.83207514,1.924350381
43.27988733,-79.83145903,1.899489164
43.27988104,-79.83084292,1.877626896
43.27987474,-79.83022681,1.859186292
43.27986843,-79.8296107,1.844796658
43.27986213,-79.82899459,1.835134149
43.27960715,-79.80435037,1.61530447
43.27956199,-79.80003767,1.664558411
43.27955552,-79.79942157,1.670101762
43.27954905,-79.79880547,1.674185753
43.27954258,-79.79818937,1.676474929
43.27953611,-79.79757327,1.677462339
43.27952963,-79.79695717,1.677363992
43.27952314,-79.79634107,1.676387191
43.27951666,-79.79572497,1.674867749
43.27951017,-79.79510888,1.672777891
43.27950368,-79.79449278,1.669875145
43.27949718,-79.79387668,1.665932059
43.27949068,-79.79326058,1.660853982
43.27948418,-79.79264448,1.654789686
43.28106896,-79.90538559,0.377781987
43.28106306,-79.90476945,0.377787709
43.28105716,-79.90415331,0.377793998
43.28105125,-79.90353718,0.377799094
43.28104534,-79.90292104,0.377799809
43.28103943,-79.9023049,0.377791613
43.28103352,-79.90168876,0.377766907
43.2810276,-79.90107263,0.377723813
43.28102168,-79.90045649,0.377671003
43.28101575,-79.89984035,0.377605289
43.28100982,-79.89922422,0.37751919
43.28100389,-79.89860808,0.377408803
43.28099796,-79.89799195,0.377280593
43.28099202,-79.89737581,0.377157092
43.28098608,-79.89675968,0.377083391
43.28098013,-79.89614354,0.377124906
43.28097419,-79.89552741,0.377346992
43.28096823,-79.89491127,0.377780288
43.28096228,-79.89429514,0.378383607
43.28095632,-79.893679,0.378991902
43.28095036,-79.89306287,0.379460394
43.28091452,-79.88936607,0.430377901
43.28090854,-79.88874993,0.493265688
43.28090255,-79.8881338,0.523681104
43.28089656,-79.88751767,0.549368322
43.28089056,-79.88690154,0.581258297
43.28088457,-79.8862854,0.599972785
43.28087857,-79.88566927,0.586565673
43.28087256,-79.88505314,0.669091403
43.28086655,-79.88443701,0.725955009
43.28084851,-79.88258862,0.492150098
43.28084249,-79.88197248,0.483492106
43.28083646,-79.88135635,0.536028981
43.28083044,-79.88074022,0.62667501
43.28082441,-79.88012409,0.743815422
43.28081837,-79.87950796,0.880579472
43.28081233,-79.87889183,1.031184793
43.28080629,-79.8782757,1.190019488
43.28080025,-79.87765957,1.351304173
43.2807942,-79.87704344,1.509105802
43.28078815,-79.87642732,1.657783985
43.2807821,-79.87581119,1.792623162
43.28077604,-79.87519506,1.910353303
43.28076998,-79.87457893,2.009324074
43.28076391,-79.8739628,2.08928299
43.28075785,-79.87334667,2.150943756
43.28075177,-79.87273054,2.195594549
43.2807457,-79.87211442,2.22484827
43.28073962,-79.87149829,2.240511894
43.28073354,-79.87088216,2.244511604
43.28072746,-79.87026603,2.238829374
43.28072137,-79.86964991,2.225450039
43.28071528,-79.86903378,2.206320524
43.28070919,-79.86841765,2.183320284
43.28070309,-79.86780153,2.158230782
43.28069699,-79.8671854,2.132700443
43.28069088,-79.86656928,2.108196735
43.28068478,-79.86595315,2.085957289
43.28067867,-79.86533702,2.066949368
43.28067255,-79.8647209,2.051846743
43.28066643,-79.86410477,2.041031837
43.28066031,-79.86348865,2.034615755
43.28065419,-79.86287252,2.03247261
43.28064806,-79.8622564,2.034278393
43.28064193,-79.86164027,2.039548635
43.2806358,-79.86102415,2.047660828
43.28062966,-79.86040803,2.057874203
43.28062352,-79.8597919,2.06936121
43.28061738,-79.85917578,2.081255198
43.28061123,-79.85855965,2.092684507
43.28060508,-79.85794353,2.102784872
43.28059893,-79.85732741,2.1106987
43.28059277,-79.85671129,2.115591288
43.28058661,-79.85609516,2.116688013
43.28058044,-79.85547904,2.113344908
43.28057428,-79.85486292,2.105145693
43.28056811,-79.8542468,2.092026711
43.28056193,-79.85363067,2.074440479
43.28055576,-79.85301455,2.05368185
43.28054958,-79.85239843,2.032389402
43.28054339,-79.85178231,2.014300108
43.28053721,-79.85116619,2.003240824
43.28053101,-79.85055007,2.007213354
43.28052482,-79.84993395,2.051278114
43.28051862,-79.84931783,2.161202431
43.28051242,-79.84870171,2.292322397
43.28050622,-79.84808558,2.422894239
43.28050001,-79.84746946,2.540919304
43.2804938,-79.84685335,2.632068634
43.28048759,-79.84623723,2.684986353
43.28048137,-79.84562111,2.624223709
43.28047515,-79.84500499,2.503436089
43.28046893,-79.84438887,2.424649239
43.2804627,-79.84377275,2.427785397
43.28045647,-79.84315663,2.471946239
43.28045024,-79.84254051,2.504202127
43.280444,-79.84192439,2.497797966
43.28043776,-79.84130828,2.444194555
43.28043152,-79.84069216,2.346792459
43.28042527,-79.84007604,2.240090847
43.28041902,-79.83945992,2.159230709
43.28041277,-79.83884381,2.116090775
43.28040651,-79.83822769,2.097298384
43.28040025,-79.83761157,2.087214947
43.28039399,-79.83699545,2.077457666
43.28038772,-79.83637934,2.065072298
43.28038145,-79.83576322,2.049338579
43.28037518,-79.83514711,2.030305624
43.2803689,-79.83453099,2.008317232
43.28036262,-79.83391487,1.983916402
43.28035634,-79.83329876,1.957890868
43.28035005,-79.83268264,1.931267381
43.28034376,-79.83206653,1.905201435
43.28033747,-79.83145041,1.880807757
43.28033117,-79.8308343,1.85895443
43.28032487,-79.83021818,1.840149283
43.28031857,-79.82960207,1.824747562
43.28031226,-79.82898596,1.81285429
43.28005729,-79.80434156,1.612345457
43.28003795,-79.80249324,1.63341856
43.2800315,-79.80187714,1.640921116
43.28002504,-79.80126103,1.648527503
43.28001858,-79.80064493,1.656000137
43.28001212,-79.80002882,1.663168669
43.28000566,-79.79941272,1.669631362
43.27999919,-79.79879661,1.67497766
43.27999271,-79.79818051,1.678953171
43.27998624,-79.79756441,1.681658387
43.27997976,-79.7969483,1.683276415
43.27997328,-79.7963322,1.683923125
43.27996679,-79.7957161,1.683660269
43.2799603,-79.79509999,1.682421684
43.27995381,-79.79448389,1.680041075
43.27994732,-79.79386779,1.676383495
43.27994082,-79.79325168,1.671516299
43.27993431,-79.79263558,1.665703177
43.28147183,-79.90044838,0.377649009
43.2814659,-79.89983224,0.377598614
43.28145997,-79.8992161,0.377533495
43.28145404,-79.89859996,0.377443314
43.28144811,-79.89798382,0.377331495
43.28144217,-79.89736768,0.377214193
43.28143623,-79.89675154,0.377122313
43.28143028,-79.8961354,0.377099603
43.28142433,-79.89551926,0.37719059
43.28141838,-79.89490312,0.377418995
43.28141243,-79.89428698,0.377767801
43.28140647,-79.89367084,0.378183395
43.28135869,-79.88874174,0.419458807
43.2813527,-79.8881256,0.471565396
43.28134671,-79.88750947,0.530456126
43.28134071,-79.88689333,0.57864511
43.28133471,-79.88627719,0.600054383
43.28132871,-79.88566106,0.583390474
43.28132271,-79.88504492,0.585945487
43.2813167,-79.88442878,0.585653901
43.28131069,-79.88381265,0.546677172
43.28130467,-79.88319651,0.490531713
43.28129264,-79.88196424,0.467505902
43.28128661,-79.88134811,0.529476583
43.28128058,-79.88073197,0.631325126
43.28127455,-79.88011584,0.763639212
43.28126852,-79.8794997,0.918749273
43.28126248,-79.87888357,1.089403987
43.28125644,-79.87826743,1.268274784
43.28125039,-79.8776513,1.448008776
43.28124435,-79.87703516,1.621423006
43.2812383,-79.87641903,1.781885982
43.28123224,-79.8758029,1.923981667
43.28122618,-79.87518676,2.044252634
43.28122012,-79.87457063,2.141492128
43.28121406,-79.8739545,2.216331959
43.28120799,-79.87333837,2.270473242
43.28120192,-79.87272223,2.306057692
43.28119585,-79.8721061,2.325353861
43.28118977,-79.87148997,2.330659628
43.28118369,-79.87087384,2.324272394
43.2811776,-79.8702577,2.308454275
43.28117152,-79.86964157,2.28538847
43.28116542,-79.86902544,2.257151604
43.28115933,-79.86840931,2.225701332
43.28115323,-79.86779318,2.192869663
43.28114713,-79.86717705,2.160344362
43.28114103,-79.86656092,2.129632473
43.28113492,-79.86594479,2.102014542
43.28112881,-79.86532866,2.078499794
43.2811227,-79.86471253,2.059792757
43.28111658,-79.8640964,2.046281099
43.28111046,-79.86348027,2.03804493
43.28110433,-79.86286414,2.034886122
43.28109821,-79.86224801,2.036369324
43.28109208,-79.86163188,2.041870356
43.28108594,-79.86101575,2.050618649
43.2810798,-79.86039962,2.061736345
43.28107366,-79.8597835,2.074277639
43.28106752,-79.85916737,2.087265015
43.28106137,-79.85855124,2.099718571
43.28105522,-79.85793511,2.110672235
43.28104907,-79.85731898,2.11918807
43.28104291,-79.85670286,2.124378443
43.28103675,-79.85608673,2.12544632
43.28103059,-79.8554706,2.121743202
43.28102442,-79.85485447,2.112846136
43.28101825,-79.85423835,2.098647833
43.28101208,-79.85362222,2.079469681
43.2810059,-79.85300609,2.056318521
43.28099972,-79.85238997,2.031295538
43.28099353,-79.85177384,2.007324219
43.28098735,-79.85115772,1.987519622
43.28098116,-79.85054159,1.978811741
43.28097496,-79.84992547,2.000419617
43.28096877,-79.84930934,2.110961199
43.28096257,-79.84869322,2.231057644
43.28095636,-79.84807709,2.345681429
43.28095015,-79.84746097,2.442709923
43.28094394,-79.84684484,2.506944895
43.28093773,-79.84622872,2.519062281
43.28093151,-79.84561259,2.464817524
43.28092529,-79.84499647,2.371972084
43.28091907,-79.84438035,2.315688848
43.28091284,-79.84376422,2.350358248
43.28090661,-79.8431481,2.432170153
43.28090038,-79.84253198,2.500168085
43.28089414,-79.84191585,2.516546249
43.2808879,-79.84129973,2.455798864
43.28088166,-79.84068361,2.309883118
43.28087541,-79.84006749,2.148991346
43.28086916,-79.83945137,2.046349287
43.28086291,-79.83883524,2.009510517
43.28085665,-79.83821912,2.006112814
43.28085039,-79.837603,2.011593819
43.28084413,-79.83698688,2.015001774
43.28083786,-79.83637076,2.013275385
43.28083159,-79.83575464,2.006117821
43.28082532,-79.83513852,1.993939757
43.28081904,-79.8345224,1.977364182
43.28081276,-79.83390628,1.957145452
43.28080648,-79.83329016,1.934231758
43.28080019,-79.83267404,1.909790754
43.2807939,-79.83205792,1.885112762
43.28078761,-79.8314418,1.861447096
43.28078131,-79.83082568,1.839819074
43.28077501,-79.83020956,1.82087326
43.28076871,-79.82959344,1.804929018
43.2807624,-79.82897732,1.792138696
43.28075609,-79.8283612,1.782504439
43.28050742,-79.80433274,1.606670022
43.28050098,-79.80371663,1.613892198
43.28049453,-79.80310052,1.622153878
43.28048808,-79.80248441,1.630215764
43.28048163,-79.8018683,1.638210535
43.28047518,-79.80125219,1.646322846
43.28046872,-79.80063608,1.654430985
43.28046225,-79.80001997,1.662324548
43.28045579,-79.79940387,1.669697881
43.28044932,-79.79878776,1.676201582
43.28044285,-79.79817165,1.681589603
43.28043637,-79.79755554,1.685808301
43.28042989,-79.79693943,1.68889761
43.28042341,-79.79632332,1.69088006
43.28041692,-79.79570722,1.691719413
43.28041044,-79.79509111,1.691304207
43.28040394,-79.794475,1.689466953
43.28039745,-79.79385889,1.686090589
43.28039095,-79.79324279,1.681400418
43.28191605,-79.89982413,0.37758711
43.28191012,-79.89920799,0.377548814
43.28190419,-79.89859184,0.377482086
43.28189826,-79.8979757,0.377390295
43.28189232,-79.89735955,0.377285689
43.28188638,-79.89674341,0.377188891
43.28188043,-79.89612726,0.377128214
43.28187448,-79.89551112,0.377132714
43.28186853,-79.89489497,0.377225786
43.28186258,-79.89427883,0.377410114
43.28185662,-79.89366269,0.377668589
43.2818208,-79.88996583,0.269941896
43.28180883,-79.88873355,0.344165415
43.28180285,-79.8881174,0.426542789
43.28179685,-79.88750126,0.534955382
43.28179086,-79.88688512,0.59552592
43.28178486,-79.88626898,0.600969672
43.28177886,-79.88565284,0.575598419
43.28177286,-79.8850367,0.544488072
43.28176685,-79.88442056,0.512643874
43.28176084,-79.88380442,0.476442397
43.28175482,-79.88318828,0.445948213
43.28174278,-79.881956,0.470010787
43.28173676,-79.88133986,0.543505371
43.28173073,-79.88072372,0.656894028
43.2817247,-79.88010758,0.804231405
43.28171866,-79.87949144,0.977954984
43.28171263,-79.8788753,1.169097424
43.28170658,-79.87825916,1.368088961
43.28170054,-79.87764302,1.565941572
43.28169449,-79.87702688,1.754490972
43.28168844,-79.87641075,1.926145196
43.28168239,-79.87579461,2.074411869
43.28167633,-79.87517847,2.195301294
43.28167027,-79.87456233,2.288143158
43.2816642,-79.8739462,2.354862452
43.28165814,-79.87333006,2.398537636
43.28165207,-79.87271392,2.422375202
43.28164599,-79.87209778,2.42935729
43.28163991,-79.87148165,2.422260761
43.28163383,-79.87086551,2.403728724
43.28162775,-79.87024937,2.376280785
43.28162166,-79.86963324,2.342277527
43.28161557,-79.8690171,2.303899527
43.28160947,-79.86840097,2.263156176
43.28160338,-79.86778483,2.221905947
43.28159728,-79.8671687,2.181860447
43.28159117,-79.86655256,2.14455986
43.28158506,-79.86593643,2.111326694
43.28157895,-79.86532029,2.083212137
43.28157284,-79.86470416,2.060950279
43.28156672,-79.86408802,2.044930696
43.2815606,-79.86347189,2.035196543
43.28155448,-79.86285575,2.031465769
43.28154835,-79.86223962,2.033177137
43.28154222,-79.86162349,2.039546728
43.28153609,-79.86100735,2.049629927
43.28152995,-79.86039122,2.06237936
43.28152381,-79.85977509,2.076696873
43.28151766,-79.85915895,2.091476202
43.28151152,-79.85854282,2.105631351
43.28150536,-79.85792669,2.118119717
43.28149921,-79.85731056,2.127959251
43.28149305,-79.85669443,2.134253025
43.28148689,-79.85607829,2.136227608
43.28148073,-79.85546216,2.133285284
43.28147456,-79.85484603,2.12506628
43.28146839,-79.8542299,2.111520529
43.28146222,-79.85361377,2.092986107
43.28145604,-79.85299764,2.070364237
43.28144986,-79.85238151,2.045450211
43.28144368,-79.85176538,2.021064043
43.28143749,-79.85114925,2.001415491
43.2814313,-79.85053312,1.995991111
43.2814251,-79.84991699,2.022780657
43.28141891,-79.84930086,2.091867685
43.28141271,-79.84868473,2.179367781
43.2814065,-79.8480686,2.264495134
43.2814003,-79.84745247,2.331594706
43.28139409,-79.84683634,2.366904497
43.28138787,-79.84622021,2.36005187
43.28138165,-79.84560408,2.313691139
43.28137543,-79.84498795,2.254938126
43.28136921,-79.84437183,2.235389233
43.28136298,-79.8437557,2.290214777
43.28135675,-79.84313957,2.394894838
43.28135052,-79.84252344,2.504230976
43.28134428,-79.84190732,2.569051266
43.28133804,-79.84129119,2.52580595
43.2813318,-79.84067506,2.324243546
43.28132555,-79.84005894,2.073129892
43.2813193,-79.83944281,1.944641352
43.28131305,-79.83882668,1.914888263
43.28130679,-79.83821056,1.922629237
43.28130053,-79.83759443,1.939846635
43.28129427,-79.8369783,1.954093099
43.281288,-79.83636218,1.961797476
43.28128173,-79.83574605,1.962586641
43.28127546,-79.83512993,1.956924081
43.28126918,-79.8345138,1.945564508
43.2812629,-79.83389768,1.929427981
43.28125662,-79.83328155,1.909617305
43.28125033,-79.83266543,1.887434006
43.28124404,-79.83204931,1.864285707
43.28123775,-79.83143318,1.841527939
43.28123145,-79.83081706,1.820302725
43.28122515,-79.83020093,1.801382422
43.28121885,-79.82958481,1.785149097
43.28121254,-79.82896869,1.771855354
43.28120623,-79.82835257,1.761812925
43.28098329,-79.80678839,1.570326447
43.28097686,-79.80617227,1.577521563
43.28097043,-79.80555616,1.585178614
43.280964,-79.80494004,1.593366027
43.28095756,-79.80432393,1.601646781
43.28095111,-79.80370781,1.609892249
43.28094467,-79.8030917,1.618296385
43.28093822,-79.80247558,1.626805305
43.28093177,-79.80185947,1.63546288
43.28092531,-79.80124335,1.644280791
43.28091885,-79.80062724,1.653140664
43.28091239,-79.80001113,1.661852837
43.28090592,-79.79939501,1.670154929
43.28089945,-79.7987789,1.677746177
43.28089298,-79.79816279,1.6843822
43.28088651,-79.79754667,1.689926267
43.28088003,-79.79693056,1.694310308
43.28087354,-79.79631445,1.697468758
43.28086706,-79.79569834,1.699300289
43.28086057,-79.79508222,1.699668407
43.28085408,-79.79446611,1.698388934
43.28084758,-79.79385,1.69520092
43.28084108,-79.79323389,1.690040946
43.28235434,-79.89858372,0.37752381
43.28234841,-79.89796757,0.377452493
43.28234247,-79.89735142,0.377364397
43.28233653,-79.89673527,0.377273589
43.28233058,-79.89611912,0.377197802
43.28232463,-79.89550297,0.377155215
43.28231868,-79.89488683,0.377169788
43.28231273,-79.89427068,0.377254099
43.28227095,-79.88995765,0.239249393
43.28226497,-79.8893415,0.268282086
43.28225898,-79.88872535,0.308118492
43.28225299,-79.88810921,0.404083192
43.282247,-79.88749306,0.540388584
43.28224101,-79.88687691,0.60919261
43.28223501,-79.88626077,0.594751716
43.28222901,-79.88564462,0.55681622
43.282223,-79.88502848,0.512049496
43.28221699,-79.88441233,0.471387386
43.28221098,-79.88379619,0.440785706
43.28220497,-79.88318004,0.427269191
43.28219895,-79.8825639,0.43952021
43.2821869,-79.88133161,0.570662081
43.28218088,-79.88071546,0.697611511
43.28217484,-79.88009932,0.862134874
43.28216881,-79.87948318,1.056156158
43.28216277,-79.87886703,1.268588901
43.28215673,-79.87825089,1.487191677
43.28215069,-79.87763475,1.701799035
43.28214464,-79.8770186,1.904396534
43.28213859,-79.87640246,2.086884499
43.28213253,-79.87578632,2.240833759
43.28212647,-79.87517018,2.360722542
43.28212041,-79.87455403,2.446435213
43.28211435,-79.87393789,2.501896143
43.28210828,-79.87332175,2.53215456
43.28210221,-79.87270561,2.541709423
43.28209614,-79.87208947,2.534254551
43.28209006,-79.87147333,2.512974262
43.28208398,-79.87085719,2.480800629
43.28207789,-79.87024104,2.440480471
43.2820718,-79.8696249,2.394530058
43.28206571,-79.86900876,2.345206261
43.28205962,-79.86839262,2.294535637
43.28205352,-79.86777648,2.244371891
43.28204742,-79.86716034,2.19643116
43.28204132,-79.8665442,2.152280331
43.28203521,-79.86592806,2.113286972
43.2820291,-79.86531193,2.080550909
43.28202298,-79.86469579,2.054840803
43.28201687,-79.86407965,2.036549091
43.28201075,-79.86346351,2.025675297
43.28200462,-79.86284737,2.021841288
43.28199849,-79.86223123,2.024338961
43.28199236,-79.86161509,2.03220129
43.28198623,-79.86099896,2.044282436
43.28198009,-79.86038282,2.059339046
43.28197395,-79.85976668,2.076099873
43.28196781,-79.85915054,2.093317986
43.28196166,-79.85853441,2.109807014
43.28195551,-79.85791827,2.124466419
43.28194935,-79.85730213,2.136296988
43.2819432,-79.856686,2.144425631
43.28193704,-79.85606986,2.148136616
43.28193087,-79.85545372,2.146919966
43.2819247,-79.85483759,2.140526772
43.28191853,-79.85422145,2.12903142
43.28191236,-79.85360532,2.11289835
43.28190618,-79.85298918,2.093089581
43.2819,-79.85237305,2.071274519
43.28189382,-79.85175691,2.050118685
43.28188763,-79.85114078,2.033841848
43.28188144,-79.85052464,2.029465437
43.28187525,-79.84990851,2.045772314
43.28186905,-79.84929237,2.084594488
43.28186285,-79.84867624,2.135679007
43.28185664,-79.8480601,2.184512615
43.28185044,-79.84744397,2.217718601
43.28184423,-79.84682784,2.224708796
43.28183801,-79.8462117,2.201906919
43.2818318,-79.84559557,2.159124374
43.28182558,-79.84497944,2.122939348
43.28181935,-79.84436331,2.129891396
43.28181312,-79.84374717,2.201992989
43.28180689,-79.84313104,2.327460051
43.28180066,-79.84251491,2.476387978
43.28179442,-79.84189878,2.60533452
43.28178818,-79.84128265,2.658492327
43.28178194,-79.84066651,2.41005969
43.28177569,-79.84005038,2.061177254
43.28176944,-79.83943425,1.900364399
43.28176319,-79.83881812,1.857685208
43.28175693,-79.83820199,1.861740589
43.28175067,-79.83758586,1.880970955
43.28174441,-79.83696973,1.9003371
43.28173814,-79.8363536,1.91429925
43.28173187,-79.83573747,1.921226382
43.2817256,-79.83512134,1.920974016
43.28171932,-79.83450521,1.91411674
43.28171304,-79.83388908,1.901602745
43.28170676,-79.83327295,1.88462925
43.28170047,-79.83265682,1.864594102
43.28169418,-79.83204069,1.842984557
43.28168789,-79.83142457,1.821222782
43.28168159,-79.83080844,1.80052352
43.28167529,-79.83019231,1.781748414
43.28166899,-79.82957618,1.765342236
43.28166268,-79.82896005,1.751700282
43.28165637,-79.82834393,1.74170351
43.2814527,-79.80862795,1.548933625
43.28144628,-79.80801183,1.554883957
43.28143985,-79.80739571,1.561137438
43.28143343,-79.80677959,1.567722082
43.281427,-79.80616347,1.574640512
43.28142057,-79.80554735,1.581930637
43.28141413,-79.80493123,1.589630365
43.28140769,-79.80431511,1.597689152
43.28140125,-79.80369899,1.60605371
43.2813948,-79.80308287,1.614726424
43.28138835,-79.80246675,1.623700142
43.2813819,-79.80185063,1.632967114
43.28137544,-79.80123452,1.642472982
43.28136898,-79.8006184,1.65209496
43.28136252,-79.80000228,1.661648035
43.28135606,-79.79938616,1.67088449
43.28134959,-79.79877004,1.679525971
43.28134311,-79.79815393,1.687319994
43.28133664,-79.79753781,1.694072843
43.28133016,-79.79692169,1.699634314
43.28132368,-79.79630557,1.703860998
43.28131719,-79.79568946,1.706601858
43.2813107,-79.79507334,1.707723618
43.28130421,-79.79445722,1.70705533
43.28129771,-79.79384111,1.704148173
43.28129121,-79.79322499,1.698501229
43.28280449,-79.8985756,0.37756449
43.28279855,-79.89795944,0.377512515
43.28279262,-79.89734329,0.377442986
43.28278667,-79.89672714,0.377365202
43.28278073,-79.89611098,0.377289593
43.28277478,-79.89549483,0.377224594
43.28276883,-79.89487868,0.377183706
43.28272109,-79.88994946,0.233352795
43.28271511,-79.88933331,0.264303207
43.28270913,-79.88871716,0.311633289
43.28270314,-79.88810101,0.39041701
43.28269715,-79.88748486,0.502743304
43.28269115,-79.88686871,0.561070383
43.28268516,-79.88625256,0.56010139
43.28267915,-79.88563641,0.526253581
43.28267315,-79.88502026,0.483881414
43.28266714,-79.88440411,0.447278112
43.28266113,-79.88378796,0.425635904
43.28265511,-79.88317181,0.425823301
43.2826491,-79.88255566,0.452282101
43.28264307,-79.88193951,0.508996487
43.28263102,-79.88070721,0.751461089
43.28262499,-79.88009106,0.937175214
43.28261896,-79.87947491,1.152104855
43.28261292,-79.87885877,1.383676529
43.28260688,-79.87824262,1.617707253
43.28260083,-79.87762647,1.844648957
43.28259478,-79.87701032,2.059057474
43.28258873,-79.87639418,2.253241539
43.28258268,-79.87577803,2.414464235
43.28257662,-79.87516188,2.533075094
43.28257056,-79.87454574,2.609552145
43.28256449,-79.87392959,2.651165962
43.28255843,-79.87331344,2.665787458
43.28255236,-79.8726973,2.659353018
43.28254628,-79.87208115,2.63612771
43.2825402,-79.87146501,2.599555969
43.28253412,-79.87084886,2.552792788
43.28252804,-79.87023271,2.498805285
43.28252195,-79.86961657,2.440272808
43.28251586,-79.86900042,2.379518986
43.28250976,-79.86838428,2.318559885
43.28250367,-79.86776813,2.259213209
43.28249756,-79.86715199,2.203179836
43.28249146,-79.86653585,2.152050734
43.28248535,-79.8659197,2.10725069
43.28247924,-79.86530356,2.069946289
43.28247313,-79.86468741,2.040957689
43.28246701,-79.86407127,2.02068758
43.28246089,-79.86345513,2.009088993
43.28245476,-79.86283898,2.005671263
43.28244864,-79.86222284,2.009554148
43.28244251,-79.8616067,2.019554615
43.28243637,-79.86099056,2.034295082
43.28243023,-79.86037441,2.052308559
43.28242409,-79.85975827,2.072132111
43.28241795,-79.85914213,2.092371941
43.2824118,-79.85852599,2.111748219
43.28240565,-79.85790985,2.129117012
43.2823995,-79.85729371,2.143485308
43.28239334,-79.85667757,2.154025793
43.28238718,-79.85606142,2.160101414
43.28238101,-79.85544528,2.161304235
43.28237485,-79.85482914,2.157508135
43.28236868,-79.854213,2.148927689
43.2823625,-79.85359686,2.136176825
43.28235632,-79.85298072,2.120321035
43.28235014,-79.85236458,2.10292387
43.28234396,-79.85174844,2.086184502
43.28233777,-79.8511323,2.073159218
43.28233158,-79.85051616,2.067295074
43.28232539,-79.84990003,2.070442915
43.28231919,-79.84928389,2.081645489
43.28231299,-79.84866775,2.096924305
43.28230679,-79.84805161,2.108526707
43.28230058,-79.84743547,2.107063532
43.28229437,-79.84681933,2.085609674
43.28228815,-79.8462032,2.044522047
43.28228194,-79.84558706,1.994838715
43.28227572,-79.84497092,1.960110068
43.28226949,-79.84435478,1.975205183
43.28226326,-79.84373865,2.062225819
43.28225703,-79.84312251,2.204380035
43.2822508,-79.84250637,2.369665146
43.28224456,-79.84189024,2.517247438
43.28223832,-79.8412741,2.563833475
43.28223208,-79.84065797,2.366740704
43.28222583,-79.84004183,2.081836462
43.28221958,-79.83942569,1.905467868
43.28221333,-79.83880956,1.836274862
43.28220707,-79.83819342,1.825335503
43.28220081,-79.83757729,1.838079095
43.28219455,-79.83696115,1.856843829
43.28218828,-79.83634502,1.873372197
43.28218201,-79.83572888,1.884009719
43.28217574,-79.83511275,1.887530327
43.28216946,-79.83449662,1.88406229
43.28216318,-79.83388048,1.874426961
43.2821569,-79.83326435,1.859823465
43.28215061,-79.83264822,1.841681004
43.28214432,-79.83203208,1.821511388
43.28213802,-79.83141595,1.800751448
43.28213173,-79.83079982,1.780638576
43.28212543,-79.83018368,1.762084484
43.28211912,-79.82956755,1.745587111
43.28211282,-79.82895142,1.731608033
43.28210651,-79.82833529,1.72130096
43.28210019,-79.82771915,1.715891242
43.28197323,-79.81539656,1.495536208
43.28192848,-79.81108367,1.525618553
43.28192207,-79.81046754,1.53070581
43.28191566,-79.80985142,1.535848498
43.28190925,-79.80923529,1.541136622
43.28190283,-79.80861917,1.546634436
43.28189641,-79.80800304,1.55237782
43.28188999,-79.80738692,1.55842793
43.28188356,-79.80677079,1.564813852
43.28187713,-79.80615467,1.571554542
43.2818707,-79.80553854,1.578680038
43.28186426,-79.80492242,1.586224794
43.28185782,-79.80430629,1.594214916
43.28185138,-79.80369017,1.602664471
43.28184494,-79.80307405,1.611577868
43.28183849,-79.80245792,1.62094605
43.28183203,-79.8018418,1.63073647
43.28182558,-79.80122568,1.640873551
43.28181912,-79.80060955,1.651227951
43.28181266,-79.79999343,1.661610126
43.28180619,-79.79937731,1.671775699
43.28179972,-79.79876119,1.681450248
43.28179325,-79.79814506,1.690364122
43.28178677,-79.79752894,1.698273778
43.28178029,-79.79691282,1.704957247
43.28177381,-79.7962967,1.710198045
43.28176732,-79.79568058,1.713799
43.28176083,-79.79506446,1.715632677
43.28175434,-79.79444833,1.715588808
43.28174785,-79.79383221,1.713279366
43.28325464,-79.89856748,0.377597809
43.2832487,-79.89795132,0.377564102
43.28324276,-79.89733516,0.377514303
43.28323682,-79.896719,0.377453506
43.28323088,-79.89610284,0.377388388
43.28322493,-79.89548669,0.377321094
43.28317124,-79.88994127,0.241230696
43.28316526,-79.88932512,0.271881193
43.28315928,-79.88870896,0.318147302
43.28315329,-79.88809281,0.373330414
43.2831473,-79.88747665,0.446187496
43.2831413,-79.8868605,0.499907702
43.2831353,-79.88624434,0.509437323
43.2831293,-79.88562819,0.490296215
43.2831233,-79.88501203,0.461304188
43.28311729,-79.88439588,0.434632093
43.28311128,-79.88377973,0.423010409
43.28310526,-79.88316357,0.435603499
43.28309924,-79.88254742,0.473499596
43.28309322,-79.88193126,0.535112381
43.28307514,-79.8800828,1.042185664
43.2830691,-79.87946665,1.269173622
43.28306306,-79.8788505,1.509159803
43.28305702,-79.87823435,1.744106174
43.28305098,-79.87761819,1.97113502
43.28304493,-79.87700204,2.192773104
43.28303888,-79.87638589,2.40316391
43.28303282,-79.87576974,2.578110456
43.28302677,-79.87515359,2.697721004
43.2830207,-79.87453744,2.764306068
43.28301464,-79.87392129,2.791220188
43.28300857,-79.87330513,2.790046692
43.2830025,-79.87268898,2.767918825
43.28299643,-79.87207283,2.729280233
43.28299035,-79.87145668,2.677627802
43.28298427,-79.87084053,2.616311073
43.28297818,-79.87022438,2.548590899
43.28297209,-79.86960823,2.477395535
43.282966,-79.86899208,2.405162573
43.28295991,-79.86837593,2.333900928
43.28295381,-79.86775979,2.265374899
43.28294771,-79.86714364,2.201258183
43.2829416,-79.86652749,2.143173933
43.2829355,-79.86591134,2.092628479
43.28292939,-79.86529519,2.050891161
43.28292327,-79.86467904,2.018864632
43.28291715,-79.8640629,1.996983767
43.28291103,-79.86344675,1.98515451
43.28290491,-79.8628306,1.982754827
43.28289878,-79.86221445,1.988695741
43.28289265,-79.86159831,2.001534939
43.28288651,-79.86098216,2.019619465
43.28288038,-79.86036601,2.041227341
43.28287424,-79.85974986,2.064683914
43.28286809,-79.85913372,2.088446379
43.28286194,-79.85851757,2.111148834
43.28285579,-79.85790143,2.131622314
43.28284964,-79.85728528,2.148899794
43.28284348,-79.85666913,2.16221714
43.28283732,-79.85605299,2.171024323
43.28283116,-79.85543684,2.175013065
43.28282499,-79.8548207,2.174161673
43.28281882,-79.85420455,2.168789864
43.28281264,-79.85358841,2.159610033
43.28280647,-79.85297226,2.147725821
43.28280029,-79.85235612,2.134548903
43.2827941,-79.85173998,2.121803999
43.28278791,-79.85112383,2.11151433
43.28278172,-79.85050769,2.104195595
43.28277553,-79.84989155,2.095279455
43.28276933,-79.8492754,2.080011129
43.28276313,-79.84865926,2.061941624
43.28275693,-79.84804312,2.039060593
43.28275072,-79.84742697,2.005283117
43.28274451,-79.84681083,1.956311107
43.28273829,-79.84619469,1.893748283
43.28273208,-79.84557855,1.824951887
43.28272586,-79.8449624,1.766926646
43.28271963,-79.84434626,1.768456578
43.28271341,-79.84373012,1.871319652
43.28270717,-79.84311398,2.029290915
43.28270094,-79.84249784,2.188599825
43.2826947,-79.8418817,2.311907053
43.28268846,-79.84126556,2.337036848
43.28268222,-79.84064942,2.219325781
43.28267597,-79.84003328,2.036818266
43.28266972,-79.83941714,1.895490646
43.28266347,-79.838801,1.823749304
43.28265721,-79.83818486,1.802385092
43.28265095,-79.83756872,1.807657242
43.28264469,-79.83695258,1.823340058
43.28263842,-79.83633644,1.839799523
43.28263215,-79.8357203,1.851883054
43.28262588,-79.83510416,1.857430696
43.2826196,-79.83448802,1.856087208
43.28261332,-79.83387188,1.84845686
43.28260703,-79.83325575,1.835654974
43.28260075,-79.83263961,1.819068551
43.28259446,-79.83202347,1.800171137
43.28258816,-79.83140733,1.780360699
43.28258187,-79.83079119,1.760846496
43.28257557,-79.83017506,1.742554903
43.28256926,-79.82955892,1.726036429
43.28256296,-79.82894278,1.711715817
43.28255665,-79.82832665,1.70049727
43.28255033,-79.82771051,1.693380594
43.28242974,-79.81600396,1.494010925
43.28242336,-79.81538783,1.495364666
43.28241698,-79.81477169,1.496235847
43.28241059,-79.81415556,1.495342851
43.28239781,-79.8129233,1.509904981
43.28239142,-79.81230717,1.514795184
43.28238502,-79.81169104,1.519343376
43.28237861,-79.8110749,1.523903966
43.28237221,-79.81045877,1.528619647
43.2823658,-79.80984264,1.533507705
43.28235938,-79.80922651,1.538604617
43.28235297,-79.80861038,1.543925524
43.28234655,-79.80799425,1.549510837
43.28234012,-79.80737812,1.555406928
43.2823337,-79.80676199,1.561651587
43.28232727,-79.80614586,1.568280339
43.28232083,-79.80552974,1.575332284
43.2823144,-79.80491361,1.582850814
43.28230796,-79.80429748,1.590881348
43.28230152,-79.80368135,1.599463105
43.28229507,-79.80306522,1.608619094
43.28228862,-79.80244909,1.618348241
43.28228217,-79.80183296,1.628615856
43.28227571,-79.80121684,1.639343619
43.28226925,-79.80060071,1.650400281
43.28226279,-79.79998458,1.661596656
43.28225632,-79.79936846,1.672690749
43.28224985,-79.79875233,1.683405519
43.28224338,-79.7981362,1.693449497
43.2822369,-79.79752008,1.702530742
43.28223042,-79.79690395,1.710355878
43.28222394,-79.79628782,1.716629744
43.28221746,-79.7956717,1.721092939
43.28221097,-79.79505557,1.72358799
43.28220447,-79.79443945,1.724057913
43.28219798,-79.79382332,1.72250104
43.28369885,-79.89794319,0.377603292
43.28369291,-79.89732703,0.377572089
43.28368697,-79.89671087,0.3775298
43.28368103,-79.8960947,0.377482295
43.28362139,-79.88993309,0.25210461
43.28361541,-79.88931693,0.280907005
43.28360942,-79.88870077,0.320199192
43.28360343,-79.88808461,0.366718292
43.28359744,-79.88746845,0.414657503
43.28359145,-79.88685229,0.449801296
43.28358545,-79.88623613,0.463058591
43.28357945,-79.88561997,0.460154295
43.28356142,-79.88377149,0.428877085
43.28354939,-79.88253918,0.501054287
43.28354337,-79.88192302,0.554316819
43.28351925,-79.87945839,1.420731068
43.28351321,-79.87884223,1.637105584
43.28350717,-79.87822608,1.842656493
43.28350112,-79.87760992,2.043524742
43.28349508,-79.87699376,2.262573481
43.28348902,-79.87637761,2.501617193
43.28348297,-79.87576145,2.705201626
43.28347691,-79.87514529,2.830456734
43.28347085,-79.87452914,2.888631344
43.28346478,-79.87391298,2.903691053
43.28345872,-79.87329683,2.890641689
43.28345264,-79.87268067,2.856725216
43.28344657,-79.87206452,2.805877686
43.28344049,-79.87144836,2.741472483
43.28343441,-79.87083221,2.667177677
43.28342833,-79.87021605,2.58676362
43.28342224,-79.8695999,2.503615618
43.28341615,-79.86898374,2.420430422
43.28341005,-79.86836759,2.33927989
43.28340395,-79.86775144,2.261897564
43.28339785,-79.86713528,2.189941883
43.28339175,-79.86651913,2.125091791
43.28338564,-79.86590298,2.068980694
43.28337953,-79.86528682,2.023034573
43.28337341,-79.86467067,1.988294482
43.2833673,-79.86405452,1.965261936
43.28336118,-79.86343837,1.953805089
43.28335505,-79.86282221,1.953144431
43.28334892,-79.86220606,1.961930275
43.28334279,-79.86158991,1.978397608
43.28333666,-79.86097376,2.000558853
43.28333052,-79.86035761,2.026393414
43.28332438,-79.85974146,2.053996086
43.28331823,-79.85912531,2.081673622
43.28331209,-79.85850916,2.107991219
43.28330594,-79.857893,2.131778479
43.28329978,-79.85727685,2.152117729
43.28329362,-79.8566607,2.168326139
43.28328746,-79.85604455,2.179945707
43.2832813,-79.8554284,2.186754704
43.28327513,-79.85481225,2.188798904
43.28326896,-79.85419611,2.186438084
43.28326279,-79.85357996,2.180383921
43.28325661,-79.85296381,2.171662331
43.28325043,-79.85234766,2.161463737
43.28324424,-79.85173151,2.151099205
43.28323806,-79.85111536,2.141883612
43.28323186,-79.85049921,2.133368492
43.28322567,-79.84988306,2.118484735
43.28321947,-79.84926692,2.075861216
43.28321327,-79.84865077,2.029490948
43.28320707,-79.84803462,1.978523731
43.28320086,-79.84741847,1.91826272
43.28319465,-79.84680233,1.846002221
43.28318844,-79.84618618,1.763156295
43.28318222,-79.84557003,1.672267079
43.283176,-79.84495389,1.582146525
43.28316977,-79.84433774,1.556349397
43.28316355,-79.8437216,1.673506856
43.28315732,-79.84310545,1.840977669
43.28315108,-79.8424893,1.986809015
43.28314484,-79.84187316,2.088220119
43.2831386,-79.84125701,2.116560698
43.28313236,-79.84064087,2.059052229
43.28312611,-79.84002472,1.954759955
43.28311986,-79.83940858,1.860600114
43.28311361,-79.83879243,1.803872466
43.28310735,-79.83817629,1.782686949
43.28310109,-79.83756015,1.784678578
43.28309483,-79.836944,1.79769218
43.28308856,-79.83632786,1.81283164
43.28308229,-79.83571171,1.824722886
43.28307601,-79.83509557,1.830825567
43.28306974,-79.83447943,1.830457211
43.28306346,-79.83386328,1.824004531
43.28305717,-79.83324714,1.812446117
43.28305089,-79.832631,1.797066569
43.2830446,-79.83201486,1.779246926
43.2830383,-79.83139872,1.760300636
43.283032,-79.83078257,1.741368413
43.2830257,-79.83016643,1.723355174
43.2830194,-79.82955029,1.706859231
43.28301309,-79.82893415,1.692265987
43.28300678,-79.82831801,1.680101871
43.28300047,-79.82770187,1.670786262
43.28290537,-79.81845978,1.488305449
43.282899,-79.81784364,1.489368558
43.28289263,-79.8172275,1.490510464
43.28288626,-79.81661136,1.491769552
43.28287988,-79.81599523,1.493200779
43.2828735,-79.81537909,1.494802594
43.28286712,-79.81476295,1.496488929
43.28286073,-79.81414682,1.498656273
43.28285434,-79.81353068,1.503122091
43.28284795,-79.81291454,1.508319855
43.28284155,-79.81229841,1.512881994
43.28283515,-79.81168227,1.517209291
43.28282875,-79.81106614,1.521581531
43.28282234,-79.81045,1.526089072
43.28281593,-79.80983387,1.530777335
43.28280952,-79.80921773,1.535687804
43.2828031,-79.8086016,1.540848494
43.28279668,-79.80798546,1.546294928
43.28279026,-79.80736933,1.552069902
43.28278383,-79.8067532,1.558216214
43.2827774,-79.80613706,1.56477809
43.28277097,-79.80552093,1.571804047
43.28276453,-79.80490479,1.579348087
43.28275809,-79.80428866,1.587466478
43.28275165,-79.80367253,1.596210122
43.2827452,-79.80305639,1.605613947
43.28273875,-79.80244026,1.615686774
43.2827323,-79.80182413,1.626402259
43.28272584,-79.801208,1.637689352
43.28271938,-79.80059187,1.649424553
43.28271292,-79.79997573,1.661427498
43.28270646,-79.7993596,1.673463583
43.28269999,-79.79874347,1.685253739
43.28269351,-79.79812734,1.696486115
43.28268704,-79.79751121,1.706821799
43.28268056,-79.79689508,1.715893745
43.28267407,-79.79627895,1.723315835
43.28266759,-79.79566282,1.728733778
43.2826611,-79.79504669,1.731900334
43.28265461,-79.79443056,1.732746363
43.28264811,-79.79381443,1.731410861
43.284149,-79.89793506,0.377629489
43.28414306,-79.8973189,0.377612799
43.28413712,-79.89670273,0.377586901
43.28413117,-79.89608656,0.377556413
43.28407154,-79.8899249,0.266076297
43.28406556,-79.88930874,0.291379809
43.28405957,-79.88869257,0.321800113
43.28405358,-79.88807641,0.355318189
43.28404759,-79.88746025,0.387637585
43.28404159,-79.88684408,0.412508398
43.2840356,-79.88622792,0.427940398
43.28399351,-79.88191477,0.570477486
43.28396336,-79.87883396,1.747514009
43.28395731,-79.8782178,1.88609302
43.28395127,-79.87760164,2.020786047
43.28394522,-79.87698548,2.213194609
43.28393917,-79.87636932,2.50944829
43.28393311,-79.87575316,2.759837389
43.28392706,-79.875137,2.893314123
43.28392099,-79.87452084,2.950188875
43.28391493,-79.87390468,2.963661432
43.28390886,-79.87328852,2.948964596
43.28390279,-79.87267236,2.912232876
43.28389672,-79.8720562,2.856229782
43.28389064,-79.87144004,2.784170628
43.28388456,-79.87082388,2.700487137
43.28387847,-79.87020772,2.609890938
43.28387238,-79.86959156,2.51655221
43.28386629,-79.8689754,2.423679352
43.2838602,-79.86835925,2.333570719
43.2838541,-79.86774309,2.248019934
43.283848,-79.86712693,2.168726683
43.28384189,-79.86651077,2.097480297
43.28383578,-79.86589461,2.03610754
43.28382967,-79.86527846,1.986273527
43.28382356,-79.8646623,1.949237823
43.28381744,-79.86404614,1.925629258
43.28381132,-79.86342999,1.915294886
43.28380519,-79.86281383,1.917263031
43.28379907,-79.86219767,1.929846406
43.28379294,-79.86158152,1.950862169
43.2837868,-79.86096536,1.977903962
43.28378066,-79.8603492,2.008596182
43.28377452,-79.85973305,2.040781975
43.28376838,-79.85911689,2.072627068
43.28376223,-79.85850074,2.102655888
43.28375608,-79.85788458,2.129734516
43.28374992,-79.85726843,2.153031111
43.28374377,-79.85665227,2.17196846
43.2837376,-79.85603612,2.186190844
43.28373144,-79.85541996,2.195549965
43.28372527,-79.85480381,2.200119019
43.2837191,-79.85418766,2.200223207
43.28371293,-79.8535715,2.19645977
43.28370675,-79.85295535,2.189638853
43.28370057,-79.8523392,2.180596352
43.28369438,-79.85172304,2.170004845
43.2836882,-79.85110689,2.157924652
43.28368201,-79.85049074,2.141892672
43.28367581,-79.84987458,2.114589214
43.28366961,-79.84925843,2.060501099
43.28366341,-79.84864228,1.997895241
43.28365721,-79.84802613,1.928447485
43.283651,-79.84740998,1.850501895
43.28364479,-79.84679382,1.763064265
43.28363858,-79.84617767,1.66851604
43.28363236,-79.84556152,1.57137239
43.28362614,-79.84494537,1.483890176
43.28361991,-79.84432922,1.460711122
43.28361369,-79.84371307,1.552052379
43.28360746,-79.84309692,1.689948678
43.28360122,-79.84248077,1.811355948
43.28359498,-79.84186462,1.897777438
43.28358874,-79.84124847,1.93447721
43.2835825,-79.84063232,1.917193413
43.28357625,-79.84001617,1.866219401
43.28357,-79.83940002,1.812753797
43.28356375,-79.83878387,1.777003646
43.28355749,-79.83816772,1.76313591
43.28355123,-79.83755157,1.765915036
43.28354497,-79.83693543,1.777474403
43.2835387,-79.83631928,1.790941358
43.28353243,-79.83570313,1.801706553
43.28352615,-79.83508698,1.80736196
43.28351988,-79.83447083,1.807111621
43.2835136,-79.83385469,1.801182032
43.28350731,-79.83323854,1.790402174
43.28350102,-79.83262239,1.775919676
43.28349473,-79.83200624,1.758988976
43.28348844,-79.8313901,1.740810513
43.28348214,-79.83077395,1.722430825
43.28347584,-79.83015781,1.704701424
43.28346954,-79.82954166,1.688244939
43.28346323,-79.82892551,1.673474789
43.28345692,-79.82830937,1.66077888
43.28345061,-79.82769322,1.650383472
43.28344429,-79.82707708,1.642474532
43.28337458,-79.82029949,1.486345649
43.28336823,-79.81968335,1.486415505
43.28336187,-79.81906721,1.486827731
43.2833555,-79.81845106,1.487534642
43.28334914,-79.81783492,1.48844707
43.28334277,-79.81721878,1.489503264
43.28333639,-79.81660264,1.490709662
43.28333002,-79.8159865,1.492119312
43.28332364,-79.81537036,1.493816972
43.28331725,-79.81475421,1.495912194
43.28331087,-79.81413807,1.498647213
43.28330448,-79.81352193,1.502291799
43.28329808,-79.81290579,1.506423473
43.28329169,-79.81228965,1.510545015
43.28328529,-79.81167351,1.514640093
43.28327888,-79.81105737,1.518819928
43.28327248,-79.81044123,1.523142695
43.28326607,-79.80982509,1.527653694
43.28325965,-79.80920895,1.532396197
43.28325324,-79.80859281,1.53740716
43.28324682,-79.80797667,1.542725801
43.28324039,-79.80736053,1.548395753
43.28323397,-79.8067444,1.554464221
43.28322754,-79.80612826,1.560981631
43.2832211,-79.80551212,1.568004489
43.28321467,-79.80489598,1.575594425
43.28320823,-79.80427984,1.583814383
43.28320178,-79.80366371,1.592722535
43.28319534,-79.80304757,1.602362633
43.28318889,-79.80243143,1.612754822
43.28318243,-79.80181529,1.62388587
43.28317598,-79.80119916,1.635700345
43.28316952,-79.80058302,1.648091912
43.28316306,-79.79996688,1.660898328
43.28315659,-79.79935075,1.673899651
43.28315012,-79.79873461,1.686821103
43.28314365,-79.79811848,1.699337006
43.28313717,-79.79750234,1.711068988
43.28313069,-79.79688621,1.721579313
43.28312421,-79.79627007,1.730378866
43.28311772,-79.79565394,1.736978531
43.28311123,-79.7950378,1.740987062
43.28310474,-79.79442167,1.742281675
43.28459915,-79.89792694,0.37764281
43.28459321,-79.89731077,0.37763539
43.28458727,-79.89669459,0.377621412
43.28452766,-79.89053289,0.26788789
43.28452169,-79.88991672,0.284777313
43.2845157,-79.88930055,0.305202991
43.28450972,-79.88868438,0.327750891
43.28450373,-79.88806821,0.351107597
43.28449774,-79.88745204,0.372976094
43.28449174,-79.88683587,0.390464187
43.28440141,-79.87759337,1.894626856
43.28439537,-79.8769772,1.995543718
43.28438931,-79.87636103,2.432136059
43.28438326,-79.87574487,2.69764924
43.2843772,-79.8751287,2.833381176
43.28437114,-79.87451254,2.91538167
43.28436507,-79.87389637,2.948232412
43.28435901,-79.87328021,2.947062731
43.28435293,-79.87266405,2.920614481
43.28434686,-79.87204788,2.87030077
43.28434078,-79.87143172,2.798511028
43.2843347,-79.87081555,2.711096048
43.28432862,-79.87019939,2.614439249
43.28432253,-79.86958323,2.513887167
43.28431644,-79.86896706,2.413452148
43.28431034,-79.8683509,2.315906286
43.28430424,-79.86773474,2.22327733
43.28429814,-79.86711858,2.137423992
43.28429204,-79.86650241,2.060338497
43.28428593,-79.86588625,1.994136453
43.28427982,-79.86527009,1.940832496
43.2842737,-79.86465393,1.902021766
43.28426758,-79.86403777,1.878554702
43.28426146,-79.8634216,1.870290041
43.28425534,-79.86280544,1.876014233
43.28424921,-79.86218928,1.893584251
43.28424308,-79.86157312,1.920255661
43.28423694,-79.86095696,1.953081608
43.28423081,-79.8603408,1.989260316
43.28422466,-79.85972464,2.026364326
43.28421852,-79.85910848,2.06244421
43.28421237,-79.85849232,2.096034765
43.28420622,-79.85787616,2.126099586
43.28420007,-79.85726,2.151948452
43.28419391,-79.85664384,2.1731534
43.28418775,-79.85602768,2.189481735
43.28418158,-79.85541152,2.200856924
43.28417541,-79.85479537,2.207350492
43.28416924,-79.85417921,2.209193707
43.28416307,-79.85356305,2.206778288
43.28415689,-79.85294689,2.200584888
43.28415071,-79.85233073,2.190981627
43.28414453,-79.85171457,2.177896738
43.28413834,-79.85109842,2.160221577
43.28413215,-79.85048226,2.134450436
43.28412595,-79.8498661,2.094625235
43.28411976,-79.84924995,2.037763834
43.28411355,-79.84863379,1.968209028
43.28410735,-79.84801763,1.889750242
43.28410114,-79.84740148,1.803497195
43.28409493,-79.84678532,1.710393786
43.28408872,-79.84616916,1.614587426
43.2840825,-79.84555301,1.524899364
43.28407628,-79.84493685,1.45782721
43.28407005,-79.8443207,1.443467975
43.28406383,-79.84370454,1.498442531
43.2840576,-79.84308839,1.590603471
43.28405136,-79.84247223,1.682953
43.28404512,-79.84185608,1.756308079
43.28403888,-79.84123992,1.798255682
43.28403264,-79.84062377,1.805577755
43.28402639,-79.84000762,1.788868189
43.28402014,-79.83939146,1.765559793
43.28401389,-79.83877531,1.749057412
43.28400763,-79.83815915,1.744313717
43.28400137,-79.837543,1.749705553
43.2839951,-79.83692685,1.760685086
43.28398884,-79.8363107,1.77255249
43.28398257,-79.83569454,1.781818867
43.28397629,-79.83507839,1.78649354
43.28397001,-79.83446224,1.785837531
43.28396373,-79.83384609,1.779990435
43.28395745,-79.83322994,1.769648552
43.28395116,-79.83261378,1.755816817
43.28394487,-79.83199763,1.739611626
43.28393858,-79.83138148,1.72210896
43.28393228,-79.83076533,1.70425117
43.28392598,-79.83014918,1.686817527
43.28391968,-79.82953303,1.670423627
43.28391337,-79.82891688,1.65553093
43.28390706,-79.82830073,1.642495871
43.28390075,-79.82768458,1.631508231
43.28389443,-79.82706843,1.622663379
43.28385646,-79.82337153,1.491626859
43.28385012,-79.82275539,1.490204573
43.28384377,-79.82213924,1.488506436
43.28383742,-79.82152309,1.487153769
43.28383107,-79.82090694,1.48626101
43.28382472,-79.82029079,1.485755563
43.28381836,-79.81967465,1.485603213
43.283812,-79.8190585,1.485817313
43.28380564,-79.81844235,1.486348867
43.28379927,-79.81782621,1.487126589
43.2837929,-79.81721006,1.488102078
43.28378653,-79.81659391,1.489273787
43.28378015,-79.81597777,1.490677714
43.28377377,-79.81536162,1.492391229
43.28376739,-79.81474547,1.494529486
43.283761,-79.81412933,1.497208476
43.28375461,-79.81351318,1.500444412
43.28374822,-79.81289704,1.504050493
43.28374182,-79.81228089,1.507814765
43.28373542,-79.81166475,1.511676311
43.28372902,-79.8110486,1.515658379
43.28372261,-79.81043246,1.519798517
43.2837162,-79.80981632,1.524138331
43.28370979,-79.80920017,1.528721333
43.28370337,-79.80858403,1.533589125
43.28369695,-79.80796788,1.538785219
43.28369053,-79.80735174,1.544356227
43.2836841,-79.8067356,1.550353289
43.28367767,-79.80611945,1.556832314
43.28367124,-79.80550331,1.563854933
43.2836648,-79.80488717,1.571487546
43.28365836,-79.80427103,1.579797626
43.28365192,-79.80365488,1.588849306
43.28364547,-79.80303874,1.59869504
43.28363902,-79.8024226,1.609367371
43.28363257,-79.80180646,1.62087059
43.28362611,-79.80119032,1.63317132
43.28361965,-79.80057418,1.646188974
43.28361319,-79.79995804,1.659788013
43.28360672,-79.7993419,1.673772097
43.28360025,-79.79872575,1.68788147
43.28359378,-79.79810961,1.701790452
43.2835873,-79.79749347,1.715097427
43.28358082,-79.79687733,1.727304935
43.28357434,-79.79626119,1.737806559
43.28356785,-79.79564506,1.745921254
43.28356136,-79.79502892,1.75104475
43.28355487,-79.79441278,1.752952099
43.28504336,-79.89730263,0.377643585
43.28503742,-79.89668646,0.37763679
43.28497183,-79.88990853,0.307015985
43.28496585,-79.88929236,0.322884887
43.28495987,-79.88867618,0.339651108
43.28495388,-79.88806001,0.356295794
43.28494788,-79.88744384,0.371591091
43.28494189,-79.88682766,0.384097904
43.28484551,-79.87696892,1.565585375
43.28483946,-79.87635275,1.969841838
43.2848334,-79.87573658,2.419035196
43.28482735,-79.87512041,2.642802477
43.28482128,-79.87450424,2.790191174
43.28481522,-79.87388807,2.861404896
43.28480915,-79.8732719,2.880276203
43.28480308,-79.87265573,2.873845577
43.284797,-79.87203956,2.840874195
43.28479093,-79.8714234,2.77890563
43.28478484,-79.87080723,2.694825172
43.28477876,-79.87019106,2.597477436
43.28477267,-79.86957489,2.49376297
43.28476658,-79.86895872,2.388714314
43.28476048,-79.86834256,2.285831451
43.28475439,-79.86772639,2.187614918
43.28474828,-79.86711022,2.096256495
43.28474218,-79.86649405,2.014078617
43.28473607,-79.86587789,1.943602204
43.28472996,-79.86526172,1.887331247
43.28472385,-79.86464556,1.847362041
43.28471773,-79.86402939,1.82491672
43.28471161,-79.86341322,1.819928885
43.28470548,-79.86279706,1.830870271
43.28469935,-79.86218089,1.85495317
43.28469322,-79.86156473,1.888650179
43.28468709,-79.86094856,1.928299427
43.28468095,-79.8603324,1.970583916
43.28467481,-79.85971623,2.012800694
43.28466866,-79.85910007,2.052939177
43.28466251,-79.8584839,2.089630365
43.28465636,-79.85786774,2.122029066
43.28465021,-79.85725157,2.1496737
43.28464405,-79.85663541,2.172353029
43.28463789,-79.85601925,2.189999819
43.28463172,-79.85540308,2.202624798
43.28462556,-79.85478692,2.210289717
43.28461939,-79.85417076,2.213103771
43.28461321,-79.85355459,2.211214066
43.28460703,-79.85293843,2.204739571
43.28460085,-79.85232227,2.193593502
43.28459467,-79.85170611,2.17718482
43.28458848,-79.85108995,2.153987169
43.28458229,-79.85047378,2.12116909
43.28457609,-79.84985762,2.075361967
43.2845699,-79.84924146,2.015400887
43.2845637,-79.8486253,1.943510532
43.28455749,-79.84800914,1.862804294
43.28455128,-79.84739298,1.775550604
43.28454507,-79.84677682,1.684218049
43.28453886,-79.84616066,1.593886852
43.28453264,-79.8455445,1.51412499
43.28452642,-79.84492834,1.459194779
43.28452019,-79.84431218,1.444537163
43.28451397,-79.84369602,1.474392653
43.28450774,-79.84307986,1.533821821
43.2845015,-79.8424637,1.602051497
43.28449526,-79.84184754,1.662822843
43.28448902,-79.84123138,1.705183387
43.28448278,-79.84061522,1.72573483
43.28447653,-79.83999906,1.729589462
43.28447028,-79.8393829,1.726288199
43.28446403,-79.83876675,1.72413528
43.28445777,-79.83815059,1.727151632
43.28445151,-79.83753443,1.735255957
43.28444524,-79.83691827,1.746030927
43.28443898,-79.83630211,1.756501794
43.28443271,-79.83568596,1.76423502
43.28442643,-79.8350698,1.767736673
43.28442015,-79.83445364,1.766418099
43.28441387,-79.83383749,1.760394573
43.28440759,-79.83322133,1.750262499
43.2844013,-79.83260518,1.736898184
43.28439501,-79.83198902,1.721286297
43.28438872,-79.83137286,1.704381347
43.28438242,-79.83075671,1.687021613
43.28437612,-79.83014055,1.669906735
43.28436981,-79.8295244,1.653615952
43.28436351,-79.82890824,1.638613462
43.2843572,-79.82829209,1.625208974
43.28435088,-79.82767593,1.613569975
43.28434457,-79.82705978,1.603851438
43.28430659,-79.82336286,1.492488861
43.28430025,-79.8227467,1.490567207
43.28429391,-79.82213055,1.488394141
43.28428756,-79.8215144,1.486608028
43.28428121,-79.82089825,1.485378265
43.28427486,-79.82028209,1.484629273
43.2842685,-79.81966594,1.484292865
43.28426214,-79.81904979,1.484339833
43.28425578,-79.81843364,1.484722972
43.28424941,-79.81781749,1.485383749
43.28424304,-79.81720134,1.486283183
43.28423666,-79.81658519,1.487414479
43.28423029,-79.81596903,1.48879993
43.28422391,-79.81535288,1.490491152
43.28421752,-79.81473673,1.492561579
43.28421114,-79.81412058,1.495068669
43.28420475,-79.81350443,1.497997642
43.28419835,-79.81288828,1.501248598
43.28419196,-79.81227213,1.504710555
43.28418556,-79.81165599,1.508329391
43.28417915,-79.81103984,1.512103438
43.28417275,-79.81042369,1.516057253
43.28416634,-79.80980754,1.520227432
43.28415992,-79.80919139,1.524655223
43.28415351,-79.80857524,1.529384017
43.28414709,-79.80795909,1.534459591
43.28414066,-79.80734295,1.539931536
43.28413424,-79.8067268,1.545854211
43.28412781,-79.80611065,1.552287459
43.28412137,-79.8054945,1.55929625
43.28411493,-79.80487836,1.566949844
43.28410849,-79.80426221,1.575319648
43.28410205,-79.80364606,1.584474683
43.2840956,-79.80302992,1.594476581
43.28408915,-79.80241377,1.605372429
43.2840827,-79.80179762,1.617187142
43.28407625,-79.80118148,1.629914522
43.28406979,-79.80056533,1.643506169
43.28406332,-79.79994919,1.657861471
43.28405686,-79.79933304,1.672817945
43.28405039,-79.7987169,1.688145638
43.28404391,-79.79810075,1.703540206
43.28403744,-79.79748461,1.718603015
43.28403096,-79.79686846,1.73279345
43.28402447,-79.79625232,1.745363832
43.28401799,-79.79563617,1.755346298
43.2840115,-79.79502003,1.761682987
43.284005,-79.79440389,1.763417125
43.28399851,-79.79378774,1.759355783
43.28399201,-79.7931716,1.751330018
43.28542198,-79.88990035,0.330986589
43.285416,-79.88928417,0.343334407
43.28541001,-79.88866799,0.356200993
43.28540402,-79.88805181,0.368672013
43.28539803,-79.88743563,0.379939198
43.28539204,-79.88681945,0.389100194
43.28528961,-79.87634446,1.876086831
43.28528355,-79.87572829,2.185935259
43.28527749,-79.87511211,2.420968771
43.28527143,-79.87449594,2.636011362
43.28526536,-79.87387977,2.740486383
43.2852593,-79.87326359,2.764246941
43.28525322,-79.87264742,2.777048826
43.28524715,-79.87203125,2.768413067
43.28524107,-79.87141507,2.72424984
43.28523499,-79.8707989,2.650333405
43.2852289,-79.87018273,2.557927847
43.28522282,-79.86956655,2.455563307
43.28521672,-79.86895038,2.349314213
43.28521063,-79.86833421,2.243577003
43.28520453,-79.86771804,2.141562462
43.28519843,-79.86710187,2.04598856
43.28519232,-79.8664857,1.959632874
43.28518622,-79.86586952,1.885533094
43.2851801,-79.86525335,1.826839566
43.28517399,-79.86463718,1.786380887
43.28516787,-79.86402101,1.765999198
43.28516175,-79.86340484,1.765829682
43.28515562,-79.86278867,1.783917308
43.2851495,-79.8621725,1.816518188
43.28514336,-79.86155633,1.858971596
43.28513723,-79.86094016,1.906654596
43.28513109,-79.86032399,1.955637574
43.28512495,-79.85970782,2.002967119
43.28511881,-79.85909165,2.046671152
43.28511266,-79.85847548,2.08561039
43.28510651,-79.85785932,2.119269371
43.28510035,-79.85724315,2.147539139
43.28509419,-79.85662698,2.170523167
43.28508803,-79.85601081,2.188389063
43.28508187,-79.85539464,2.201272488
43.2850757,-79.85477848,2.209238052
43.28506953,-79.85416231,2.212275028
43.28506335,-79.85354614,2.210296392
43.28505717,-79.85292997,2.203099728
43.28505099,-79.85231381,2.190255165
43.28504481,-79.85169764,2.17092514
43.28503862,-79.85108147,2.143681765
43.28503243,-79.85046531,2.1065557
43.28502624,-79.84984914,2.057759523
43.28502004,-79.84923297,1.996976137
43.28501384,-79.84861681,1.92583251
43.28500763,-79.84800064,1.846951246
43.28500142,-79.84738448,1.763102889
43.28499521,-79.84676831,1.677582145
43.284989,-79.84615215,1.595520377
43.28498278,-79.84553598,1.524989486
43.28497656,-79.84491982,1.476284027
43.28497033,-79.84430365,1.458171248
43.28496411,-79.84368749,1.472104549
43.28495788,-79.84307132,1.510124326
43.28495164,-79.84245516,1.559541583
43.2849454,-79.841839,1.608179212
43.28493916,-79.84122283,1.647260785
43.28493292,-79.84060667,1.673306942
43.28492667,-79.83999051,1.688174486
43.28492042,-79.83937434,1.696742177
43.28491417,-79.83875818,1.703839064
43.28490791,-79.83814202,1.712244272
43.28490165,-79.83752586,1.722347617
43.28489538,-79.8369097,1.73292172
43.28488912,-79.83629353,1.742161751
43.28488284,-79.83567737,1.74845922
43.28487657,-79.83506121,1.750772595
43.28487029,-79.83444505,1.748693347
43.28486401,-79.83382889,1.742354274
43.28485773,-79.83321273,1.732284307
43.28485144,-79.83259657,1.719254494
43.28484515,-79.83198041,1.704132676
43.28483886,-79.83136425,1.68776238
43.28483256,-79.83074809,1.670885921
43.28482626,-79.83013193,1.654123187
43.28481995,-79.82951577,1.637992501
43.28481365,-79.82889961,1.622907043
43.28480733,-79.82828345,1.609116554
43.28480102,-79.82766729,1.596880198
43.2847947,-79.82705113,1.587139606
43.28478838,-79.82643497,1.58133626
43.28475673,-79.82335418,1.494111776
43.28475039,-79.82273802,1.490531206
43.28474405,-79.82212187,1.487671137
43.2847377,-79.82150571,1.485454559
43.28473135,-79.82088955,1.48391211
43.28472499,-79.82027339,1.4829427
43.28471864,-79.81965724,1.482448339
43.28471228,-79.81904108,1.482363939
43.28470591,-79.81842493,1.482631207
43.28469955,-79.81780877,1.483196974
43.28469317,-79.81719261,1.484026313
43.2846868,-79.81657646,1.485107422
43.28468042,-79.8159603,1.486451507
43.28467404,-79.81534415,1.488088965
43.28466766,-79.81472799,1.490059733
43.28466127,-79.81411184,1.492389441
43.28465488,-79.81349568,1.495063782
43.28464849,-79.81287953,1.498027325
43.28464209,-79.81226338,1.501217365
43.28463569,-79.81164722,1.504597068
43.28462929,-79.81103107,1.508161306
43.28462288,-79.81041492,1.511928201
43.28461647,-79.80979876,1.515929341
43.28461006,-79.80918261,1.520203114
43.28460364,-79.80856646,1.524792671
43.28459722,-79.8079503,1.529745221
43.2845908,-79.80733415,1.535112381
43.28458437,-79.806718,1.540950656
43.28457794,-79.80610185,1.547321677
43.28457151,-79.80548569,1.554292083
43.28456507,-79.80486954,1.561932921
43.28455863,-79.80425339,1.570317864
43.28455219,-79.80363724,1.579520941
43.28454574,-79.80302109,1.58961308
43.28453929,-79.80240494,1.600656629
43.28453284,-79.80178879,1.612699628
43.28452638,-79.80117264,1.625766158
43.28451992,-79.80055649,1.639844775
43.28451346,-79.79994034,1.654875994
43.28450699,-79.79932419,1.670742273
43.28450052,-79.79870804,1.687262535
43.28449405,-79.79809189,1.704183102
43.28448757,-79.79747574,1.721143484
43.28448109,-79.79685959,1.73758328
43.28447461,-79.79624344,1.752600789
43.28446812,-79.79562729,1.764875293
43.28446163,-79.79501115,1.772572994
43.28445514,-79.794395,1.773021102
43.28444864,-79.79377885,1.763698578
43.28444214,-79.7931627,1.747023463
43.28443564,-79.79254655,1.730499387
43.28442913,-79.79193041,1.717368364
43.28587213,-79.88989216,0.354735315
43.28586615,-79.88927598,0.364651889
43.28586016,-79.88865979,0.374957711
43.28585417,-79.88804361,0.384829402
43.28584818,-79.88742743,0.39351511
43.28584218,-79.88681125,0.400110811
43.2857337,-79.87572,2.062711
43.28572764,-79.87510382,2.167680979
43.28572157,-79.87448764,2.409640551
43.28571551,-79.87387146,2.559312344
43.28570944,-79.87325528,2.607903719
43.28570337,-79.87263911,2.647400379
43.28569729,-79.87202293,2.66445303
43.28569122,-79.87140675,2.640738726
43.28568513,-79.87079057,2.581119061
43.28567905,-79.8701744,2.498012066
43.28567296,-79.86955822,2.400910854
43.28566687,-79.86894204,2.296639442
43.28566077,-79.86832587,2.190477371
43.28565467,-79.86770969,2.086511612
43.28564857,-79.86709351,1.988128901
43.28564247,-79.86647734,1.898619413
43.28563636,-79.86586116,1.821581721
43.28563025,-79.86524499,1.760952711
43.28562413,-79.86462881,1.720610857
43.28561801,-79.86401263,1.703445435
43.28561189,-79.86339646,1.710049748
43.28560577,-79.86278028,1.737868428
43.28559964,-79.86216411,1.781659722
43.28559351,-79.86154794,1.835065126
43.28558737,-79.86093176,1.89217484
43.28558123,-79.86031559,1.948372722
43.28557509,-79.85969941,2.000541687
43.28556895,-79.85908324,2.046915054
43.2855628,-79.85846707,2.086776257
43.28555665,-79.85785089,2.120125771
43.28555049,-79.85723472,2.147372007
43.28554434,-79.85661855,2.169066668
43.28553817,-79.85600237,2.185706377
43.28553201,-79.8553862,2.197610378
43.28552584,-79.85477003,2.204877377
43.28551967,-79.85415386,2.207395792
43.28551349,-79.85353769,2.204873085
43.28550732,-79.85292151,2.196848154
43.28550114,-79.85230534,2.182661295
43.28549495,-79.85168917,2.161397457
43.28548876,-79.851073,2.1318748
43.28548257,-79.85045683,2.092818975
43.28547638,-79.84984066,2.043363571
43.28547018,-79.84922449,1.983695626
43.28546398,-79.84860832,1.9152807
43.28545777,-79.84799215,1.840489149
43.28545156,-79.84737598,1.762205839
43.28544535,-79.84675981,1.683954835
43.28543914,-79.84614364,1.610456705
43.28543292,-79.84552747,1.54799366
43.2854267,-79.8449113,1.503623843
43.28542048,-79.84429513,1.482749462
43.28541425,-79.84367896,1.486195803
43.28540802,-79.84306279,1.509315133
43.28540178,-79.84244662,1.543981552
43.28539554,-79.84183046,1.581575513
43.2853893,-79.84121429,1.615399957
43.28538306,-79.84059812,1.642092109
43.28537681,-79.83998195,1.661665678
43.28537056,-79.83936579,1.676273704
43.28536431,-79.83874962,1.688480735
43.28535805,-79.83813345,1.699965596
43.28535179,-79.83751728,1.711101413
43.28534552,-79.83690112,1.721244574
43.28533925,-79.83628495,1.729307413
43.28533298,-79.83566879,1.734259963
43.28532671,-79.83505262,1.735421181
43.28532043,-79.83443645,1.732551694
43.28531415,-79.83382029,1.725821376
43.28530787,-79.83320412,1.71571672
43.28530158,-79.83258796,1.702924013
43.28529529,-79.83197179,1.688210607
43.28528899,-79.83135563,1.672323227
43.2852827,-79.83073946,1.655919433
43.2852764,-79.8301233,1.639546156
43.28527009,-79.82950713,1.623653293
43.28526378,-79.82889097,1.608586073
43.28525747,-79.82827481,1.594534874
43.28525116,-79.82765864,1.581675768
43.28524484,-79.82704248,1.570397973
43.28523852,-79.82642632,1.56002605
43.2852322,-79.82581015,1.542207718
43.28522587,-79.82519399,1.520155907
43.28521954,-79.82457783,1.508776903
43.2852132,-79.82396167,1.500494957
43.28520687,-79.8233455,1.494196892
43.28520053,-79.82272934,1.489570141
43.28519418,-79.82211318,1.486116886
43.28518783,-79.82149702,1.483579516
43.28518148,-79.82088086,1.481814504
43.28517513,-79.8202647,1.480682254
43.28516877,-79.81964853,1.480067134
43.28516241,-79.81903237,1.479883432
43.28515605,-79.81841621,1.480063558
43.28514968,-79.81780005,1.480554938
43.28514331,-79.81718389,1.48132205
43.28513694,-79.81656773,1.482348084
43.28513056,-79.81595157,1.483634233
43.28512418,-79.81533541,1.485195637
43.2851178,-79.81471925,1.487051606
43.28511141,-79.81410309,1.489212394
43.28510502,-79.81348693,1.491667151
43.28509862,-79.81287078,1.494385004
43.28509223,-79.81225462,1.4973315
43.28508583,-79.81163846,1.500485182
43.28507942,-79.8110223,1.503844738
43.28507302,-79.81040614,1.507426143
43.28506661,-79.80978999,1.511257887
43.28506019,-79.80917383,1.515376449
43.28505377,-79.80855767,1.519824505
43.28504735,-79.80794151,1.524649501
43.28504093,-79.80732536,1.529903531
43.2850345,-79.8067092,1.535643697
43.28502807,-79.80609304,1.541931391
43.28502164,-79.80547689,1.548833013
43.2850152,-79.80486073,1.556419492
43.28500876,-79.80424457,1.564765573
43.28500232,-79.80362842,1.573949575
43.28499587,-79.80301226,1.584050775
43.28498942,-79.80239611,1.595147133
43.28498297,-79.80177995,1.607309699
43.28497651,-79.8011638,1.620593667
43.28497005,-79.80054764,1.635025978
43.28496359,-79.79993149,1.650593162
43.28495712,-79.79931533,1.667233109
43.28495065,-79.79869918,1.684834003
43.28494418,-79.79808303,1.703226686
43.2849377,-79.79746687,1.722131252
43.28493122,-79.79685072,1.741003156
43.28492474,-79.79623457,1.758819222
43.28491825,-79.79561841,1.773931742
43.28491176,-79.79500226,1.783479214
43.28490527,-79.79438611,1.782648325
43.28489877,-79.79376995,1.769875884
43.28489227,-79.7931538,1.755465269
43.28488577,-79.79253765,1.740188003
43.28487926,-79.7919215,1.694803715
43.28487275,-79.79130535,1.651945472
43.28486624,-79.79068919,1.64334929
43.28631629,-79.88926778,0.385248005
43.28631031,-79.8886516,0.393881708
43.28630432,-79.88803541,0.40212819
43.28629833,-79.88741922,0.409273207
43.28617172,-79.87447934,1.958397269
43.28616565,-79.87386316,2.271220684
43.28615959,-79.87324697,2.429224253
43.28615351,-79.87263079,2.511937618
43.28614744,-79.87201461,2.549526691
43.28614136,-79.87139843,2.542010307
43.28613528,-79.87078225,2.496314764
43.28612919,-79.87016606,2.424029827
43.2861231,-79.86954988,2.334305525
43.28611701,-79.8689337,2.234103203
43.28611092,-79.86831752,2.129342794
43.28610482,-79.86770134,2.025021315
43.28609872,-79.86708516,1.925207257
43.28609261,-79.86646898,1.833602428
43.2860865,-79.8658528,1.754261017
43.28608039,-79.86523662,1.691974163
43.28607428,-79.86462044,1.652108073
43.28606816,-79.86400426,1.639312148
43.28606204,-79.86338808,1.655122399
43.28605591,-79.8627719,1.69612956
43.28604978,-79.86215572,1.754661798
43.28604365,-79.86153954,1.82173872
43.28603752,-79.86092336,1.889767885
43.28603138,-79.86030718,1.953487396
43.28602524,-79.859691,2.009825945
43.28601909,-79.85907483,2.057473421
43.28601294,-79.85845865,2.096385002
43.28600679,-79.85784247,2.1273067
43.28600064,-79.85722629,2.151362896
43.28599448,-79.85661012,2.169715405
43.28598832,-79.85599394,2.183309078
43.28598215,-79.85537776,2.192722797
43.28597598,-79.85476158,2.198129177
43.28596981,-79.85414541,2.199335814
43.28596364,-79.85352923,2.1958673
43.28595746,-79.85291305,2.187043428
43.28595128,-79.85229688,2.172034025
43.28594509,-79.8516807,2.149901628
43.2859389,-79.85106453,2.119678497
43.28593271,-79.85044835,2.080553293
43.28592652,-79.84983218,2.032194138
43.28592032,-79.849216,1.975087285
43.28591412,-79.84859983,1.910657048
43.28590791,-79.84798365,1.841108084
43.28590171,-79.84736748,1.76922965
43.28589549,-79.8467513,1.698395967
43.28588928,-79.84613513,1.632719159
43.28588306,-79.84551896,1.577022791
43.28587684,-79.84490278,1.536180496
43.28587062,-79.84428661,1.513683677
43.28586439,-79.84367043,1.51010406
43.28585816,-79.84305426,1.522601366
43.28585192,-79.84243809,1.545888186
43.28584568,-79.84182192,1.57397449
43.28583944,-79.84120574,1.601823926
43.2858332,-79.84058957,1.626385331
43.28582695,-79.8399734,1.646749139
43.2858207,-79.83935723,1.663517952
43.28581444,-79.83874106,1.677820563
43.28580819,-79.83812488,1.690490127
43.28580193,-79.83750871,1.701704979
43.28579566,-79.83689254,1.711064816
43.28578939,-79.83627637,1.717889667
43.28578312,-79.8356602,1.721528411
43.28577685,-79.83504403,1.72156322
43.28577057,-79.83442786,1.717893124
43.28576429,-79.83381169,1.710726976
43.285758,-79.83319552,1.700520992
43.28575172,-79.83257935,1.687891722
43.28574543,-79.83196318,1.673520684
43.28573913,-79.83134701,1.658070087
43.28573283,-79.83073084,1.64212513
43.28572653,-79.83011467,1.626170754
43.28572023,-79.8294985,1.610598326
43.28571392,-79.82888233,1.595701575
43.28570761,-79.82826617,1.581639767
43.2857013,-79.82765,1.568459272
43.28569498,-79.82703383,1.556100726
43.28568866,-79.82641766,1.543656707
43.28568233,-79.82580149,1.529980302
43.28567601,-79.82518533,1.516929746
43.28566968,-79.82456916,1.506588936
43.28566334,-79.82395299,1.498615026
43.285657,-79.82333683,1.492267609
43.28565066,-79.82272066,1.487346053
43.28564432,-79.82210449,1.483658671
43.28563797,-79.82148833,1.480970621
43.28563162,-79.82087216,1.479088426
43.28562527,-79.820256,1.477861047
43.28561891,-79.81963983,1.47716856
43.28561255,-79.81902366,1.476917267
43.28560618,-79.8184075,1.477034807
43.28559982,-79.81779133,1.477467418
43.28559345,-79.81717517,1.478177905
43.28558707,-79.816559,1.479145169
43.2855807,-79.81594284,1.480362892
43.28557431,-79.81532668,1.481835127
43.28556793,-79.81471051,1.48356998
43.28556154,-79.81409435,1.485570788
43.28555515,-79.81347819,1.4878304
43.28554876,-79.81286202,1.490332484
43.28554236,-79.81224586,1.493059874
43.28553596,-79.8116297,1.49600327
43.28552956,-79.81101353,1.499166489
43.28552315,-79.81039737,1.502566576
43.28551674,-79.80978121,1.506230831
43.28551033,-79.80916505,1.510194778
43.28550391,-79.80854888,1.51450038
43.28549749,-79.80793272,1.519194245
43.28549107,-79.80731656,1.524327517
43.28548464,-79.8067004,1.529955626
43.28547821,-79.80608424,1.536137938
43.28547177,-79.80546808,1.542937994
43.28546534,-79.80485192,1.550424695
43.2854589,-79.80423576,1.55867219
43.28545245,-79.8036196,1.567761064
43.28544601,-79.80300344,1.577777982
43.28543956,-79.80238728,1.588814259
43.2854331,-79.80177112,1.600961804
43.28542665,-79.80115496,1.614304423
43.28542019,-79.8005388,1.628906131
43.28541372,-79.79992264,1.644800305
43.28540725,-79.79930648,1.661986828
43.28540078,-79.79869032,1.680439234
43.28539431,-79.79807416,1.700099468
43.28538783,-79.797458,1.720803261
43.28538135,-79.79684185,1.74206543
43.28537487,-79.79622569,1.762805939
43.28536838,-79.79560953,1.78111124
43.28536189,-79.79499337,1.792986989
43.2853554,-79.79437722,1.791671753
43.2853489,-79.79376106,1.779879689
43.2853424,-79.7931449,1.7864182
43.2853359,-79.79252875,1.801936269
43.28532939,-79.79191259,1.700234294
43.28532288,-79.79129643,1.555545926
43.28676644,-79.88925959,0.404372185
43.28676045,-79.8886434,0.411783695
43.28675446,-79.88802721,0.418930411
43.28674847,-79.88741102,0.42520839
43.28662186,-79.87447104,1.785467744
43.2866158,-79.87385485,2.111580133
43.28660973,-79.87323866,2.30986166
43.28660366,-79.87262248,2.4060812
43.28659758,-79.87200629,2.447271585
43.2865915,-79.8713901,2.446025133
43.28658542,-79.87077392,2.409634113
43.28657934,-79.87015773,2.346119404
43.28657325,-79.86954155,2.263141632
43.28655496,-79.86769299,1.960921884
43.28654886,-79.8670768,1.86098361
43.28654276,-79.86646062,1.768391728
43.28653665,-79.86584443,1.687335491
43.28653053,-79.86522825,1.623480201
43.28652442,-79.86461206,1.584248662
43.2865183,-79.86399588,1.576975942
43.28651218,-79.8633797,1.604831696
43.28650605,-79.86276351,1.663323164
43.28649993,-79.86214733,1.741002798
43.28649379,-79.86153114,1.824832201
43.28648766,-79.86091496,1.905072212
43.28648152,-79.86029878,1.976111889
43.28647538,-79.8596826,2.035348177
43.28646923,-79.85906641,2.082265854
43.28646308,-79.85845023,2.117771149
43.28645693,-79.85783405,2.143596888
43.28645078,-79.85721787,2.161794424
43.28644462,-79.85660168,2.174312592
43.28643846,-79.8559855,2.182677984
43.28643229,-79.85536932,2.187814474
43.28642612,-79.85475314,2.190010786
43.28641995,-79.85413696,2.189007521
43.28641378,-79.85352078,2.18414712
43.2864076,-79.8529046,2.17453146
43.28640142,-79.85228841,2.159161091
43.28639523,-79.85167223,2.13704896
43.28638905,-79.85105605,2.107345819
43.28638285,-79.85043987,2.069502592
43.28637666,-79.84982369,2.023475885
43.28637046,-79.84920751,1.969910383
43.28636426,-79.84859134,1.910195351
43.28635805,-79.84797516,1.846381187
43.28635185,-79.84735898,1.78105247
43.28634563,-79.8467428,1.717258096
43.28633942,-79.84612662,1.658472776
43.2863332,-79.84551044,1.608421564
43.28632698,-79.84489426,1.570572138
43.28632076,-79.84427808,1.54728651
43.28631453,-79.84366191,1.538989425
43.2863083,-79.84304573,1.543891788
43.28630206,-79.84242955,1.558498979
43.28629582,-79.84181337,1.578639984
43.28628958,-79.8411972,1.600545049
43.28628334,-79.84058102,1.621584177
43.28627709,-79.83996484,1.640469432
43.28627084,-79.83934867,1.656957626
43.28626458,-79.83873249,1.671297908
43.28625833,-79.83811632,1.683726549
43.28625206,-79.83750014,1.694202185
43.2862458,-79.83688396,1.702399611
43.28623953,-79.83626779,1.707858801
43.28623326,-79.83565161,1.710164189
43.28622699,-79.83503544,1.709078193
43.28622071,-79.83441926,1.704601407
43.28621443,-79.83380309,1.696971059
43.28620814,-79.83318691,1.686617255
43.28620186,-79.83257074,1.674095035
43.28619556,-79.83195457,1.660010695
43.28618927,-79.83133839,1.644953012
43.28618297,-79.83072222,1.629445195
43.28617667,-79.83010604,1.613922238
43.28617037,-79.82948987,1.598731995
43.28616406,-79.8288737,1.584137321
43.28615775,-79.82825752,1.570299625
43.28615143,-79.82764135,1.557269454
43.28614512,-79.82702518,1.544983506
43.2861388,-79.82640901,1.533208251
43.28613247,-79.82579284,1.521835089
43.28612614,-79.82517666,1.5114007
43.28611981,-79.82456049,1.50245297
43.28611348,-79.82394432,1.494997144
43.28610714,-79.82332815,1.488895297
43.2861008,-79.82271198,1.484078646
43.28609446,-79.82209581,1.480412483
43.28608811,-79.82147964,1.477707982
43.28608176,-79.82086347,1.475794196
43.2860754,-79.8202473,1.474530101
43.28606905,-79.81963113,1.473798156
43.28606268,-79.81901496,1.473503947
43.28605632,-79.81839879,1.473574996
43.28604995,-79.81778262,1.473957181
43.28604358,-79.81716645,1.474612355
43.28603721,-79.81655028,1.475516319
43.28603083,-79.81593411,1.476657629
43.28602445,-79.81531794,1.478033543
43.28601807,-79.81470177,1.479645848
43.28601168,-79.8140856,1.481495142
43.28600529,-79.81346944,1.483577847
43.28599889,-79.81285327,1.485886931
43.2859925,-79.8122371,1.488416195
43.2859861,-79.81162093,1.491165757
43.28597969,-79.81100476,1.494144559
43.28597329,-79.8103886,1.497371674
43.28596687,-79.80977243,1.500875115
43.28596046,-79.80915626,1.504689813
43.28595404,-79.8085401,1.508856297
43.28594762,-79.80792393,1.51341939
43.2859412,-79.80730777,1.51842761
43.28593477,-79.8066916,1.523932457
43.28592834,-79.80607543,1.529988647
43.28592191,-79.80545927,1.536655188
43.28591547,-79.8048431,1.543996096
43.28590903,-79.80422694,1.552082777
43.28590259,-79.80361077,1.560995817
43.28589614,-79.80299461,1.570826054
43.28588969,-79.80237844,1.581675053
43.28588324,-79.80176228,1.593650699
43.28587678,-79.80114612,1.606859922
43.28587032,-79.80052995,1.621397734
43.28586385,-79.79991379,1.637339711
43.28585739,-79.79929763,1.654746175
43.28585092,-79.79868146,1.673675418
43.28584444,-79.7980653,1.694180012
43.28583797,-79.79744914,1.716213703
43.28583149,-79.79683297,1.739368916
43.285825,-79.79621681,1.762552023
43.28581852,-79.79560065,1.783674836
43.28581203,-79.79498449,1.798091054
43.28580553,-79.79436833,1.798184276
43.28579904,-79.79375216,1.79015255
43.28579254,-79.793136,1.8175143
43.28578603,-79.79251984,1.888457537
43.28577953,-79.79190368,1.850000024
43.28577302,-79.79128752,1.425044537
43.2872106,-79.88863521,0.428051502
43.28720461,-79.88801901,0.434248209
43.28719862,-79.88740281,0.43981719
43.28719262,-79.88678662,0.44439891
43.28705988,-79.87323035,2.277968884
43.2870538,-79.87261416,2.349952936
43.28704773,-79.87199797,2.37603879
43.28704165,-79.87138178,2.370114088
43.28703557,-79.87076559,2.336683273
43.28702948,-79.8701494,2.276333094
43.28700511,-79.86768464,1.899015307
43.286999,-79.86706845,1.80030334
43.2869929,-79.86645226,1.7081815
43.28698679,-79.86583607,1.626464009
43.28698068,-79.86521988,1.561815023
43.28697456,-79.86460369,1.52422452
43.28696844,-79.8639875,1.5242275
43.28696232,-79.86337131,1.567091346
43.2869562,-79.86275512,1.647215843
43.28695007,-79.86213894,1.748260498
43.28694394,-79.86152275,1.85137248
43.2869378,-79.86090656,1.944176555
43.28693166,-79.86029037,2.021294117
43.28692552,-79.85967419,2.081243992
43.28691938,-79.859058,2.124694347
43.28691323,-79.85844181,2.15375042
43.28690708,-79.85782562,2.171335459
43.28690092,-79.85720944,2.180609703
43.28689476,-79.85659325,2.184469461
43.2868886,-79.85597706,2.185152054
43.28688244,-79.85536088,2.184009552
43.28687627,-79.85474469,2.18148613
43.28687009,-79.85412851,2.177257538
43.28686392,-79.85351232,2.170463562
43.28685774,-79.85289614,2.159957886
43.28685156,-79.85227995,2.144526482
43.28684537,-79.85166377,2.123065472
43.28683919,-79.85104758,2.0947299
43.28683299,-79.8504314,2.05907321
43.2868268,-79.84981521,2.01617527
43.2868206,-79.84919903,1.966733575
43.2868144,-79.84858284,1.912074327
43.2868082,-79.84796666,1.854082346
43.28680199,-79.84735048,1.795090914
43.28679578,-79.84673429,1.737775087
43.28678956,-79.84611811,1.685032725
43.28678334,-79.84550193,1.63977623
43.28677712,-79.84488574,1.604558587
43.2867709,-79.84426956,1.581056714
43.28676467,-79.84365338,1.569607854
43.28675844,-79.8430372,1.569058657
43.2867522,-79.84242102,1.577056289
43.28674596,-79.84180483,1.590666652
43.28673972,-79.84118865,1.607067466
43.28673348,-79.84057247,1.624063253
43.28672723,-79.83995629,1.640280724
43.28672098,-79.83934011,1.655050397
43.28671472,-79.83872393,1.668109775
43.28670847,-79.83810775,1.679305673
43.2867022,-79.83749157,1.688416958
43.28669594,-79.83687539,1.695125461
43.28668967,-79.83625921,1.699085236
43.2866834,-79.83564303,1.700022817
43.28667713,-79.83502685,1.697816253
43.28667085,-79.83441067,1.692532539
43.28666457,-79.83379449,1.684423208
43.28665828,-79.83317831,1.673889875
43.28665199,-79.83256213,1.661431909
43.2866457,-79.83194595,1.647587895
43.28663941,-79.83132977,1.632881522
43.28663311,-79.83071359,1.617782354
43.28662681,-79.83009742,1.602684379
43.2866205,-79.82948124,1.587904572
43.2866142,-79.82886506,1.5736866
43.28660789,-79.82824888,1.560199976
43.28660157,-79.82763271,1.547537088
43.28659525,-79.82701653,1.535718441
43.28658893,-79.82640035,1.524716139
43.28658261,-79.82578418,1.514545321
43.28657628,-79.825168,1.505346417
43.28656995,-79.82455182,1.497270703
43.28656362,-79.82393565,1.490374923
43.28655728,-79.82331947,1.484662294
43.28655094,-79.8227033,1.480091691
43.28654459,-79.82208712,1.47655654
43.28653824,-79.82147094,1.473914981
43.28653189,-79.82085477,1.472026467
43.28652554,-79.82023859,1.470763326
43.28651918,-79.81962242,1.470015049
43.28651282,-79.81900625,1.469691277
43.28650646,-79.81839007,1.469722271
43.28650009,-79.8177739,1.470055342
43.28649372,-79.81715772,1.470652223
43.28648734,-79.81654155,1.471487284
43.28648097,-79.81592538,1.472545743
43.28647459,-79.8153092,1.473821163
43.2864682,-79.81469303,1.475311875
43.28646181,-79.81407686,1.477017879
43.28645542,-79.81346068,1.47893846
43.28644903,-79.81284451,1.48107326
43.28644263,-79.81222834,1.483423948
43.28643623,-79.81161217,1.485997319
43.28642983,-79.810996,1.48880744
43.28642342,-79.81037982,1.491875768
43.28641701,-79.80976365,1.495231152
43.2864106,-79.80914748,1.498907924
43.28640418,-79.80853131,1.502944589
43.28639776,-79.80791514,1.507383108
43.28639133,-79.80729897,1.512267113
43.28638491,-79.8066828,1.51764226
43.28637848,-79.80606663,1.523556232
43.28637204,-79.80545046,1.530060768
43.2863656,-79.80483429,1.53721261
43.28635916,-79.80421812,1.54507792
43.28635272,-79.80360195,1.553733945
43.28634627,-79.80298578,1.563272238
43.28633982,-79.80236961,1.573798776
43.28633337,-79.80175344,1.58543098
43.28632691,-79.80113727,1.598290443
43.28632045,-79.80052111,1.612493277
43.28631399,-79.79990494,1.628145695
43.28630752,-79.79928877,1.645351291
43.28630105,-79.7986726,1.664226532
43.28629458,-79.79805644,1.684891582
43.2862881,-79.79744027,1.707363725
43.28628162,-79.7968241,1.731274605
43.28627514,-79.79620793,1.755510569
43.28626865,-79.79559177,1.777926207
43.28626216,-79.7949756,1.794139862
43.28625566,-79.79435943,1.797032475
43.28624917,-79.79374327,1.78949964
43.28624267,-79.7931271,1.801302671
43.28623616,-79.79251094,1.823842764
43.28622966,-79.79189477,1.702635407
43.28766075,-79.88862701,0.442288101
43.28765476,-79.88801081,0.447575808
43.28764877,-79.88739461,0.452359498
43.28745525,-79.86767629,1.843853831
43.28744915,-79.86706009,1.748030186
43.28744304,-79.8664439,1.659019589
43.28743693,-79.8658277,1.579531193
43.28743082,-79.86521151,1.51748693
43.28742471,-79.86459532,1.485482216
43.28741859,-79.86397912,1.493691564
43.28741247,-79.86336293,1.556665897
43.28740634,-79.86274674,1.661549568
43.28740021,-79.86213054,1.787408233
43.28739408,-79.86151435,1.909632444
43.28738794,-79.86089816,2.013062239
43.28738181,-79.86028197,2.093258858
43.28737566,-79.85966578,2.150474548
43.28736952,-79.85904958,2.186862707
43.28736337,-79.85843339,2.205876112
43.28735722,-79.8578172,2.211742163
43.28735106,-79.85720101,2.208837986
43.2873449,-79.85658482,2.201107025
43.28733874,-79.85596863,2.191581249
43.28733258,-79.85535244,2.182102203
43.28732641,-79.85473625,2.173295259
43.28732024,-79.85412006,2.164764404
43.28731406,-79.85350387,2.155414343
43.28730788,-79.85288768,2.143799543
43.2873017,-79.85227149,2.128427029
43.28729552,-79.8516553,2.107991457
43.28728933,-79.85103911,2.081544638
43.28728314,-79.85042292,2.048615694
43.28727694,-79.84980673,2.009288311
43.28727074,-79.84919054,1.964233994
43.28726454,-79.84857435,1.914682627
43.28725834,-79.84795816,1.86234355
43.28725213,-79.84734198,1.80929184
43.28724592,-79.84672579,1.757843494
43.2872397,-79.8461096,1.710410953
43.28723348,-79.84549341,1.669307709
43.28722726,-79.84487723,1.636475444
43.28722104,-79.84426104,1.613160491
43.28721481,-79.84364485,1.599648476
43.28720858,-79.84302866,1.595185637
43.28720234,-79.84241248,1.598157525
43.2871961,-79.84179629,1.606472015
43.28718986,-79.84118011,1.618004322
43.28718362,-79.84056392,1.630951405
43.28717737,-79.83994773,1.643999815
43.28717112,-79.83933155,1.656298518
43.28716486,-79.83871536,1.667312741
43.2871586,-79.83809918,1.676658392
43.28715234,-79.83748299,1.683993459
43.28714608,-79.83686681,1.688988566
43.28713981,-79.83625062,1.691358089
43.28713354,-79.83563444,1.690911651
43.28712726,-79.83501825,1.687597275
43.28712099,-79.83440207,1.681519151
43.2871147,-79.83378589,1.672929406
43.28710842,-79.8331697,1.662198663
43.28710213,-79.83255352,1.649773955
43.28709584,-79.83193734,1.636132717
43.28708955,-79.83132115,1.62174058
43.28708325,-79.83070497,1.607018948
43.28707695,-79.83008879,1.592326999
43.28707064,-79.82947261,1.57795763
43.28706433,-79.82885642,1.56414032
43.28705802,-79.82824024,1.551046491
43.28705171,-79.82762406,1.538791776
43.28704539,-79.82700788,1.527442098
43.28703907,-79.8263917,1.517026186
43.28703275,-79.82577552,1.507563591
43.28702642,-79.82515934,1.499089003
43.28702009,-79.82454315,1.491644621
43.28701375,-79.82392697,1.485259652
43.28700741,-79.82331079,1.479936123
43.28700107,-79.82269461,1.475633502
43.28699473,-79.82207843,1.472266793
43.28698838,-79.82146225,1.469724298
43.28698203,-79.82084607,1.467886567
43.28697568,-79.82022989,1.46663928
43.28696932,-79.81961372,1.465881705
43.28696296,-79.81899754,1.465530276
43.28695659,-79.81838136,1.465519786
43.28695023,-79.81776518,1.465799809
43.28694385,-79.817149,1.466332912
43.28693748,-79.81653282,1.467092872
43.2869311,-79.81591664,1.468063235
43.28692472,-79.81530047,1.46923542
43.28691834,-79.81468429,1.470606685
43.28691195,-79.81406811,1.472177029
43.28690556,-79.81345193,1.473949075
43.28689916,-79.81283576,1.475926995
43.28689277,-79.81221958,1.47811842
43.28688637,-79.8116034,1.480535626
43.28687996,-79.81098723,1.483196855
43.28687355,-79.81037105,1.486126065
43.28686714,-79.80975488,1.489352584
43.28686073,-79.8091387,1.492909789
43.28685431,-79.80852252,1.496833444
43.28684789,-79.80790635,1.501160502
43.28684147,-79.80729017,1.505928397
43.28683504,-79.806674,1.511174321
43.28682861,-79.80605782,1.516937017
43.28682218,-79.80544165,1.523257732
43.28681574,-79.80482548,1.53018415
43.2868093,-79.8042093,1.537773371
43.28680285,-79.80359313,1.546096325
43.28679641,-79.80297695,1.555240631
43.28678996,-79.80236078,1.565310836
43.2867835,-79.80174461,1.57642591
43.28677705,-79.80112843,1.588711381
43.28677058,-79.80051226,1.602291346
43.28676412,-79.79989609,1.617283225
43.28675765,-79.79927992,1.63380301
43.28675118,-79.79866374,1.651971936
43.28674471,-79.79804757,1.671894789
43.28673823,-79.7974314,1.693547368
43.28673175,-79.79681523,1.716510892
43.28672527,-79.79619906,1.739626408
43.28671878,-79.79558288,1.760780454
43.28671229,-79.79496671,1.776399374
43.2867058,-79.79435054,1.781095743
43.2866993,-79.79373437,1.773803234
43.2866928,-79.7931182,1.766478062
43.2866863,-79.79250203,1.762835741
43.28667979,-79.79188586,1.73071301
43.28810491,-79.88800261,0.458717614
43.28809891,-79.8873864,0.462621808
43.28789319,-79.86643554,1.625208855
43.28788708,-79.86581934,1.554109216
43.28788097,-79.86520314,1.502748251
43.28787485,-79.86458694,1.483355045
43.28786873,-79.86397075,1.49382174
43.28786261,-79.86335455,1.589927673
43.28785648,-79.86273835,1.72375226
43.28785035,-79.86212215,1.8712672
43.28784422,-79.86150596,2.007635593
43.28783809,-79.86088976,2.116266727
43.28783195,-79.86027356,2.194335699
43.28782581,-79.85965737,2.243963003
43.28781966,-79.85904117,2.268801451
43.28781351,-79.85842497,2.273692131
43.28780736,-79.85780878,2.2642138
43.2878012,-79.85719258,2.245970726
43.28779505,-79.85657639,2.223938465
43.28778888,-79.85596019,2.201929808
43.28778272,-79.855344,2.182271242
43.28777655,-79.8547278,2.165766239
43.28777038,-79.85411161,2.151931047
43.2877642,-79.85349541,2.139402866
43.28775802,-79.85287922,2.126386642
43.28775184,-79.85226302,2.111046314
43.28774566,-79.85164683,2.091797352
43.28773947,-79.85103063,2.0674963
43.28773328,-79.85041444,2.037551165
43.28772708,-79.84979825,2.001963854
43.28772088,-79.84918205,1.961318612
43.28771468,-79.84856586,1.916723251
43.28770848,-79.84794967,1.869708538
43.28770227,-79.84733348,1.822106481
43.28769606,-79.84671728,1.775916338
43.28768984,-79.84610109,1.733157873
43.28768362,-79.8454849,1.695702434
43.2876774,-79.84486871,1.665072083
43.28767118,-79.84425251,1.642232776
43.28766495,-79.84363632,1.627438188
43.28765872,-79.84302013,1.620192409
43.28765248,-79.84240394,1.619367599
43.28764624,-79.84178775,1.623446703
43.28764,-79.84117156,1.630813479
43.28763376,-79.84055537,1.639995813
43.28762751,-79.83993918,1.64980197
43.28762126,-79.83932299,1.659338832
43.287615,-79.8387068,1.66795063
43.28760874,-79.83809061,1.675135612
43.28760248,-79.83747442,1.680485129
43.28759622,-79.83685823,1.683663368
43.28758995,-79.83624204,1.684419036
43.28758368,-79.83562585,1.682610273
43.2875774,-79.83500966,1.678224325
43.28757112,-79.83439347,1.67138207
43.28756484,-79.83377729,1.66232574
43.28755856,-79.8331611,1.651392817
43.28755227,-79.83254491,1.638981462
43.28754598,-79.83192872,1.625514388
43.28753968,-79.83131254,1.611405015
43.28753339,-79.83069635,1.597031713
43.28752708,-79.83008016,1.582722306
43.28752078,-79.82946397,1.568748355
43.28751447,-79.82884779,1.555326819
43.28750816,-79.8282316,1.542625546
43.28750185,-79.82761541,1.530766368
43.28749553,-79.82699923,1.519830465
43.28748921,-79.82638304,1.509863615
43.28748288,-79.82576686,1.500886559
43.28747655,-79.82515067,1.49290812
43.28747022,-79.82453449,1.485932469
43.28746389,-79.8239183,1.479957342
43.28745755,-79.82330212,1.474963188
43.28745121,-79.82268593,1.470902443
43.28744487,-79.82206975,1.467698693
43.28743852,-79.82145356,1.465255022
43.28743217,-79.82083738,1.463466525
43.28742581,-79.82022119,1.462231398
43.28741945,-79.81960501,1.46145916
43.28741309,-79.81898883,1.461073995
43.28740673,-79.81837264,1.461015224
43.28740036,-79.81775646,1.461235046
43.28739399,-79.81714028,1.461696982
43.28738762,-79.81652409,1.462375283
43.28738124,-79.81590791,1.463252783
43.28737486,-79.81529173,1.464320421
43.28736847,-79.81467555,1.46557498
43.28736209,-79.81405937,1.467017889
43.28735569,-79.81344318,1.468654394
43.2873493,-79.812827,1.47049284
43.2873429,-79.81221082,1.472545624
43.2873365,-79.81159464,1.474829674
43.2873301,-79.81097846,1.477366447
43.28732369,-79.81036228,1.480182052
43.28731728,-79.8097461,1.48330605
43.28731086,-79.80912992,1.486769676
43.28730445,-79.80851374,1.490604877
43.28729803,-79.80789756,1.49484241
43.2872916,-79.80728138,1.499510884
43.28728517,-79.8066652,1.504637599
43.28727874,-79.80604902,1.510249138
43.28727231,-79.80543284,1.516374469
43.28726587,-79.80481666,1.523048997
43.28725943,-79.80420048,1.530318499
43.28725299,-79.8035843,1.538244009
43.28724654,-79.80296813,1.546904325
43.28724009,-79.80235195,1.55639708
43.28723364,-79.80173577,1.566834092
43.28722718,-79.80111959,1.578334928
43.28722072,-79.80050341,1.591016173
43.28721425,-79.79988724,1.604984045
43.28720779,-79.79927106,1.620328307
43.28720132,-79.79865488,1.637111783
43.28719484,-79.79803871,1.655331254
43.28718836,-79.79742253,1.674808979
43.28718188,-79.79680635,1.694987655
43.2871754,-79.79619018,1.714674473
43.28716891,-79.795574,1.731915355
43.28716242,-79.79495783,1.743962646
43.28715593,-79.79434165,1.747630596
43.28714943,-79.79372548,1.73877728
43.28714293,-79.7931093,1.736379147
43.28713643,-79.79249313,1.717401743
43.28855505,-79.88799441,0.467578888
43.28854906,-79.8873782,0.470637202
43.28854306,-79.88676199,0.472924203
43.28833722,-79.86581098,1.551059365
43.28833111,-79.86519477,1.524350882
43.28832499,-79.86457857,1.530988574
43.28831887,-79.86396237,1.581163049
43.28831275,-79.86334617,1.691001773
43.28830663,-79.86272996,1.843017697
43.2883005,-79.86211376,2.006129742
43.28829437,-79.86149756,2.14804101
43.28828823,-79.86088136,2.253922462
43.28828209,-79.86026516,2.323248863
43.28827595,-79.85964896,2.359556913
43.2882698,-79.85903275,2.367711067
43.28826365,-79.85841655,2.354070425
43.2882575,-79.85780035,2.325710535
43.28825135,-79.85718415,2.289415121
43.28824519,-79.85656795,2.251013756
43.28823903,-79.85595175,2.214918137
43.28823286,-79.85533555,2.183819294
43.28822669,-79.85471935,2.158640146
43.28822052,-79.85410315,2.138783455
43.28821434,-79.85348696,2.122597456
43.28820817,-79.85287076,2.107908726
43.28820198,-79.85225456,2.092497349
43.2881958,-79.85163836,2.074444056
43.28818961,-79.85102216,2.052347898
43.28818342,-79.85040596,2.025428057
43.28817722,-79.84978976,1.993545055
43.28817102,-79.84917357,1.95715642
43.28816482,-79.84855737,1.917228699
43.28815862,-79.84794117,1.875118971
43.28815241,-79.84732497,1.832440972
43.2881462,-79.84670878,1.790926695
43.28813998,-79.84609258,1.752286196
43.28813376,-79.84547638,1.718062639
43.28812754,-79.84486019,1.689483762
43.28812132,-79.84424399,1.667326331
43.28811509,-79.8436278,1.651822329
43.28810886,-79.8430116,1.642644882
43.28810262,-79.8423954,1.638990164
43.28809638,-79.84177921,1.639736295
43.28809014,-79.84116301,1.643635988
43.2880839,-79.84054682,1.649486065
43.28807765,-79.83993062,1.656235456
43.2880714,-79.83931443,1.663023233
43.28806514,-79.83869823,1.669164062
43.28805888,-79.83808204,1.674113989
43.28805262,-79.83746585,1.677440763
43.28804636,-79.83684965,1.678812504
43.28804009,-79.83623346,1.678002119
43.28803382,-79.83561726,1.674896598
43.28802754,-79.83500107,1.66950345
43.28802126,-79.83438488,1.661946654
43.28801498,-79.83376869,1.652452469
43.2880087,-79.83315249,1.641324878
43.28800241,-79.8325363,1.628917694
43.28799612,-79.83192011,1.615604877
43.28798982,-79.83130392,1.601753712
43.28798352,-79.83068772,1.587703705
43.28797722,-79.83007153,1.573753834
43.28797092,-79.82945534,1.56015563
43.28796461,-79.82883915,1.547113776
43.2879583,-79.82822296,1.534788847
43.28795198,-79.82760677,1.523301482
43.28794567,-79.82699058,1.512735009
43.28793934,-79.82637439,1.503139496
43.28793302,-79.8257582,1.494536996
43.28792669,-79.82514201,1.486929536
43.28792036,-79.82452582,1.480305791
43.28791403,-79.82390963,1.474643826
43.28790769,-79.82329344,1.469907165
43.28790135,-79.82267725,1.466039896
43.287895,-79.82206106,1.462966919
43.28788865,-79.82144487,1.460598826
43.2878823,-79.82082868,1.458841443
43.28787595,-79.82021249,1.457603931
43.28786959,-79.8195963,1.456804872
43.28786323,-79.81898012,1.456375241
43.28785686,-79.81836393,1.456258178
43.2878505,-79.81774774,1.45640862
43.28784413,-79.81713155,1.45679152
43.28783775,-79.81651537,1.457381606
43.28783137,-79.81589918,1.458162308
43.28782499,-79.81528299,1.459124565
43.28781861,-79.81466681,1.460266352
43.28781222,-79.81405062,1.461590767
43.28780583,-79.81343443,1.463105917
43.28779943,-79.81281825,1.464823723
43.28779304,-79.81220206,1.466760993
43.28778664,-79.81158588,1.468938231
43.28778023,-79.81096969,1.471380115
43.28777382,-79.8103535,1.47411406
43.28776741,-79.80973732,1.477168798
43.287761,-79.80912113,1.480573297
43.28775458,-79.80850495,1.484353662
43.28774816,-79.80788877,1.488532901
43.28774174,-79.80727258,1.493129373
43.28773531,-79.8066564,1.49815762
43.28772888,-79.80604021,1.5036304
43.28772244,-79.80542403,1.509561896
43.28771601,-79.80480785,1.515972972
43.28770957,-79.80419166,1.522895336
43.28770312,-79.80357548,1.530377388
43.28769667,-79.8029593,1.538485646
43.28769022,-79.80234312,1.547305226
43.28768377,-79.80172693,1.556934476
43.28767731,-79.80111075,1.567476988
43.28767085,-79.80049457,1.579029083
43.28766439,-79.79987839,1.59166491
43.28765792,-79.79926221,1.605416656
43.28765145,-79.79864602,1.620241523
43.28764497,-79.79802984,1.63596797
43.2876385,-79.79741366,1.652207375
43.28763202,-79.79679748,1.668241143
43.28762553,-79.7961813,1.682925224
43.28761905,-79.79556512,1.694695354
43.28761255,-79.79494894,1.70168674
43.28760606,-79.79433276,1.702620983
43.28759956,-79.79371658,1.690239429
43.28759306,-79.7931004,1.758601904
43.28758656,-79.79248422,1.5
43.28899921,-79.88736999,0.476562291
43.28899321,-79.88675378,0.478128314
43.28895716,-79.8830565,0.474467099
43.28878125,-79.8651864,1.578697801
43.28877514,-79.8645702,1.62127471
43.28876902,-79.86395399,1.702268958
43.28876289,-79.86333778,1.834759235
43.28875677,-79.86272158,2.006980896
43.28875064,-79.86210537,2.181344986
43.28874451,-79.86148916,2.321383953
43.28873837,-79.86087296,2.417105436
43.28873223,-79.86025675,2.472168922
43.28872609,-79.85964055,2.490257263
43.28871995,-79.85902434,2.476800203
43.2887138,-79.85840813,2.440401793
43.28870764,-79.85779193,2.390206575
43.28870149,-79.85717572,2.334115505
43.28869533,-79.85655952,2.278450012
43.28868917,-79.85594332,2.227828264
43.288683,-79.85532711,2.185031652
43.28867683,-79.85471091,2.150974274
43.28867066,-79.8540947,2.124910593
43.28866449,-79.8534785,2.104905128
43.28865831,-79.8528623,2.088417053
43.28865213,-79.85224609,2.07284236
43.28864594,-79.85162989,2.055914164
43.28863975,-79.85101369,2.035946608
43.28863356,-79.85039748,2.011938334
43.28862736,-79.84978128,1.983576536
43.28862117,-79.84916508,1.951169252
43.28861496,-79.84854888,1.915534854
43.28860876,-79.84793267,1.877866268
43.28860255,-79.84731647,1.839586377
43.28859634,-79.84670027,1.802207351
43.28859012,-79.84608407,1.767196655
43.2885839,-79.84546787,1.735853314
43.28857768,-79.84485167,1.709195137
43.28857146,-79.84423547,1.687866092
43.28856523,-79.84361927,1.672080994
43.288559,-79.84300307,1.661624193
43.28855276,-79.84238687,1.655908942
43.28854652,-79.84177067,1.65408659
43.28854028,-79.84115447,1.655177474
43.28853404,-79.84053827,1.658192158
43.28852779,-79.83992207,1.66221714
43.28852154,-79.83930587,1.666459322
43.28851528,-79.83868967,1.670255661
43.28850902,-79.83807347,1.673066258
43.28850276,-79.83745727,1.674464822
43.28849649,-79.83684107,1.674133897
43.28849023,-79.83622488,1.671867013
43.28848395,-79.83560868,1.667569995
43.28847768,-79.83499248,1.66125989
43.2884714,-79.83437628,1.653056622
43.28846512,-79.83376008,1.643167257
43.28845884,-79.83314389,1.631864429
43.28845255,-79.83252769,1.619462252
43.28844626,-79.83191149,1.606292009
43.28843996,-79.8312953,1.592680812
43.28843366,-79.8306791,1.578933597
43.28842736,-79.8300629,1.565322757
43.28842106,-79.82944671,1.55208087
43.28841475,-79.82883051,1.539399624
43.28840844,-79.82821432,1.527431369
43.28840212,-79.82759812,1.516291142
43.2883958,-79.82698193,1.506060123
43.28838948,-79.82636573,1.496787548
43.28838316,-79.82574954,1.488494873
43.28837683,-79.82513334,1.481180906
43.2883705,-79.82451715,1.47482717
43.28836416,-79.82390095,1.469401002
43.28835782,-79.82328476,1.464855313
43.28835148,-79.82266857,1.461128354
43.28834514,-79.82205237,1.458144903
43.28833879,-79.82143618,1.455821276
43.28833244,-79.82081998,1.454071283
43.28832608,-79.82020379,1.45281291
43.28831973,-79.8195876,1.451971889
43.28831337,-79.81897141,1.45148468
43.288307,-79.81835521,1.451298118
43.28830063,-79.81773902,1.451369405
43.28829426,-79.81712283,1.451664925
43.28828789,-79.81650664,1.452160954
43.28828151,-79.81589045,1.45284164
43.28827513,-79.81527426,1.45369947
43.28826874,-79.81465806,1.454733968
43.28826236,-79.81404187,1.455950499
43.28825596,-79.81342568,1.457360148
43.28824957,-79.81280949,1.458978772
43.28824317,-79.8121933,1.460826755
43.28823677,-79.81157711,1.462928295
43.28823037,-79.81096092,1.465310216
43.28822396,-79.81034473,1.468000889
43.28821755,-79.80972854,1.471027851
43.28821113,-79.80911235,1.474415898
43.28820472,-79.80849616,1.478184938
43.28819829,-79.80787997,1.482348084
43.28819187,-79.80726379,1.486911416
43.28818544,-79.8066476,1.491875172
43.28817901,-79.80603141,1.497236013
43.28817258,-79.80541522,1.502991676
43.28816614,-79.80479903,1.509146452
43.2881597,-79.80418284,1.51571691
43.28815325,-79.80356666,1.522736311
43.28814681,-79.80295047,1.530256867
43.28814036,-79.80233428,1.538347363
43.2881339,-79.8017181,1.547087669
43.28812744,-79.80110191,1.556558609
43.28812098,-79.80048572,1.566826224
43.28811452,-79.79986954,1.577920318
43.28810805,-79.79925335,1.589800596
43.28810158,-79.79863716,1.602307439
43.28809511,-79.79802098,1.61510253
43.28808863,-79.79740479,1.627615452
43.28808215,-79.79678861,1.639038444
43.28807566,-79.79617242,1.648407936
43.28806918,-79.79555624,1.654761791
43.28806269,-79.79494005,1.657320619
43.28805619,-79.79432387,1.656136155
43.2880497,-79.79370768,1.649785757
43.28804319,-79.7930915,1.656526923
43.28944935,-79.88736178,0.480765015
43.28941934,-79.88428069,0.477525085
43.28941333,-79.88366448,0.475904703
43.28940731,-79.88304826,0.474502087
43.28939527,-79.88181582,0.472586006
43.28938924,-79.88119961,0.471971393
43.2892314,-79.86517803,1.670470238
43.28922528,-79.86456182,1.729236007
43.28921916,-79.86394561,1.831223726
43.28921304,-79.8633294,1.981318116
43.28920691,-79.86271319,2.176856041
43.28920078,-79.86209698,2.368335962
43.28919465,-79.86148077,2.501453161
43.28918851,-79.86086456,2.581620216
43.28918238,-79.86024834,2.621952534
43.28917623,-79.85963213,2.620964527
43.28917009,-79.85901592,2.582841158
43.28916394,-79.85839971,2.52099824
43.28915779,-79.85778351,2.44796586
43.28915163,-79.8571673,2.372374773
43.28914547,-79.85655109,2.300471783
43.28913931,-79.85593488,2.236600399
43.28913314,-79.85531867,2.183264494
43.28912698,-79.85470246,2.141201496
43.2891208,-79.85408625,2.1095016
43.28911463,-79.85347004,2.085995197
43.28910845,-79.85285384,2.067841291
43.28910227,-79.85223763,2.05210948
43.28909608,-79.85162142,2.03622365
43.28908989,-79.85100521,2.018231869
43.2890837,-79.85038901,1.996916533
43.2890775,-79.8497728,1.971788406
43.28907131,-79.84915659,1.943003774
43.2890651,-79.84854038,1.911236525
43.2890589,-79.84792418,1.877529144
43.28905269,-79.84730797,1.843140483
43.28904648,-79.84669177,1.809402943
43.28904026,-79.84607556,1.777594805
43.28903404,-79.84545935,1.74883163
43.28902782,-79.84484315,1.723977685
43.2890216,-79.84422694,1.703580976
43.28901537,-79.84361074,1.6878407
43.28900914,-79.84299453,1.676613331
43.2890029,-79.84237833,1.669458151
43.28899666,-79.84176212,1.665715694
43.28899042,-79.84114592,1.664600968
43.28898417,-79.84052972,1.665292263
43.28897793,-79.83991351,1.667000175
43.28897167,-79.83929731,1.669012189
43.28896542,-79.8386811,1.670712948
43.28895916,-79.8380649,1.67159307
43.2889529,-79.8374487,1.671249747
43.28894663,-79.83683249,1.669387937
43.28894037,-79.83621629,1.665820956
43.28893409,-79.83560009,1.660468817
43.28892782,-79.83498389,1.653352857
43.28892154,-79.83436769,1.644585967
43.28891526,-79.83375148,1.634356141
43.28890897,-79.83313528,1.622907519
43.28890268,-79.83251908,1.610519886
43.28889639,-79.83190288,1.597488046
43.2888901,-79.83128668,1.5841043
43.2888838,-79.83067048,1.570643663
43.2888775,-79.83005428,1.557353973
43.28887119,-79.82943808,1.544449925
43.28886489,-79.82882187,1.532110095
43.28885857,-79.82820567,1.520477772
43.28885226,-79.82758947,1.509661198
43.28884594,-79.82697327,1.499737024
43.28883962,-79.82635708,1.490751147
43.28883329,-79.82574088,1.482722998
43.28882697,-79.82512468,1.475648999
43.28882063,-79.82450848,1.469506145
43.2888143,-79.82389228,1.464255929
43.28880796,-79.82327608,1.459846139
43.28880162,-79.82265988,1.456212044
43.28879527,-79.82204368,1.453279972
43.28878893,-79.82142749,1.450970769
43.28878258,-79.82081129,1.449204803
43.28877622,-79.82019509,1.447906733
43.28876986,-79.81957889,1.447008252
43.2887635,-79.8189627,1.446450233
43.28875714,-79.8183465,1.446182489
43.28875077,-79.8177303,1.446164727
43.2887444,-79.81711411,1.446365476
43.28873802,-79.81649791,1.446762443
43.28873164,-79.81588171,1.4473418
43.28872526,-79.81526552,1.448098183
43.28871888,-79.81464932,1.449032903
43.28871249,-79.81403313,1.450154781
43.2887061,-79.81341693,1.451477885
43.2886997,-79.81280074,1.453022122
43.28869331,-79.81218454,1.454811335
43.28868691,-79.81156835,1.45687294
43.2886805,-79.81095215,1.459236026
43.28867409,-79.81033596,1.461928964
43.28866768,-79.80971976,1.464977384
43.28866127,-79.80910357,1.468401313
43.28865485,-79.80848738,1.472212553
43.28864843,-79.80787118,1.476413131
43.288642,-79.80725499,1.480995297
43.28863558,-79.8066388,1.485943079
43.28862915,-79.8060226,1.491235733
43.28862271,-79.80540641,1.496853471
43.28861627,-79.80479022,1.502783418
43.28860983,-79.80417403,1.509026289
43.28860339,-79.80355783,1.515600085
43.28859694,-79.80294164,1.522541404
43.28859049,-79.80232545,1.529901385
43.28858404,-79.80170926,1.537737966
43.28857758,-79.80109307,1.546103954
43.28857112,-79.80047688,1.555028915
43.28856465,-79.79986068,1.564493179
43.28855818,-79.79924449,1.574387193
43.28855171,-79.7986283,1.584458709
43.28854524,-79.79801211,1.59426105
43.28853876,-79.79739592,1.603143573
43.28853228,-79.79677973,1.610341549
43.2885258,-79.79616354,1.615188122
43.28851931,-79.79554735,1.617370486
43.28851282,-79.79493117,1.617154002
43.28850632,-79.79431498,1.615765572
43.28849983,-79.79369879,1.615507603
43.28849333,-79.7930826,1.61936903
43.28995928,-79.89351582,0.490512192
43.2898815,-79.88550491,0.48163861
43.28986948,-79.88427246,0.477756411
43.28986347,-79.88365624,0.475955606
43.28984541,-79.88180758,0.472466707
43.28983939,-79.88119135,0.471880108
43.28967542,-79.86455345,1.822143316
43.2896693,-79.86393723,1.92663455
43.28966318,-79.86332102,2.070816278
43.28965705,-79.8627048,2.290125132
43.28965093,-79.86208858,2.516551256
43.28964479,-79.86147237,2.634247065
43.28963866,-79.86085615,2.6985116
43.28963252,-79.86023994,2.737807751
43.28962638,-79.85962372,2.726197481
43.28962023,-79.85900751,2.663268089
43.28961408,-79.85839129,2.576677322
43.28960793,-79.85777508,2.484631777
43.28960177,-79.85715887,2.394024849
43.28959561,-79.85654265,2.309943438
43.28958945,-79.85592644,2.236358881
43.28958329,-79.85531023,2.175354481
43.28957712,-79.85469401,2.127412081
43.28957094,-79.8540778,2.091519594
43.28956477,-79.85346159,2.065398693
43.28955859,-79.85284537,2.046042442
43.28955241,-79.85222916,2.030315399
43.28954622,-79.85161295,2.015427351
43.28954003,-79.85099674,1.999226451
43.28953384,-79.85038053,1.980320573
43.28952765,-79.84976431,1.958069444
43.28952145,-79.8491481,1.932493806
43.28951524,-79.84853189,1.904137611
43.28950904,-79.84791568,1.873910904
43.28950283,-79.84729947,1.842933178
43.28949662,-79.84668326,1.812389851
43.2894904,-79.84606705,1.783410192
43.28948418,-79.84545084,1.75696969
43.28947796,-79.84483463,1.733817458
43.28947174,-79.84421842,1.714429021
43.28946551,-79.84360221,1.698988199
43.28945928,-79.842986,1.687396169
43.28945304,-79.84236979,1.679310083
43.2894468,-79.84175358,1.674201846
43.28944056,-79.84113737,1.671427488
43.28943431,-79.84052116,1.670295715
43.28942807,-79.83990496,1.670123458
43.28942181,-79.83928875,1.670278192
43.28941556,-79.83867254,1.670202255
43.2894093,-79.83805633,1.669428468
43.28940304,-79.83744012,1.66758728
43.28939677,-79.83682392,1.664409995
43.2893905,-79.83620771,1.659730315
43.28938423,-79.8355915,1.653480172
43.28937796,-79.83497529,1.645684004
43.28937168,-79.83435909,1.636446953
43.2893654,-79.83374288,1.625939846
43.28935911,-79.83312668,1.614382744
43.28935282,-79.83251047,1.602026105
43.28934653,-79.83189426,1.589134455
43.28934024,-79.83127806,1.575970292
43.28933394,-79.83066185,1.562782884
43.28932764,-79.83004565,1.549798369
43.28932133,-79.82942944,1.537214518
43.28931502,-79.82881324,1.525197029
43.28930871,-79.82819703,1.513879657
43.2893024,-79.82758083,1.503363371
43.28929608,-79.82696462,1.493719101
43.28928976,-79.82634842,1.484988928
43.28928343,-79.82573222,1.477189183
43.2892771,-79.82511601,1.47031343
43.28927077,-79.82449981,1.464336157
43.28926444,-79.8238836,1.459216118
43.2892581,-79.8232674,1.454898834
43.28925176,-79.8226512,1.451319695
43.28924541,-79.822035,1.448407054
43.28923906,-79.82141879,1.446086407
43.28923271,-79.82080259,1.444283366
43.28922636,-79.82018639,1.442928314
43.28922,-79.81957019,1.441957593
43.28921364,-79.81895399,1.441315651
43.28920727,-79.81833778,1.440955997
43.2892009,-79.81772158,1.440840364
43.28919453,-79.81710538,1.440940142
43.28918816,-79.81648918,1.441235185
43.28918178,-79.81587298,1.441714406
43.2891754,-79.81525678,1.442374587
43.28916901,-79.81464058,1.443220496
43.28916263,-79.81402438,1.444264054
43.28915623,-79.81340818,1.445523262
43.28914984,-79.81279198,1.447021842
43.28914344,-79.81217578,1.448787451
43.28913704,-79.81155958,1.450850606
43.28913064,-79.81094338,1.453242064
43.28912423,-79.81032718,1.455990195
43.28911782,-79.80971098,1.45911777
43.2891114,-79.80909479,1.462638974
43.28910498,-79.80847859,1.466556549
43.28909856,-79.80786239,1.470860243
43.28909214,-79.80724619,1.475527048
43.28908571,-79.80662999,1.480523825
43.28907928,-79.8060138,1.485811949
43.28907285,-79.8053976,1.491353869
43.28906641,-79.8047814,1.49712038
43.28905997,-79.80416521,1.503097534
43.28905352,-79.80354901,1.509289145
43.28904707,-79.80293281,1.515717268
43.28904062,-79.80231662,1.522415042
43.28903417,-79.80170042,1.529416203
43.28902771,-79.80108422,1.536740541
43.28902125,-79.80046803,1.544374943
43.28901479,-79.79985183,1.552247047
43.28900832,-79.79923564,1.560189366
43.28900185,-79.79861944,1.567896366
43.28899537,-79.79800325,1.574896693
43.28898889,-79.79738705,1.580586314
43.28898241,-79.79677086,1.584376454
43.28897593,-79.79615467,1.585952878
43.28896944,-79.79553847,1.585545897
43.28896295,-79.79492228,1.584157825
43.28895646,-79.79430608,1.583838701
43.28894996,-79.79368989,1.58734262
43.29040943,-79.89350766,0.490595013
43.29040347,-79.89289143,0.490672797
43.29034365,-79.88672914,0.484913707
43.29033765,-79.88611292,0.48374331
43.29032564,-79.88488046,0.479797393
43.29031963,-79.88426423,0.477643013
43.29031362,-79.88364801,0.475793391
43.2903076,-79.88303178,0.47433421
43.29030158,-79.88241555,0.473252505
43.29029556,-79.88179933,0.472502202
43.29011945,-79.86392885,1.971688986
43.29011332,-79.86331263,2.047596931
43.2901072,-79.86269641,2.213000774
43.29010107,-79.86208019,2.515968323
43.29009494,-79.86146397,2.606976748
43.2900888,-79.86084775,2.687490463
43.29008266,-79.86023153,2.775079966
43.29007652,-79.85961531,2.778202534
43.29007037,-79.85899909,2.688772917
43.29006422,-79.85838287,2.581316233
43.29005807,-79.85776666,2.482025623
43.29005192,-79.85715044,2.387696028
43.29004576,-79.85653422,2.299706459
43.29003959,-79.855918,2.222498178
43.29003343,-79.85530178,2.158393145
43.29002726,-79.85468557,2.107867002
43.29002109,-79.85406935,2.070021391
43.29001491,-79.85345313,2.042690277
43.29000873,-79.85283691,2.02290535
43.29000255,-79.8522207,2.007503748
43.28999636,-79.85160448,1.993624806
43.28999017,-79.85098826,1.979023099
43.28998398,-79.85037205,1.962205768
43.28997779,-79.84975583,1.942430735
43.28997159,-79.84913961,1.919615865
43.28996539,-79.8485234,1.894199252
43.28995918,-79.84790718,1.866979957
43.28995297,-79.84729097,1.838960767
43.28994676,-79.84667475,1.811206341
43.28994054,-79.84605854,1.784726858
43.28993432,-79.84544232,1.760387897
43.2899281,-79.84482611,1.738849044
43.28992188,-79.84420989,1.720528603
43.28991565,-79.84359368,1.705593228
43.28990942,-79.84297747,1.693970203
43.28990318,-79.84236125,1.685380697
43.28989694,-79.84174504,1.679386854
43.2898907,-79.84112883,1.67544651
43.28988445,-79.84051261,1.672967315
43.2898782,-79.8398964,1.671354532
43.28987195,-79.83928019,1.67004776
43.2898657,-79.83866397,1.668547273
43.28985944,-79.83804776,1.666431308
43.28985318,-79.83743155,1.663366556
43.28984691,-79.83681534,1.659112811
43.28984064,-79.83619913,1.653524041
43.28983437,-79.83558291,1.646544456
43.2898281,-79.8349667,1.638200879
43.28982182,-79.83435049,1.62859261
43.28981553,-79.83373428,1.617876768
43.28980925,-79.83311807,1.606253147
43.28980296,-79.83250186,1.593948722
43.28979667,-79.83188565,1.581202745
43.28979037,-79.83126944,1.568253517
43.28978408,-79.83065323,1.555327892
43.28977777,-79.83003702,1.542633176
43.28977147,-79.82942081,1.530351639
43.28976516,-79.8288046,1.518636703
43.28975885,-79.82818839,1.507612348
43.28975253,-79.82757218,1.497372508
43.28974621,-79.82695597,1.487981915
43.28973989,-79.82633976,1.479478359
43.28973357,-79.82572355,1.471874952
43.28972724,-79.82510735,1.465162992
43.28972091,-79.82449114,1.459315062
43.28971457,-79.82387493,1.45428896
43.28970823,-79.82325872,1.450030208
43.28970189,-79.82264252,1.446475506
43.28969555,-79.82202631,1.443556309
43.2896892,-79.8214101,1.441202283
43.28968285,-79.82079389,1.43934381
43.28967649,-79.82017769,1.437915802
43.28967013,-79.81956148,1.436859012
43.28966377,-79.81894527,1.436121821
43.28965741,-79.81832907,1.435660481
43.28965104,-79.81771286,1.435440183
43.28964467,-79.81709666,1.435435057
43.28963829,-79.81648045,1.435628057
43.28963192,-79.81586425,1.436010957
43.28962553,-79.81524804,1.436583877
43.28961915,-79.81463184,1.43735528
43.28961276,-79.81401563,1.438340902
43.28960637,-79.81339943,1.439563036
43.28959997,-79.81278322,1.441049337
43.28959358,-79.81216702,1.442831635
43.28958718,-79.81155082,1.444943428
43.28958077,-79.81093461,1.447417021
43.28957436,-79.81031841,1.45028019
43.28956795,-79.80970221,1.453552723
43.28956154,-79.809086,1.457242012
43.28955512,-79.8084698,1.461340904
43.2895487,-79.8078536,1.465825915
43.28954227,-79.80723739,1.470658183
43.28953584,-79.80662119,1.475787401
43.28952941,-79.80600499,1.481157303
43.28952298,-79.80538879,1.486714363
43.28951654,-79.80477259,1.492415428
43.2895101,-79.80415639,1.498234749
43.28950366,-79.80354018,1.504166126
43.28949721,-79.80292398,1.510218978
43.28949076,-79.80230778,1.516409278
43.2894843,-79.80169158,1.52274394
43.28947784,-79.80107538,1.529203057
43.28947138,-79.80045918,1.535719514
43.28946492,-79.79984298,1.542159319
43.28945845,-79.79922678,1.548300266
43.28945198,-79.79861058,1.553814769
43.2894455,-79.79799438,1.558278084
43.28943903,-79.79737818,1.561237097
43.28943255,-79.79676199,1.562370062
43.28942606,-79.79614579,1.561713338
43.28941957,-79.79552959,1.559897542
43.28941308,-79.79491339,1.558337092
43.28940659,-79.79429719,1.559130788
43.28940009,-79.79368099,1.563992381
43.29085361,-79.89288326,0.490751207
43.29084765,-79.89226703,0.490827411
43.29084168,-79.8916508,0.490898311
43.2908357,-79.89103456,0.490973294
43.2907938,-79.88672093,0.485588193
43.2907878,-79.8861047,0.484153301
43.29075173,-79.88240731,0.473205
43.2907457,-79.88179108,0.472633213
43.29056347,-79.86330425,1.96152246
43.29055734,-79.86268802,1.969726801
43.29055121,-79.8620718,2.190891504
43.29054508,-79.86145557,2.324509859
43.29053894,-79.86083935,2.456949234
43.2905328,-79.86022313,2.674875498
43.29052666,-79.8596069,2.744333029
43.29052051,-79.85899068,2.627398252
43.29051437,-79.85837445,2.510555983
43.29050821,-79.85775823,2.425286293
43.29050206,-79.85714201,2.344920158
43.2904959,-79.85652579,2.265037775
43.29048974,-79.85590956,2.192282438
43.29048357,-79.85529334,2.130749464
43.2904774,-79.85467712,2.081634045
43.29047123,-79.8540609,2.044541121
43.29046505,-79.85344467,2.017708778
43.29045887,-79.85282845,1.998452663
43.29045269,-79.85221223,1.983792186
43.2904465,-79.85159601,1.970966101
43.29044032,-79.85097979,1.957766414
43.29043412,-79.85036357,1.942692995
43.29042793,-79.84974735,1.924966216
43.29042173,-79.84913113,1.904444814
43.29041553,-79.84851491,1.881491661
43.29040932,-79.84789869,1.856818318
43.29040311,-79.84728247,1.831331849
43.2903969,-79.84666625,1.805997968
43.29039068,-79.84605003,1.781728864
43.29038446,-79.84543381,1.759301305
43.29037824,-79.84481759,1.739302397
43.29037202,-79.84420137,1.722102165
43.29036579,-79.84358515,1.707847834
43.29035956,-79.84296893,1.696478605
43.29035332,-79.84235271,1.687755108
43.29034708,-79.8417365,1.681299448
43.29034084,-79.84112028,1.676641226
43.29033459,-79.84050406,1.673262
43.29032834,-79.83988784,1.670636415
43.29032209,-79.83927163,1.668265343
43.29031584,-79.83865541,1.665701628
43.29030958,-79.83803919,1.662567258
43.29030332,-79.83742297,1.658564568
43.29029705,-79.83680676,1.653481603
43.29029078,-79.83619054,1.647192478
43.29028451,-79.83557433,1.639653802
43.29027823,-79.83495811,1.630896926
43.29027196,-79.83434189,1.621017218
43.29026567,-79.83372568,1.610161781
43.29025939,-79.83310946,1.598515153
43.2902531,-79.83249325,1.58628583
43.29024681,-79.83187703,1.573692679
43.29024051,-79.83126082,1.560954452
43.29023421,-79.8306446,1.548279285
43.29022791,-79.83002839,1.535858393
43.29022161,-79.82941217,1.523859859
43.2902153,-79.82879596,1.512426019
43.29020899,-79.82817975,1.501671553
43.29020267,-79.82756353,1.491683006
43.29019635,-79.82694732,1.482519388
43.29019003,-79.82633111,1.474214196
43.2901837,-79.82571489,1.466777563
43.29017738,-79.82509868,1.460198641
43.29017104,-79.82448247,1.454449296
43.29016471,-79.82386626,1.44948709
43.29015837,-79.82325004,1.445258856
43.29015203,-79.82263383,1.441703439
43.29014568,-79.82201762,1.438755751
43.29013934,-79.82140141,1.436349154
43.29013298,-79.8207852,1.434418678
43.29012663,-79.82016899,1.432903647
43.29012027,-79.81955277,1.431748867
43.29011391,-79.81893656,1.430906296
43.29010754,-79.81832035,1.430335999
43.29010118,-79.81770414,1.430006623
43.2900948,-79.81708793,1.42989552
43.29008843,-79.81647172,1.429989338
43.29008205,-79.81585551,1.430283546
43.29007567,-79.8152393,1.43078208
43.29006928,-79.81462309,1.431497455
43.2900629,-79.81400688,1.432449698
43.2900565,-79.81339068,1.433665991
43.29005011,-79.81277447,1.435178399
43.29004371,-79.81215826,1.437022924
43.29003731,-79.81154205,1.439236045
43.29003091,-79.81092584,1.441851735
43.2900245,-79.81030963,1.444897056
43.29001809,-79.80969343,1.44838798
43.29001167,-79.80907722,1.452325344
43.29000525,-79.80846101,1.456691146
43.28999883,-79.8078448,1.461448669
43.28999241,-79.8072286,1.466543436
43.28998598,-79.80661239,1.471908569
43.28997955,-79.80599618,1.477472544
43.28997311,-79.80537998,1.483169079
43.28996667,-79.80476377,1.488945723
43.28996023,-79.80414757,1.494770885
43.28995379,-79.80353136,1.500633359
43.28994734,-79.80291515,1.506535411
43.28994089,-79.80229895,1.512476921
43.28993443,-79.80168274,1.518433809
43.28992798,-79.80106654,1.524334311
43.28992152,-79.80045033,1.530038595
43.28991505,-79.79983413,1.535328031
43.28990858,-79.79921793,1.539909244
43.28990211,-79.79860172,1.543437243
43.28989564,-79.79798552,1.545570135
43.28988916,-79.79736931,1.546065211
43.28988268,-79.79675311,1.544903874
43.28987619,-79.79613691,1.542430162
43.28986971,-79.7955207,1.539587259
43.28986321,-79.7949045,1.538045287
43.28985672,-79.7942883,1.539723516
43.29129182,-79.89164262,0.490929902
43.29128585,-79.89102638,0.490908295
43.29127987,-79.89041014,0.490747303
43.29127389,-79.88979391,0.490420789
43.29126791,-79.88917767,0.489910305
43.29126192,-79.88856143,0.489116907
43.29124394,-79.88671272,0.486123502
43.29123794,-79.88609648,0.48469159
43.29121391,-79.88363154,0.474703997
43.29120187,-79.88239907,0.473154604
43.29100748,-79.86267963,1.913004279
43.29100135,-79.86206341,1.909340739
43.29099522,-79.86144718,1.863888025
43.29098909,-79.86083095,1.909126639
43.29098295,-79.86021472,2.236144066
43.2909768,-79.85959849,2.469911098
43.29097066,-79.85898226,2.422453165
43.29096451,-79.85836603,2.356698275
43.29095835,-79.85774981,2.316091776
43.2909522,-79.85713358,2.267034769
43.29094604,-79.85651735,2.206832647
43.29093988,-79.85590112,2.146445036
43.29093371,-79.8552849,2.092963457
43.29092754,-79.85466867,2.049104929
43.29092137,-79.85405244,2.015390158
43.29091519,-79.85343622,1.990723372
43.29090901,-79.85281999,1.972928047
43.29090283,-79.85220377,1.959402919
43.29089665,-79.85158754,1.947651744
43.29089046,-79.85097131,1.93563354
43.29088426,-79.85035509,1.921937466
43.29087807,-79.84973886,1.905814648
43.29087187,-79.84912264,1.887111902
43.29086567,-79.84850641,1.866149783
43.29085946,-79.84789019,1.84357667
43.29085325,-79.84727396,1.82022357
43.29084704,-79.84665774,1.796973825
43.29084082,-79.84604152,1.774658442
43.2908346,-79.84542529,1.753979683
43.29082838,-79.84480907,1.735463023
43.29082216,-79.84419284,1.719434738
43.29081593,-79.84357662,1.706019878
43.29080969,-79.8429604,1.695157766
43.29080346,-79.84234418,1.686629772
43.29079722,-79.84172795,1.680095315
43.29079098,-79.84111173,1.675131083
43.29078473,-79.84049551,1.671270967
43.29077848,-79.83987929,1.668041706
43.29077223,-79.83926306,1.664993405
43.29076598,-79.83864684,1.661723018
43.29075972,-79.83803062,1.657891393
43.29075345,-79.8374144,1.653233886
43.29074719,-79.83679818,1.647565484
43.29074092,-79.83618196,1.640780449
43.29073465,-79.83556574,1.63284862
43.29072837,-79.83494952,1.623807549
43.29072209,-79.8343333,1.613752365
43.29071581,-79.83371708,1.602823615
43.29070953,-79.83310086,1.591195464
43.29070324,-79.83248464,1.579062223
43.29069695,-79.83186842,1.566627979
43.29069065,-79.8312522,1.554095387
43.29068435,-79.83063598,1.541657567
43.29067805,-79.83001976,1.529492021
43.29067174,-79.82940354,1.517754793
43.29066543,-79.82878732,1.506577969
43.29065912,-79.8281711,1.496067643
43.29065281,-79.82755489,1.486303329
43.29064649,-79.82693867,1.477338791
43.29064017,-79.82632245,1.469203591
43.29063384,-79.82570623,1.461904883
43.29062751,-79.82509002,1.455430388
43.29062118,-79.8244738,1.449751735
43.29061485,-79.82385758,1.44482708
43.29060851,-79.82324136,1.440604806
43.29060217,-79.82262515,1.437026739
43.29059582,-79.82200893,1.43403089
43.29058947,-79.82139272,1.431554794
43.29058312,-79.8207765,1.429537773
43.29057677,-79.82016028,1.427923083
43.29057041,-79.81954407,1.426660061
43.29056404,-79.81892785,1.425704598
43.29055768,-79.81831164,1.425020576
43.29055131,-79.81769542,1.424580574
43.29054494,-79.81707921,1.424366117
43.29053856,-79.81646299,1.424367547
43.29053219,-79.81584678,1.424584508
43.2905258,-79.81523057,1.425025463
43.29051942,-79.81461435,1.425707698
43.29051303,-79.81399814,1.426656008
43.29050664,-79.81338192,1.42790246
43.29050024,-79.81276571,1.429484248
43.29049385,-79.8121495,1.431441426
43.29048744,-79.81153328,1.433814049
43.29048104,-79.81091707,1.436637759
43.29047463,-79.81030086,1.439938784
43.29046822,-79.80968465,1.443729639
43.29046181,-79.80906844,1.44800365
43.29045539,-79.80845222,1.452732801
43.29044897,-79.80783601,1.457867384
43.29044254,-79.8072198,1.463338256
43.29043611,-79.80660359,1.469064593
43.29042968,-79.80598738,1.474963188
43.29042325,-79.80537117,1.480960488
43.29041681,-79.80475496,1.487002134
43.29041037,-79.80413875,1.493058681
43.29040392,-79.80352254,1.499123216
43.29039747,-79.80290633,1.505197406
43.29039102,-79.80229012,1.511267304
43.29038457,-79.80167391,1.517271638
43.29037811,-79.8010577,1.523068905
43.29037165,-79.80044149,1.528415442
43.29036518,-79.79982528,1.532966256
43.29035872,-79.79920907,1.536313772
43.29035224,-79.79859286,1.53806603
43.29034577,-79.79797665,1.537961125
43.29033929,-79.79736044,1.535986304
43.29033281,-79.79674424,1.532428026
43.29032633,-79.79612803,1.527894139
43.29031984,-79.79551182,1.52364099
43.29031335,-79.79489561,1.521654487
43.29030685,-79.79427941,1.524940729
43.29174197,-79.89163445,0.490972102
43.291736,-79.8910182,0.490924686
43.29173002,-79.89040196,0.490767807
43.29172404,-79.88978572,0.490489095
43.29171806,-79.88916948,0.490058988
43.29171207,-79.88855323,0.489426613
43.29170608,-79.88793699,0.488598585
43.2914515,-79.86205501,1.654037237
43.29144536,-79.86143878,1.386851668
43.29143923,-79.86082254,1.149535537
43.29143309,-79.86020631,1.366352797
43.29142695,-79.85959008,1.893686891
43.2914208,-79.85897385,2.089819431
43.29141465,-79.85835761,2.156766891
43.2914085,-79.85774138,2.180030346
43.29140234,-79.85712515,2.168373585
43.29139618,-79.85650892,2.133077383
43.29139002,-79.85589269,2.089724302
43.29138385,-79.85527645,2.047942638
43.29137768,-79.85466022,2.012084246
43.29137151,-79.85404399,1.983699203
43.29136533,-79.85342776,1.96245265
43.29135916,-79.85281153,1.946800351
43.29135297,-79.8521953,1.93465662
43.29134679,-79.85157907,1.92391634
43.2913406,-79.85096284,1.912811041
43.2913344,-79.85034661,1.900100589
43.29132821,-79.84973038,1.885127544
43.29132201,-79.84911415,1.867770433
43.29131581,-79.84849792,1.848338723
43.2913096,-79.84788169,1.827440143
43.29130339,-79.84726546,1.80584693
43.29129718,-79.84664923,1.784375191
43.29129096,-79.846033,1.763786554
43.29128474,-79.84541678,1.744719028
43.29127852,-79.84480055,1.72764349
43.2912723,-79.84418432,1.712844014
43.29126607,-79.84356809,1.700419903
43.29125983,-79.84295186,1.690300465
43.2912536,-79.84233564,1.682272434
43.29124736,-79.84171941,1.676013112
43.29124112,-79.84110318,1.671126842
43.29123487,-79.84048696,1.667180538
43.29122862,-79.83987073,1.66373682
43.29122237,-79.8392545,1.660382152
43.29121611,-79.83863828,1.656748414
43.29120986,-79.83802205,1.652529001
43.29120359,-79.83740582,1.647488832
43.29119733,-79.8367896,1.64146769
43.29119106,-79.83617337,1.634380221
43.29118479,-79.83555715,1.62621057
43.29117851,-79.83494092,1.617004991
43.29117223,-79.8343247,1.606861591
43.29116595,-79.83370847,1.595918894
43.29115966,-79.83309225,1.584344745
43.29115338,-79.83247602,1.572324514
43.29114708,-79.8318598,1.560050964
43.29114079,-79.83124358,1.54771471
43.29113449,-79.83062735,1.535497546
43.29112819,-79.83001113,1.523565173
43.29112188,-79.82939491,1.512063622
43.29111557,-79.82877868,1.501116037
43.29110926,-79.82816246,1.490820646
43.29110294,-79.82754624,1.481251001
43.29109663,-79.82693002,1.47245574
43.2910903,-79.82631379,1.46446085
43.29108398,-79.82569757,1.457271099
43.29107765,-79.82508135,1.450873256
43.29107132,-79.82446513,1.445238709
43.29106498,-79.82384891,1.440326929
43.29105864,-79.82323268,1.436088204
43.2910523,-79.82261646,1.432467103
43.29104596,-79.82200024,1.429405332
43.29103961,-79.82138402,1.426844358
43.29103326,-79.8207678,1.424727678
43.2910269,-79.82015158,1.423003078
43.29102054,-79.81953536,1.421623945
43.29101418,-79.81891914,1.420550585
43.29100782,-79.81830292,1.419751167
43.29100145,-79.8176867,1.419202685
43.29099508,-79.81707048,1.418890715
43.2909887,-79.81645426,1.418810487
43.29098232,-79.81583805,1.418966174
43.29097594,-79.81522183,1.419371128
43.29096955,-79.81460561,1.420047522
43.29096317,-79.81398939,1.421025753
43.29095677,-79.81337317,1.422343254
43.29095038,-79.81275695,1.424042344
43.29094398,-79.81214074,1.426167846
43.29093758,-79.81152452,1.42876339
43.29093117,-79.8109083,1.431866407
43.29092477,-79.81029208,1.435502887
43.29091835,-79.80967587,1.439681649
43.29091194,-79.80905965,1.444389582
43.29090552,-79.80844343,1.449588895
43.2908991,-79.80782722,1.455217957
43.29089267,-79.807211,1.461195707
43.29088625,-79.80659479,1.467430592
43.29087981,-79.80597857,1.473833203
43.29087338,-79.80536236,1.480330229
43.29086694,-79.80474614,1.486875176
43.2908605,-79.80412993,1.493453026
43.29085406,-79.80351371,1.500072479
43.29084761,-79.8028975,1.506744385
43.29084116,-79.80228128,1.513444543
43.2908347,-79.80166507,1.520067334
43.29082824,-79.80104885,1.526377916
43.29082178,-79.80043264,1.531984687
43.29081532,-79.79981643,1.536352634
43.29080885,-79.79920021,1.538884759
43.29080238,-79.798584,1.539074063
43.2907959,-79.79796779,1.536701202
43.29078942,-79.79735157,1.531986237
43.29078294,-79.79673536,1.525547624
43.29077646,-79.79611915,1.518279433
43.29076997,-79.79550294,1.511753321
43.29076348,-79.79488672,1.508711576
43.29216222,-79.88854504,0.489625812
43.29215623,-79.88792879,0.488879889
43.29189551,-79.86143038,1.075760365
43.29188937,-79.86081414,0.901960611
43.29188323,-79.8601979,1.096304536
43.29187709,-79.85958167,1.549427032
43.29187094,-79.85896543,1.841502666
43.29186479,-79.85834919,1.98710525
43.29185864,-79.85773296,2.053157091
43.29185248,-79.85711672,2.069506645
43.29184632,-79.85650048,2.055977821
43.29184016,-79.85588425,2.029426336
43.29183399,-79.85526801,2.000153542
43.29182782,-79.85465177,1.973324537
43.29182165,-79.85403554,1.951147318
43.29181548,-79.8534193,1.933905721
43.2918093,-79.85280307,1.920671701
43.29180311,-79.85218683,1.909917951
43.29179693,-79.8515706,1.899994254
43.29179074,-79.85095436,1.889468074
43.29178455,-79.85033813,1.877325535
43.29177835,-79.84972189,1.863045096
43.29177215,-79.84910566,1.846571326
43.29176595,-79.84848943,1.828227997
43.29175974,-79.84787319,1.808602571
43.29175353,-79.84725696,1.788423777
43.29174732,-79.84664073,1.768452525
43.2917411,-79.84602449,1.749391675
43.29173488,-79.84540826,1.731822133
43.29172866,-79.84479203,1.716163993
43.29172244,-79.84417579,1.702660084
43.29171621,-79.84355956,1.691378593
43.29170997,-79.84294333,1.682229757
43.29170374,-79.8423271,1.674991965
43.2916975,-79.84171087,1.669343829
43.29169126,-79.84109463,1.664899349
43.29168501,-79.8404784,1.661241531
43.29167876,-79.83986217,1.65795362
43.29167251,-79.83924594,1.654645324
43.29166625,-79.83862971,1.650974393
43.29165999,-79.83801348,1.64665997
43.29165373,-79.83739725,1.641492367
43.29164747,-79.83678102,1.63533473
43.2916412,-79.83616479,1.628121972
43.29163492,-79.83554856,1.61985445
43.29162865,-79.83493233,1.6105901
43.29162237,-79.8343161,1.600433588
43.29161609,-79.83369987,1.5895257
43.2916098,-79.83308364,1.578032374
43.29160351,-79.83246741,1.566133976
43.29159722,-79.83185118,1.554016232
43.29159093,-79.83123496,1.541861534
43.29158463,-79.83061873,1.529842377
43.29157832,-79.8300025,1.518115878
43.29157202,-79.82938627,1.506819487
43.29156571,-79.82877004,1.496068835
43.2915594,-79.82815382,1.485955596
43.29155308,-79.82753759,1.476547599
43.29154676,-79.82692136,1.467889428
43.29154044,-79.82630514,1.460003495
43.29153412,-79.82568891,1.4528929
43.29152779,-79.82507268,1.446543455
43.29152145,-79.82445646,1.440926909
43.29151512,-79.82384023,1.436003923
43.29150878,-79.823224,1.431727171
43.29150244,-79.82260778,1.4280442
43.29149609,-79.82199155,1.424900174
43.29148974,-79.82137533,1.422240496
43.29148339,-79.8207591,1.420013189
43.29147704,-79.82014288,1.418170333
43.29147068,-79.81952665,1.416669726
43.29146432,-79.81891043,1.415476441
43.29145795,-79.81829421,1.414563417
43.29145158,-79.81767798,1.413912058
43.29144521,-79.81706176,1.413513064
43.29143884,-79.81644553,1.413366199
43.29143246,-79.81582931,1.413480878
43.29142607,-79.81521309,1.413875699
43.29141969,-79.81459686,1.414578557
43.2914133,-79.81398064,1.415625453
43.29140691,-79.81336442,1.417059302
43.29140051,-79.8127482,1.418928146
43.29139412,-79.81213197,1.421282172
43.29138771,-79.81151575,1.424168706
43.29138131,-79.81089953,1.427627563
43.2913749,-79.81028331,1.431684613
43.29136849,-79.80966709,1.436345935
43.29136207,-79.80905087,1.441592455
43.29135566,-79.80843465,1.447378159
43.29134923,-79.80781843,1.453631401
43.29134281,-79.8072022,1.460261941
43.29133638,-79.80658598,1.467172384
43.29132995,-79.80596976,1.47427392
43.29132351,-79.80535354,1.481502891
43.29131707,-79.80473732,1.48883307
43.29131063,-79.8041211,1.496278048
43.29130419,-79.80350489,1.503877878
43.29129774,-79.80288867,1.511664629
43.29129129,-79.80227245,1.519610286
43.29128483,-79.80165623,1.527558446
43.29127838,-79.80104001,1.535157084
43.29127191,-79.80042379,1.541815281
43.29126545,-79.79980757,1.54672277
43.29125898,-79.79919136,1.548978448
43.29125251,-79.79857514,1.547840357
43.29124603,-79.79795892,1.543052435
43.29123956,-79.7973427,1.53507781
43.29123307,-79.79672649,1.524982572
43.29122659,-79.79611027,1.514077663
43.2912201,-79.79549405,1.50407362
43.29121361,-79.79487784,1.497810006
43.29254026,-79.88114184,0.4602319
43.29253423,-79.88052559,0.460123092
43.29233951,-79.86080574,1.000971675
43.29233337,-79.8601895,1.239742994
43.29232723,-79.85957326,1.527253032
43.29232108,-79.85895701,1.746877074
43.29231493,-79.85834077,1.883914471
43.29230878,-79.85772453,1.957636952
43.29230262,-79.85710829,1.986214638
43.29229646,-79.85649205,1.986388564
43.2922903,-79.85587581,1.972667813
43.29228414,-79.85525957,1.954182029
43.29227797,-79.85464333,1.935720205
43.29227179,-79.85402709,1.919501424
43.29226562,-79.85341085,1.906121016
43.29225944,-79.85279461,1.895132542
43.29225325,-79.85217837,1.885518074
43.29224707,-79.85156213,1.876078129
43.29224088,-79.85094589,1.865733624
43.29223469,-79.85032965,1.853722095
43.29222849,-79.84971341,1.839682698
43.29222229,-79.84909717,1.823648572
43.29221609,-79.84848093,1.805977583
43.29220988,-79.84786469,1.787252188
43.29220367,-79.84724846,1.768171668
43.29219746,-79.84663222,1.749452472
43.29219124,-79.84601598,1.73174727
43.29218502,-79.84539974,1.715586185
43.2921788,-79.84478351,1.701341271
43.29217258,-79.84416727,1.689212918
43.29216635,-79.84355103,1.679233074
43.29216011,-79.8429348,1.671283126
43.29215388,-79.84231856,1.665120244
43.29214764,-79.84170232,1.660409212
43.2921414,-79.84108609,1.656757355
43.29213515,-79.84046985,1.653747439
43.2921289,-79.83985361,1.650968432
43.29212265,-79.83923738,1.648041844
43.29211639,-79.83862114,1.644640803
43.29211013,-79.83800491,1.64050436
43.29210387,-79.83738867,1.635444164
43.2920976,-79.83677244,1.629345536
43.29209134,-79.8361562,1.622164488
43.29208506,-79.83553997,1.613919973
43.29207879,-79.83492374,1.604684711
43.29207251,-79.8343075,1.594574332
43.29206623,-79.83369127,1.583735943
43.29205994,-79.83307503,1.572338223
43.29205365,-79.8324588,1.560560465
43.29204736,-79.83184257,1.548585057
43.29204106,-79.83122634,1.536589026
43.29203476,-79.8306101,1.524738669
43.29202846,-79.82999387,1.513184547
43.29202216,-79.82937764,1.502057314
43.29201585,-79.82876141,1.491466403
43.29200953,-79.82814517,1.481498122
43.29200322,-79.82752894,1.472215295
43.2919969,-79.82691271,1.46365881
43.29199058,-79.82629648,1.455848575
43.29198425,-79.82568025,1.448785901
43.29197792,-79.82506402,1.442456007
43.29197159,-79.82444779,1.436831236
43.29196526,-79.82383156,1.431873679
43.29195892,-79.82321532,1.427538157
43.29195257,-79.82259909,1.423775196
43.29194623,-79.82198286,1.420533895
43.29193988,-79.82136664,1.417763472
43.29193353,-79.82075041,1.415416479
43.29192717,-79.82013418,1.413449407
43.29192081,-79.81951795,1.411825061
43.29191445,-79.81890172,1.410513282
43.29190809,-79.81828549,1.409491897
43.29190172,-79.81766926,1.408747435
43.29189535,-79.81705303,1.408275604
43.29188897,-79.8164368,1.40808177
43.29188259,-79.81582058,1.408180475
43.29187621,-79.81520435,1.408596039
43.29186982,-79.81458812,1.409362197
43.29186344,-79.81397189,1.410520673
43.29185704,-79.81335567,1.412120819
43.29185065,-79.81273944,1.414216638
43.29184425,-79.81212321,1.416863441
43.29183785,-79.81150699,1.420113206
43.29183144,-79.81089076,1.424008489
43.29182503,-79.81027453,1.428576112
43.29181862,-79.80965831,1.433819771
43.29181221,-79.80904208,1.439715981
43.29180579,-79.80842586,1.446211815
43.29179937,-79.80780963,1.453228235
43.29179294,-79.80719341,1.460669041
43.29178651,-79.80657718,1.468436003
43.29178008,-79.80596096,1.476448178
43.29177365,-79.80534473,1.484662414
43.29176721,-79.80472851,1.493086457
43.29176077,-79.80411228,1.501779199
43.29175432,-79.80349606,1.510828376
43.29174787,-79.80287984,1.520303011
43.29174142,-79.80226361,1.530180931
43.29173497,-79.80164739,1.540258646
43.29172851,-79.80103117,1.550054669
43.29172205,-79.80041494,1.558736205
43.29171558,-79.79979872,1.565122247
43.29170911,-79.7991825,1.56784296
43.29170264,-79.79856628,1.56571424
43.29169617,-79.79795005,1.558279753
43.29168969,-79.79733383,1.546248794
43.29168321,-79.79671761,1.531354189
43.29167672,-79.79610139,1.515632033
43.29167023,-79.79548517,1.501080275
43.29166374,-79.79486895,1.489558935
43.29298438,-79.88051733,0.460129201
43.29277737,-79.85956484,1.597418189
43.29277123,-79.8589486,1.736667156
43.29276508,-79.85833235,1.837228656
43.29275892,-79.8577161,1.896836877
43.29275277,-79.85709986,1.924376011
43.29274661,-79.85648361,1.930082798
43.29274044,-79.85586737,1.924182057
43.29273428,-79.85525112,1.913472533
43.29272811,-79.85463488,1.901564121
43.29272193,-79.85401863,1.890182018
43.29271576,-79.85340239,1.879922748
43.29270958,-79.85278614,1.87063098
43.2927034,-79.8521699,1.861688018
43.29269721,-79.85155366,1.852288604
43.29269102,-79.85093741,1.841684461
43.29268483,-79.85032117,1.829362154
43.29267863,-79.84970492,1.815128922
43.29267243,-79.84908868,1.799118042
43.29266623,-79.84847244,1.78173399
43.29266002,-79.8478562,1.76356709
43.29265381,-79.84723995,1.745298743
43.2926476,-79.84662371,1.72761178
43.29264138,-79.84600747,1.71111691
43.29263516,-79.84539123,1.696298838
43.29262894,-79.84477498,1.68348372
43.29262272,-79.84415874,1.672827125
43.29261649,-79.8435425,1.664319277
43.29261025,-79.84292626,1.65780282
43.29260402,-79.84231002,1.653000712
43.29259778,-79.84169378,1.649549365
43.29259154,-79.84107754,1.647033095
43.29258529,-79.8404613,1.645019174
43.29257904,-79.83984506,1.643088341
43.29257279,-79.83922882,1.640861273
43.29256653,-79.83861258,1.638017893
43.29256027,-79.83799634,1.634310722
43.29255401,-79.8373801,1.62956965
43.29254774,-79.83676386,1.623701811
43.29254147,-79.83614762,1.616685748
43.2925352,-79.83553138,1.608562112
43.29252893,-79.83491514,1.599422932
43.29252265,-79.8342989,1.589398742
43.29251636,-79.83368267,1.57864821
43.29251008,-79.83306643,1.567346215
43.29250379,-79.83245019,1.555675626
43.2924975,-79.83183395,1.543818235
43.2924912,-79.83121771,1.531949162
43.2924849,-79.83060148,1.52023077
43.2924786,-79.82998524,1.508808613
43.29247229,-79.829369,1.497808695
43.29246598,-79.82875277,1.487335443
43.29245967,-79.82813653,1.477470398
43.29245336,-79.82752029,1.468272805
43.29244704,-79.82690406,1.459780216
43.29244071,-79.82628782,1.452010274
43.29243439,-79.82567159,1.444962978
43.29242806,-79.82505535,1.43862319
43.29242173,-79.82443911,1.432963848
43.29241539,-79.82382288,1.427948236
43.29240905,-79.82320664,1.423533916
43.29240271,-79.82259041,1.419674397
43.29239637,-79.82197418,1.416322112
43.29239002,-79.82135794,1.41343081
43.29238366,-79.82074171,1.410957217
43.29237731,-79.82012547,1.408862948
43.29237095,-79.81950924,1.407115579
43.29236459,-79.81889301,1.405690074
43.29235822,-79.81827677,1.404569626
43.29235185,-79.81766054,1.403746009
43.29234548,-79.81704431,1.403220534
43.29233911,-79.81642807,1.403003812
43.29233273,-79.81581184,1.403116345
43.29232635,-79.81519561,1.403588295
43.29231996,-79.81457938,1.404459119
43.29231357,-79.81396315,1.405777097
43.29230718,-79.81334691,1.407597661
43.29230078,-79.81273068,1.409981251
43.29229438,-79.81211445,1.41298902
43.29228798,-79.81149822,1.416677952
43.29228158,-79.81088199,1.42109406
43.29227517,-79.81026576,1.426265478
43.29226876,-79.80964953,1.432195067
43.29226234,-79.8090333,1.438856006
43.29225592,-79.80841707,1.446190119
43.2922495,-79.80780084,1.454112887
43.29224308,-79.80718461,1.462525249
43.29223665,-79.80656838,1.47133255
43.29223022,-79.80595215,1.480468869
43.29222378,-79.80533592,1.48992157
43.29221734,-79.80471969,1.499745965
43.2922109,-79.80410346,1.510061502
43.29220445,-79.80348723,1.521020055
43.29219801,-79.80287101,1.532742858
43.29219155,-79.80225478,1.545233369
43.2921851,-79.80163855,1.558265924
43.29217864,-79.80102232,1.57125771
43.29217218,-79.8004061,1.583137393
43.29216571,-79.79978987,1.5922755
43.29215925,-79.79917364,1.596611738
43.29215277,-79.79855741,1.594149828
43.2921463,-79.79794119,1.583868623
43.29213982,-79.79732496,1.566637397
43.29213334,-79.79670874,1.545181751
43.29212685,-79.79609251,1.522891402
43.29212037,-79.79547628,1.502877116
43.29211387,-79.79486006,1.487713099
43.29346464,-79.88359037,0.466513515
43.29322137,-79.85894018,1.768726349
43.29321522,-79.85832393,1.826823115
43.29320906,-79.85770768,1.863738775
43.29320291,-79.85709143,1.882428408
43.29319675,-79.85647518,1.888004422
43.29319058,-79.85585893,1.885790348
43.29318442,-79.85524268,1.879761219
43.29317825,-79.85462643,1.872145176
43.29317208,-79.85401018,1.864014745
43.2931659,-79.85339393,1.855780005
43.29315972,-79.85277768,1.847401977
43.29315354,-79.85216143,1.838529944
43.29314735,-79.85154518,1.828667164
43.29314116,-79.85092894,1.817348957
43.29313497,-79.85031269,1.804288268
43.29312877,-79.84969644,1.789455056
43.29312257,-79.84908019,1.773084998
43.29311637,-79.84846394,1.75563705
43.29311016,-79.8478477,1.737719893
43.29310395,-79.84723145,1.720007896
43.29309774,-79.8466152,1.703161001
43.29309152,-79.84599896,1.687756777
43.2930853,-79.84538271,1.674239993
43.29307908,-79.84476646,1.66289258
43.29307286,-79.84415022,1.653822899
43.29306663,-79.84353397,1.64697206
43.29306039,-79.84291773,1.642133832
43.29305416,-79.84230148,1.638984203
43.29304792,-79.84168523,1.637115717
43.29304167,-79.84106899,1.636074543
43.29303543,-79.84045274,1.635396719
43.29302918,-79.8398365,1.634640694
43.29302293,-79.83922025,1.633414626
43.29301667,-79.83860401,1.63139677
43.29301041,-79.83798777,1.62834692
43.29300415,-79.83737152,1.624111414
43.29299788,-79.83675528,1.618619323
43.29299161,-79.83613903,1.61187458
43.29298534,-79.83552279,1.603943944
43.29297906,-79.83490655,1.594943047
43.29297278,-79.8342903,1.585023403
43.2929665,-79.83367406,1.574359179
43.29296022,-79.83305782,1.563136935
43.29295393,-79.83244158,1.551545739
43.29294763,-79.83182533,1.539770961
43.29294134,-79.83120909,1.527987361
43.29293504,-79.83059285,1.516355753
43.29292874,-79.82997661,1.505018711
43.29292243,-79.82936037,1.494098544
43.29291612,-79.82874413,1.483695865
43.29290981,-79.82812789,1.473888755
43.29290349,-79.82751164,1.464733362
43.29289717,-79.8268954,1.456264377
43.29289085,-79.82627916,1.448497653
43.29288453,-79.82566292,1.441432238
43.2928782,-79.82504668,1.435052514
43.29287186,-79.82443044,1.429332137
43.29286553,-79.8238142,1.42423594
43.29285919,-79.82319796,1.419723749
43.29285285,-79.82258173,1.415752053
43.2928465,-79.82196549,1.412277222
43.29284015,-79.82134925,1.409256935
43.2928338,-79.82073301,1.406652808
43.29282744,-79.82011677,1.404431105
43.29282109,-79.81950053,1.402564883
43.29281472,-79.81888429,1.401034474
43.29280836,-79.81826806,1.399828434
43.29280199,-79.81765182,1.398944259
43.29279562,-79.81703558,1.398388624
43.29278924,-79.81641934,1.398178339
43.29278286,-79.81580311,1.398339272
43.29277648,-79.81518687,1.398907781
43.29277009,-79.81457063,1.399929523
43.29276371,-79.8139544,1.401459098
43.29275731,-79.81333816,1.403558493
43.29275092,-79.81272192,1.406294584
43.29274452,-79.81210569,1.409734607
43.29273812,-79.81148945,1.413941264
43.29273171,-79.81087322,1.418964744
43.2927253,-79.81025698,1.424835324
43.29271889,-79.80964075,1.431555867
43.29271248,-79.80902451,1.439097047
43.29270606,-79.80840828,1.447396636
43.29269963,-79.80779204,1.456365705
43.29269321,-79.80717581,1.465903759
43.29268678,-79.80655958,1.475922823
43.29268035,-79.80594334,1.486376524
43.29267391,-79.80532711,1.497290134
43.29266748,-79.80471087,1.508776307
43.29266103,-79.80409464,1.521026015
43.29265459,-79.80347841,1.534265637
43.29264814,-79.80286218,1.548685074
43.29264169,-79.80224594,1.564346313
43.29263523,-79.80162971,1.581071258
43.29262877,-79.80101348,1.59828496
43.29262231,-79.80039725,1.61478889
43.29261585,-79.79978102,1.628508687
43.29260938,-79.79916478,1.636420608
43.29260291,-79.79854855,1.635064721
43.29259643,-79.79793232,1.622047544
43.29258995,-79.79731609,1.598035932
43.29258347,-79.79669986,1.567243338
43.29257699,-79.79608363,1.535541415
43.2925705,-79.7954674,1.508571029
43.29256401,-79.79485117,1.490932345
43.2938363,-79.87557073,0.459900886
43.29366536,-79.85831551,1.832482219
43.29365921,-79.85769925,1.847631931
43.29365305,-79.857083,1.855880618
43.29364689,-79.85646674,1.858504415
43.29364073,-79.85585049,1.857123494
43.29363456,-79.85523423,1.853197694
43.29362839,-79.85461798,1.847722054
43.29362222,-79.85400173,1.841193676
43.29361604,-79.85338547,1.83378756
43.29360986,-79.85276922,1.825464249
43.29360368,-79.85215297,1.816024303
43.29359749,-79.85153671,1.805190325
43.2935913,-79.85092046,1.792723656
43.29358511,-79.85030421,1.778531909
43.29357891,-79.84968795,1.762732029
43.29357271,-79.8490717,1.745660067
43.29356651,-79.84845545,1.727833867
43.2935603,-79.8478392,1.70988965
43.29355409,-79.84722295,1.692506671
43.29354788,-79.8466067,1.676333547
43.29354166,-79.84599044,1.661924601
43.29353544,-79.84537419,1.649690628
43.29352922,-79.84475794,1.639870882
43.29352299,-79.84414169,1.632522702
43.29351677,-79.84352544,1.627530694
43.29351053,-79.84290919,1.624628186
43.2935043,-79.84229294,1.62343061
43.29349806,-79.84167669,1.623471498
43.29349181,-79.84106044,1.624243021
43.29348557,-79.84044419,1.625234962
43.29347932,-79.83982794,1.625969052
43.29347306,-79.83921169,1.626029491
43.29346681,-79.83859544,1.625083685
43.29346055,-79.83797919,1.622894526
43.29345429,-79.83736295,1.619322658
43.29344802,-79.8367467,1.614321232
43.29344175,-79.83613045,1.607923627
43.29343548,-79.8355142,1.600227952
43.2934292,-79.83489795,1.591380119
43.29342292,-79.83428171,1.581558228
43.29341664,-79.83366546,1.570957661
43.29341035,-79.83304921,1.559780478
43.29340406,-79.83243296,1.548226357
43.29339777,-79.83181672,1.536486149
43.29339148,-79.83120047,1.524737
43.29338518,-79.83058422,1.513139367
43.29337887,-79.82996798,1.501834154
43.29337257,-79.82935173,1.490941167
43.29336626,-79.82873549,1.480558276
43.29335995,-79.82811924,1.470760584
43.29335363,-79.827503,1.461601734
43.29334731,-79.82688675,1.45311451
43.29334099,-79.82627051,1.445313096
43.29333466,-79.82565426,1.438195348
43.29332833,-79.82503802,1.431745887
43.293322,-79.82442177,1.425938606
43.29331567,-79.82380553,1.420740247
43.29330933,-79.82318928,1.416112542
43.29330298,-79.82257304,1.4120152
43.29329664,-79.8219568,1.408408046
43.29329029,-79.82134055,1.40525353
43.29328394,-79.82072431,1.402517676
43.29327758,-79.82010807,1.400171995
43.29327122,-79.81949182,1.398195028
43.29326486,-79.81887558,1.39657259
43.29325849,-79.81825934,1.395298839
43.29325212,-79.8176431,1.394377232
43.29324575,-79.81702686,1.393820405
43.29323938,-79.81641061,1.393650413
43.293233,-79.81579437,1.393899441
43.29322662,-79.81517813,1.394609809
43.29322023,-79.81456189,1.395833135
43.29321384,-79.81394565,1.397630572
43.29320745,-79.81332941,1.400070786
43.29320105,-79.81271317,1.403226972
43.29319465,-79.81209693,1.407173395
43.29318825,-79.81148069,1.411978245
43.29318185,-79.81086445,1.417696476
43.29317544,-79.81024821,1.424361348
43.29316903,-79.80963197,1.43197608
43.29316261,-79.80901573,1.440509081
43.29315619,-79.80839949,1.449893713
43.29314977,-79.80778325,1.460036039
43.29314334,-79.80716701,1.47083354
43.29313691,-79.80655077,1.482203603
43.29313048,-79.80593453,1.494120479
43.29312405,-79.8053183,1.506649137
43.29311761,-79.80470206,1.519961715
43.29311117,-79.80408582,1.534321427
43.29310472,-79.80346958,1.550031424
43.29309827,-79.80285335,1.56736505
43.29309182,-79.80223711,1.586497545
43.29308537,-79.80162087,1.607429266
43.29307891,-79.80100463,1.629825354
43.29307244,-79.8003884,1.652655482
43.29306598,-79.79977216,1.673591137
43.29305951,-79.79915593,1.688391805
43.29305304,-79.79853969,1.69108355
43.29304656,-79.79792345,1.676244617
43.29304008,-79.79730722,1.643305421
43.2930336,-79.79669098,1.59875226
43.29302712,-79.79607475,1.552999854
43.29302063,-79.79545851,1.516385555
43.29301414,-79.79484228,1.495507717
43.29435289,-79.88234136,0.462170511
43.29431066,-79.87802749,0.459772915
43.29429856,-79.87679496,0.459827602
43.2942925,-79.8761787,0.459868699
43.29428645,-79.87556243,0.459901214
43.29428039,-79.87494617,0.45992291
43.29427432,-79.8743299,0.459935009
43.29425004,-79.87186485,0.459934294
43.29424395,-79.87124858,0.459932208
43.29423787,-79.87063232,0.459930509
43.29423178,-79.87001605,0.459929287
43.29410935,-79.85769083,1.839707851
43.29410319,-79.85707457,1.839929819
43.29409703,-79.85645831,1.838919282
43.29409087,-79.85584205,1.836571097
43.2940847,-79.85522579,1.832824707
43.29407853,-79.85460953,1.827751637
43.29407236,-79.85399327,1.821401
43.29406618,-79.85337701,1.813737154
43.29406,-79.85276076,1.804668307
43.29405382,-79.8521445,1.794065833
43.29404763,-79.85152824,1.78179884
43.29404144,-79.85091198,1.767799616
43.29403525,-79.85029573,1.752135277
43.29402905,-79.84967947,1.735051751
43.29402285,-79.84906321,1.716978788
43.29401665,-79.84844696,1.698496699
43.29401044,-79.8478307,1.680279016
43.29400423,-79.84721444,1.663023472
43.29399802,-79.84659819,1.647381067
43.2939918,-79.84598193,1.633893967
43.29398558,-79.84536568,1.622946501
43.29397936,-79.84474942,1.614735842
43.29397313,-79.84413316,1.609264016
43.2939669,-79.84351691,1.606349468
43.29396067,-79.84290065,1.605653286
43.29395444,-79.8422844,1.606715441
43.2939482,-79.84166815,1.608995557
43.29394195,-79.84105189,1.611916304
43.29393571,-79.84043564,1.614905
43.29392946,-79.83981938,1.617432952
43.2939232,-79.83920313,1.619048119
43.29391695,-79.83858688,1.619398713
43.29391069,-79.83797062,1.618245721
43.29390443,-79.83735437,1.615464091
43.29389816,-79.83673812,1.611034036
43.29389189,-79.83612186,1.605024219
43.29388562,-79.83550561,1.597571492
43.29387934,-79.83488936,1.588859916
43.29387306,-79.83427311,1.579100847
43.29386678,-79.83365686,1.56851697
43.29386049,-79.8330406,1.557330847
43.2938542,-79.83242435,1.545755506
43.29384791,-79.8318081,1.533989787
43.29384161,-79.83119185,1.522214651
43.29383531,-79.8305756,1.510591269
43.29382901,-79.82995935,1.499259591
43.29382271,-79.8293431,1.488337517
43.2938164,-79.82872685,1.477920651
43.29381008,-79.8281106,1.468081951
43.29380377,-79.82749435,1.458873034
43.29379745,-79.8268781,1.450324893
43.29379113,-79.82626185,1.442450404
43.2937848,-79.8256456,1.435246825
43.29377847,-79.82502935,1.42869854
43.29377214,-79.8244131,1.422780037
43.2937658,-79.82379685,1.417459369
43.29375946,-79.8231806,1.412700415
43.29375312,-79.82256435,1.408466101
43.29374677,-79.82194811,1.404720187
43.29374042,-79.82133186,1.401429057
43.29373407,-79.82071561,1.398563862
43.29372772,-79.82009936,1.396101594
43.29372136,-79.81948312,1.394026041
43.29371499,-79.81886687,1.392328978
43.29370863,-79.81825062,1.391010642
43.29370226,-79.81763438,1.390079975
43.29369589,-79.81701813,1.389555454
43.29368951,-79.81640188,1.389465094
43.29368313,-79.81578564,1.389846921
43.29367675,-79.81516939,1.390748978
43.29367036,-79.81455314,1.392229199
43.29366398,-79.8139369,1.394354582
43.29365758,-79.81332065,1.397200704
43.29365119,-79.81270441,1.400847435
43.29364479,-79.81208816,1.405375481
43.29363839,-79.81147192,1.410859466
43.29363198,-79.81085567,1.417359114
43.29362557,-79.81023943,1.424910665
43.29361916,-79.80962319,1.433517456
43.29361274,-79.80900694,1.443144679
43.29360632,-79.8083907,1.45371902
43.2935999,-79.80777446,1.465138435
43.29359348,-79.80715821,1.477293253
43.29358705,-79.80654197,1.490101814
43.29358062,-79.80592573,1.503552675
43.29357418,-79.80530948,1.517744064
43.29356774,-79.80469324,1.532898426
43.2935613,-79.804077,1.549339533
43.29355485,-79.80346076,1.567438483
43.29354841,-79.80284451,1.587564468
43.29354195,-79.80222827,1.610077739
43.2935355,-79.80161203,1.635341406
43.29352904,-79.80099579,1.663611054
43.29352258,-79.80037955,1.694544077
43.29351611,-79.79976331,1.726059914
43.29350964,-79.79914707,1.752693534
43.29350317,-79.79853083,1.764656067
43.2934967,-79.79791459,1.75043714
43.29349022,-79.79729835,1.705484509
43.29348374,-79.79668211,1.63997817
43.29347725,-79.79606587,1.5726192
43.29347076,-79.79544963,1.521607876
43.29346427,-79.79483339,1.500610113
43.2947608,-79.87801922,0.459789306
43.29475475,-79.87740295,0.45980531
43.29474265,-79.87617041,0.459876388
43.29471233,-79.87308906,0.45993951
43.29470626,-79.87247279,0.459937215
43.29470018,-79.87185652,0.459934413
43.2946941,-79.87124026,0.459931999
43.29468802,-79.87062399,0.459930211
43.29468193,-79.87000772,0.459928989
43.29455333,-79.85706614,1.830446601
43.29454717,-79.85644987,1.826046109
43.29454101,-79.85583361,1.821905375
43.29453484,-79.85521735,1.817084193
43.29452867,-79.85460108,1.81121552
43.2945225,-79.85398482,1.804005504
43.29451632,-79.85336856,1.795239568
43.29451014,-79.85275229,1.784772754
43.29450396,-79.85213603,1.772514462
43.29449777,-79.85151977,1.758432865
43.29449158,-79.85090351,1.742588162
43.29448539,-79.85028725,1.72517395
43.29447919,-79.84967098,1.706545591
43.29447299,-79.84905472,1.687219143
43.29446679,-79.84843846,1.667840838
43.29446058,-79.8478222,1.649132609
43.29445437,-79.84720594,1.631825805
43.29444816,-79.84658968,1.616590977
43.29444194,-79.84597342,1.603972316
43.29443572,-79.84535716,1.594335556
43.2944295,-79.8447409,1.587836385
43.29442327,-79.84412464,1.584415197
43.29441704,-79.84350838,1.58381319
43.29441081,-79.84289212,1.585605264
43.29440457,-79.84227586,1.589241505
43.29439833,-79.8416596,1.594092488
43.29439209,-79.84104334,1.599495411
43.29438585,-79.84042708,1.604800224
43.2943796,-79.83981083,1.609412789
43.29437334,-79.83919457,1.612832069
43.29436709,-79.83857831,1.614678025
43.29436083,-79.83796205,1.614705443
43.29435456,-79.83734579,1.612804294
43.2943483,-79.83672954,1.608986616
43.29434203,-79.83611328,1.603364706
43.29433575,-79.83549702,1.596123576
43.29432948,-79.83488076,1.587494731
43.2943232,-79.83426451,1.577731609
43.29431692,-79.83364825,1.567091107
43.29431063,-79.833032,1.555820346
43.29430434,-79.83241574,1.54414916
43.29429805,-79.83179948,1.532286048
43.29429175,-79.83118323,1.52041626
43.29428545,-79.83056697,1.508701801
43.29427915,-79.82995072,1.49728179
43.29427284,-79.82933446,1.486272097
43.29426653,-79.82871821,1.47576642
43.29426022,-79.82810195,1.465835929
43.2942539,-79.8274857,1.456530213
43.29424758,-79.82686944,1.447879195
43.29424126,-79.82625319,1.439894557
43.29423494,-79.82563694,1.432572961
43.29422861,-79.82502068,1.425898433
43.29422227,-79.82440443,1.419846296
43.29421594,-79.82378818,1.414385796
43.2942096,-79.82317192,1.409482956
43.29420326,-79.82255567,1.405103683
43.29419691,-79.82193942,1.401215315
43.29419056,-79.82132316,1.397789121
43.29418421,-79.82070691,1.39480114
43.29417785,-79.82009066,1.392233968
43.29417149,-79.81947441,1.390076995
43.29416513,-79.81885816,1.388327956
43.29415876,-79.8182419,1.386992812
43.2941524,-79.81762565,1.386086702
43.29414602,-79.8170094,1.385633707
43.29413965,-79.81639315,1.385667562
43.29413327,-79.8157769,1.38623178
43.29412689,-79.81516065,1.387380004
43.2941205,-79.8145444,1.389176011
43.29411411,-79.81392815,1.391693115
43.29410772,-79.8133119,1.395012736
43.29410132,-79.81269565,1.399221897
43.29409492,-79.8120794,1.40440762
43.29408852,-79.81146315,1.410650611
43.29408211,-79.8108469,1.418015599
43.29407571,-79.81023065,1.426540852
43.29406929,-79.80961441,1.436228752
43.29406288,-79.80899816,1.447038531
43.29405646,-79.80838191,1.458885789
43.29405004,-79.80776566,1.4716537
43.29404361,-79.80714941,1.485216975
43.29403718,-79.80653317,1.499483347
43.29403075,-79.80591692,1.514442563
43.29402431,-79.80530067,1.530208826
43.29401787,-79.80468442,1.547033548
43.29401143,-79.80406818,1.565276861
43.29400499,-79.80345193,1.585359335
43.29399854,-79.80283568,1.607752919
43.29399209,-79.80221944,1.633066535
43.29398563,-79.80160319,1.662191749
43.29397917,-79.80098695,1.696333647
43.29397271,-79.8003707,1.73646462
43.29396624,-79.79975446,1.781551242
43.29395978,-79.79913821,1.825654864
43.2939533,-79.79852196,1.854842186
43.29394683,-79.79790572,1.846641302
43.29394035,-79.79728948,1.784523606
43.29393387,-79.79667323,1.686187267
43.29392738,-79.79605699,1.587818027
43.29392089,-79.79544074,1.511433244
43.29517461,-79.8743133,0.459935904
43.29516247,-79.87308075,0.459938496
43.2951564,-79.87246447,0.45993641
43.29515032,-79.8718482,0.459933788
43.29514424,-79.87123193,0.459931493
43.29513816,-79.87061566,0.459929705
43.29513207,-79.86999938,0.459928691
43.29499731,-79.85644144,1.817007422
43.29499115,-79.85582517,1.810875297
43.29498498,-79.8552089,1.804316163
43.29497881,-79.85459263,1.796973228
43.29497264,-79.85397637,1.788283587
43.29496646,-79.8533601,1.777859926
43.29496028,-79.85274383,1.765529752
43.2949541,-79.85212756,1.751249433
43.29494791,-79.8515113,1.735068679
43.29494172,-79.85089503,1.717146158
43.29493553,-79.85027876,1.697775126
43.29492933,-79.8496625,1.677400589
43.29492313,-79.84904623,1.656617403
43.29491693,-79.84842997,1.636140585
43.29491072,-79.8478137,1.616752505
43.29490451,-79.84719744,1.599236488
43.2948983,-79.84658117,1.584303141
43.29489208,-79.84596491,1.57251668
43.29488586,-79.84534864,1.564234018
43.29487964,-79.84473238,1.559569716
43.29487341,-79.84411611,1.558393002
43.29486718,-79.84349985,1.560353637
43.29486095,-79.84288358,1.564924955
43.29485471,-79.84226732,1.571452379
43.29484847,-79.84165106,1.57920301
43.29484223,-79.84103479,1.587414503
43.29483598,-79.84041853,1.595344424
43.29482973,-79.83980227,1.602317333
43.29482348,-79.839186,1.607769489
43.29481722,-79.83856974,1.611281991
43.29481097,-79.83795348,1.612598538
43.2948047,-79.83733722,1.611625791
43.29479844,-79.83672095,1.608414888
43.29479217,-79.83610469,1.603132606
43.29478589,-79.83548843,1.59602499
43.29477962,-79.83487217,1.587382913
43.29477334,-79.83425591,1.577512026
43.29476705,-79.83363965,1.566710949
43.29476077,-79.83302339,1.555256844
43.29475448,-79.83240713,1.543398619
43.29474818,-79.83179087,1.531354666
43.29474189,-79.83117461,1.519314289
43.29473559,-79.83055835,1.507439613
43.29472929,-79.82994209,1.495867491
43.29472298,-79.82932583,1.484711528
43.29471667,-79.82870957,1.47406292
43.29471036,-79.82809331,1.463990808
43.29470404,-79.82747705,1.454543471
43.29469772,-79.82686079,1.44574964
43.2946914,-79.82624453,1.437620044
43.29468507,-79.82562827,1.430150747
43.29467874,-79.82501201,1.423325896
43.29467241,-79.82439576,1.417120934
43.29466607,-79.8237795,1.411506414
43.29465973,-79.82316324,1.406450629
43.29465339,-79.82254698,1.401922226
43.29464705,-79.82193073,1.397892594
43.2946407,-79.82131447,1.394337296
43.29463434,-79.82069821,1.391237855
43.29462799,-79.82008196,1.388582349
43.29462163,-79.8194657,1.386366248
43.29461527,-79.81884944,1.384593129
43.2946089,-79.81823319,1.383275032
43.29460253,-79.81761693,1.382432699
43.29459616,-79.81700068,1.382095814
43.29458978,-79.81638442,1.382303476
43.2945834,-79.81576817,1.383104444
43.29457702,-79.81515191,1.384557724
43.29457063,-79.81453566,1.386732101
43.29456424,-79.8139194,1.389706969
43.29455785,-79.81330315,1.393569589
43.29455146,-79.81268689,1.398413301
43.29454506,-79.81207064,1.404331803
43.29453865,-79.81145438,1.411411524
43.29453225,-79.81083813,1.419721127
43.29452584,-79.81022188,1.42930007
43.29451943,-79.80960562,1.440147042
43.29451301,-79.80898937,1.452210784
43.29450659,-79.80837312,1.465389371
43.29450017,-79.80775687,1.479540825
43.29449374,-79.80714061,1.494511366
43.29448732,-79.80652436,1.51018095
43.29448088,-79.80590811,1.526518583
43.29447445,-79.80529186,1.543627501
43.29446801,-79.80467561,1.561756134
43.29446157,-79.80405935,1.581269026
43.29445512,-79.8034431,1.602614403
43.29444867,-79.80282685,1.6263659
43.29444222,-79.8022106,1.653391957
43.29443576,-79.80159435,1.685135603
43.2944293,-79.8009781,1.723872662
43.29442284,-79.80036185,1.772184372
43.29441638,-79.7997456,1.830581665
43.29440991,-79.79912935,1.894507647
43.29440344,-79.7985131,1.950085163
43.29439696,-79.79789685,1.959326625
43.29439048,-79.7972806,1.869958878
43.294384,-79.79666435,1.71805501
43.29437751,-79.79604811,1.591416597
43.29437102,-79.79543186,1.496645451
43.29544129,-79.85581673,1.80127883
43.29543513,-79.85520046,1.793091893
43.29542895,-79.85458418,1.784059167
43.29542278,-79.85396791,1.77362442
43.2954166,-79.85335164,1.761242032
43.29541042,-79.85273537,1.746758819
43.29540424,-79.8521191,1.73021841
43.29539805,-79.85150282,1.711751461
43.29539186,-79.85088655,1.691599488
43.29538567,-79.85027028,1.670134425
43.29537947,-79.84965401,1.647872567
43.29537327,-79.84903774,1.625478625
43.29536707,-79.84842147,1.603738785
43.29536086,-79.8478052,1.583508015
43.29535465,-79.84718893,1.565642238
43.29534844,-79.84657266,1.550917625
43.29534222,-79.84595639,1.539941788
43.295336,-79.84534012,1.533076406
43.29532978,-79.84472385,1.530392885
43.29532355,-79.84410758,1.531675696
43.29531732,-79.84349132,1.536464214
43.29531109,-79.84287505,1.544111967
43.29530485,-79.84225878,1.553845644
43.29529861,-79.84164251,1.564817071
43.29529237,-79.84102624,1.576152682
43.29528612,-79.84040998,1.587002873
43.29527987,-79.83979371,1.596595168
43.29527362,-79.83917744,1.604286194
43.29526736,-79.83856117,1.609605432
43.2952611,-79.83794491,1.612279654
43.29525484,-79.83732864,1.612234116
43.29524857,-79.83671237,1.609569311
43.2952423,-79.83609611,1.604520917
43.29523603,-79.83547984,1.597412705
43.29522975,-79.83486357,1.58861053
43.29522347,-79.83424731,1.57848525
43.29521719,-79.83363104,1.567385554
43.29521091,-79.83301478,1.555623531
43.29520462,-79.83239851,1.543468833
43.29519832,-79.83178225,1.531149507
43.29519203,-79.83116598,1.518856764
43.29518573,-79.83054972,1.506750226
43.29517942,-79.82993345,1.494962692
43.29517312,-79.82931719,1.483603597
43.29516681,-79.82870093,1.472760439
43.29516049,-79.82808466,1.462500215
43.29515418,-79.8274684,1.452869773
43.29514786,-79.82685214,1.443896532
43.29514154,-79.82623587,1.435590982
43.29513521,-79.82561961,1.427948356
43.29512888,-79.82500335,1.420952916
43.29512255,-79.82438708,1.414580584
43.29511621,-79.82377082,1.408802748
43.29510987,-79.82315456,1.403589606
43.29510353,-79.8225383,1.398913026
43.29509718,-79.82192204,1.394748211
43.29509083,-79.82130577,1.391075373
43.29508448,-79.82068951,1.387881398
43.29507812,-79.82007325,1.385160089
43.29507176,-79.81945699,1.382913113
43.2950654,-79.81884073,1.381149888
43.29505904,-79.81822447,1.379888415
43.29505267,-79.81760821,1.379154801
43.29504629,-79.81699195,1.378983974
43.29503992,-79.81637569,1.379420161
43.29503354,-79.81575943,1.380516648
43.29502715,-79.81514317,1.382336974
43.29502077,-79.81452691,1.384955168
43.29501438,-79.81391065,1.38845551
43.29500799,-79.81329439,1.392930984
43.29500159,-79.81267813,1.398481131
43.29499519,-79.81206188,1.405205727
43.29498879,-79.81144562,1.413196206
43.29498238,-79.81082936,1.422524691
43.29497597,-79.8102131,1.433229685
43.29496956,-79.80959684,1.445302486
43.29496315,-79.80898059,1.458675742
43.29495673,-79.80836433,1.473220825
43.2949503,-79.80774807,1.488758206
43.29494388,-79.80713181,1.505088449
43.29493745,-79.80651556,1.522041321
43.29493102,-79.8058993,1.539536238
43.29492458,-79.80528304,1.557629585
43.29491814,-79.80466679,1.576528788
43.2949117,-79.80405053,1.596571803
43.29490525,-79.80343428,1.61822176
43.2948988,-79.80281802,1.642155528
43.29489235,-79.80220177,1.669449329
43.2948859,-79.80158551,1.701888084
43.29487944,-79.80096926,1.74240458
43.29487297,-79.800353,1.794348836
43.29486651,-79.79973675,1.85823524
43.29486004,-79.79912049,1.931360006
43.29485357,-79.79850424,2.009431839
43.29484709,-79.79788799,2.0525105
43.29484061,-79.79727173,1.92963922
43.29483413,-79.79665548,1.673896909
43.29482765,-79.79603922,1.552413344
43.29482116,-79.79542297,NA
43.29604453,-79.87121527,0.459930092
43.29588527,-79.85519201,1.78227663
43.2958791,-79.85457573,1.771773815
43.29587292,-79.85395946,1.759675264
43.29586675,-79.85334318,1.745204806
43.29586057,-79.8527269,1.728391528
43.29585438,-79.85211063,1.709467292
43.29584819,-79.85149435,1.688623905
43.295842,-79.85087808,1.666167498
43.29583581,-79.8502618,1.642536402
43.29582961,-79.84964553,1.618301034
43.29582341,-79.84902925,1.594186902
43.29581721,-79.84841298,1.571052432
43.295811,-79.8477967,1.54983592
43.29580479,-79.84718043,1.531488061
43.29579858,-79.84656415,1.516883373
43.29579236,-79.84594788,1.506706953
43.29578614,-79.8453316,1.501343966
43.29577992,-79.84471533,1.500818253
43.29577369,-79.84409906,1.504806161
43.29576746,-79.84348278,1.512708306
43.29576123,-79.84286651,1.523736358
43.29575499,-79.84225024,1.536985397
43.29574875,-79.84163397,1.551485538
43.29574251,-79.84101769,1.566244364
43.29573626,-79.84040142,1.580293536
43.29573001,-79.83978515,1.592745662
43.29572376,-79.83916888,1.602858186
43.2957175,-79.83855261,1.610091805
43.29571124,-79.83793633,1.614147544
43.29570498,-79.83732006,1.614971757
43.29569871,-79.83670379,1.612726688
43.29569244,-79.83608752,1.607737422
43.29568617,-79.83547125,1.600427389
43.29567989,-79.83485498,1.591258049
43.29567361,-79.83423871,1.580680609
43.29566733,-79.83362244,1.569104314
43.29566104,-79.83300617,1.556880832
43.29565475,-79.8323899,1.544301391
43.29564846,-79.83177363,1.531601071
43.29564216,-79.83115736,1.518969297
43.29563586,-79.83054109,1.506558776
43.29562956,-79.82992482,1.494494438
43.29562325,-79.82930855,1.482878685
43.29561694,-79.82869229,1.47179389
43.29561063,-79.82807602,1.461303711
43.29560431,-79.82745975,1.451453209
43.295598,-79.82684348,1.442269206
43.29559167,-79.82622721,1.433761477
43.29558535,-79.82561095,1.425925255
43.29557902,-79.82499468,1.418744564
43.29557268,-79.82437841,1.412195563
43.29556635,-79.82376214,1.406250834
43.29556001,-79.82314588,1.400882363
43.29555366,-79.82252961,1.396064758
43.29554732,-79.82191335,1.391777039
43.29554097,-79.82129708,1.388004422
43.29553462,-79.82068081,1.384739399
43.29552826,-79.82006455,1.381981492
43.2955219,-79.81944828,1.379738331
43.29551554,-79.81883202,1.378025532
43.29550917,-79.81821575,1.37686646
43.2955028,-79.81759949,1.376292586
43.29549643,-79.81698322,1.376343369
43.29549005,-79.81636696,1.377067208
43.29548367,-79.81575069,1.378521681
43.29547729,-79.81513443,1.38077426
43.2954709,-79.81451817,1.383903027
43.29546451,-79.8139019,1.387996912
43.29545812,-79.81328564,1.393154621
43.29545173,-79.81266937,1.399481297
43.29544533,-79.81205311,1.407082319
43.29543892,-79.81143685,1.41605413
43.29543252,-79.81082059,1.426470757
43.29542611,-79.81020432,1.438367844
43.2954197,-79.80958806,1.451725364
43.29541328,-79.8089718,1.466453195
43.29540686,-79.80835554,1.482386231
43.29540044,-79.80773928,1.499293327
43.29539401,-79.80712301,1.51690948
43.29538758,-79.80650675,1.534987807
43.29538115,-79.80589049,1.553362608
43.29537471,-79.80527423,1.572001457
43.29536827,-79.80465797,1.591030359
43.29536183,-79.80404171,1.610737205
43.29535539,-79.80342545,1.63161552
43.29534894,-79.80280919,1.654489636
43.29534248,-79.80219293,1.68061316
43.29533603,-79.80157667,1.71175158
43.29532957,-79.80096041,1.750443339
43.29532311,-79.80034415,1.798611164
43.29531664,-79.79972789,1.852525592
43.29531017,-79.79911163,1.903500915
43.2953037,-79.79849538,1.952323675
43.29529722,-79.79787912,2.003373384
43.29529074,-79.79726286,1.87161541
43.29528426,-79.7966466,1.450134158
43.29527778,-79.79603034,1.432336092
43.29632924,-79.85456728,1.760173321
43.29632306,-79.853951,1.746562243
43.29631689,-79.85333472,1.729828
43.29631071,-79.85271844,1.710461855
43.29630452,-79.85210216,1.689137101
43.29629834,-79.85148588,1.665937543
43.29629214,-79.8508696,1.641187072
43.29628595,-79.85025332,1.615380049
43.29627975,-79.84963704,1.589127183
43.29627355,-79.84902076,1.563211441
43.29626735,-79.84840448,1.538567424
43.29626114,-79.8477882,1.516222715
43.29625493,-79.84717192,1.497245431
43.29624872,-79.84655564,1.482654572
43.2962425,-79.84593937,1.473266244
43.29623628,-79.84532309,1.46952045
43.29623006,-79.84470681,1.471382022
43.29622383,-79.84409053,1.478376269
43.2962176,-79.84347425,1.489717126
43.29621137,-79.84285798,1.504444599
43.29620513,-79.8422417,1.521512866
43.29619889,-79.84162542,1.539832473
43.29619265,-79.84100914,1.558293223
43.2961864,-79.84039287,1.575799942
43.29618015,-79.83977659,1.591332436
43.2961739,-79.83916031,1.604024768
43.29616764,-79.83854404,1.613246202
43.29616138,-79.83792776,1.618658423
43.29615512,-79.83731149,1.620229959
43.29614885,-79.83669521,1.618201971
43.29614258,-79.83607893,1.613014936
43.29613631,-79.83546266,1.605222225
43.29613003,-79.83484638,1.595406771
43.29612375,-79.83423011,1.584120035
43.29611747,-79.83361383,1.571843624
43.29611118,-79.83299756,1.558973074
43.29610489,-79.83238129,1.545819998
43.2960986,-79.83176501,1.532622099
43.2960923,-79.83114874,1.519560456
43.296086,-79.83053246,1.506774545
43.2960797,-79.82991619,1.494375706
43.29607339,-79.82929992,1.482454777
43.29606708,-79.82868364,1.471086383
43.29606077,-79.82806737,1.46032989
43.29605445,-79.8274511,1.450228214
43.29604813,-79.82683483,1.440807343
43.29604181,-79.82621855,1.432077289
43.29603548,-79.82560228,1.424033165
43.29602915,-79.82498601,1.416658878
43.29602282,-79.82436974,1.409931064
43.29601648,-79.82375347,1.403822899
43.29601014,-79.8231372,1.398308039
43.2960038,-79.82252093,1.393363953
43.29599745,-79.82190465,1.388973355
43.2959911,-79.82128838,1.385126591
43.29598475,-79.82067211,1.381821275
43.29597839,-79.82005584,1.379063368
43.29597204,-79.81943957,1.376866341
43.29596567,-79.8188233,1.375251412
43.29595931,-79.81820703,1.374247313
43.29595294,-79.81759076,1.373889804
43.29594656,-79.81697449,1.374222755
43.29594019,-79.81635823,1.375297785
43.29593381,-79.81574196,1.37717557
43.29592742,-79.81512569,1.37992692
43.29592104,-79.81450942,1.383633494
43.29591465,-79.81389315,1.388388634
43.29590826,-79.81327688,1.394295931
43.29590186,-79.81266062,1.40146637
43.29589546,-79.81204435,1.410011292
43.29588906,-79.81142808,1.420031548
43.29588265,-79.81081181,1.431602716
43.29587624,-79.81019555,1.444755554
43.29586983,-79.80957928,1.459455132
43.29586341,-79.80896301,1.475583076
43.29585699,-79.80834675,1.492928386
43.29585057,-79.80773048,1.511194587
43.29584414,-79.80711421,1.530030727
43.29583772,-79.80649795,1.549082756
43.29583128,-79.80588168,1.56805861
43.29582485,-79.80526542,1.586789012
43.29581841,-79.80464915,1.605274081
43.29581196,-79.80403289,1.62373817
43.29580552,-79.80341662,1.642753243
43.29579907,-79.80280036,1.663415074
43.29579262,-79.80218409,1.687307477
43.29578616,-79.80156783,1.716013432
43.2957797,-79.80095157,1.750400543
43.29577324,-79.8003353,1.789168596
43.29576677,-79.79971904,1.823166013
43.2957603,-79.79910278,1.829514742
43.29575383,-79.79848651,1.798691392
43.29574736,-79.79787025,1.738528132
43.29574088,-79.79725399,1.49518621
43.29573439,-79.79663772,1.275868297
43.29572791,-79.79602146,1.299049377
43.2967732,-79.85394255,1.734945178
43.29676703,-79.85332626,1.715170026
43.29676085,-79.85270998,1.692912698
43.29675466,-79.85209369,1.669425368
43.29674848,-79.85147741,1.644027829
43.29674229,-79.85086112,1.617117524
43.29673609,-79.85024484,1.58920002
43.29672989,-79.84962855,1.560901403
43.29672369,-79.84901227,1.533095121
43.29671749,-79.84839598,1.506810665
43.29671128,-79.8477797,1.483160377
43.29670507,-79.84716342,1.463348031
43.29669886,-79.84654713,1.448606253
43.29669264,-79.84593085,1.439974904
43.29668642,-79.84531457,1.438004971
43.2966802,-79.84469829,1.442578197
43.29667397,-79.844082,1.452985644
43.29666774,-79.84346572,1.468171358
43.29666151,-79.84284944,1.486957073
43.29665527,-79.84223316,1.508153319
43.29664903,-79.84161687,1.530568719
43.29664279,-79.84100059,1.552989125
43.29663654,-79.84038431,1.57419014
43.29663029,-79.83976803,1.593000531
43.29662404,-79.83915175,1.608403444
43.29661778,-79.83853547,1.619647384
43.29661152,-79.83791919,1.626335382
43.29660526,-79.83730291,1.628458142
43.29659899,-79.83668663,1.626354933
43.29659272,-79.83607035,1.62061739
43.29658645,-79.83545407,1.611967087
43.29658017,-79.83483779,1.601143956
43.29657389,-79.83422151,1.588823676
43.2965676,-79.83360523,1.575573087
43.29656132,-79.83298895,1.561835647
43.29655503,-79.83237267,1.547939301
43.29654873,-79.83175639,1.534117103
43.29654244,-79.83114012,1.520532012
43.29653614,-79.83052384,1.507301092
43.29652983,-79.82990756,1.494513988
43.29652353,-79.82929128,1.482244611
43.29651722,-79.828675,1.470556378
43.2965109,-79.82805873,1.459502578
43.29650459,-79.82744245,1.449123621
43.29649827,-79.82682617,1.439445734
43.29649195,-79.8262099,1.43047893
43.29648562,-79.82559362,1.422219038
43.29647929,-79.82497734,1.414650083
43.29647296,-79.82436107,1.407748699
43.29646662,-79.82374479,1.401488543
43.29646028,-79.82312851,1.395844817
43.29645394,-79.82251224,1.390797257
43.29644759,-79.82189596,1.386332631
43.29644124,-79.82127969,1.382445693
43.29643489,-79.82066341,1.3791399
43.29642853,-79.82004714,1.376426935
43.29642217,-79.81943086,1.374326229
43.29641581,-79.81881459,1.372864366
43.29640944,-79.81819832,1.372074485
43.29640307,-79.81758204,1.371996403
43.2963967,-79.81696577,1.372676849
43.29639032,-79.81634949,1.374169946
43.29638394,-79.81573322,1.376538515
43.29637756,-79.81511695,1.379855752
43.29637117,-79.81450067,1.384206653
43.29636478,-79.8138844,1.389688253
43.29635839,-79.81326813,1.396409512
43.29635199,-79.81265186,1.404487729
43.29634559,-79.81203558,1.414040327
43.29633919,-79.81141931,1.425173879
43.29633279,-79.81080304,1.437965155
43.29632638,-79.81018677,1.452439785
43.29631996,-79.8095705,1.468546391
43.29631355,-79.80895423,1.486134768
43.29630713,-79.80833796,1.504941821
43.2963007,-79.80772169,1.524594545
43.29629428,-79.80710541,1.54463613
43.29628785,-79.80648914,1.564573288
43.29628142,-79.80587287,1.583940506
43.29627498,-79.8052566,1.602372169
43.29626854,-79.80464033,1.619689226
43.2962621,-79.80402406,1.636034369
43.29625565,-79.8034078,1.652101398
43.2962492,-79.80279153,1.669383407
43.29624275,-79.80217526,1.690216899
43.29623629,-79.80155899,1.716876507
43.29622983,-79.80094272,1.747361064
43.29622337,-79.80032645,1.776422977
43.29621691,-79.79971018,1.794980764
43.29621044,-79.79909392,1.785637021
43.29620396,-79.79847765,1.738200068
43.29619749,-79.79786138,1.641804338
43.29619101,-79.79724511,1.470034957
43.29618453,-79.79662885,1.331336498
43.29721717,-79.8533178,1.699908972
43.29721099,-79.85270151,1.675450206
43.2972048,-79.85208522,1.650544405
43.29719862,-79.85146893,1.623186588
43.29719243,-79.85085264,1.594451308
43.29718623,-79.85023635,1.564620495
43.29718003,-79.84962007,1.534237385
43.29717383,-79.84900378,1.50439024
43.29716763,-79.84838749,1.476281047
43.29716142,-79.8477712,1.45107913
43.29715521,-79.84715491,1.430120111
43.297149,-79.84653862,1.41494298
43.29714278,-79.84592234,1.406977177
43.29713656,-79.84530605,1.407003522
43.29713034,-79.84468976,1.41476965
43.29712411,-79.84407348,1.429169774
43.29711788,-79.84345719,1.448738098
43.29711165,-79.8428409,1.472015977
43.29710541,-79.84222462,1.497681379
43.29709917,-79.84160833,1.524480462
43.29709293,-79.84099204,1.551119328
43.29708668,-79.84037576,1.576241255
43.29708043,-79.83975947,1.598504066
43.29707417,-79.83914319,1.616710782
43.29706792,-79.8385269,1.629959226
43.29706166,-79.83791062,1.637772083
43.29705539,-79.83729433,1.640159965
43.29704913,-79.83667805,1.637584805
43.29704286,-79.83606176,1.630832553
43.29703658,-79.83544548,1.620844126
43.29703031,-79.83482919,1.608559728
43.29702403,-79.83421291,1.594809413
43.29701774,-79.83359663,1.580259085
43.29701146,-79.83298034,1.565401554
43.29700517,-79.83236406,1.550574303
43.29699887,-79.83174778,1.535993457
43.29699258,-79.83113149,1.521791101
43.29698628,-79.83051521,1.508048892
43.29697997,-79.82989893,1.494824648
43.29697367,-79.82928264,1.482168436
43.29696736,-79.82866636,1.470128179
43.29696104,-79.82805008,1.458749771
43.29695473,-79.8274338,1.448071599
43.29694841,-79.82681752,1.438120127
43.29694208,-79.82620124,1.428907156
43.29693576,-79.82558495,1.420429349
43.29692943,-79.82496867,1.412671208
43.29692309,-79.82435239,1.40560925
43.29691676,-79.82373611,1.399217367
43.29691042,-79.82311983,1.39347136
43.29690407,-79.82250355,1.388353109
43.29689773,-79.82188727,1.383852839
43.29689138,-79.82127099,1.379969835
43.29688502,-79.82065471,1.376712918
43.29687867,-79.82003843,1.374099493
43.29687231,-79.81942215,1.372154355
43.29686594,-79.81880588,1.370908737
43.29685958,-79.8181896,1.370399714
43.29685321,-79.81757332,1.370669842
43.29684683,-79.81695704,1.37176764
43.29684046,-79.81634076,1.373748541
43.29683408,-79.81572448,1.37667644
43.29682769,-79.81510821,1.380626321
43.29682131,-79.81449193,1.385685444
43.29681492,-79.81387565,1.391955376
43.29680852,-79.81325937,1.399550796
43.29680213,-79.8126431,1.408596039
43.29679573,-79.81202682,1.419216752
43.29678933,-79.81141054,1.431525946
43.29678292,-79.81079427,1.445604205
43.29677651,-79.81017799,1.461473346
43.2967701,-79.80956172,1.479067326
43.29676368,-79.80894544,1.498204947
43.29675726,-79.80832916,1.518570065
43.29675084,-79.80771289,1.539707661
43.29674441,-79.80709661,1.561038971
43.29673798,-79.80648034,1.581899643
43.29673155,-79.80586406,1.601597428
43.29672511,-79.80524779,1.619499087
43.29671867,-79.80463152,1.635171413
43.29671223,-79.80401524,1.648622513
43.29670578,-79.80339897,1.660634398
43.29669934,-79.80278269,1.673063159
43.29669288,-79.80216642,1.689402699
43.29668643,-79.80155015,1.715630412
43.29667997,-79.80093387,1.745870471
43.2966735,-79.8003176,1.767020941
43.29666704,-79.79970133,1.776235104
43.29666057,-79.79908506,1.763995051
43.2966541,-79.79846878,1.714523077
43.29664762,-79.79785251,1.638393402
43.29664114,-79.79723624,1.541031361
43.29663466,-79.79661997,1.43181777
43.29765494,-79.85207675,1.633038759
43.29764876,-79.85146046,1.603240371
43.29764257,-79.85084417,1.573162556
43.29763637,-79.85022787,1.541983962
43.29763017,-79.84961158,1.509546757
43.29762397,-79.84899529,1.477476716
43.29761777,-79.84837899,1.447338462
43.29761156,-79.8477627,1.42031014
43.29760535,-79.84714641,1.397773981
43.29759914,-79.84653012,1.381638646
43.29759292,-79.84591382,1.374053121
43.2975867,-79.84529753,1.376379609
43.29758048,-79.84468124,1.388083458
43.29757425,-79.84406495,1.407277226
43.29756802,-79.84344866,1.431883931
43.29756179,-79.84283236,1.46014905
43.29755555,-79.84221607,1.490699768
43.29754931,-79.84159978,1.522276402
43.29754306,-79.84098349,1.553496242
43.29753682,-79.8403672,1.582829475
43.29753057,-79.83975091,1.608725905
43.29752431,-79.83913462,1.629786849
43.29751806,-79.83851833,1.644943714
43.2975118,-79.83790204,1.653628111
43.29750553,-79.83728575,1.655876517
43.29749927,-79.83666946,1.652304053
43.29749299,-79.83605317,1.643944979
43.29748672,-79.83543689,1.632021546
43.29748044,-79.8348206,1.61772716
43.29747416,-79.83420431,1.602080107
43.29746788,-79.83358802,1.585859179
43.29746159,-79.83297173,1.569603205
43.2974553,-79.83235544,1.55364728
43.29744901,-79.83173916,1.538173437
43.29744271,-79.83112287,1.523264527
43.29743641,-79.83050658,1.508950949
43.29743011,-79.82989029,1.495246291
43.2974238,-79.82927401,1.482168198
43.29741749,-79.82865772,1.469745636
43.29741118,-79.82804143,1.458015919
43.29740486,-79.82742515,1.447016478
43.29739854,-79.82680886,1.43677628
43.29739222,-79.82619258,1.427309752
43.29738589,-79.82557629,1.418615818
43.29737956,-79.82496001,1.410679579
43.29737323,-79.82434372,1.403477073
43.29736689,-79.82372743,1.396981835
43.29736055,-79.82311115,1.391169786
43.29735421,-79.82249487,1.386023998
43.29734786,-79.82187858,1.381537318
43.29734151,-79.8212623,1.377713323
43.29733516,-79.82064601,1.374565482
43.2973288,-79.82002973,1.372116446
43.29732244,-79.81941344,1.37039578
43.29731608,-79.81879716,1.369438529
43.29730971,-79.81818088,1.36928463
43.29730334,-79.8175646,1.369977832
43.29729697,-79.81694831,1.371567249
43.29729059,-79.81633203,1.374107957
43.29728421,-79.81571575,1.37766397
43.29727783,-79.81509946,1.382311225
43.29727144,-79.81448318,1.388139367
43.29726505,-79.8138669,1.395254374
43.29725866,-79.81325062,1.403777957
43.29725226,-79.81263434,1.413843274
43.29724586,-79.81201806,1.425586224
43.29723946,-79.81140178,1.439129949
43.29723305,-79.81078549,1.45456183
43.29722664,-79.81016921,1.471904874
43.29722023,-79.80955293,1.491084218
43.29721381,-79.80893665,1.511894345
43.29720739,-79.80832037,1.533973455
43.29720097,-79.80770409,1.55678761
43.29719455,-79.80708781,1.579630136
43.29718812,-79.80647153,1.601638556
43.29718168,-79.80585526,1.621840477
43.29717525,-79.80523898,1.639254451
43.29716881,-79.8046227,1.653098464
43.29716236,-79.80400642,1.663136125
43.29714947,-79.80277386,1.676139712
43.29714301,-79.80215758,1.684954762
43.2971301,-79.80092503,1.749231935
43.29712364,-79.80030875,1.761700034
43.29711717,-79.79969247,1.763118625
43.2971107,-79.7990762,1.751445293
43.29709775,-79.79784364,1.63132751
43.2980989,-79.85145199,1.582180381
43.29809271,-79.85083569,1.552440524
43.29808651,-79.85021939,1.520524859
43.29808032,-79.84960309,1.486470938
43.29807411,-79.84898679,1.452273965
43.29806791,-79.8483705,1.420125604
43.2980617,-79.8477542,1.391157627
43.29805549,-79.8471379,1.366492629
43.29804928,-79.84652161,1.348254323
43.29804306,-79.84590531,1.340067625
43.29803684,-79.84528901,1.345090389
43.29803062,-79.84467272,1.361963511
43.29802439,-79.84405642,1.386978149
43.29801816,-79.84344012,1.417233825
43.29801192,-79.84282383,1.450896621
43.29800569,-79.84220753,1.48688817
43.29799945,-79.84159124,1.524003744
43.2979932,-79.84097494,1.56059289
43.29798696,-79.84035865,1.594748139
43.29798071,-79.83974235,1.624610901
43.29797445,-79.83912606,1.648577332
43.29796819,-79.83850976,1.665448904
43.29796193,-79.83789347,1.674604297
43.29795567,-79.83727717,1.676142693
43.2979494,-79.83666088,1.670883656
43.29794313,-79.83604459,1.66017735
43.29793686,-79.83542829,1.645599961
43.29793058,-79.834812,1.628657579
43.2979243,-79.83419571,1.610590816
43.29791802,-79.83357941,1.592300653
43.29791173,-79.83296312,1.574362159
43.29790544,-79.83234683,1.557087302
43.29789915,-79.83173054,1.540600061
43.29789285,-79.83111425,1.52491045
43.29788655,-79.83049795,1.509977818
43.29788025,-79.82988166,1.495756745
43.29787394,-79.82926537,1.482224226
43.29786763,-79.82864908,1.469387054
43.29786132,-79.82803279,1.457275152
43.297855,-79.8274165,1.445927858
43.29784868,-79.82680021,1.435379624
43.29784235,-79.82618392,1.425650477
43.29783603,-79.82556763,1.416742802
43.2978297,-79.82495134,1.40864253
43.29782336,-79.82433505,1.401325226
43.29781703,-79.82371876,1.394762754
43.29781069,-79.82310247,1.388929844
43.29780434,-79.82248618,1.383809924
43.297798,-79.82186989,1.379397392
43.29779165,-79.8212536,1.375698805
43.29778529,-79.82063731,1.372731924
43.29777894,-79.82002102,1.370523572
43.29777258,-79.81940474,1.369106889
43.29776621,-79.81878845,1.368519783
43.29775985,-79.81817216,1.368803144
43.29775348,-79.81755587,1.370000839
43.2977471,-79.81693958,1.372160077
43.29774073,-79.8163233,1.37533474
43.29773435,-79.81570701,1.379587531
43.29772796,-79.81509072,1.384994149
43.29772158,-79.81447444,1.391646862
43.29771519,-79.81385815,1.399656653
43.29770879,-79.81324186,1.409153581
43.2977024,-79.81262558,1.420281768
43.297696,-79.81200929,1.433190703
43.29768959,-79.81139301,1.448017478
43.29768319,-79.81077672,1.464862466
43.29767678,-79.81016044,1.483757019
43.29767036,-79.80954415,1.504627228
43.29766395,-79.80892787,1.527257323
43.29765753,-79.80831158,1.551256657
43.29765111,-79.8076953,1.576031208
43.29764468,-79.80707901,1.60075593
43.29763825,-79.80646273,1.624358058
43.29763182,-79.80584645,1.645538449
43.29762538,-79.80523016,1.662894011
43.29761894,-79.80461388,1.675207496
43.2976125,-79.8039976,1.681880116
43.29760605,-79.80338131,1.683337331
43.2975996,-79.80276503,1.681778669
43.29759315,-79.80214875,1.680938959
43.29757377,-79.8002999,1.758876204
43.2975673,-79.79968362,1.753025174
43.29756083,-79.79906734,1.734206676
43.29755436,-79.79845106,1.70422852
43.29754788,-79.79783477,1.668869615
43.29853665,-79.85021091,1.499148965
43.29853046,-79.8495946,1.46400249
43.29852425,-79.8489783,1.42841804
43.29851805,-79.848362,1.394737601
43.29851184,-79.8477457,1.364116907
43.29850563,-79.8471294,1.336723447
43.29849942,-79.8465131,1.314162135
43.2984932,-79.84589679,1.302587986
43.29848698,-79.84528049,1.310453057
43.29848076,-79.84466419,1.334170103
43.29847453,-79.84404789,1.365669012
43.2984683,-79.84343159,1.401529312
43.29846206,-79.84281529,1.44075954
43.29845583,-79.84219899,1.483200192
43.29844959,-79.84158269,1.527654529
43.29844334,-79.84096639,1.57158649
43.29843709,-79.84035009,1.612116694
43.29843084,-79.83973379,1.64682591
43.29842459,-79.83911749,1.673941493
43.29841833,-79.83850119,1.692287087
43.29841207,-79.83788489,1.701341152
43.29840581,-79.8372686,1.701387286
43.29839954,-79.8366523,1.693550348
43.29839327,-79.836036,1.67959106
43.298387,-79.8354197,1.661523104
43.29838072,-79.8348034,1.641225815
43.29837444,-79.83418711,1.620191097
43.29836816,-79.83357081,1.599440098
43.29836187,-79.83295451,1.579563022
43.29835558,-79.83233822,1.560816765
43.29834928,-79.83172192,1.543234348
43.29834299,-79.83110562,1.526723146
43.29833669,-79.83048933,1.511147141
43.29833038,-79.82987303,1.496386051
43.29832408,-79.82925673,1.482368469
43.29831777,-79.82864044,1.469078779
43.29831145,-79.82802414,1.456543803
43.29830513,-79.82740785,1.444810748
43.29829881,-79.82679155,1.433925629
43.29829249,-79.82617526,1.42391777
43.29828616,-79.82555896,1.414795041
43.29827983,-79.82494267,1.406544805
43.2982735,-79.82432637,1.399141312
43.29826716,-79.82371008,1.39255321
43.29826082,-79.82309378,1.386752963
43.29825448,-79.82247749,1.381722093
43.29824813,-79.8218612,1.377455354
43.29824178,-79.8212449,1.373960733
43.29823543,-79.82062861,1.371258974
43.29822907,-79.82001232,1.369379401
43.29822271,-79.81939602,1.368357897
43.29821635,-79.81877973,1.368232965
43.29820998,-79.81816344,1.369044781
43.29820361,-79.81754715,1.370834827
43.29819724,-79.81693086,1.373647213
43.29819086,-79.81631456,1.377531767
43.29818448,-79.81569827,1.382548809
43.2981781,-79.81508198,1.388772964
43.29817171,-79.81446569,1.396298766
43.29816532,-79.8138494,1.40524292
43.29815893,-79.81323311,1.415744781
43.29815253,-79.81261682,1.427962184
43.29814613,-79.81200053,1.442060947
43.29813973,-79.81138424,1.458197355
43.29813332,-79.81076795,1.476491094
43.29812691,-79.81015166,1.496991158
43.2981205,-79.80953537,1.519636512
43.29811408,-79.80891908,1.544220209
43.29810766,-79.80830279,1.570353031
43.29810124,-79.8076865,1.597420096
43.29809481,-79.80707021,1.624514818
43.29808838,-79.80645392,1.65036273
43.29808195,-79.80583764,1.67330122
43.29807551,-79.80522135,1.691434979
43.29806907,-79.80460506,1.70306325
43.29806263,-79.80398877,1.707264423
43.29805618,-79.80337248,1.704393864
43.29804973,-79.8027562,1.694961667
43.29801096,-79.79905848,1.752858877
43.29799802,-79.79782591,1.644737005
43.29799154,-79.79720962,1.619797826
43.2989806,-79.84958612,1.440407872
43.29897439,-79.84896981,1.406548738
43.29896819,-79.8483535,1.371390939
43.29896198,-79.8477372,1.340165734
43.29895577,-79.84712089,1.31054461
43.29894956,-79.84650458,1.282999516
43.29894334,-79.84588828,1.264812827
43.29893712,-79.84527197,1.274194002
43.29892467,-79.84403936,1.336621881
43.29891844,-79.84342306,1.375813842
43.2989122,-79.84280675,1.41997695
43.29890597,-79.84219045,1.471048951
43.29889972,-79.84157414,1.527019978
43.29889348,-79.84095784,1.582824826
43.29888723,-79.84034154,1.633282781
43.29888098,-79.83972523,1.674966216
43.29887473,-79.83910893,1.706081986
43.29886847,-79.83849262,1.725822449
43.29886221,-79.83787632,1.734110355
43.29885595,-79.83726002,1.731687069
43.29884968,-79.83664371,1.720184088
43.29884341,-79.83602741,1.701917887
43.29883713,-79.83541111,1.679440856
43.29883086,-79.83479481,1.655062556
43.29882458,-79.83417851,1.630541563
43.29881829,-79.8335622,1.607001185
43.29881201,-79.8329459,1.585008383
43.29880572,-79.8323296,1.564720988
43.29879942,-79.8317133,1.546036959
43.29879312,-79.831097,1.528724074
43.29878682,-79.8304807,1.512522817
43.29878052,-79.8298644,1.497220516
43.29877421,-79.8292481,1.482691884
43.2987679,-79.8286318,1.468902946
43.29876159,-79.8280155,1.455887914
43.29875527,-79.8273992,1.443713546
43.29874895,-79.8267829,1.432446122
43.29874263,-79.8261666,1.422131062
43.2987363,-79.8255503,1.412783861
43.29872997,-79.824934,1.404394031
43.29872364,-79.8243177,1.39693296
43.2987173,-79.8237014,1.390364766
43.29871096,-79.8230851,1.384656787
43.29870462,-79.8224688,1.379787087
43.29869827,-79.82185251,1.375748038
43.29869192,-79.82123621,1.372547865
43.29868556,-79.82061991,1.370207548
43.29867921,-79.82000361,1.368757963
43.29867285,-79.81938731,1.368234754
43.29866648,-79.81877102,1.368675232
43.29866012,-79.81815472,1.370116472
43.29865375,-79.81753842,1.372594714
43.29864737,-79.81692213,1.376148343
43.298641,-79.81630583,1.380821228
43.29863462,-79.81568954,1.386668682
43.29862823,-79.81507324,1.393763542
43.29862185,-79.81445694,1.402201533
43.29861546,-79.81384065,1.412104964
43.29860906,-79.81322435,1.423623085
43.29860267,-79.81260806,1.436928511
43.29859627,-79.81199176,1.452206731
43.29858986,-79.81137547,1.469637036
43.29858346,-79.81075917,1.489364266
43.29857705,-79.81014288,1.5114609
43.29857063,-79.80952659,1.535889864
43.29856422,-79.80891029,1.562474608
43.2985578,-79.808294,1.590871215
43.29855137,-79.8076777,1.620513082
43.29854495,-79.80706141,1.650486708
43.29853852,-79.80644512,1.679352045
43.29853208,-79.80582883,1.705035925
43.29852565,-79.80521253,1.725037575
43.29851921,-79.80459624,1.737094641
43.29851276,-79.80397995,1.740114808
43.29850632,-79.80336366,1.735103965
43.29844167,-79.79720075,1.584942937
43.29843518,-79.79658446,1.548798203
43.2984287,-79.79596817,1.523696542
43.29941833,-79.84834501,1.350187898
43.29941212,-79.8477287,1.320393085
43.29940591,-79.84711239,1.291551828
43.2993997,-79.84649607,1.266221404
43.29939348,-79.84587976,1.249627471
43.29938726,-79.84526345,1.254102945
43.29938103,-79.84464714,1.274794102
43.29937481,-79.84403083,1.293676496
43.29936234,-79.84279821,1.371223569
43.2993561,-79.84218191,1.434579015
43.29934986,-79.8415656,1.510205269
43.29934362,-79.84094929,1.586661458
43.29933737,-79.84033298,1.653749347
43.29933112,-79.83971667,1.706467748
43.29932487,-79.83910036,1.743520021
43.29931861,-79.83848405,1.765099764
43.29931235,-79.83786775,1.772123098
43.29930608,-79.83725144,1.766240716
43.29929982,-79.83663513,1.749926686
43.29929355,-79.83601882,1.726276994
43.29928727,-79.83540252,1.698507786
43.299281,-79.83478621,1.669410825
43.29927471,-79.8341699,1.641009808
43.29926843,-79.8335536,1.614494681
43.29926214,-79.83293729,1.590356588
43.29925585,-79.83232099,1.568596959
43.29924956,-79.83170468,1.548927307
43.29924326,-79.83108837,1.530931234
43.29923696,-79.83047207,1.51419282
43.29923066,-79.82985576,1.498388529
43.29922435,-79.82923946,1.483336091
43.29921804,-79.82862315,1.468993902
43.29921173,-79.82800685,1.455422401
43.29920541,-79.82739054,1.442727208
43.29919909,-79.82677424,1.431010962
43.29919276,-79.82615794,1.420342922
43.29918644,-79.82554163,1.410750508
43.29918011,-79.82492533,1.40222466
43.29917377,-79.82430902,1.394732356
43.29916744,-79.82369272,1.388230681
43.29916109,-79.82307642,1.382679343
43.29915475,-79.82246012,1.37804997
43.2991484,-79.82184381,1.374330521
43.29914205,-79.82122751,1.371526241
43.2991357,-79.82061121,1.369656563
43.29912934,-79.81999491,1.368750811
43.29912298,-79.8193786,1.368842244
43.29911662,-79.8187623,1.369963765
43.29911025,-79.818146,1.37214601
43.29910388,-79.8175297,1.375417233
43.29909751,-79.8169134,1.379806399
43.29909113,-79.8162971,1.385348439
43.29908475,-79.8156808,1.392091274
43.29907837,-79.8150645,1.400103331
43.29907198,-79.8144482,1.409479499
43.29906559,-79.8138319,1.42034626
43.2990592,-79.8132156,1.432861805
43.2990528,-79.8125993,1.447213054
43.2990464,-79.811983,1.463605881
43.29904,-79.8113667,1.482244253
43.29903359,-79.8107504,1.503298163
43.29902718,-79.8101341,1.526862502
43.29902077,-79.8095178,1.552925825
43.29901435,-79.8089015,1.581362009
43.29900793,-79.80828521,1.611932158
43.29900151,-79.80766891,1.644226193
43.29899508,-79.80705261,1.677452087
43.29898865,-79.80643631,1.710073709
43.29898221,-79.80582001,1.739519358
43.29897578,-79.80520372,1.762432575
43.29896934,-79.80458742,1.77580297
43.29896289,-79.80397112,1.778657317
43.29895645,-79.80335483,1.771830916
43.29888532,-79.79657558,1.530087233
43.29887883,-79.79595928,1.511366963
43.29887234,-79.79534299,1.500563979
43.29986226,-79.84772019,1.302330971
43.29985605,-79.84710388,1.279608488
43.29984984,-79.84648756,1.261986494
43.29984362,-79.84587125,1.253683686
43.2998374,-79.84525493,1.254613757
43.29983117,-79.84463862,1.241156459
43.29982495,-79.84402231,1.223938704
43.29981872,-79.84340599,1.232713461
43.29981248,-79.84278968,1.274540067
43.2998,-79.84155705,1.461954713
43.29979376,-79.84094074,1.572409272
43.29978751,-79.84032442,1.666232586
43.29978126,-79.83970811,1.735910416
43.29977501,-79.8390918,1.781937838
43.29976875,-79.83847548,1.806586146
43.29976249,-79.83785917,1.812421441
43.29975622,-79.83724286,1.802500248
43.29974996,-79.83662655,1.78054893
43.29974368,-79.83601024,1.750740051
43.29973741,-79.83539392,1.717103004
43.29973113,-79.83477761,1.682949781
43.29972485,-79.8341613,1.650553823
43.29971857,-79.83354499,1.621130705
43.29971228,-79.83292868,1.595042706
43.29970599,-79.83231237,1.572079659
43.2996997,-79.83169606,1.551713109
43.2996934,-79.83107975,1.533295631
43.2996871,-79.83046344,1.516216755
43.29968079,-79.82984713,1.500019193
43.29967449,-79.82923082,1.484461904
43.29966818,-79.82861451,1.46951437
43.29966186,-79.8279982,1.455293059
43.29965554,-79.82738189,1.441973805
43.29964922,-79.82676558,1.429718256
43.2996429,-79.82614928,1.418633342
43.29963657,-79.82553297,1.408762217
43.29963024,-79.82491666,1.400096893
43.29962391,-79.82430035,1.392596722
43.29961757,-79.82368404,1.386208534
43.29961123,-79.82306774,1.380881548
43.29960489,-79.82245143,1.376577735
43.29959854,-79.82183512,1.373277903
43.29959219,-79.82121881,1.370981574
43.29958584,-79.82060251,1.369704008
43.29957948,-79.8199862,1.369469404
43.29957312,-79.81936989,1.3703053
43.29956675,-79.81875359,1.372236848
43.29956039,-79.81813728,1.375284314
43.29955402,-79.81752098,1.379463673
43.29954764,-79.81690467,1.384790182
43.29954127,-79.81628836,1.391285896
43.29953489,-79.81567206,1.398987055
43.2995285,-79.81505575,1.407953858
43.29952211,-79.81443945,1.418276906
43.29951572,-79.81382315,1.430082798
43.29950933,-79.81320684,1.443534851
43.29950293,-79.81259054,1.458831429
43.29949653,-79.81197423,1.476195455
43.29949013,-79.81135793,1.495851278
43.29948372,-79.81074163,1.51798439
43.29947731,-79.81012532,1.542695999
43.2994709,-79.80950902,1.569985867
43.29946448,-79.80889272,1.599791408
43.29945806,-79.80827641,1.632055402
43.29945164,-79.80766011,1.666683078
43.29944521,-79.80704381,1.703207135
43.29943878,-79.80642751,1.740110636
43.29943235,-79.8058112,1.774128199
43.29942591,-79.8051949,1.800503969
43.29941947,-79.8045786,1.815387964
43.29941303,-79.8039623,1.817765713
43.29932247,-79.7953341,1.491471767
43.29931598,-79.7947178,1.484992027
43.30029998,-79.84647905,1.26129508
43.30027509,-79.84401378,1.111150026
43.30026885,-79.84339746,1.094300389
43.30026262,-79.84278114,1.134614229
43.30025638,-79.84216482,1.238227248
43.30025014,-79.8415485,1.380576968
43.3002439,-79.84093218,1.533598423
43.30023765,-79.84031587,1.662937164
43.3002314,-79.83969955,1.755277634
43.30022514,-79.83908323,1.813541174
43.30021889,-79.83846691,1.843015671
43.30021263,-79.8378506,1.848643422
43.30020636,-79.83723428,1.835182428
43.30020009,-79.83661796,1.807749033
43.30019382,-79.83600165,1.771857977
43.30018755,-79.83538533,1.732533455
43.30018127,-79.83476902,1.693622231
43.30017499,-79.8341527,1.657616735
43.30016871,-79.83353639,1.625737667
43.30016242,-79.83292007,1.598198175
43.30015613,-79.83230375,1.574549317
43.30014983,-79.83168744,1.553988695
43.30014354,-79.83107112,1.535597444
43.30013723,-79.83045481,1.518528461
43.30013093,-79.8298385,1.50215888
43.30012462,-79.82922218,1.48618269
43.30011831,-79.82860587,1.470604181
43.300112,-79.82798955,1.455638528
43.30010568,-79.82737324,1.441576719
43.30009936,-79.82675693,1.42867434
43.30009304,-79.82614061,1.417094588
43.30008671,-79.8255243,1.406902909
43.30008038,-79.82490799,1.398090363
43.30007404,-79.82429168,1.390604973
43.30006771,-79.82367536,1.384378672
43.30006137,-79.82305905,1.379346728
43.30005502,-79.82244274,1.375459313
43.30004868,-79.82182643,1.372686982
43.30004232,-79.82121012,1.371020913
43.30003597,-79.8205938,1.370468497
43.30002961,-79.81997749,1.371045947
43.30002325,-79.81936118,1.372770905
43.30001689,-79.81874487,1.375656247
43.30001052,-79.81812856,1.379706979
43.30000415,-79.81751225,1.384921551
43.29999778,-79.81689594,1.391296506
43.2999914,-79.81627963,1.398834586
43.29998502,-79.81566332,1.407555103
43.29997864,-79.81504701,1.417503715
43.29997225,-79.8144307,1.42876029
43.29996586,-79.81381439,1.441444278
43.29995946,-79.81319808,1.455717444
43.29995307,-79.81258178,1.47178185
43.29994667,-79.81196547,1.489869356
43.29994026,-79.81134916,1.510210752
43.29993386,-79.81073285,1.532983541
43.29992745,-79.81011654,1.558259487
43.29992103,-79.80950024,1.586014032
43.29991462,-79.80888393,1.6162498
43.2999082,-79.80826762,1.649181485
43.29990177,-79.80765131,1.685244918
43.29989534,-79.80703501,1.724598527
43.29988891,-79.8064187,1.765915155
43.29988248,-79.80580239,1.804844141
43.29987604,-79.80518609,1.834297061
43.2998696,-79.80456978,1.849363089
43.29986316,-79.80395348,1.850894332
43.29976611,-79.79470891,1.481946349
43.29975961,-79.79409261,1.478919148
43.29975311,-79.79347631,1.477198243
43.30073145,-79.84462157,1.054535508
43.30072522,-79.84400525,1.003601789
43.30071899,-79.84338892,0.955897629
43.30070652,-79.84215628,1.199827194
43.30070028,-79.84153996,1.33464849
43.30069404,-79.84092363,1.497118473
43.30068779,-79.84030731,1.645170689
43.30068154,-79.83969099,1.756776452
43.30067528,-79.83907467,1.828961015
43.30066902,-79.83845834,1.864106059
43.30066276,-79.83784202,1.870617867
43.3006565,-79.8372257,1.855738401
43.30065023,-79.83660938,1.824885249
43.30064396,-79.83599306,1.784543037
43.30063769,-79.83537674,1.740972996
43.30063141,-79.83476042,1.698609352
43.30062513,-79.8341441,1.660115242
43.30061884,-79.83352778,1.626739144
43.30061256,-79.83291146,1.598600626
43.30060626,-79.83229514,1.575050473
43.30059997,-79.83167882,1.555024743
43.30059367,-79.8310625,1.537318707
43.30058737,-79.83044618,1.520806432
43.30058107,-79.82982986,1.504650354
43.30057476,-79.82921354,1.488459349
43.30056845,-79.82859723,1.472294807
43.30056213,-79.82798091,1.456524253
43.30055582,-79.82736459,1.441613197
43.3005495,-79.82674827,1.427957892
43.30054317,-79.82613195,1.415805936
43.30053685,-79.82551564,1.405254126
43.30053051,-79.82489932,1.396291375
43.30052418,-79.824283,1.388848662
43.30051784,-79.82366668,1.382838249
43.3005115,-79.82305037,1.37817812
43.30050516,-79.82243405,1.374804139
43.30049881,-79.82181773,1.372675061
43.30049246,-79.82120142,1.371771336
43.30048611,-79.8205851,1.372089505
43.30047975,-79.81996879,1.373633981
43.30047339,-79.81935247,1.376407862
43.30046702,-79.81873616,1.380406737
43.30046066,-79.81811984,1.385614634
43.30045429,-79.81750353,1.39200592
43.30044791,-79.81688721,1.399551034
43.30044154,-79.8162709,1.408226252
43.30043515,-79.81565458,1.418025494
43.30042877,-79.81503827,1.428970456
43.30042238,-79.81442196,1.441120386
43.30041599,-79.81380564,1.454577446
43.3004096,-79.81318933,1.469489813
43.3004032,-79.81257301,1.486051321
43.3003968,-79.8119567,1.504487038
43.3003904,-79.81134039,1.525011063
43.30038399,-79.81072408,1.547754526
43.30037758,-79.81010776,1.572705507
43.30037117,-79.80949145,1.599758983
43.30036475,-79.80887514,1.628966331
43.30035833,-79.80825883,1.660904646
43.3003519,-79.80764252,1.696796656
43.30034548,-79.8070262,1.737828732
43.30033905,-79.80640989,1.783130169
43.30032618,-79.80517727,1.858504534
43.30031974,-79.80456096,1.872517943
43.30031329,-79.80394465,1.875078559
43.30020974,-79.79408371,1.264401913
43.30020324,-79.7934674,1.476412773
43.30019674,-79.7928511,1.475699425
43.30118159,-79.84461305,1.038963318
43.30117536,-79.84399672,0.946363807
43.30116913,-79.84338039,0.862147272
43.30115666,-79.84214773,1.486661077
43.30115042,-79.84153141,1.485485673
43.30114417,-79.84091508,1.555748224
43.30113793,-79.84029875,1.635540366
43.30113167,-79.83968243,1.74222827
43.30112542,-79.8390661,1.83003509
43.30111916,-79.83844977,1.866129518
43.3011129,-79.83783345,1.868454218
43.30110664,-79.83721712,1.853781104
43.30110037,-79.8366008,1.823852539
43.3010941,-79.83598447,1.782843351
43.30108782,-79.83536815,1.738042474
43.30108155,-79.83475182,1.694705963
43.30107526,-79.8341355,1.655670643
43.30106898,-79.83351917,1.62229085
43.30106269,-79.83290285,1.594745159
43.3010564,-79.83228652,1.572306871
43.30105011,-79.8316702,1.553729534
43.30104381,-79.83105388,1.537560463
43.30103751,-79.83043755,1.522363186
43.3010312,-79.82982123,1.507010579
43.3010249,-79.82920491,1.490980029
43.30101859,-79.82858858,1.474404573
43.30101227,-79.82797226,1.457859039
43.30100595,-79.82735594,1.442050815
43.30099963,-79.82673961,1.42757535
43.30099331,-79.82612329,1.414800644
43.30098698,-79.82550697,1.403871059
43.30098065,-79.82489065,1.394774318
43.30097432,-79.82427433,1.387418866
43.30096798,-79.82365801,1.381691933
43.30096164,-79.82304168,1.377490997
43.30095529,-79.82242536,1.374737144
43.30094895,-79.82180904,1.373376608
43.3009426,-79.82119272,1.373378038
43.30093624,-79.8205764,1.374724865
43.30092988,-79.81996008,1.377405882
43.30092352,-79.81934376,1.381405234
43.30091716,-79.81872744,1.386695027
43.30091079,-79.81811112,1.39323163
43.30090442,-79.8174948,1.400957227
43.30089805,-79.81687848,1.409807563
43.30089167,-79.81626216,1.419722319
43.30088529,-79.81564584,1.430658102
43.3008789,-79.81502953,1.442600846
43.30087252,-79.81441321,1.455574989
43.30086613,-79.81379689,1.46965003
43.30085973,-79.81318057,1.484945178
43.30085334,-79.81256425,1.501628399
43.30084694,-79.81194794,1.519896269
43.30084053,-79.81133162,1.5399158
43.30083412,-79.8107153,1.561726451
43.30082771,-79.81009898,1.585169435
43.3008213,-79.80948267,1.609989285
43.30081488,-79.80886635,1.636243939
43.30080846,-79.80825003,1.664922595
43.30080204,-79.80763372,1.698266864
43.30079561,-79.8070174,1.738933206
43.30078918,-79.80640109,1.787016034
43.30078275,-79.80578477,1.835405707
43.30077631,-79.80516846,1.869342327
43.30076987,-79.80455214,1.879447937
43.30076343,-79.80393583,1.878844142
43.30064687,-79.79284219,1.475463152
43.30064036,-79.79222588,1.475219488
43.30063385,-79.79160957,1.475113869
43.3006143,-79.78976064,NA
43.3016255,-79.84398819,0.973274589
43.30161927,-79.84337186,0.820077717
43.30161304,-79.84275552,1.764899135
43.3016068,-79.84213919,1.946243048
43.30160056,-79.84152286,1.797532678
43.30159431,-79.84090653,1.748456597
43.30158806,-79.8402902,1.603572845
43.30158181,-79.83967387,1.716951132
43.30157556,-79.83905753,1.848627806
43.3015693,-79.8384412,1.8692348
43.30156304,-79.83782487,1.843501568
43.30155677,-79.83720854,1.82314992
43.30155051,-79.83659221,1.798225045
43.30154424,-79.83597588,1.761908054
43.30153796,-79.83535955,1.72021842
43.30153168,-79.83474322,1.679268956
43.3015254,-79.83412689,1.642214656
43.30151912,-79.83351056,1.610687852
43.30151283,-79.83289424,1.585151434
43.30150654,-79.83227791,1.56495893
43.30150024,-79.83166158,1.548805714
43.30149395,-79.83104525,1.535127163
43.30148765,-79.83042892,1.522168517
43.30148134,-79.82981259,1.508393407
43.30147503,-79.82919627,1.493085027
43.30146872,-79.82857994,1.47645247
43.30146241,-79.82796361,1.459319115
43.30145609,-79.82734728,1.442691088
43.30144977,-79.82673096,1.427418709
43.30144344,-79.82611463,1.414035797
43.30143712,-79.8254983,1.402759433
43.30143079,-79.82488198,1.393583179
43.30142445,-79.82426565,1.386390805
43.30141811,-79.82364933,1.381039381
43.30141177,-79.823033,1.377404094
43.30140543,-79.82241667,1.375391364
43.30139908,-79.82180035,1.374937296
43.30139273,-79.82118402,1.375999212
43.30138638,-79.8205677,1.378546596
43.30138002,-79.81995137,1.382549644
43.30137366,-79.81933505,1.387968421
43.30136729,-79.81871872,1.394745469
43.30136093,-79.8181024,1.402801514
43.30135456,-79.81748608,1.41203773
43.30134818,-79.81686975,1.422343731
43.3013418,-79.81625343,1.433609843
43.30133542,-79.81563711,1.445741057
43.30132904,-79.81502078,1.458670616
43.30132265,-79.81440446,1.47236979
43.30131626,-79.81378814,1.486856818
43.30130987,-79.81317181,1.502201319
43.30130347,-79.81255549,1.518523693
43.30129707,-79.81193917,1.535968065
43.30129067,-79.81132285,1.554624915
43.30128426,-79.81070653,1.574403644
43.30127785,-79.8100902,1.594946504
43.30127143,-79.80947388,1.615779519
43.30126502,-79.80885756,1.636886716
43.3012586,-79.80824124,1.659612894
43.30125217,-79.80762492,1.687273145
43.30124574,-79.8070086,1.724303365
43.30123931,-79.80639228,1.772619486
43.30123288,-79.80577596,1.825618029
43.30122644,-79.80515964,1.865026951
43.30122,-79.80454332,1.866495609
43.30121356,-79.803927,1.807851434
43.30120711,-79.80331068,1.693856716
43.30109049,-79.79221697,1.475140929
43.30108398,-79.79160065,1.475065112
43.30107747,-79.79098434,1.475036263
43.30106443,-79.78975171,NA
43.30105791,-79.78913539,NA
43.30206941,-79.84336332,1.264383197
43.30206317,-79.84274698,1.567919016
43.30205694,-79.84213065,1.497473836
43.3020507,-79.84151431,1.784202695
43.30204445,-79.84089798,1.594480634
43.3020382,-79.84028164,1.372644544
43.30203195,-79.8396653,1.660020828
43.3020257,-79.83904897,1.923094511
43.30201944,-79.83843263,1.874699593
43.30201318,-79.8378163,1.799662948
43.30200691,-79.83719996,1.767101407
43.30200064,-79.83658363,1.748208284
43.30199437,-79.83596729,1.720891714
43.3019881,-79.83535096,1.686679602
43.30198182,-79.83473463,1.651481986
43.30197554,-79.83411829,1.61884594
43.30196925,-79.83350196,1.590991139
43.30196297,-79.83288562,1.568918943
43.30195668,-79.83226929,1.552084804
43.30195038,-79.83165296,1.539171576
43.30194408,-79.83103663,1.528888822
43.30193778,-79.83042029,1.519134283
43.30193148,-79.82980396,1.507729411
43.30192517,-79.82918763,1.493796468
43.30191886,-79.8285713,1.477641582
43.30191254,-79.82795496,1.460323453
43.30190623,-79.82733863,1.443148732
43.30189991,-79.8267223,1.427252889
43.30189358,-79.82610597,1.413381338
43.30188725,-79.82548964,1.401863098
43.30188092,-79.82487331,1.392718554
43.30187459,-79.82425698,1.385810256
43.30186825,-79.82364065,1.380963087
43.30186191,-79.82302432,1.378027916
43.30185556,-79.82240799,1.376899123
43.30184922,-79.82179166,1.377506256
43.30184287,-79.82117533,1.379799247
43.30183651,-79.820559,1.383734584
43.30183015,-79.81994267,1.389261603
43.30182379,-79.81932634,1.396312237
43.30181743,-79.81871001,1.404792547
43.30181106,-79.81809368,1.414579034
43.30180469,-79.81747735,1.425521493
43.30179832,-79.81686102,1.437450886
43.30179194,-79.81624469,1.450192571
43.30178556,-79.81562837,1.46358192
43.30177917,-79.81501204,1.477478147
43.30177279,-79.81439571,1.491777658
43.3017664,-79.81377938,1.506422877
43.30176,-79.81316306,1.521410584
43.3017536,-79.81254673,1.536790967
43.3017472,-79.8119304,1.552634716
43.3017408,-79.81131408,1.568938494
43.30173439,-79.81069775,1.585468769
43.30172798,-79.81008142,1.601653695
43.30172157,-79.8094651,1.616757989
43.30171515,-79.80884877,1.630577326
43.30170873,-79.80823245,1.644582868
43.3017023,-79.80761612,1.662846446
43.30169588,-79.8069998,1.691422105
43.30168945,-79.80638347,1.734664083
43.30168301,-79.80576715,1.788666129
43.30167658,-79.80515082,1.836448193
43.30167013,-79.8045345,1.843502402
43.30166369,-79.80391818,1.740534067
43.30165724,-79.80330185,1.577519774
43.30165079,-79.80268553,1.612430096
43.30164434,-79.8020692,1.773142934
43.3015276,-79.79097542,1.475031614
43.30152108,-79.7903591,NA
43.30151456,-79.78974278,NA
43.30150804,-79.78912646,NA
43.30251331,-79.84273845,1.639722228
43.30250708,-79.8421221,1.632119656
43.30250083,-79.84150576,1.63530457
43.30249459,-79.84088942,1.381078243
43.30248834,-79.84027308,1.338769197
43.30248209,-79.83965674,1.472550035
43.30247583,-79.8390404,1.777836919
43.30246958,-79.83842406,1.762830377
43.30246332,-79.83780772,1.716617465
43.30245705,-79.83719138,1.693033457
43.30245078,-79.83657504,1.681692481
43.30244451,-79.8359587,1.66479528
43.30243824,-79.83534237,1.640575767
43.30243196,-79.83472603,1.613198519
43.30242568,-79.83410969,1.586424112
43.30241939,-79.83349335,1.56349349
43.3024131,-79.83287701,1.546270967
43.30240681,-79.83226067,1.533959508
43.30240052,-79.83164434,1.524755001
43.30239422,-79.831028,1.518693566
43.30238792,-79.83041166,1.512857676
43.30238161,-79.82979533,1.504048944
43.30237531,-79.82917899,1.491939068
43.302369,-79.82856265,1.476911426
43.30236268,-79.82794632,1.460070133
43.30235636,-79.82732998,1.442890286
43.30235004,-79.82671364,1.426751018
43.30234372,-79.82609731,1.412646294
43.30233739,-79.82548097,1.401078582
43.30233106,-79.82486464,1.392139912
43.30232472,-79.8242483,1.385689259
43.30231839,-79.82363197,1.381519794
43.30231204,-79.82301563,1.379455924
43.3023057,-79.8223993,1.379381895
43.30229935,-79.82178296,1.381226897
43.302293,-79.82116663,1.384939909
43.30228665,-79.82055029,1.390467286
43.30228029,-79.81993396,1.397737503
43.30227393,-79.81931763,1.406650066
43.30226756,-79.81870129,1.417068243
43.3022612,-79.81808496,1.428815961
43.30225483,-79.81746863,1.441679955
43.30224845,-79.81685229,1.455418587
43.30224207,-79.81623596,1.469774723
43.30223569,-79.81561963,1.484492421
43.30222931,-79.8150033,1.499332786
43.30222292,-79.81438696,1.514089227
43.30221653,-79.81377063,1.52860117
43.30221014,-79.8131543,1.542766333
43.30220374,-79.81253797,1.556543231
43.30219734,-79.81192164,1.569917679
43.30219093,-79.81130531,1.582797647
43.30218452,-79.81068898,1.594835877
43.30217811,-79.81007264,1.605291843
43.3021717,-79.80945631,1.613186479
43.30216528,-79.80883998,1.618019462
43.30215886,-79.80822365,1.621016264
43.30215244,-79.80760732,1.626256704
43.30214601,-79.80699099,1.64038682
43.30213958,-79.80637467,1.669238091
43.30213315,-79.80575834,1.710673094
43.30212671,-79.80514201,1.74726522
43.30212027,-79.80452568,1.738091588
43.30211382,-79.80390935,1.60106504
43.30210738,-79.80329302,1.382905602
43.30210092,-79.80267669,1.452519059
43.30209447,-79.80206037,1.806045294
43.30208801,-79.80144404,1.779396772
43.30198424,-79.79158282,NA
43.30197773,-79.7909665,NA
43.30197121,-79.79035017,NA
43.30196469,-79.78973385,NA
43.30195817,-79.78911752,NA
43.30293848,-79.84026452,1.459718466
43.30293223,-79.83964818,1.423030853
43.30292597,-79.83903184,1.473081946
43.30291971,-79.83841549,1.594978929
43.30291345,-79.83779915,1.616650462
43.30290719,-79.8371828,1.613199711
43.30290092,-79.83656646,1.610187411
43.30289465,-79.83595012,1.602962852
43.30288837,-79.83533377,1.588470101
43.3028821,-79.83471743,1.568607926
43.30287581,-79.83410109,1.547304988
43.30286953,-79.83348474,1.529387116
43.30286324,-79.8328684,1.518325448
43.30285695,-79.83225206,1.512881756
43.30285066,-79.83163572,1.508524656
43.30284436,-79.83101937,1.50727725
43.30283806,-79.83040303,1.504493594
43.30283175,-79.82978669,1.496446252
43.30282544,-79.82917035,1.486127019
43.30281913,-79.82855401,1.472971797
43.30281282,-79.82793767,1.457584023
43.3028065,-79.82732133,1.441296101
43.30280018,-79.82670499,1.425560832
43.30279385,-79.82608864,1.411635876
43.30278753,-79.8254723,1.400295854
43.30278119,-79.82485596,1.391789556
43.30277486,-79.82423962,1.3860147
43.30276852,-79.82362329,1.382739663
43.30276218,-79.82300695,1.381758213
43.30275584,-79.82239061,1.382942915
43.30274949,-79.82177427,1.386228561
43.30274314,-79.82115793,1.391570568
43.30273678,-79.82054159,1.398911119
43.30273042,-79.81992525,1.408159018
43.30272406,-79.81930891,1.419178605
43.3027177,-79.81869258,1.43178463
43.30271133,-79.81807624,1.445739627
43.30270496,-79.8174599,1.460756779
43.30269859,-79.81684356,1.476507187
43.30269221,-79.81622723,1.492632627
43.30268583,-79.81561089,1.508762121
43.30267944,-79.81499455,1.524529815
43.30267305,-79.81437822,1.539594531
43.30266666,-79.81376188,1.553660154
43.30266027,-79.81314554,1.566497445
43.30265387,-79.81252921,1.577954769
43.30264747,-79.81191287,1.587933421
43.30264107,-79.81129654,1.596284986
43.30263466,-79.8106802,1.602625728
43.30262825,-79.81006386,1.606165051
43.30262183,-79.80944753,1.605792761
43.30261542,-79.80883119,1.600701809
43.30260899,-79.80821486,1.591546178
43.30260257,-79.80759853,1.58155489
43.30259614,-79.80698219,1.576419234
43.30258971,-79.80636586,1.581291556
43.30258328,-79.80574952,1.593464732
43.30257684,-79.80513319,1.592618108
43.3025704,-79.80451686,1.5361619
43.30256396,-79.80390052,1.377156854
43.30255751,-79.80328419,1.17771399
43.30255106,-79.80266786,1.213313699
43.30253815,-79.80143519,1.595569134
43.30253168,-79.80081886,1.588273406
43.30244089,-79.79219023,NA
43.30243438,-79.7915739,NA
43.30242786,-79.79095758,NA
43.30242134,-79.79034125,NA
43.30241482,-79.78972492,NA
43.3024083,-79.78910859,NA
43.30338237,-79.83963962,1.48342967
43.30337611,-79.83902327,1.499800682
43.30336985,-79.83840692,1.530829191
43.30336359,-79.83779057,1.540482402
43.30335733,-79.83717422,1.541835666
43.30335106,-79.83655787,1.54524219
43.30334479,-79.83594153,1.545526981
43.30333851,-79.83532518,1.537901282
43.30333223,-79.83470883,1.522734046
43.30332595,-79.83409248,1.504251719
43.30331967,-79.83347614,1.489233971
43.30331338,-79.83285979,1.484000921
43.30330709,-79.83224344,1.489399672
43.30330079,-79.83162709,1.499390006
43.30329449,-79.83101075,1.50417912
43.30328819,-79.8303944,1.491425395
43.30328189,-79.82977806,1.481643677
43.30327558,-79.82916171,1.474143028
43.30326927,-79.82854536,1.464137912
43.30326295,-79.82792902,1.451667547
43.30325664,-79.82731267,1.437657952
43.30325031,-79.82669633,1.423334122
43.30324399,-79.82607998,1.410196781
43.30323766,-79.82546364,1.399442077
43.30323133,-79.82484729,1.391626596
43.303225,-79.82423095,1.386769652
43.30321866,-79.8236146,1.384636402
43.30321232,-79.82299826,1.384982705
43.30320597,-79.82238192,1.387662411
43.30319962,-79.82176557,1.392617464
43.30319327,-79.82114923,1.399817348
43.30318692,-79.82053289,1.409206748
43.30318056,-79.81991654,1.420677304
43.3031742,-79.8193002,1.434056997
43.30316783,-79.81868386,1.449106932
43.30316147,-79.81806752,1.465522051
43.30315509,-79.81745117,1.482932091
43.30314872,-79.81683483,1.500908256
43.30314234,-79.81621849,1.518973231
43.30313596,-79.81560215,1.536616087
43.30312958,-79.81498581,1.553312182
43.30312319,-79.81436947,1.568549037
43.3031168,-79.81375313,1.58185792
43.3031104,-79.81313678,1.592849851
43.30310401,-79.81252044,1.601246476
43.3030976,-79.8119041,1.606874824
43.3030912,-79.81128776,1.609585404
43.30308479,-79.81067142,1.609075546
43.30307838,-79.81005508,1.604690433
43.30307197,-79.80943874,1.595410109
43.30306555,-79.80882241,1.580284357
43.30305913,-79.80820607,1.559355497
43.3030527,-79.80758973,1.53459394
43.30304628,-79.80697339,1.509845734
43.30303984,-79.80635705,1.488468647
43.30303341,-79.80574071,1.467593312
43.30302697,-79.80512437,1.430978656
43.30302053,-79.80450804,1.349706054
43.30301409,-79.8038917,1.207677841
43.30300764,-79.80327536,1.060723424
43.30300119,-79.80265902,1.067591429
43.30299474,-79.80204269,1.253752351
43.30298828,-79.80142635,1.392255902
43.30289752,-79.79279765,NA
43.30289102,-79.79218132,NA
43.30288451,-79.79156499,NA
43.30287799,-79.79094865,NA
43.30287147,-79.79033232,NA
43.30286495,-79.78971599,NA
43.30381999,-79.83839835,1.488285422
43.30381373,-79.83778199,1.484526396
43.30380746,-79.83716564,1.487835407
43.3038012,-79.83654929,1.495753169
43.30379492,-79.83593294,1.499830365
43.30378865,-79.83531658,1.494655848
43.30378237,-79.83470023,1.479930401
43.30377609,-79.83408388,1.459799528
43.3037698,-79.83346753,1.442156434
43.30376352,-79.83285118,1.435770154
43.30375722,-79.83223482,1.445065379
43.30375093,-79.83161847,1.467149973
43.30374463,-79.83100212,1.476421475
43.30373833,-79.83038577,1.452228427
43.30373202,-79.82976942,1.453806043
43.30372572,-79.82915307,1.453007817
43.3037194,-79.82853672,1.448034525
43.30371309,-79.82792037,1.440673709
43.30370677,-79.82730402,1.431046963
43.30370045,-79.82668767,1.419654489
43.30369413,-79.82607132,1.408190966
43.3036878,-79.82545497,1.398486972
43.30368147,-79.82483862,1.391646147
43.30367513,-79.82422227,1.38795507
43.30366879,-79.82360592,1.387222767
43.30366245,-79.82298958,1.389163017
43.30365611,-79.82237323,1.393597841
43.30364976,-79.82175688,1.400471807
43.30364341,-79.82114053,1.409772515
43.30363705,-79.82052418,1.421453476
43.30363069,-79.81990784,1.435392022
43.30362433,-79.81929149,1.45137918
43.30361797,-79.81867514,1.469120145
43.3036116,-79.81805879,1.488237619
43.30360523,-79.81744245,1.508273125
43.30359885,-79.8168261,1.528689146
43.30359248,-79.81620976,1.548874378
43.3035861,-79.81559341,1.568154573
43.30357971,-79.81497706,1.585813403
43.30357332,-79.81436072,1.601124883
43.30356693,-79.81374437,1.613401651
43.30356054,-79.81312803,1.622055411
43.30355414,-79.81251168,1.626659393
43.30354774,-79.81189534,1.626979351
43.30354133,-79.81127899,1.622932673
43.30353493,-79.81066265,1.61443913
43.30352851,-79.8100463,1.601206422
43.3035221,-79.80942996,1.582609057
43.30351568,-79.80881362,1.5578897
43.30350926,-79.80819727,1.526778579
43.30350284,-79.80758093,1.49021852
43.30349641,-79.80696459,1.450446248
43.30348998,-79.80634824,1.409537196
43.30348354,-79.8057319,1.366048098
43.30347711,-79.80511556,1.311687469
43.30347066,-79.80449921,1.234004378
43.30346422,-79.80388287,1.131910801
43.30345777,-79.80326653,1.037803173
43.30345132,-79.80265019,1.031735301
43.30344487,-79.80203385,1.150325298
43.30343841,-79.80141751,1.259223819
43.30334115,-79.79217241,NA
43.30333464,-79.79155607,NA
43.30332812,-79.79093973,NA
43.3033216,-79.79032339,NA
43.30427639,-79.83900613,1.454235673
43.30427013,-79.83838978,1.451188564
43.30426387,-79.83777342,1.44846046
43.3042576,-79.83715706,1.455102324
43.30425133,-79.8365407,1.464677572
43.30424506,-79.83592435,1.468335032
43.30423879,-79.83530799,1.461485863
43.30423251,-79.83469163,1.443516612
43.30422623,-79.83407528,1.417618513
43.30421994,-79.83345892,1.390640736
43.30421365,-79.83284256,1.370847106
43.30420736,-79.83222621,1.366528511
43.30420107,-79.83160985,1.38201189
43.30419477,-79.8309935,1.390018821
43.30418847,-79.83037714,1.411405563
43.30418216,-79.82976078,1.420579672
43.30417585,-79.82914443,1.421202183
43.30416954,-79.82852808,1.421481133
43.30416323,-79.82791172,1.42225945
43.30415691,-79.82729537,1.420157313
43.30415059,-79.82667901,1.413930535
43.30414426,-79.82606266,1.405418992
43.30413793,-79.8254463,1.397401214
43.3041316,-79.82482995,1.391870379
43.30412527,-79.8242136,1.389598846
43.30411893,-79.82359724,1.390524983
43.30411259,-79.82298089,1.394328833
43.30410624,-79.82236454,1.400786877
43.30409989,-79.82174818,1.409836769
43.30409354,-79.82113183,1.421483397
43.30408719,-79.82051548,1.435691237
43.30408083,-79.81989913,1.452325463
43.30407447,-79.81928278,1.471140027
43.3040681,-79.81866642,1.491784215
43.30406173,-79.81805007,1.513809562
43.30405536,-79.81743372,1.536670446
43.30404899,-79.81681737,1.55971992
43.30404261,-79.81620102,1.582206011
43.30403623,-79.81558467,1.60327363
43.30402984,-79.81496832,1.62198174
43.30402346,-79.81435197,1.637343287
43.30401707,-79.81373562,1.648394465
43.30401067,-79.81311927,1.654292107
43.30400427,-79.81250292,1.65442431
43.30399787,-79.81188657,1.648500919
43.30399147,-79.81127022,1.636572838
43.30398506,-79.81065387,1.618930221
43.30397865,-79.81003752,1.5958848
43.30397223,-79.80942117,1.567540884
43.30396582,-79.80880483,1.533753872
43.30395939,-79.80818848,1.49442935
43.30395297,-79.80757213,1.450047493
43.30394654,-79.80695578,1.401953936
43.30394011,-79.80633943,1.35183847
43.30393368,-79.80572309,1.300319672
43.30392724,-79.80510674,1.246103168
43.3039208,-79.80449039,1.188761473
43.30391435,-79.80387405,1.136204243
43.3039079,-79.8032577,1.109318256
43.30390145,-79.80264135,1.122933745
43.303895,-79.80202501,1.161227107
43.30388854,-79.80140866,1.209379435
43.30472027,-79.8383812,1.431933165
43.304714,-79.83776484,1.432047486
43.30470774,-79.83714848,1.440901279
43.30470147,-79.83653212,1.449251056
43.3046952,-79.83591576,1.449202776
43.30468892,-79.83529939,1.438316226
43.30468264,-79.83468303,1.415906549
43.30467636,-79.83406667,1.383985639
43.30467008,-79.83345031,1.347202897
43.30466379,-79.83283395,1.310001612
43.3046575,-79.83221759,1.282456398
43.3046512,-79.83160123,1.311053514
43.3046449,-79.83098487,1.384488344
43.3046386,-79.83036851,1.403931022
43.3046323,-79.82975215,1.385865092
43.30462599,-79.82913579,1.374232411
43.30461968,-79.82851943,1.379912138
43.30461336,-79.82790307,1.393672585
43.30460704,-79.82728671,1.403621554
43.30460072,-79.82667035,1.405547023
43.3045944,-79.82605399,1.401644707
43.30458807,-79.82543764,1.3961339
43.30458174,-79.82482128,1.392329335
43.3045754,-79.82420492,1.39175415
43.30456906,-79.82358856,1.394591093
43.30456272,-79.8229722,1.40051496
43.30455638,-79.82235585,1.409251571
43.30455003,-79.82173949,1.420721412
43.30454368,-79.82112313,1.434940219
43.30453732,-79.82050678,1.451880336
43.30453096,-79.81989042,1.471393108
43.3045246,-79.81927406,1.493195176
43.30451824,-79.81865771,1.516883016
43.30451187,-79.81804135,1.541944981
43.3045055,-79.817425,1.567760229
43.30449912,-79.81680864,1.593585491
43.30449275,-79.81619228,1.618535161
43.30448636,-79.81557593,1.641567111
43.30447998,-79.81495957,1.661487579
43.30447359,-79.81434322,1.676994562
43.3044672,-79.81372687,1.686772585
43.3044608,-79.81311051,1.689641118
43.30445441,-79.81249416,1.684738159
43.30444801,-79.8118778,1.671698928
43.3044416,-79.81126145,1.650763273
43.30443519,-79.8106451,1.622739434
43.30442878,-79.81002874,1.588785052
43.30442237,-79.80941239,1.550063252
43.30441595,-79.80879604,1.507448673
43.30440953,-79.80817968,1.461495042
43.3044031,-79.80756333,1.412742615
43.30439667,-79.80694698,1.362166762
43.30439024,-79.80633063,1.311360598
43.30438381,-79.80571427,1.262317777
43.30437737,-79.80509792,1.217716575
43.30437093,-79.80448157,1.182915926
43.30436448,-79.80386522,1.167927265
43.30435804,-79.80324887,1.181807041
43.30435159,-79.80263252,1.209283948
43.30434513,-79.80201617,1.204007626
43.30515161,-79.83652353,1.444063902
43.30514534,-79.83590717,1.438101768
43.30513906,-79.8352908,1.423047304
43.30513278,-79.83467443,1.398064852
43.3051265,-79.83405807,1.365140319
43.30512021,-79.8334417,1.329171062
43.30511393,-79.83282534,1.291882277
43.30510763,-79.83220897,1.259150147
43.30510134,-79.83159261,1.297572374
43.30509504,-79.83097624,1.381109595
43.30508874,-79.83035988,1.389278412
43.30508243,-79.82974351,1.331314325
43.30507613,-79.82912715,1.302124262
43.30506981,-79.82851079,1.319574356
43.3050635,-79.82789442,1.354210734
43.30505718,-79.82727806,1.381534457
43.30505086,-79.82666169,1.394593239
43.30504453,-79.82604533,1.396876812
43.3050382,-79.82542897,1.394699931
43.30503187,-79.82481261,1.393081903
43.30502554,-79.82419624,1.394504666
43.3050192,-79.82357988,1.399495721
43.30501286,-79.82296352,1.407765508
43.30500651,-79.82234716,1.418998361
43.30500016,-79.8217308,1.433092237
43.30499381,-79.82111443,1.450062871
43.30498746,-79.82049807,1.469879508
43.3049811,-79.81988171,1.492371798
43.30497474,-79.81926535,1.517217875
43.30496837,-79.81864899,1.543968201
43.304962,-79.81803263,1.572064996
43.30495563,-79.81741627,1.600839853
43.30494926,-79.81679991,1.629486322
43.30494288,-79.81618355,1.657016039
43.3049365,-79.81556719,1.682213664
43.30493011,-79.81495083,1.703615546
43.30492372,-79.81433447,1.719545722
43.30491733,-79.81371811,1.728237152
43.30491094,-79.81310175,1.728048325
43.30490454,-79.81248539,1.71775496
43.30489814,-79.81186903,1.696859837
43.30489173,-79.81125268,1.665828228
43.30488533,-79.81063632,1.626134515
43.30487891,-79.81001996,1.580034494
43.3048725,-79.8094036,1.530072331
43.30486608,-79.80878725,1.478489161
43.30485966,-79.80817089,1.426825762
43.30485324,-79.80755453,1.375969172
43.30484681,-79.80693817,1.32664907
43.30484038,-79.80632182,1.280047417
43.30483394,-79.80570546,1.238229632
43.3048275,-79.8050891,1.204781651
43.30482106,-79.80447275,1.185733318
43.30481462,-79.80385639,1.186727524
43.30480817,-79.80324004,1.204691291
43.30480172,-79.80262368,1.223875999
43.30479526,-79.80200733,1.224902511
43.3055892,-79.8352822,1.412705541
43.30558292,-79.83466583,1.389256477
43.30557664,-79.83404946,1.361366868
43.30557035,-79.83343309,1.339369178
43.30556406,-79.83281672,1.323295355
43.30555777,-79.83220035,1.320740938
43.30555148,-79.83158398,1.363959551
43.30554518,-79.83096762,1.421069622
43.30553888,-79.83035125,1.390140176
43.30553257,-79.82973488,1.247252941
43.30552626,-79.82911851,1.202566504
43.30551995,-79.82850214,1.247469187
43.30551363,-79.82788577,1.310592055
43.30550732,-79.8272694,1.357809424
43.30550099,-79.82665304,1.382814646
43.30549467,-79.82603667,1.39176178
43.30548834,-79.8254203,1.39334476
43.30548201,-79.82480393,1.394280434
43.30547567,-79.82418757,1.397984862
43.30546933,-79.8235712,1.40534234
43.30546299,-79.82295483,1.416130066
43.30545665,-79.82233847,1.430011988
43.3054503,-79.8217221,1.446864128
43.30544395,-79.82110573,1.46668613
43.30543759,-79.82048937,1.489423752
43.30543123,-79.819873,1.51486969
43.30542487,-79.81925664,1.542658806
43.30541851,-79.81864027,1.572306275
43.30541214,-79.81802391,1.603237152
43.30540577,-79.81740754,1.634783506
43.30539939,-79.81679118,1.666138411
43.30539301,-79.81617481,1.696276784
43.30538663,-79.81555845,1.723857284
43.30538025,-79.81494208,1.747150064
43.30537386,-79.81432572,1.764043093
43.30536747,-79.81370936,1.772185087
43.30536107,-79.81309299,1.76929307
43.30535467,-79.81247663,1.753601313
43.30534827,-79.81186027,1.724366665
43.30534187,-79.8112439,1.682288527
43.30533546,-79.81062754,1.629664421
43.30532905,-79.81001118,1.570129633
43.30532263,-79.80939482,1.50794661
43.30531621,-79.80877845,1.447027564
43.30530979,-79.80816209,1.3900913
43.30530337,-79.80754573,1.338402748
43.30529694,-79.80692937,1.292263389
43.30529051,-79.80631301,1.251914382
43.30528407,-79.80569665,1.218356013
43.30527764,-79.80508029,1.194051027
43.30527119,-79.80446393,1.18310523
43.30526475,-79.80384757,1.187734604
43.30525185,-79.80261485,1.217388272
43.30602677,-79.83404086,1.361034274
43.30602049,-79.83342449,1.356666923
43.3060142,-79.83280811,1.360834241
43.30600791,-79.83219174,1.376088977
43.30600161,-79.83157536,1.421248198
43.30599531,-79.83095899,1.464715958
43.30598901,-79.83034261,1.416581511
43.30598271,-79.82972624,1.128647208
43.3059764,-79.82910987,1.105471492
43.30597009,-79.8284935,1.190369964
43.30596377,-79.82787712,1.278190732
43.30595745,-79.82726075,1.339915991
43.30595113,-79.82664438,1.373420835
43.3059448,-79.82602801,1.387567163
43.30593848,-79.82541163,1.392597437
43.30593214,-79.82479526,1.396214008
43.30592581,-79.82417889,1.402392268
43.30591947,-79.82356252,1.412254572
43.30591313,-79.82294615,1.425647974
43.30590678,-79.82232978,1.442240596
43.30590043,-79.82171341,1.461886168
43.30589408,-79.82109703,1.484544873
43.30588773,-79.82048066,1.510107279
43.30588137,-79.81986429,1.538303852
43.30587501,-79.81924792,1.568717122
43.30586864,-79.81863155,1.600840688
43.30586227,-79.81801518,1.634124398
43.3058559,-79.81739881,1.667973757
43.30584953,-79.81678245,1.70168519
43.30584315,-79.81616608,1.734313011
43.30583677,-79.81554971,1.764490247
43.30583038,-79.81493334,1.790259719
43.30582399,-79.81431697,1.809013486
43.3058176,-79.8137006,1.817644477
43.30581121,-79.81308423,1.81297338
43.30580481,-79.81246787,1.79242599
43.30579841,-79.8118515,1.754827976
43.305792,-79.81123513,1.701087117
43.30578559,-79.81061876,1.634487152
43.30577918,-79.8100024,1.560359001
43.30577277,-79.80938603,1.485058904
43.30576635,-79.80876966,1.414468288
43.30575993,-79.8081533,1.35257256
43.3057535,-79.80753693,1.300853968
43.30574707,-79.80692057,1.258834481
43.30574064,-79.8063042,1.225313902
43.30573421,-79.80568783,1.199548364
43.30572777,-79.80507147,1.182053685
43.30572133,-79.8044551,1.174636722
43.30571488,-79.80383874,1.178341627
43.30570198,-79.80260601,1.204209685
43.30646434,-79.8327995,1.379229665
43.30645804,-79.83218312,1.401979685
43.30645175,-79.83156674,1.432885885
43.30644545,-79.83095036,1.447078109
43.30643915,-79.83033398,1.393350363
43.30643284,-79.82971761,1.148379207
43.30642653,-79.82910123,1.094523191
43.30642022,-79.82848485,1.177688718
43.30641391,-79.82786847,1.269370794
43.30640759,-79.8272521,1.333433986
43.30640127,-79.82663572,1.36895752
43.30639494,-79.82601934,1.385488629
43.30638861,-79.82540296,1.393086791
43.30638228,-79.82478659,1.399260402
43.30637594,-79.82417021,1.407956123
43.30636961,-79.82355384,1.420342803
43.30636326,-79.82293746,1.43631947
43.30635692,-79.82232108,1.455573678
43.30635057,-79.82170471,1.477927208
43.30634422,-79.82108833,1.503264308
43.30633786,-79.82047196,1.531375647
43.3063315,-79.81985558,1.561893821
43.30632514,-79.81923921,1.594334126
43.30631878,-79.81862284,1.628182054
43.30631241,-79.81800646,1.662965655
43.30630604,-79.81739009,1.698267579
43.30629966,-79.81677371,1.733641624
43.30629328,-79.81615734,1.768410325
43.3062869,-79.81554097,1.80135715
43.30628051,-79.81492459,1.83039546
43.30627413,-79.81430822,1.852376223
43.30626773,-79.81369185,1.863221049
43.30626134,-79.81307548,1.858507514
43.30625494,-79.8124591,1.834478259
43.30624854,-79.81184273,1.789253712
43.30624213,-79.81122636,1.723875642
43.30623573,-79.81060999,1.642762065
43.30622931,-79.80999362,1.553267717
43.3062229,-79.80937724,1.464253187
43.30621648,-79.80876087,1.383884549
43.30621006,-79.8081445,1.317447186
43.30620363,-79.80752813,1.2663728
43.30619721,-79.80691176,1.229020119
43.30619077,-79.80629539,1.202369452
43.30618434,-79.80567902,1.183607578
43.3061779,-79.80506265,1.17120409
43.30617146,-79.80444628,1.165289879
43.30615857,-79.80321354,1.174468756
43.30690189,-79.83155812,1.407230258
43.30689559,-79.83094173,1.36093986
43.30688928,-79.83032535,1.256737113
43.30688298,-79.82970897,1.125892878
43.30687667,-79.82909259,1.118759394
43.30687036,-79.8284762,1.19791317
43.30686404,-79.82785982,1.28156805
43.30685772,-79.82724344,1.337376475
43.3068514,-79.82662706,1.369452953
43.30684508,-79.82601068,1.385984898
43.30683875,-79.8253943,1.395298719
43.30683241,-79.82477792,1.403770208
43.30682608,-79.82416153,1.414862156
43.30681974,-79.82354515,1.429650784
43.3068134,-79.82292877,1.448069572
43.30680705,-79.82231239,1.469821572
43.3068007,-79.82169601,1.494666815
43.30679435,-79.82107963,1.522359848
43.306788,-79.82046325,1.552534342
43.30678164,-79.81984688,1.584679484
43.30677528,-79.8192305,1.618219018
43.30676891,-79.81861412,1.652639747
43.30676254,-79.81799774,1.6876086
43.30675617,-79.81738136,1.723018765
43.30674979,-79.81676498,1.75889945
43.30674342,-79.8161486,1.795123696
43.30673703,-79.81553223,1.830910087
43.30673065,-79.81491585,1.864230633
43.30672426,-79.81429947,1.891384721
43.30671787,-79.81368309,1.907063603
43.30671147,-79.81306672,1.905143261
43.30670507,-79.81245034,1.880173326
43.30669867,-79.81183396,1.829187155
43.30669227,-79.81121759,1.753214717
43.30668586,-79.81060121,1.657904744
43.30667945,-79.80998483,1.552925348
43.30667303,-79.80936846,1.45001924
43.30666661,-79.80875208,1.359929919
43.30666019,-79.80813571,1.289262176
43.30665377,-79.80751933,1.239178061
43.30664734,-79.80690296,1.206776619
43.30664091,-79.80628658,1.186974883
43.30663447,-79.80567021,1.174637914
43.30662803,-79.80505383,1.166238904
43.30662159,-79.80443746,1.160494208
43.30661515,-79.80382108,1.158254862
43.3066087,-79.80320471,1.160968065
43.30731418,-79.82785117,1.303901434
43.30730786,-79.82723479,1.34642303
43.30730154,-79.8266184,1.373454809
43.30729521,-79.82600201,1.388996124
43.30728888,-79.82538563,1.399508357
43.30728255,-79.82476924,1.40994513
43.30727621,-79.82415286,1.423156619
43.30726988,-79.82353647,1.440097928
43.30726353,-79.82292009,1.46072042
43.30725719,-79.8223037,1.484707475
43.30725084,-79.82168732,1.511700153
43.30724449,-79.82107093,1.541253567
43.30723813,-79.82045455,1.572778344
43.30723177,-79.81983817,1.605566859
43.30722541,-79.81922178,1.638915181
43.30721905,-79.8186054,1.672308326
43.30721268,-79.81798902,1.705612659
43.3072063,-79.81737263,1.739193439
43.30719993,-79.81675625,1.773841977
43.30719355,-79.81613987,1.810377836
43.30718717,-79.81552348,1.84888041
43.30718078,-79.8149071,1.887699127
43.30717439,-79.81429072,1.922639012
43.307168,-79.81367434,1.94686377
43.30716161,-79.81305796,1.951948524
43.30715521,-79.81244158,1.930060387
43.30714881,-79.81182519,1.876624823
43.3071424,-79.81120881,1.792435765
43.30713599,-79.81059243,1.684403539
43.30712958,-79.80997605,1.564664841
43.30712316,-79.80935967,1.447914839
43.30711675,-79.80874329,1.347500086
43.30711032,-79.80812691,1.271419644
43.3071039,-79.80751053,1.220905423
43.30709747,-79.80689415,1.193583488
43.30709104,-79.80627777,1.181656837
43.3070846,-79.80566139,1.176109433
43.30707816,-79.80504501,1.171607375
43.30707172,-79.80442863,1.165468574
43.30706528,-79.80381226,1.158081174
43.30705883,-79.80319588,1.154327512
43.30776431,-79.82784252,1.326012611
43.307758,-79.82722613,1.355061769
43.30775167,-79.82660974,1.380023837
43.30774535,-79.82599335,1.394397259
43.30773902,-79.82537696,1.405771852
43.30773269,-79.82476057,1.417744279
43.30772635,-79.82414418,1.43266654
43.30772001,-79.82352779,1.451442003
43.30771367,-79.8229114,1.47398603
43.30770732,-79.82229501,1.499879241
43.30770097,-79.82167862,1.528560162
43.30769462,-79.82106223,1.559306979
43.30768827,-79.82044584,1.59124136
43.30768191,-79.81982946,1.623401761
43.30767555,-79.81921307,1.654907584
43.30766918,-79.81859668,1.685220242
43.30766281,-79.81798029,1.714455366
43.30765644,-79.8173639,1.743629575
43.30765006,-79.81674752,1.774645567
43.30764368,-79.81613113,1.809780478
43.3076373,-79.81551474,1.850563169
43.30763092,-79.81489836,1.896216035
43.30762453,-79.81428197,1.94222796
43.30761814,-79.81366558,1.979916692
43.30761174,-79.8130492,1.997764945
43.30760534,-79.81243281,1.984602571
43.30759894,-79.81181643,1.933550358
43.30759253,-79.81120004,1.844917774
43.30758613,-79.81058365,1.726917863
43.30757971,-79.80996727,1.59404707
43.3075733,-79.80935088,1.463060737
43.30756688,-79.8087345,1.348581791
43.30756046,-79.80811811,1.261188984
43.30755403,-79.80750173,1.203179598
43.3075476,-79.80688535,1.180914998
43.30754117,-79.80626896,1.183295727
43.30753474,-79.80565258,1.187690854
43.3075283,-79.80503619,1.188371897
43.30752186,-79.80441981,1.18269217
43.30751541,-79.80380343,1.169973254
43.30821445,-79.82783387,1.334755421
43.30819548,-79.82598468,1.401974678
43.30818915,-79.82536829,1.414008498
43.30818282,-79.8247519,1.426927447
43.30817649,-79.8241355,1.443022966
43.30817015,-79.82351911,1.463303804
43.3081638,-79.82290271,1.48750627
43.30815746,-79.82228632,1.51494658
43.30815111,-79.82166993,1.544757843
43.30814476,-79.82105353,1.575870037
43.3081384,-79.82043714,1.607064009
43.30813204,-79.81982075,1.637074351
43.30812568,-79.81920435,1.664784789
43.30811931,-79.81858796,1.689589977
43.30811294,-79.81797157,1.711883903
43.30810657,-79.81735518,1.733510375
43.3081002,-79.81673878,1.757860422
43.30809382,-79.81612239,1.789255381
43.30808744,-79.815506,1.831414223
43.30808105,-79.81488961,1.885157108
43.30807466,-79.81427322,1.946040154
43.30806827,-79.81365683,2.003242731
43.30806187,-79.81304044,2.041098118
43.30805547,-79.81242405,2.043705702
43.30804907,-79.81180766,2.000962973
43.30804267,-79.81119127,1.912611246
43.30803626,-79.81057488,1.788486958
43.30802985,-79.80995849,1.645267487
43.30802343,-79.8093421,1.499660492
43.30801701,-79.80872571,1.361899018
43.30801059,-79.80810932,1.250231147
43.30800416,-79.80749293,1.171141386
43.30799774,-79.80687654,1.153052211
43.3079913,-79.80626015,1.184641004
43.30798487,-79.80564376,1.204138637
43.30797843,-79.80502738,1.212165117
43.30797199,-79.80441099,1.208979368
43.30796554,-79.8037946,1.193181753
43.30863929,-79.82535962,1.424299955
43.30863296,-79.82474322,1.437185407
43.30862662,-79.82412682,1.45377326
43.30862028,-79.82351042,1.475278616
43.30861394,-79.82289403,1.500929952
43.30860759,-79.82227763,1.529551744
43.30860124,-79.82166123,1.559846282
43.30859489,-79.82104483,1.590345025
43.30858854,-79.82042843,1.619482756
43.30858218,-79.81981204,1.645664215
43.30857581,-79.81919564,1.667474866
43.30856945,-79.81857924,1.684178352
43.30856308,-79.81796284,1.69644773
43.30855671,-79.81734645,1.707089543
43.30855033,-79.81673005,1.721303582
43.30854395,-79.81611366,1.746013045
43.30853757,-79.81549726,1.787977457
43.30853118,-79.81488086,1.850588679
43.3085248,-79.81426447,1.930145383
43.3085184,-79.81364807,2.013621092
43.30851201,-79.81303168,2.079825878
43.30850561,-79.81241528,2.105865717
43.30849921,-79.81179889,2.077256203
43.3084928,-79.81118249,1.993675947
43.30848639,-79.8105661,1.867517233
43.30847998,-79.8099497,1.718359232
43.30847356,-79.80933331,1.563506246
43.30846714,-79.80871692,1.406214833
43.30846072,-79.80810052,1.230240107
43.3084543,-79.80748413,1.088850498
43.30844787,-79.80686774,1.146573901
43.30844144,-79.80625134,1.194154024
43.308435,-79.80563495,1.219758511
43.30842856,-79.80501856,1.234961033
43.30842212,-79.80440216,1.236607432
43.30908309,-79.82473455,1.44812274
43.30907676,-79.82411814,1.464249134
43.30907042,-79.82350174,1.486967325
43.30906407,-79.82288534,1.513953447
43.30905773,-79.82226894,1.543420315
43.30905138,-79.82165253,1.57350266
43.30904503,-79.82103613,1.602267265
43.30903867,-79.82041973,1.627937436
43.30903231,-79.81980333,1.648630142
43.30902595,-79.81918692,1.662559271
43.30901958,-79.81857052,1.668768883
43.30901321,-79.81795412,1.668167353
43.30900684,-79.81733772,1.66456151
43.30900047,-79.81672132,1.665100694
43.30899409,-79.81610492,1.679720163
43.3089877,-79.81548852,1.719061613
43.30898132,-79.81487212,1.789995551
43.30897493,-79.81425572,1.8905586
43.30896854,-79.81363932,2.006880522
43.30896214,-79.81302292,2.110785484
43.30895574,-79.81240652,2.167322397
43.30894934,-79.81179012,2.156313419
43.30894293,-79.81117372,2.079800844
43.30893652,-79.81055732,1.953761935
43.30893011,-79.80994092,1.80217886
43.3089237,-79.80932452,1.649346709
43.30891728,-79.80870812,1.516551375
43.30891085,-79.80809173,1.426894665
43.30890443,-79.80747533,1.411771894
43.308898,-79.80685893,1.273149014
43.30889157,-79.80624253,1.223106503
43.30888513,-79.80562613,1.228062272
43.30887869,-79.80500974,1.248220444
43.30887225,-79.80439334,1.260195136
43.30952689,-79.82410947,1.474175096
43.30952055,-79.82349306,1.497862816
43.30951421,-79.82287665,1.526233315
43.30950786,-79.82226024,1.55639255
43.30950151,-79.82164384,1.585651517
43.30949516,-79.82102743,1.611395478
43.3094888,-79.82041102,1.632183075
43.30948245,-79.81979462,1.646000147
43.30947608,-79.81917821,1.650582194
43.30946972,-79.8185618,1.644612551
43.30946335,-79.8179454,1.629105926
43.30945698,-79.81732899,1.608743787
43.3094506,-79.81671259,1.592526913
43.30944422,-79.81609618,1.593593955
43.30943784,-79.81547977,1.626676798
43.30943145,-79.81486337,1.701384783
43.30942506,-79.81424697,1.819051385
43.30941867,-79.81363056,1.973483801
43.30941227,-79.81301416,2.129729271
43.30940587,-79.81239775,2.22347188
43.30939947,-79.81178135,2.227397203
43.30939307,-79.81116494,2.15618062
43.30938666,-79.81054854,2.028110981
43.30938024,-79.80993214,1.871637464
43.30937383,-79.80931573,1.717705727
43.30936741,-79.80869933,1.594624996
43.30936099,-79.80808293,1.530851007
43.30935456,-79.80746653,1.470896363
43.30934813,-79.80685012,1.305105209
43.3093417,-79.80623372,1.218642235
43.30933526,-79.80561732,1.218619108
43.30932883,-79.80500092,1.246693969
43.309958,-79.82225155,1.568468451
43.30995165,-79.82163514,1.596828461
43.3099453,-79.82101873,1.617766142
43.30993894,-79.82040232,1.63244319
43.30993258,-79.8197859,1.638536572
43.30992622,-79.81916949,1.633195996
43.30991985,-79.81855308,1.614563465
43.30991348,-79.81793667,1.583465934
43.30990711,-79.81732026,1.545143843
43.30990073,-79.81670385,1.510192871
43.30989435,-79.81608744,1.494633675
43.30988797,-79.81547103,1.51520741
43.30988159,-79.81485462,1.578759789
43.3098752,-79.81423821,1.690998197
43.3098688,-79.8136218,1.883251786
43.30986241,-79.8130054,2.126995087
43.30985601,-79.81238899,2.267377853
43.30984961,-79.81177258,2.270493269
43.3098432,-79.81115617,2.202978849
43.30983679,-79.81053976,2.067863226
43.30983038,-79.80992335,1.900853276
43.30982396,-79.80930695,1.740963817
43.30981754,-79.80869054,1.591075063
43.30981112,-79.80807413,1.432709098
43.30980469,-79.80745772,1.200952291
43.30979827,-79.80684132,1.163063645
43.30979183,-79.80622491,1.177238822
43.3097854,-79.8056085,1.204853654
43.30977896,-79.8049921,1.237274885
43.31040178,-79.82162644,1.60745132
43.31039543,-79.82101003,1.621500611
43.31038907,-79.82039361,1.629652143
43.31038271,-79.81977719,1.627917647
43.31037635,-79.81916078,1.61306262
43.31036999,-79.81854436,1.582615376
43.31036362,-79.81792795,1.53681004
43.31035724,-79.81731153,1.480985403
43.31035087,-79.81669512,1.426909924
43.31034449,-79.8160787,1.392210007
43.3103381,-79.81546229,1.391453624
43.31033172,-79.81484588,1.419428587
43.31032533,-79.81422946,1.477863193
43.31031894,-79.81361305,1.6807127
43.31031254,-79.81299663,2.068139553
43.31030614,-79.81238022,2.254158497
43.31029974,-79.81176381,2.22324419
43.31029333,-79.8111474,2.162508726
43.31028692,-79.81053098,2.031526089
43.31028051,-79.80991457,1.868665218
43.31027409,-79.80929816,1.723154426
43.31026768,-79.80868175,1.577124119
43.31026125,-79.80806533,1.421648502
43.31025483,-79.80744892,1.315198779
43.3102484,-79.80683251,1.223397017
43.31024196,-79.8062161,1.205399156
43.31023553,-79.80559969,1.220629811
43.31022909,-79.80498328,1.234334588
43.31083921,-79.8203849,1.625458479
43.31083285,-79.81976848,1.616095304
43.31082649,-79.81915206,1.592673779
43.31082012,-79.81853564,1.552052975
43.31081375,-79.81791922,1.493564963
43.31080738,-79.8173028,1.422358155
43.310801,-79.81668638,1.350747943
43.31079462,-79.81606997,1.296497107
43.31078824,-79.81545355,1.270914674
43.31078185,-79.81483713,1.261717439
43.31077546,-79.81422071,1.261901498
43.31076907,-79.81360429,1.415477633
43.31076267,-79.81298787,1.790923595
43.31075627,-79.81237146,1.992763042
43.31074987,-79.81175504,1.994286656
43.31074347,-79.81113862,1.955948114
43.31073706,-79.8105222,1.874139905
43.31073064,-79.80990579,1.768754363
43.31072423,-79.80928937,1.667593479
43.31071781,-79.80867295,1.553848267
43.31071139,-79.80805654,1.396200657
43.31070496,-79.80744012,1.231305361
43.31069853,-79.8068237,1.241644144
43.3106921,-79.80620729,1.297636747
43.31068566,-79.80559087,1.277735114
43.31067922,-79.80497446,1.249265313
43.31127025,-79.81852692,1.521707892
43.31126388,-79.8179105,1.453466535
43.31125751,-79.81729407,1.371043324
43.31125113,-79.81667765,1.285054922
43.31124476,-79.81606123,1.215623617
43.31123837,-79.8154448,1.170381427
43.31123199,-79.81482838,1.146949887
43.3112256,-79.81421196,1.147550344
43.3112192,-79.81359553,1.233879924
43.31121281,-79.81297911,1.407909155
43.31120641,-79.81236269,1.543163419
43.3112,-79.81174627,1.6300776
43.3111936,-79.81112985,1.677392125
43.31118719,-79.81051342,1.671175718
43.31118078,-79.809897,1.632478714
43.31117436,-79.80928058,1.583718181
43.31116794,-79.80866416,1.526738048
43.31116152,-79.80804774,1.436044097
43.31115509,-79.80743132,1.379763842
43.31114866,-79.8068149,1.447147727
43.31114223,-79.80619848,1.447697639
43.31113579,-79.80558206,1.37565434
43.31170764,-79.81728534,1.308945775
43.31170127,-79.81666892,1.226967692
43.31169489,-79.81605249,1.153248072
43.31168851,-79.81543606,1.093388319
43.31168212,-79.81481963,1.056700945
43.31167573,-79.8142032,1.045691848
43.31166934,-79.81358678,1.057969689
43.31166294,-79.81297035,1.069734216
43.31165654,-79.81235392,1.120907068
43.31165014,-79.8117375,1.269906044
43.31164373,-79.81112107,1.404010653
43.31163732,-79.81050464,1.46583426
43.31163091,-79.80988822,1.483765602
43.31162449,-79.80927179,1.476290464
43.31161807,-79.80865537,1.466963172
43.31161165,-79.80803894,1.444209218
43.31160522,-79.80742252,1.443914175
43.31159879,-79.80680609,1.451970339
43.31159236,-79.80618967,1.51598525
43.31214502,-79.81604375,1.108916044
43.31213864,-79.81542732,1.038958073
43.31213225,-79.81481088,0.985455215
43.31212586,-79.81419445,0.949746072
43.31211947,-79.81357802,0.917759717
43.31211307,-79.81296159,0.880010486
43.31210667,-79.81234516,0.900575876
43.31210027,-79.81172873,1.030331135
43.31209386,-79.81111229,1.176182151
43.31208745,-79.81049586,1.276604056
43.31208104,-79.80987943,1.32963419
43.31207463,-79.809263,1.352704048
43.31206821,-79.80864657,1.358937025
43.31206178,-79.80803014,1.320555091
43.31205536,-79.80741371,1.179878831
43.31204893,-79.80679728,0.965649188
43.31258239,-79.81480214,0.942605615
43.312576,-79.8141857,0.888464212
43.3125696,-79.81356926,0.840855598
43.31256321,-79.81295283,0.804935277
43.31255681,-79.81233639,0.816917479
43.3125504,-79.81171995,0.899077415
43.312544,-79.81110352,1.013440609
43.31253759,-79.81048708,1.117175341
43.31253117,-79.80987065,1.197549105
43.31252476,-79.80925421,1.252254367
43.31251834,-79.80863778,1.27060914
43.31251191,-79.80802134,1.23674345
43.31249906,-79.80678848,0.636475205
43.31301334,-79.81294406,0.770109475
43.31300694,-79.81232762,0.772232592
43.31300054,-79.81171118,0.830670118
43.31299413,-79.81109474,0.938701987
43.31298772,-79.8104783,1.031426787
43.31298131,-79.80986186,1.123132944
43.31294276,-79.80616323,0.730603516
43.31431244,-79.80798615,0.96666652
